SG_UF,CD_MUNICIPIO,code_muni,NM_MUNICIPIO,misto,secoes,secoes_old,secoes_ue,votos,n1,n2,p_old,p_ue,delta_pp,R,lnR,aptos,porte,cap_int
AC,1007,1200138.0,BUJARI,False,35,35,0,6651,6651,0,0.29439182077883025,,,,,9948,< 100 mil aptos,interior
AC,1015,1200179.0,CAPIXABA,False,31,31,0,5460,5460,0,0.2741758241758242,,,,,7836,< 100 mil aptos,interior
AC,1023,1200807.0,PORTO ACRE,False,53,53,0,9701,9701,0,0.23884135656117925,,,,,13179,< 100 mil aptos,interior
AC,1031,1200435.0,SANTA ROSA DO PURUS,False,13,13,0,2344,2344,0,0.51919795221843,,,,,3770,< 100 mil aptos,interior
AC,1040,1200351.0,MARECHAL THAUMATURGO,False,42,42,0,6452,6452,0,0.4249845009299442,,,,,11360,< 100 mil aptos,interior
AC,1058,1200104.0,BRASILÉIA,False,71,71,0,13551,13551,0,0.2920817651833813,,,,,18197,< 100 mil aptos,interior
AC,1066,1200393.0,PORTO WALTER,False,27,27,0,3959,3959,0,0.5286688557716596,,,,,7234,< 100 mil aptos,interior
AC,1074,1200203.0,CRUZEIRO DO SUL,False,229,229,0,41669,41669,0,0.2335789195805035,,,,,59210,< 100 mil aptos,interior
AC,1082,1200427.0,RODRIGUES ALVES,False,48,48,0,7466,7466,0,0.1948834717385481,,,,,11789,< 100 mil aptos,interior
AC,1090,1200336.0,MÂNCIO LIMA,False,53,53,0,9039,9039,0,0.2995906626839252,,,,,13771,< 100 mil aptos,interior
AC,1104,1200328.0,JORDÃO,False,21,21,0,3413,3413,0,0.5801347787869909,,,,,5590,< 100 mil aptos,interior
AC,1112,1200252.0,EPITACIOLÂNDIA,False,47,47,0,9193,9193,0,0.26803002284346783,,,,,12514,< 100 mil aptos,interior
AC,1120,1200013.0,ACRELÂNDIA,False,42,42,0,6777,6777,0,0.21543455806404013,,,,,9522,< 100 mil aptos,interior
AC,1139,1200302.0,FEIJÓ,False,85,85,0,13496,13496,0,0.5270450503852994,,,,,22749,< 100 mil aptos,interior
AC,1392,1200401.0,RIO BRANCO,True,888,35,853,195963,6240,189723,0.25064102564102564,0.27571248609815363,-2.5071460457127994,0.8786518147140419,-0.1293665749999425,266811,≥ 100 mil aptos,capital
AC,1457,1200500.0,SENA MADUREIRA,False,110,110,0,18582,18582,0,0.2677860294909052,,,,,30311,< 100 mil aptos,interior
AC,1473,1200609.0,TARAUACÁ,False,101,101,0,15869,15869,0,0.42863444451446214,,,,,27623,< 100 mil aptos,interior
AC,1490,1200708.0,XAPURI,False,52,52,0,8851,8851,0,0.4105750762625692,,,,,12096,< 100 mil aptos,interior
AC,1511,1200385.0,PLÁCIDO DE CASTRO,False,53,53,0,8482,8482,0,0.27186984201839187,,,,,12270,< 100 mil aptos,interior
AC,1538,1200450.0,SENADOR GUIOMARD,True,73,17,56,12850,2735,10115,0.22961608775137113,0.2679189322787939,-3.8302844527422746,0.8144245941747504,-0.20527343450783783,17821,< 100 mil aptos,interior
AC,1554,1200344.0,MANOEL URBANO,False,27,27,0,4936,4936,0,0.41470826580226905,,,,,7775,< 100 mil aptos,interior
AC,1570,1200054.0,ASSIS BRASIL,False,23,23,0,4612,4612,0,0.4108846487424111,,,,,6389,< 100 mil aptos,interior
AL,27006,2706448.0,PARIPUEIRA,False,29,29,0,7929,7929,0,0.4719384537772733,,,,,11062,< 100 mil aptos,interior
AL,27014,2700102.0,ÁGUA BRANCA,False,41,41,0,10404,10404,0,0.9034986543637062,,,,,15931,< 100 mil aptos,interior
AL,27022,2706422.0,PARICONHA,False,25,25,0,6333,6333,0,0.9112584872888047,,,,,9064,< 100 mil aptos,interior
AL,27030,2700201.0,ANADIA,False,44,44,0,8185,8185,0,0.7533292608430054,,,,,12660,< 100 mil aptos,interior
AL,27049,2702553.0,ESTRELA DE ALAGOAS,False,41,41,0,7575,7575,0,0.8414521452145215,,,,,12001,< 100 mil aptos,interior
AL,27057,2700300.0,ARAPIRACA,False,417,417,0,115683,115683,0,0.5273808597633187,,,,,150976,≥ 100 mil aptos,interior
AL,27065,2703759.0,JEQUIÁ DA PRAIA,False,21,0,21,5686,0,5686,,0.49806542384804786,,,,7941,< 100 mil aptos,interior
AL,27073,2700409.0,ATALAIA,False,104,0,104,20884,0,20884,,0.6387665198237885,,,,31336,< 100 mil aptos,interior
AL,27081,2701357.0,CAMPESTRE,False,17,17,0,3784,3784,0,0.7122093023255814,,,,,5660,< 100 mil aptos,interior
AL,27090,2700508.0,BARRA DE SANTO ANTÔNIO,False,35,35,0,8741,8741,0,0.5897494565839149,,,,,12528,< 100 mil aptos,interior
AL,27111,2700607.0,BARRA DE SÃO MIGUEL,False,21,0,21,5570,0,5570,,0.4845601436265709,,,,7322,< 100 mil aptos,interior
AL,27138,2700706.0,BATALHA,False,35,35,0,9375,9375,0,0.68192,,,,,13059,< 100 mil aptos,interior
AL,27154,2700805.0,BELÉM,False,21,21,0,3292,3292,0,0.7308626974483596,,,,,4978,< 100 mil aptos,interior
AL,27170,2700904.0,BELO MONTE,False,16,16,0,4170,4170,0,0.7465227817745803,,,,,6025,< 100 mil aptos,interior
AL,27197,2701001.0,BOCA DA MATA,False,55,55,0,13083,13083,0,0.5903844683940992,,,,,19576,< 100 mil aptos,interior
AL,27219,2701100.0,BRANQUINHA,False,26,26,0,5612,5612,0,0.720064148253742,,,,,9105,< 100 mil aptos,interior
AL,27235,2701209.0,CACIMBINHAS,False,24,24,0,5587,5587,0,0.7422588151064973,,,,,8447,< 100 mil aptos,interior
AL,27251,2701308.0,CAJUEIRO,False,42,42,0,9407,9407,0,0.6820452854257468,,,,,14547,< 100 mil aptos,interior
AL,27278,2701407.0,CAMPO ALEGRE,False,75,75,0,17498,17498,0,0.6564178763287233,,,,,25818,< 100 mil aptos,interior
AL,27294,2701506.0,CAMPO GRANDE,False,24,24,0,6245,6245,0,0.8083266613290633,,,,,8938,< 100 mil aptos,interior
AL,27316,2701605.0,CANAPI,False,41,41,0,8838,8838,0,0.8455532926001358,,,,,13628,< 100 mil aptos,interior
AL,27332,2701704.0,CAPELA,False,42,0,42,8751,0,8751,,0.5974174380070849,,,,12931,< 100 mil aptos,interior
AL,27359,2701803.0,CARNEIROS,False,22,22,0,4698,4698,0,0.8275862068965517,,,,,6957,< 100 mil aptos,interior
AL,27375,2701902.0,CHÃ PRETA,False,18,18,0,4089,4089,0,0.764490095377843,,,,,6089,< 100 mil aptos,interior
AL,27391,2702009.0,COITÉ DO NÓIA,False,26,26,0,6411,6411,0,0.7850569333957261,,,,,8898,< 100 mil aptos,interior
AL,27413,2702108.0,COLÔNIA LEOPOLDINA,False,52,52,0,9652,9652,0,0.5476585163696643,,,,,14848,< 100 mil aptos,interior
AL,27430,2702207.0,COQUEIRO SECO,False,15,0,15,3716,0,3716,,0.6108719052744886,,,,5013,< 100 mil aptos,interior
AL,27456,2702306.0,CORURIPE,False,117,117,0,27172,27172,0,0.46647283968791403,,,,,40155,< 100 mil aptos,interior
AL,27472,2702405.0,DELMIRO GOUVEIA,False,130,130,0,27738,27738,0,0.8179392890619367,,,,,39011,< 100 mil aptos,interior
AL,27499,2702504.0,DOIS RIACHOS,False,27,27,0,6165,6165,0,0.7631792376317924,,,,,9301,< 100 mil aptos,interior
AL,27510,2702603.0,FEIRA GRANDE,False,47,47,0,13313,13313,0,0.7771351310748892,,,,,17899,< 100 mil aptos,interior
AL,27537,2702702.0,FELIZ DESERTO,False,10,10,0,2287,2287,0,0.6982947092260603,,,,,3523,< 100 mil aptos,interior
AL,27553,2702801.0,FLEXEIRAS,False,26,26,0,5636,5636,0,0.4959190915542938,,,,,8674,< 100 mil aptos,interior
AL,27570,2702900.0,GIRAU DO PONCIANO,False,72,72,0,19255,19255,0,0.8176577512334459,,,,,27383,< 100 mil aptos,interior
AL,27596,2703007.0,IBATEGUARA,False,31,31,0,7677,7677,0,0.6403543050670835,,,,,11370,< 100 mil aptos,interior
AL,27618,2703106.0,IGACI,False,76,76,0,13464,13464,0,0.8048871063576946,,,,,20099,< 100 mil aptos,interior
AL,27634,2703205.0,IGREJA NOVA,False,52,52,0,12538,12538,0,0.765193810815122,,,,,17551,< 100 mil aptos,interior
AL,27650,2703304.0,INHAPI,False,41,41,0,8615,8615,0,0.8390017411491585,,,,,13273,< 100 mil aptos,interior
AL,27677,2703403.0,JACARÉ DOS HOMENS,False,14,14,0,3439,3439,0,0.8107007851119511,,,,,4908,< 100 mil aptos,interior
AL,27693,2703502.0,JACUÍPE,False,16,16,0,3772,3772,0,0.7216330858960763,,,,,5680,< 100 mil aptos,interior
AL,27715,2703601.0,JAPARATINGA,False,21,21,0,5066,5066,0,0.45400710619818396,,,,,7166,< 100 mil aptos,interior
AL,27731,2703700.0,JARAMATAIA,False,16,16,0,3562,3562,0,0.7866367209432903,,,,,4979,< 100 mil aptos,interior
AL,27758,2703809.0,JOAQUIM GOMES,False,54,54,0,9506,9506,0,0.7106038291605302,,,,,14317,< 100 mil aptos,interior
AL,27774,2703908.0,JUNDIÁ,False,13,13,0,2766,2766,0,0.6348517715112075,,,,,4470,< 100 mil aptos,interior
AL,27790,2704005.0,JUNQUEIRO,False,61,61,0,13730,13730,0,0.6602330662782229,,,,,19809,< 100 mil aptos,interior
AL,27812,2704104.0,LAGOA DA CANOA,False,41,41,0,11278,11278,0,0.7093456286575633,,,,,15094,< 100 mil aptos,interior
AL,27839,2704203.0,LIMOEIRO DE ANADIA,False,58,58,0,13819,13819,0,0.7589550618713365,,,,,19048,< 100 mil aptos,interior
AL,27855,2704302.0,MACEIÓ,False,1598,0,1598,478436,0,478436,,0.42824327600765827,,,,629130,≥ 100 mil aptos,capital
AL,27871,2704401.0,MAJOR ISIDORO,False,41,41,0,10467,10467,0,0.6788955765739945,,,,,15242,< 100 mil aptos,interior
AL,27898,2704500.0,MARAGOGI,False,63,63,0,16375,16375,0,0.4228396946564886,,,,,22512,< 100 mil aptos,interior
AL,27910,2704609.0,MARAVILHA,False,26,26,0,5448,5448,0,0.7940528634361234,,,,,8130,< 100 mil aptos,interior
AL,27936,2704708.0,MARECHAL DEODORO,False,116,0,116,29827,0,29827,,0.4447983370771449,,,,40919,< 100 mil aptos,interior
AL,27952,2704807.0,MARIBONDO,False,35,35,0,7195,7195,0,0.6629603891591382,,,,,10331,< 100 mil aptos,interior
AL,27979,2704906.0,MAR VERMELHO,False,10,10,0,2623,2623,0,0.7133053755242089,,,,,3536,< 100 mil aptos,interior
AL,27995,2705002.0,MATA GRANDE,False,53,53,0,11227,11227,0,0.8239957245925003,,,,,17707,< 100 mil aptos,interior
AL,28010,2705101.0,MATRIZ DE CAMARAGIBE,False,53,53,0,12418,12418,0,0.4521662103398293,,,,,18494,< 100 mil aptos,interior
AL,28037,2705200.0,MESSIAS,False,35,35,0,9478,9478,0,0.5847225152985862,,,,,13597,< 100 mil aptos,interior
AL,28053,2705309.0,MINADOR DO NEGRÃO,False,18,18,0,3369,3369,0,0.7387948946274859,,,,,4904,< 100 mil aptos,interior
AL,28070,2705408.0,MONTEIRÓPOLIS,False,19,19,0,3986,3986,0,0.7742097340692423,,,,,5973,< 100 mil aptos,interior
AL,28096,2705507.0,MURICI,False,62,62,0,13029,13029,0,0.6295187658300714,,,,,20069,< 100 mil aptos,interior
AL,28118,2705606.0,NOVO LINO,False,29,29,0,6132,6132,0,0.49983692106979777,,,,,9852,< 100 mil aptos,interior
AL,28134,2705705.0,OLHO D'ÁGUA DAS FLORES,False,46,46,0,11138,11138,0,0.6493086730113127,,,,,16000,< 100 mil aptos,interior
AL,28150,2705804.0,OLHO D'ÁGUA DO CASADO,False,20,20,0,5150,5150,0,0.8840776699029126,,,,,7445,< 100 mil aptos,interior
AL,28177,2705903.0,OLHO D'ÁGUA GRANDE,False,13,13,0,3194,3194,0,0.8256105197244834,,,,,4825,< 100 mil aptos,interior
AL,28193,2706000.0,OLIVENÇA,False,31,31,0,6749,6749,0,0.7518150837161061,,,,,9626,< 100 mil aptos,interior
AL,28215,2706109.0,OURO BRANCO,False,25,25,0,6809,6809,0,0.7920399471288001,,,,,9231,< 100 mil aptos,interior
AL,28231,2706208.0,PALESTINA,False,13,13,0,3012,3012,0,0.7815405046480743,,,,,4736,< 100 mil aptos,interior
AL,28258,2706307.0,PALMEIRA DOS ÍNDIOS,False,166,166,0,37337,37337,0,0.6392854273241021,,,,,52597,< 100 mil aptos,interior
AL,28274,2706406.0,PÃO DE AÇÚCAR,False,56,56,0,12622,12622,0,0.7650134685469815,,,,,18731,< 100 mil aptos,interior
AL,28290,2706505.0,PASSO DE CAMARAGIBE,False,38,38,0,8404,8404,0,0.5968586387434555,,,,,11914,< 100 mil aptos,interior
AL,28312,2706604.0,PAULO JACINTO,False,21,21,0,4306,4306,0,0.7104040873200186,,,,,6252,< 100 mil aptos,interior
AL,28339,2706703.0,PENEDO,False,134,134,0,29067,29067,0,0.638318367908625,,,,,42055,< 100 mil aptos,interior
AL,28355,2706802.0,PIAÇABUÇU,False,44,44,0,9144,9144,0,0.6704943132108486,,,,,13554,< 100 mil aptos,interior
AL,28371,2706901.0,PILAR,False,77,0,77,19765,0,19765,,0.5566405261826461,,,,27254,< 100 mil aptos,interior
AL,28398,2707008.0,PINDOBA,False,8,8,0,1855,1855,0,0.6797843665768194,,,,,2674,< 100 mil aptos,interior
AL,28410,2707107.0,PIRANHAS,False,51,51,0,13124,13124,0,0.8483693995733008,,,,,18871,< 100 mil aptos,interior
AL,28436,2707206.0,POÇO DAS TRINCHEIRAS,False,31,31,0,7329,7329,0,0.8598717423932324,,,,,10466,< 100 mil aptos,interior
AL,28452,2707305.0,PORTO CALVO,False,65,65,0,13893,13893,0,0.4762110415317066,,,,,20910,< 100 mil aptos,interior
AL,28479,2707404.0,PORTO DE PEDRAS,False,20,20,0,4962,4962,0,0.5491737202740831,,,,,7050,< 100 mil aptos,interior
AL,28495,2707503.0,PORTO REAL DO COLÉGIO,False,47,47,0,11616,11616,0,0.7929579889807162,,,,,16131,< 100 mil aptos,interior
AL,28517,2707602.0,QUEBRANGULO,False,30,30,0,6906,6906,0,0.749058789458442,,,,,10028,< 100 mil aptos,interior
AL,28533,2707701.0,RIO LARGO,False,186,0,186,46210,0,46210,,0.5201687946331963,,,,62222,< 100 mil aptos,interior
AL,28550,2707800.0,ROTEIRO,False,15,0,15,3712,0,3712,,0.6061422413793104,,,,5569,< 100 mil aptos,interior
AL,28576,2707909.0,SANTA LUZIA DO NORTE,False,16,0,16,4612,0,4612,,0.6199045967042498,,,,6090,< 100 mil aptos,interior
AL,28592,2708006.0,SANTANA DO IPANEMA,False,100,100,0,23084,23084,0,0.7388667475307572,,,,,32037,< 100 mil aptos,interior
AL,28614,2708105.0,SANTANA DO MUNDAÚ,False,28,28,0,6281,6281,0,0.7710555644005732,,,,,8996,< 100 mil aptos,interior
AL,28630,2708204.0,SÃO BRÁS,False,18,18,0,4689,4689,0,0.7417359778204308,,,,,6674,< 100 mil aptos,interior
AL,28657,2708303.0,SÃO JOSÉ DA LAJE,False,48,48,0,11855,11855,0,0.5929987347110923,,,,,17350,< 100 mil aptos,interior
AL,28673,2708402.0,SÃO JOSÉ DA TAPERA,False,57,57,0,14152,14152,0,0.8077303561334087,,,,,21621,< 100 mil aptos,interior
AL,28690,2708501.0,SÃO LUÍS DO QUITUNDE,False,69,69,0,15558,15558,0,0.5392081244375884,,,,,23464,< 100 mil aptos,interior
AL,28711,2708600.0,SÃO MIGUEL DOS CAMPOS,False,135,0,135,30373,0,30373,,0.5086425443650611,,,,42474,< 100 mil aptos,interior
AL,28738,2708709.0,SÃO MIGUEL DOS MILAGRES,False,20,20,0,5095,5095,0,0.5197252208047105,,,,,7365,< 100 mil aptos,interior
AL,28754,2708808.0,SÃO SEBASTIÃO,False,72,72,0,18313,18313,0,0.7481570469065691,,,,,25939,< 100 mil aptos,interior
AL,28770,2708907.0,SATUBA,False,35,0,35,9619,0,9619,,0.48300239110094606,,,,12489,< 100 mil aptos,interior
AL,28797,2709004.0,TANQUE D'ARCA,False,18,18,0,3662,3662,0,0.8336974330966684,,,,,5492,< 100 mil aptos,interior
AL,28819,2709103.0,TAQUARANA,False,43,43,0,9929,9929,0,0.78064256219156,,,,,14156,< 100 mil aptos,interior
AL,28835,2709202.0,TRAIPU,False,63,63,0,12305,12305,0,0.8073140999593661,,,,,18304,< 100 mil aptos,interior
AL,28851,2709301.0,UNIÃO DOS PALMARES,False,137,137,0,31819,31819,0,0.6267953109777177,,,,,46244,< 100 mil aptos,interior
AL,28878,2709400.0,VIÇOSA,False,57,57,0,14197,14197,0,0.6506304148763823,,,,,20273,< 100 mil aptos,interior
AL,28894,2702355.0,CRAÍBAS,False,52,52,0,14556,14556,0,0.7896400109920307,,,,,19310,< 100 mil aptos,interior
AL,28916,2708956.0,SENADOR RUI PALMEIRA,False,28,28,0,6283,6283,0,0.8406812032468566,,,,,9296,< 100 mil aptos,interior
AL,28932,2709152.0,TEOTÔNIO VILELA,False,83,83,0,19966,19966,0,0.6462987078032656,,,,,30655,< 100 mil aptos,interior
AM,2003,1300144.0,APUÍ,False,30,30,0,7733,7733,0,0.36324841587999485,,,,,11693,< 100 mil aptos,interior
AM,2011,1303205.0,NOVO AIRÃO,False,34,34,0,7893,7893,0,0.5278094514126441,,,,,11483,< 100 mil aptos,interior
AM,2020,1301654.0,GUAJARÁ,False,34,34,0,7298,7298,0,0.39613592765141137,,,,,11817,< 100 mil aptos,interior
AM,2038,1300102.0,ANORI,False,30,30,0,7046,7046,0,0.5691172296338348,,,,,10812,< 100 mil aptos,interior
AM,2046,1301159.0,CAREIRO DA VÁRZEA,False,52,52,0,11165,11165,0,0.6253470667263771,,,,,16762,< 100 mil aptos,interior
AM,2054,1300201.0,ATALAIA DO NORTE,False,29,29,0,5796,5796,0,0.8040027605244997,,,,,8966,< 100 mil aptos,interior
AM,2070,1300300.0,AUTAZES,False,85,85,0,19089,19089,0,0.6434595840536435,,,,,28954,< 100 mil aptos,interior
AM,2097,1300409.0,BARCELOS,False,30,30,0,7099,7099,0,0.6502324271024088,,,,,11803,< 100 mil aptos,interior
AM,2119,1300508.0,BARREIRINHA,False,61,61,0,15406,15406,0,0.913864728028041,,,,,21077,< 100 mil aptos,interior
AM,2135,1300607.0,BENJAMIN CONSTANT,False,66,66,0,15993,15993,0,0.8359907459513537,,,,,22245,< 100 mil aptos,interior
AM,2151,1300706.0,BOCA DO ACRE,False,66,66,0,15549,15549,0,0.4534053636889832,,,,,23006,< 100 mil aptos,interior
AM,2178,1300805.0,BORBA,False,61,61,0,15652,15652,0,0.7903782264247381,,,,,20894,< 100 mil aptos,interior
AM,2194,1300904.0,CANUTAMA,False,30,30,0,6490,6490,0,0.5453004622496148,,,,,10035,< 100 mil aptos,interior
AM,2216,1301001.0,CARAUARI,False,63,63,0,13934,13934,0,0.7892923783551026,,,,,21550,< 100 mil aptos,interior
AM,2232,1301100.0,CAREIRO,False,80,80,0,15519,15519,0,0.6410851214640119,,,,,24216,< 100 mil aptos,interior
AM,2259,1301209.0,COARI,False,151,151,0,32670,32670,0,0.6073155800428528,,,,,51524,< 100 mil aptos,interior
AM,2275,1301308.0,CODAJÁS,False,50,50,0,10609,10609,0,0.6035441606183429,,,,,16463,< 100 mil aptos,interior
AM,2291,1301407.0,EIRUNEPÉ,False,61,61,0,14088,14088,0,0.7407013060760931,,,,,20055,< 100 mil aptos,interior
AM,2313,1301506.0,ENVIRA,False,35,35,0,7035,7035,0,0.7198294243070362,,,,,12083,< 100 mil aptos,interior
AM,2330,1301605.0,FONTE BOA,False,47,47,0,10901,10901,0,0.7724979359691772,,,,,16337,< 100 mil aptos,interior
AM,2356,1301704.0,HUMAITÁ,False,96,96,0,23341,23341,0,0.5315110749325221,,,,,32832,< 100 mil aptos,interior
AM,2372,1303601.0,SANTA ISABEL DO RIO NEGRO,False,27,27,0,5008,5008,0,0.7394169329073482,,,,,8917,< 100 mil aptos,interior
AM,2399,1301803.0,IPIXUNA,False,33,33,0,7097,7097,0,0.6809919684373679,,,,,11955,< 100 mil aptos,interior
AM,2410,1301902.0,ITACOATIARA,False,232,232,0,49428,49428,0,0.6397386096949098,,,,,71135,< 100 mil aptos,interior
AM,2437,1302009.0,ITAPIRANGA,False,26,26,0,5995,5995,0,0.5901584653878232,,,,,8348,< 100 mil aptos,interior
AM,2453,1302108.0,JAPURÁ,False,14,14,0,2902,2902,0,0.611302549965541,,,,,5108,< 100 mil aptos,interior
AM,2470,1302207.0,JURUÁ,False,27,27,0,4671,4671,0,0.6144294583600942,,,,,7874,< 100 mil aptos,interior
AM,2496,1302306.0,JUTAÍ,False,39,39,0,9094,9094,0,0.7556630745546514,,,,,14312,< 100 mil aptos,interior
AM,2518,1302405.0,LÁBREA,False,84,84,0,17925,17925,0,0.6517712691771269,,,,,27124,< 100 mil aptos,interior
AM,2534,1302504.0,MANACAPURU,False,205,205,0,52053,52053,0,0.5453287994928246,,,,,72669,< 100 mil aptos,interior
AM,2550,1302603.0,MANAUS,True,3768,595,3173,1130271,181116,949155,0.3867355727820844,0.3873413720625188,-0.06057992804343604,0.9974497245357762,-0.002553532956208744,1418787,≥ 100 mil aptos,capital
AM,2577,1302702.0,MANICORÉ,False,102,102,0,23228,23228,0,0.6531771999311177,,,,,33169,< 100 mil aptos,interior
AM,2593,1302801.0,MARAÃ,False,24,24,0,5218,5218,0,0.7253737064009199,,,,,10073,< 100 mil aptos,interior
AM,2615,1302900.0,MAUÉS,False,104,104,0,24704,24704,0,0.8501862046632125,,,,,36865,< 100 mil aptos,interior
AM,2631,1303007.0,NHAMUNDÁ,False,44,44,0,10396,10396,0,0.8598499422854944,,,,,14308,< 100 mil aptos,interior
AM,2658,1303106.0,NOVA OLINDA DO NORTE,False,59,59,0,12787,12787,0,0.7909595683115664,,,,,19056,< 100 mil aptos,interior
AM,2674,1303304.0,NOVO ARIPUANÃ,False,39,39,0,8852,8852,0,0.7622006326253954,,,,,13651,< 100 mil aptos,interior
AM,2690,1303403.0,PARINTINS,False,234,234,0,50498,50498,0,0.8255574478197156,,,,,72784,< 100 mil aptos,interior
AM,2712,1303502.0,PAUINI,False,30,30,0,7075,7075,0,0.6838162544169611,,,,,11419,< 100 mil aptos,interior
AM,2739,1303700.0,SANTO ANTÔNIO DO IÇÁ,False,47,47,0,11999,11999,0,0.7374781231769314,,,,,16281,< 100 mil aptos,interior
AM,2755,1303908.0,SÃO PAULO DE OLIVENÇA,False,53,53,0,14153,14153,0,0.8423655762029252,,,,,18536,< 100 mil aptos,interior
AM,2771,1304005.0,SILVES,False,22,22,0,5852,5852,0,0.8152768284347232,,,,,8334,< 100 mil aptos,interior
AM,2798,1304104.0,TAPAUÁ,False,40,40,0,8615,8615,0,0.5395240858966918,,,,,14019,< 100 mil aptos,interior
AM,2810,1304203.0,TEFÉ,False,134,134,0,31581,31581,0,0.6421899243215857,,,,,41762,< 100 mil aptos,interior
AM,2836,1303809.0,SÃO GABRIEL DA CACHOEIRA,False,97,97,0,21193,21193,0,0.8063983390742226,,,,,31989,< 100 mil aptos,interior
AM,2852,1304302.0,URUCARÁ,False,35,35,0,8225,8225,0,0.7680243161094225,,,,,12257,< 100 mil aptos,interior
AM,2879,1304401.0,URUCURITUBA,False,40,40,0,8909,8909,0,0.7939162644516781,,,,,13184,< 100 mil aptos,interior
AM,2895,1300029.0,ALVARÃES,False,32,32,0,8080,8080,0,0.7398514851485148,,,,,11311,< 100 mil aptos,interior
AM,2917,1300060.0,AMATURÁ,False,22,22,0,5062,5062,0,0.7664954563413671,,,,,6799,< 100 mil aptos,interior
AM,2933,1300086.0,ANAMÃ,False,22,22,0,5784,5784,0,0.6454011065006916,,,,,8652,< 100 mil aptos,interior
AM,2950,1300631.0,BERURI,False,38,38,0,8539,8539,0,0.6301674669165007,,,,,13827,< 100 mil aptos,interior
AM,2976,1300680.0,BOA VISTA DO RAMOS,False,32,32,0,8909,8909,0,0.8796722415534852,,,,,12708,< 100 mil aptos,interior
AM,2992,1300839.0,CAAPIRANGA,False,24,24,0,5968,5968,0,0.6682305630026809,,,,,9620,< 100 mil aptos,interior
AM,98353,1301852.0,IRANDUBA,False,153,153,0,27894,27894,0,0.5486484548648455,,,,,36530,< 100 mil aptos,interior
AM,98370,1301951.0,ITAMARATI,False,22,22,0,4784,4784,0,0.7688127090301003,,,,,7353,< 100 mil aptos,interior
AM,98396,1302553.0,MANAQUIRI,False,41,41,0,9468,9468,0,0.6930713983945923,,,,,14592,< 100 mil aptos,interior
AM,98418,1303536.0,PRESIDENTE FIGUEIREDO,False,79,79,0,16973,16973,0,0.5324927826548047,,,,,25234,< 100 mil aptos,interior
AM,98434,1303569.0,RIO PRETO DA EVA,False,63,63,0,12833,12833,0,0.5261435361957454,,,,,18139,< 100 mil aptos,interior
AM,98450,1303957.0,SÃO SEBASTIÃO DO UATUMÃ,False,19,19,0,4825,4825,0,0.5276683937823834,,,,,7353,< 100 mil aptos,interior
AM,98477,1304062.0,TABATINGA,False,98,98,0,25950,25950,0,0.6692870905587669,,,,,36945,< 100 mil aptos,interior
AM,98493,1304260.0,UARINI,False,28,28,0,6023,6023,0,0.6785654989208035,,,,,8901,< 100 mil aptos,interior
AM,98515,1304237.0,TONANTINS,False,30,30,0,7605,7605,0,0.8293228139381985,,,,,10552,< 100 mil aptos,interior
AP,6009,1600550.0,PRACUÚBA,False,15,15,0,2338,2338,0,0.5427715996578272,,,,,3723,< 100 mil aptos,interior
AP,6017,1600105.0,AMAPÁ,False,24,24,0,4448,4448,0,0.6261241007194245,,,,,6851,< 100 mil aptos,interior
AP,6025,1600535.0,PORTO GRANDE,False,42,42,0,9232,9232,0,0.5545927209705372,,,,,14174,< 100 mil aptos,interior
AP,6033,1600204.0,CALÇOENE,False,28,28,0,5186,5186,0,0.6170458927882762,,,,,8266,< 100 mil aptos,interior
AP,6041,1600253.0,ITAUBAL,False,24,24,0,4413,4413,0,0.5361432132336279,,,,,7331,< 100 mil aptos,interior
AP,6050,1600303.0,MACAPÁ,True,952,229,723,228071,55729,172342,0.4631340953543039,0.4467860417077671,1.6348053646536798,1.0681554569632379,0.06593328889966898,311630,≥ 100 mil aptos,capital
AP,6068,1600212.0,CUTIAS,False,18,18,0,3092,3092,0,0.5963777490297542,,,,,5033,< 100 mil aptos,interior
AP,6076,1600402.0,MAZAGÃO,False,68,68,0,13433,13433,0,0.6302389637459986,,,,,19171,< 100 mil aptos,interior
AP,6084,1600154.0,PEDRA BRANCA DO AMAPARI,False,26,26,0,6446,6446,0,0.5569345330437481,,,,,10112,< 100 mil aptos,interior
AP,6092,1600501.0,OIAPOQUE,False,75,75,0,12594,12594,0,0.647133555661426,,,,,21209,< 100 mil aptos,interior
AP,6106,1600055.0,SERRA DO NAVIO,False,11,11,0,2569,2569,0,0.3993771895679253,,,,,3864,< 100 mil aptos,interior
AP,6114,1600238.0,FERREIRA GOMES,False,25,25,0,4015,4015,0,0.536239103362391,,,,,6091,< 100 mil aptos,interior
AP,6122,1600808.0,VITÓRIA DO JARI,False,38,38,0,6500,6500,0,0.6861538461538461,,,,,10171,< 100 mil aptos,interior
AP,6130,1600279.0,LARANJAL DO JARI,False,96,96,0,18518,18518,0,0.6060049681391079,,,,,28886,< 100 mil aptos,interior
AP,6157,1600600.0,SANTANA,False,255,255,0,63090,63090,0,0.438944365192582,,,,,83266,< 100 mil aptos,interior
AP,6173,1600709.0,TARTARUGALZINHO,False,43,43,0,6520,6520,0,0.5773006134969325,,,,,10353,< 100 mil aptos,interior
BA,30007,2919553.0,LUÍS EDUARDO MAGALHÃES,False,205,205,0,54460,54460,0,0.41391847227322803,,,,,69846,< 100 mil aptos,interior
BA,30058,2910727.0,EUNÁPOLIS,False,259,259,0,60849,60849,0,0.5350786372824533,,,,,81567,< 100 mil aptos,interior
BA,30660,2917334.0,IUIU,False,26,0,26,6567,0,6567,,0.8134612456220497,,,,8856,< 100 mil aptos,interior
BA,30678,2917359.0,JABORANDI,False,31,31,0,6825,6825,0,0.7671794871794871,,,,,9112,< 100 mil aptos,interior
BA,30694,2918555.0,JUSSARI,False,21,0,21,3294,0,3294,,0.6408621736490588,,,,5022,< 100 mil aptos,interior
BA,30716,2901155.0,AMÉRICA DOURADA,False,42,42,0,9850,9850,0,0.8429441624365482,,,,,13482,< 100 mil aptos,interior
BA,30732,2902252.0,ARATACA,False,25,0,25,4224,0,4224,,0.7073863636363636,,,,6290,< 100 mil aptos,interior
BA,30759,2903235.0,BARRO ALTO,False,37,37,0,8456,8456,0,0.8227294228949859,,,,,10947,< 100 mil aptos,interior
BA,30775,2903276.0,BARROCAS,False,49,49,0,10741,10741,0,0.8462899171399311,,,,,13726,< 100 mil aptos,interior
BA,30791,2904753.0,BURITIRAMA,False,53,53,0,11099,11099,0,0.7904315704117488,,,,,16311,< 100 mil aptos,interior
BA,30813,2906857.0,CAPELA DO ALTO ALEGRE,False,35,35,0,6995,6995,0,0.7602573266619014,,,,,9813,< 100 mil aptos,interior
BA,30830,2906873.0,CAPIM GROSSO,False,73,73,0,18014,18014,0,0.6632063950260908,,,,,24718,< 100 mil aptos,interior
BA,30856,2906824.0,CANUDOS,False,46,46,0,9672,9672,0,0.8442928039702233,,,,,13324,< 100 mil aptos,interior
BA,30872,2910057.0,DIAS D'ÁVILA,False,156,0,156,39698,0,39698,,0.7481233311501839,,,,53694,< 100 mil aptos,interior
BA,30899,2910750.0,FÁTIMA,False,48,48,0,11863,11863,0,0.8589732782601366,,,,,15925,< 100 mil aptos,interior
BA,30910,2910859.0,FILADÉLFIA,False,49,49,0,11264,11264,0,0.7611860795454546,,,,,15678,< 100 mil aptos,interior
BA,30937,2911253.0,GAVIÃO,False,18,18,0,3216,3216,0,0.7238805970149254,,,,,4492,< 100 mil aptos,interior
BA,30953,2911659.0,GUAJERU,False,24,0,24,4804,0,4804,,0.8759367194004996,,,,7422,< 100 mil aptos,interior
BA,30970,2911857.0,HELIÓPOLIS,False,39,39,0,9084,9084,0,0.8730735358872743,,,,,11823,< 100 mil aptos,interior
BA,30996,2918357.0,JOÃO DOURADO,False,55,55,0,14379,14379,0,0.6734821614854997,,,,,19475,< 100 mil aptos,interior
BA,33014,2900108.0,ABAÍRA,False,28,28,0,5118,5118,0,0.6412661195779601,,,,,7178,< 100 mil aptos,interior
BA,33030,2900207.0,ABARÉ,False,44,44,0,11522,11522,0,0.7755597986460684,,,,,14591,< 100 mil aptos,interior
BA,33057,2900306.0,ACAJUTIBA,False,39,39,0,8600,8600,0,0.792093023255814,,,,,12237,< 100 mil aptos,interior
BA,33065,2900355.0,ADUSTINA,False,43,43,0,9256,9256,0,0.8312445980985307,,,,,11851,< 100 mil aptos,interior
BA,33073,2900405.0,ÁGUA FRIA,False,46,46,0,8971,8971,0,0.8205328280013376,,,,,13060,< 100 mil aptos,interior
BA,33090,2900504.0,ÉRICO CARDOSO,False,33,33,0,6090,6090,0,0.8070607553366174,,,,,8834,< 100 mil aptos,interior
BA,33111,2900603.0,AIQUARA,False,14,14,0,2973,2973,0,0.7581567440295998,,,,,4184,< 100 mil aptos,interior
BA,33138,2900702.0,ALAGOINHAS,False,347,347,0,85224,85224,0,0.694018116962358,,,,,112023,≥ 100 mil aptos,interior
BA,33154,,ALCOBAÇA,False,55,55,0,12692,12692,0,0.708005042546486,,,,,18831,< 100 mil aptos,interior
BA,33170,2900900.0,ALMADINA,False,15,0,15,3467,0,3467,,0.7980963368906836,,,,5157,< 100 mil aptos,interior
BA,33197,2901007.0,AMARGOSA,False,81,81,0,21433,21433,0,0.6884243922922596,,,,,28897,< 100 mil aptos,interior
BA,33219,2901106.0,AMÉLIA RODRIGUES,False,61,61,0,14797,14797,0,0.8027302831655065,,,,,19792,< 100 mil aptos,interior
BA,33235,2901205.0,ANAGÉ,False,71,0,71,14081,0,14081,,0.7885803565087707,,,,19724,< 100 mil aptos,interior
BA,33251,2901304.0,ANDARAÍ,False,38,38,0,7424,7424,0,0.865167025862069,,,,,10765,< 100 mil aptos,interior
BA,33260,2901353.0,ANDORINHA,False,42,42,0,9892,9892,0,0.9026486049332794,,,,,12446,< 100 mil aptos,interior
BA,33278,2901403.0,ANGICAL,False,46,46,0,9824,9824,0,0.7866449511400652,,,,,12886,< 100 mil aptos,interior
BA,33294,2901502.0,ANGUERA,False,34,34,0,7090,7090,0,0.8410437235543018,,,,,9348,< 100 mil aptos,interior
BA,33316,2901601.0,ANTAS,False,34,34,0,8173,8173,0,0.6952159549736938,,,,,10979,< 100 mil aptos,interior
BA,33332,2901700.0,ANTÔNIO CARDOSO,False,37,37,0,9171,9171,0,0.8967397230400175,,,,,11271,< 100 mil aptos,interior
BA,33359,2901809.0,ANTÔNIO GONÇALVES,False,33,33,0,6485,6485,0,0.7777949113338474,,,,,8815,< 100 mil aptos,interior
BA,33375,2901908.0,APORÁ,False,42,42,0,9960,9960,0,0.7922690763052209,,,,,14294,< 100 mil aptos,interior
BA,33383,2902054.0,ARAÇÁS,False,28,28,0,7729,7729,0,0.8024323974640962,,,,,10144,< 100 mil aptos,interior
BA,33391,2902005.0,ARACATU,False,41,41,0,9826,9826,0,0.8007327498473438,,,,,11977,< 100 mil aptos,interior
BA,33405,2901957.0,APUAREMA,False,18,18,0,4468,4468,0,0.7287376902417189,,,,,5968,< 100 mil aptos,interior
BA,33413,2902104.0,ARACI,False,131,131,0,28585,28585,0,0.852859891551513,,,,,42189,< 100 mil aptos,interior
BA,33430,2902203.0,ARAMARI,False,33,33,0,6930,6930,0,0.8545454545454545,,,,,9289,< 100 mil aptos,interior
BA,33456,2902302.0,ARATUÍPE,False,28,28,0,6311,6311,0,0.8146094121375377,,,,,8585,< 100 mil aptos,interior
BA,33472,2902401.0,AURELINO LEAL,False,36,0,36,6839,0,6839,,0.7477701418336014,,,,9833,< 100 mil aptos,interior
BA,33499,2902500.0,BAIANÓPOLIS,False,44,44,0,9187,9187,0,0.7457276586480897,,,,,12305,< 100 mil aptos,interior
BA,33510,2902609.0,BAIXA GRANDE,False,57,0,57,10787,0,10787,,0.7159543895429684,,,,16134,< 100 mil aptos,interior
BA,33529,2902658.0,BANZAÊ,False,37,37,0,7933,7933,0,0.7855792260178999,,,,,10241,< 100 mil aptos,interior
BA,33537,2902708.0,BARRA,False,136,136,0,26516,26516,0,0.8222582591642782,,,,,38605,< 100 mil aptos,interior
BA,33553,2902807.0,BARRA DA ESTIVA,False,67,67,0,15995,15995,0,0.7555486089402939,,,,,20044,< 100 mil aptos,interior
BA,33570,2902906.0,BARRA DO CHOÇA,False,93,0,93,21264,0,21264,,0.7903028592927013,,,,29566,< 100 mil aptos,interior
BA,33596,2903003.0,BARRA DO MENDES,False,58,58,0,9528,9528,0,0.9010285474391267,,,,,12802,< 100 mil aptos,interior
BA,33618,2903102.0,BARRA DO ROCHA,False,15,15,0,2937,2937,0,0.6721144024514811,,,,,4192,< 100 mil aptos,interior
BA,33634,2903201.0,BARREIRAS,False,309,309,0,84180,84180,0,0.5946543121881682,,,,,104097,≥ 100 mil aptos,interior
BA,33650,2903300.0,BARRO PRETO,False,21,0,21,4175,0,4175,,0.7389221556886227,,,,6091,< 100 mil aptos,interior
BA,33677,2903409.0,BELMONTE,False,57,57,0,10928,10928,0,0.7028733528550513,,,,,16114,< 100 mil aptos,interior
BA,33693,2903508.0,BELO CAMPO,False,61,0,61,11717,0,11717,,0.7692242041478194,,,,16443,< 100 mil aptos,interior
BA,33715,2903607.0,BIRITINGA,False,40,40,0,9324,9324,0,0.8747318747318747,,,,,12526,< 100 mil aptos,interior
BA,33731,2903706.0,BOA NOVA,False,53,0,53,8587,0,8587,,0.8633981600093165,,,,13977,< 100 mil aptos,interior
BA,33758,2903805.0,BOA VISTA DO TUPIM,False,51,0,51,10295,0,10295,,0.7238465274405051,,,,14539,< 100 mil aptos,interior
BA,33774,2903904.0,BOM JESUS DA LAPA,False,152,152,0,36761,36761,0,0.781153940317184,,,,,50034,< 100 mil aptos,interior
BA,33782,2903953.0,BOM JESUS DA SERRA,False,29,0,29,6463,0,6463,,0.8803961008819434,,,,9647,< 100 mil aptos,interior
BA,33790,2904001.0,BONINAL,False,42,42,0,7802,7802,0,0.7221225326839272,,,,,11164,< 100 mil aptos,interior
BA,33804,2904050.0,BONITO,False,39,0,39,9290,0,9290,,0.8307857911733046,,,,12937,< 100 mil aptos,interior
BA,33812,2904100.0,BOQUIRA,False,66,66,0,12176,12176,0,0.9160643889618922,,,,,17044,< 100 mil aptos,interior
BA,33839,2904209.0,BOTUPORÃ,False,33,33,0,6926,6926,0,0.835980363846376,,,,,9921,< 100 mil aptos,interior
BA,33855,2904308.0,BREJÕES,False,37,37,0,7871,7871,0,0.7443780968110787,,,,,11651,< 100 mil aptos,interior
BA,33871,2904407.0,BREJOLÂNDIA,False,30,30,0,5873,5873,0,0.7304614336795505,,,,,8416,< 100 mil aptos,interior
BA,33898,2904506.0,BROTAS DE MACAÚBAS,False,41,41,0,6941,6941,0,0.7787062382941939,,,,,9532,< 100 mil aptos,interior
BA,33910,2904605.0,BRUMADO,False,164,164,0,41434,41434,0,0.696167398754646,,,,,51089,< 100 mil aptos,interior
BA,33936,2904704.0,BUERAREMA,False,45,0,45,8873,0,8873,,0.4035839062323904,,,,12906,< 100 mil aptos,interior
BA,33952,2904803.0,CAATIBA,False,22,0,22,4400,0,4400,,0.6925,,,,6538,< 100 mil aptos,interior
BA,33960,2904852.0,CABACEIRAS DO PARAGUAÇU,False,44,44,0,10193,10193,0,0.854507995683312,,,,,13434,< 100 mil aptos,interior
BA,33979,2904902.0,CACHOEIRA,False,82,82,0,19329,19329,0,0.8346008588131822,,,,,26357,< 100 mil aptos,interior
BA,33995,2905008.0,CACULÉ,False,57,0,57,13777,0,13777,,0.7176453509472309,,,,17985,< 100 mil aptos,interior
BA,34010,2905107.0,CAEM,False,28,28,0,6015,6015,0,0.8440565253532835,,,,,7987,< 100 mil aptos,interior
BA,34029,2905156.0,CAETANOS,False,29,29,0,7684,7684,0,0.8931546069755336,,,,,10600,< 100 mil aptos,interior
BA,34037,2905206.0,CAETITÉ,False,142,0,142,33548,0,33548,,0.7994515321330631,,,,42140,< 100 mil aptos,interior
BA,34053,2905305.0,CAFARNAUM,False,48,48,0,10919,10919,0,0.7532741093506732,,,,,14865,< 100 mil aptos,interior
BA,34070,2905404.0,CAIRU,False,42,42,0,10337,10337,0,0.6576376124600948,,,,,13941,< 100 mil aptos,interior
BA,34096,2905503.0,CALDEIRÃO GRANDE,False,34,34,0,7730,7730,0,0.7522639068564037,,,,,10771,< 100 mil aptos,interior
BA,34118,2905602.0,CAMACÃ,False,68,0,68,12917,0,12917,,0.6056359835875204,,,,18658,< 100 mil aptos,interior
BA,34134,2905701.0,CAMAÇARI,False,513,0,513,150367,0,150367,,0.6721089068745137,,,,191892,≥ 100 mil aptos,interior
BA,34150,2905800.0,CAMAMU,False,80,80,0,17017,17017,0,0.6659223129811365,,,,,26759,< 100 mil aptos,interior
BA,34177,2905909.0,CAMPO ALEGRE DE LOURDES,False,81,81,0,17457,17457,0,0.8452769662599531,,,,,25181,< 100 mil aptos,interior
BA,34193,2906006.0,CAMPO FORMOSO,False,187,187,0,42812,42812,0,0.7125105110716622,,,,,57308,< 100 mil aptos,interior
BA,34215,2906105.0,CANÁPOLIS,False,29,29,0,6603,6603,0,0.8161441768892927,,,,,8864,< 100 mil aptos,interior
BA,34231,2906204.0,CANARANA,False,63,63,0,15455,15455,0,0.8052410223228729,,,,,20164,< 100 mil aptos,interior
BA,34258,2906303.0,CANAVIEIRAS,False,86,0,86,17139,0,17139,,0.6544722562576579,,,,24857,< 100 mil aptos,interior
BA,34274,2906402.0,CANDEAL,False,25,25,0,5935,5935,0,0.7949452401010952,,,,,7710,< 100 mil aptos,interior
BA,34290,2906501.0,CANDEIAS,False,185,0,185,50504,0,50504,,0.8226477110723903,,,,66163,< 100 mil aptos,interior
BA,34312,2906600.0,CANDIBA,False,35,0,35,8657,0,8657,,0.7799468638096339,,,,10939,< 100 mil aptos,interior
BA,34339,2906709.0,CÂNDIDO SALES,False,76,0,76,14773,0,14773,,0.7374263859744128,,,,20127,< 100 mil aptos,interior
BA,34355,2906808.0,CANSANÇÃO,False,97,97,0,22227,22227,0,0.8605749763800783,,,,,30047,< 100 mil aptos,interior
BA,34363,2906899.0,CARAÍBAS,False,28,0,28,6256,0,6256,,0.7805306905370843,,,,8958,< 100 mil aptos,interior
BA,34371,2906907.0,CARAVELAS,False,49,49,0,11449,11449,0,0.6776137653943576,,,,,16416,< 100 mil aptos,interior
BA,34398,2907004.0,CARDEAL DA SILVA,False,26,26,0,5384,5384,0,0.8937592867756315,,,,,7973,< 100 mil aptos,interior
BA,34410,2907103.0,CARINHANHA,False,75,0,75,16884,0,16884,,0.6759654110400379,,,,23224,< 100 mil aptos,interior
BA,34436,2907202.0,CASA NOVA,False,185,185,0,44439,44439,0,0.8002205270145593,,,,,56698,< 100 mil aptos,interior
BA,34452,2907301.0,CASTRO ALVES,False,83,83,0,17100,17100,0,0.8247368421052632,,,,,23056,< 100 mil aptos,interior
BA,34479,2907400.0,CATOLÂNDIA,False,15,15,0,3126,3126,0,0.7923864363403711,,,,,3940,< 100 mil aptos,interior
BA,34495,2907509.0,CATU,False,123,123,0,31327,31327,0,0.7866377246464711,,,,,41907,< 100 mil aptos,interior
BA,34509,2907558.0,CATURAMA,False,30,30,0,5401,5401,0,0.8596556193297538,,,,,7633,< 100 mil aptos,interior
BA,34517,2907608.0,CENTRAL,False,53,53,0,10351,10351,0,0.8078446526905613,,,,,13761,< 100 mil aptos,interior
BA,34533,2907707.0,CHORROCHÓ,False,31,31,0,6578,6578,0,0.8622681666159927,,,,,9230,< 100 mil aptos,interior
BA,34550,2907806.0,CÍCERO DANTAS,False,85,85,0,19601,19601,0,0.7736850160706087,,,,,26771,< 100 mil aptos,interior
BA,34576,2907905.0,CIPÓ,False,43,43,0,10056,10056,0,0.6950079554494829,,,,,14377,< 100 mil aptos,interior
BA,34592,2908002.0,COARACI,False,60,0,60,11358,0,11358,,0.6683394963902095,,,,16870,< 100 mil aptos,interior
BA,34614,2908101.0,COCOS,False,52,52,0,11694,11694,0,0.6972806567470498,,,,,15710,< 100 mil aptos,interior
BA,34630,2908200.0,CONCEIÇÃO DA FEIRA,False,52,52,0,13547,13547,0,0.797962648556876,,,,,17585,< 100 mil aptos,interior
BA,34657,2908309.0,CONCEIÇÃO DO ALMEIDA,False,48,48,0,11669,11669,0,0.8364898448881652,,,,,15319,< 100 mil aptos,interior
BA,34673,2908408.0,CONCEIÇÃO DO COITÉ,False,185,185,0,42275,42275,0,0.6365700768775873,,,,,54284,< 100 mil aptos,interior
BA,34690,2908507.0,CONCEIÇÃO DO JACUÍPE,False,71,71,0,20908,20908,0,0.7343122249856514,,,,,26782,< 100 mil aptos,interior
BA,34711,2908606.0,CONDE,False,57,57,0,13551,13551,0,0.7935207733746587,,,,,19249,< 100 mil aptos,interior
BA,34738,2908705.0,CONDEÚBA,False,58,0,58,10826,0,10826,,0.714391280251247,,,,15889,< 100 mil aptos,interior
BA,34754,2908804.0,CONTENDAS DO SINCORÁ,False,15,15,0,3222,3222,0,0.7808814400993171,,,,,4303,< 100 mil aptos,interior
BA,34770,2908903.0,CORAÇÃO DE MARIA,False,65,65,0,16911,16911,0,0.8274495890248951,,,,,22296,< 100 mil aptos,interior
BA,34797,2909000.0,CORDEIROS,False,24,0,24,4888,0,4888,,0.6583469721767594,,,,7335,< 100 mil aptos,interior
BA,34819,2909109.0,CORIBE,False,45,45,0,9120,9120,0,0.7570175438596491,,,,,12415,< 100 mil aptos,interior
BA,34835,2909208.0,CORONEL JOÃO SÁ,False,44,44,0,10842,10842,0,0.8150710201069913,,,,,13856,< 100 mil aptos,interior
BA,34851,2909307.0,CORRENTINA,False,103,103,0,19884,19884,0,0.7530677932005633,,,,,28124,< 100 mil aptos,interior
BA,34878,2909406.0,COTEGIPE,False,41,41,0,8743,8743,0,0.8075031453734416,,,,,11927,< 100 mil aptos,interior
BA,34894,2909505.0,CRAVOLÂNDIA,False,14,14,0,2923,2923,0,0.843995894628806,,,,,4368,< 100 mil aptos,interior
BA,34916,2909604.0,CRISÓPOLIS,False,51,51,0,12062,12062,0,0.8554136959044935,,,,,17793,< 100 mil aptos,interior
BA,34932,2909703.0,CRISTÓPOLIS,False,42,42,0,9221,9221,0,0.758702960633337,,,,,12555,< 100 mil aptos,interior
BA,34959,2909802.0,CRUZ DAS ALMAS,False,140,140,0,38601,38601,0,0.695189243801974,,,,,47442,< 100 mil aptos,interior
BA,34975,2909901.0,CURAÇÁ,False,84,84,0,20150,20150,0,0.8112655086848636,,,,,26602,< 100 mil aptos,interior
BA,34991,2910008.0,DÁRIO MEIRA,False,30,30,0,5667,5667,0,0.7923063349214752,,,,,8038,< 100 mil aptos,interior
BA,35017,2910107.0,DOM BASÍLIO,False,36,36,0,8562,8562,0,0.8672039243167484,,,,,10520,< 100 mil aptos,interior
BA,35033,2910206.0,DOM MACEDO COSTA,False,16,16,0,3500,3500,0,0.7217142857142858,,,,,4395,< 100 mil aptos,interior
BA,35050,2910305.0,ELÍSIO MEDRADO,False,25,25,0,5593,5593,0,0.7536205971750403,,,,,7848,< 100 mil aptos,interior
BA,35076,2910404.0,ENCRUZILHADA,False,50,0,50,11068,0,11068,,0.7495482471991326,,,,15388,< 100 mil aptos,interior
BA,35092,2910503.0,ENTRE RIOS,False,103,103,0,22269,22269,0,0.7946472675019085,,,,,33147,< 100 mil aptos,interior
BA,35114,2910602.0,ESPLANADA,False,83,83,0,19579,19579,0,0.792686041166556,,,,,26913,< 100 mil aptos,interior
BA,35130,2910701.0,EUCLIDES DA CUNHA,False,153,153,0,34892,34892,0,0.8305915396079331,,,,,47144,< 100 mil aptos,interior
BA,35149,2910776.0,FEIRA DA MATA,False,16,0,16,3998,0,3998,,0.6455727863931966,,,,5448,< 100 mil aptos,interior
BA,35157,2910800.0,FEIRA DE SANTANA,False,1172,1172,0,345760,345760,0,0.6403459046737622,,,,,425460,≥ 100 mil aptos,interior
BA,35173,2910909.0,FIRMINO ALVES,False,16,0,16,3557,0,3557,,0.6873770030924937,,,,5307,< 100 mil aptos,interior
BA,35190,2911006.0,FLORESTA AZUL,False,29,0,29,5687,0,5687,,0.7664849657112713,,,,8241,< 100 mil aptos,interior
BA,35211,2911105.0,FORMOSA DO RIO PRETO,False,66,66,0,14921,14921,0,0.7153676027075934,,,,,19899,< 100 mil aptos,interior
BA,35238,2911204.0,GANDU,False,73,73,0,17280,17280,0,0.6354166666666666,,,,,23407,< 100 mil aptos,interior
BA,35254,2911303.0,GENTIO DO OURO,False,42,42,0,7568,7568,0,0.8583509513742071,,,,,9588,< 100 mil aptos,interior
BA,35270,2911402.0,GLÓRIA,False,48,48,0,9983,9983,0,0.8858058699789643,,,,,13601,< 100 mil aptos,interior
BA,35297,2911501.0,GONGOGI,False,19,0,19,3546,0,3546,,0.7760857304004513,,,,5290,< 100 mil aptos,interior
BA,35319,2911600.0,GOVERNADOR MANGABEIRA,False,56,56,0,13538,13538,0,0.7936179642487812,,,,,17806,< 100 mil aptos,interior
BA,35335,2911709.0,GUANAMBI,False,191,0,191,52414,0,52414,,0.6554355706490632,,,,64765,< 100 mil aptos,interior
BA,35351,2911808.0,GUARATINGA,False,56,56,0,10723,10723,0,0.7104355124498741,,,,,15986,< 100 mil aptos,interior
BA,35378,2911907.0,IAÇU,False,73,0,73,14295,0,14295,,0.8157397691500524,,,,22231,< 100 mil aptos,interior
BA,35394,2912004.0,IBIASSUCÊ,False,30,0,30,6597,0,6597,,0.6800060633621343,,,,8898,< 100 mil aptos,interior
BA,35416,2912103.0,IBICARAÍ,False,65,0,65,13678,0,13678,,0.6479017400204709,,,,19347,< 100 mil aptos,interior
BA,35432,2912202.0,IBICOARA,False,46,46,0,11760,11760,0,0.6916666666666667,,,,,15255,< 100 mil aptos,interior
BA,35459,2912301.0,IBICUÍ,False,41,0,41,8682,0,8682,,0.7212623819396452,,,,11986,< 100 mil aptos,interior
BA,35475,2912400.0,IBIPEBA,False,52,52,0,10702,10702,0,0.8607736871612782,,,,,13808,< 100 mil aptos,interior
BA,35491,2928406.0,SANTA RITA DE CÁSSIA,False,84,84,0,16463,16463,0,0.7924436615440685,,,,,23400,< 100 mil aptos,interior
BA,35513,2912509.0,IBIPITANGA,False,45,45,0,9156,9156,0,0.7624508519003932,,,,,13379,< 100 mil aptos,interior
BA,35530,2912608.0,IBIQUERA,False,12,0,12,2721,0,2721,,0.8511576626240352,,,,3982,< 100 mil aptos,interior
BA,35556,2912707.0,IBIRAPITANGA,False,47,47,0,9710,9710,0,0.7428424304840371,,,,,13733,< 100 mil aptos,interior
BA,35572,2912806.0,IBIRAPUÃ,False,28,28,0,5683,5683,0,0.5328171740278023,,,,,7557,< 100 mil aptos,interior
BA,35599,2912905.0,IBIRATAIA,False,53,53,0,10806,10806,0,0.655839348510087,,,,,15428,< 100 mil aptos,interior
BA,35610,2913002.0,IBITIARA,False,47,47,0,8625,8625,0,0.7863188405797101,,,,,11462,< 100 mil aptos,interior
BA,35637,2913101.0,IBITITÁ,False,59,59,0,12082,12082,0,0.8285879821221652,,,,,15224,< 100 mil aptos,interior
BA,35653,2913200.0,IBOTIRAMA,False,80,80,0,15809,15809,0,0.6992219621734455,,,,,21247,< 100 mil aptos,interior
BA,35670,2913309.0,ICHU,False,18,18,0,4721,4721,0,0.7896632069476806,,,,,5856,< 100 mil aptos,interior
BA,35696,2913408.0,IGAPORÃ,False,36,36,0,9821,9821,0,0.8716016698910498,,,,,12245,< 100 mil aptos,interior
BA,35700,2913457.0,IGRAPIÚNA,False,35,35,0,6201,6201,0,0.7626189324302531,,,,,10093,< 100 mil aptos,interior
BA,35718,2913507.0,IGUAÍ,False,64,0,64,13219,0,13219,,0.685679703457145,,,,20202,< 100 mil aptos,interior
BA,35734,2913606.0,ILHÉUS,False,395,0,395,99181,0,99181,,0.6115385003176012,,,,129171,≥ 100 mil aptos,interior
BA,35750,2913705.0,INHAMBUPE,False,85,85,0,20328,20328,0,0.7943231011412829,,,,,28053,< 100 mil aptos,interior
BA,35777,2913804.0,IPECAETÁ,False,46,46,0,10709,10709,0,0.826220935661593,,,,,14119,< 100 mil aptos,interior
BA,35793,2913903.0,IPIAÚ,False,113,113,0,23599,23599,0,0.6695198949108013,,,,,31693,< 100 mil aptos,interior
BA,35815,2914000.0,IPIRÁ,False,158,0,158,34856,0,34856,,0.8031902685333946,,,,46613,< 100 mil aptos,interior
BA,35831,2914109.0,IPUPIARA,False,28,28,0,6580,6580,0,0.6858662613981763,,,,,8576,< 100 mil aptos,interior
BA,35858,2914208.0,IRAJUBA,False,19,19,0,3944,3944,0,0.8055273833671399,,,,,5379,< 100 mil aptos,interior
BA,35874,2914307.0,IRAMAIA,False,31,31,0,6300,6300,0,0.7923809523809524,,,,,9158,< 100 mil aptos,interior
BA,35890,2914406.0,IRAQUARA,False,62,62,0,14733,14733,0,0.8974411185773434,,,,,18579,< 100 mil aptos,interior
BA,35912,2914505.0,IRARÁ,False,89,89,0,18431,18431,0,0.7975693125712116,,,,,25603,< 100 mil aptos,interior
BA,35939,2914604.0,IRECÊ,False,156,156,0,39087,39087,0,0.715915777624274,,,,,48527,< 100 mil aptos,interior
BA,35947,2914653.0,ITABELA,False,71,71,0,15805,15805,0,0.6231572287250869,,,,,24239,< 100 mil aptos,interior
BA,35955,2914703.0,ITABERABA,False,149,0,149,37213,0,37213,,0.7398489775078602,,,,48757,< 100 mil aptos,interior
BA,35971,2914802.0,ITABUNA,False,442,0,442,112100,0,112100,,0.5292774308652989,,,,156597,≥ 100 mil aptos,interior
BA,35998,2914901.0,ITACARÉ,False,54,0,54,13434,0,13434,,0.7370850081881792,,,,18564,< 100 mil aptos,interior
BA,36013,2915007.0,ITAETÉ,False,41,41,0,7839,7839,0,0.7113152187779054,,,,,11411,< 100 mil aptos,interior
BA,36030,2915106.0,ITAGI,False,35,35,0,7192,7192,0,0.675333704115684,,,,,10231,< 100 mil aptos,interior
BA,36056,2915205.0,ITAGIBÁ,False,41,41,0,8746,8746,0,0.6822547450262977,,,,,12090,< 100 mil aptos,interior
BA,36072,2915304.0,ITAGIMIRIM,False,22,22,0,4115,4115,0,0.6933171324422843,,,,,6120,< 100 mil aptos,interior
BA,36080,2915353.0,ITAGUAÇU DA BAHIA,False,35,35,0,8047,8047,0,0.84826643469616,,,,,10852,< 100 mil aptos,interior
BA,36099,2915403.0,ITAJU DO COLÔNIA,False,20,0,20,3747,0,3747,,0.5887376567921003,,,,5512,< 100 mil aptos,interior
BA,36110,2915502.0,ITAJUÍPE,False,57,0,57,12180,0,12180,,0.6821018062397373,,,,17649,< 100 mil aptos,interior
BA,36137,2915601.0,ITAMARAJU,False,149,149,0,33824,33824,0,0.502099101229896,,,,,47514,< 100 mil aptos,interior
BA,36153,2915700.0,ITAMARI,False,24,24,0,4519,4519,0,0.691303385704802,,,,,6645,< 100 mil aptos,interior
BA,36170,2915809.0,ITAMBÉ,False,62,0,62,13775,0,13775,,0.7131760435571688,,,,20020,< 100 mil aptos,interior
BA,36196,2915908.0,ITANAGRA,False,18,18,0,4389,4389,0,0.8250170881749829,,,,,6317,< 100 mil aptos,interior
BA,36218,2916005.0,ITANHÉM,False,66,66,0,10877,10877,0,0.6438356164383562,,,,,16400,< 100 mil aptos,interior
BA,36234,2916104.0,ITAPARICA,False,57,57,0,14101,14101,0,0.7990213460038296,,,,,18319,< 100 mil aptos,interior
BA,36250,2916203.0,ITAPÉ,False,29,0,29,6185,0,6185,,0.6585286984640258,,,,9366,< 100 mil aptos,interior
BA,36277,2916302.0,ITAPEBI,False,28,28,0,5500,5500,0,0.7521818181818182,,,,,8089,< 100 mil aptos,interior
BA,36293,2916401.0,ITAPETINGA,False,153,0,153,36631,0,36631,,0.5303431519751031,,,,49688,< 100 mil aptos,interior
BA,36315,2916500.0,ITAPICURU,False,73,73,0,17191,17191,0,0.8400907451573498,,,,,24913,< 100 mil aptos,interior
BA,36331,2916609.0,ITAPITANGA,False,22,0,22,4462,0,4462,,0.7389063200358583,,,,6749,< 100 mil aptos,interior
BA,36358,2916708.0,ITAQUARA,False,20,20,0,4735,4735,0,0.7634635691657867,,,,,6511,< 100 mil aptos,interior
BA,36374,2916807.0,ITARANTIM,False,44,0,44,10097,0,10097,,0.6111716351391503,,,,14397,< 100 mil aptos,interior
BA,36382,2916856.0,ITATIM,False,38,38,0,9617,9617,0,0.7251741707393158,,,,,12872,< 100 mil aptos,interior
BA,36390,2916906.0,ITIRUÇU,False,33,33,0,6814,6814,0,0.744643381273848,,,,,9651,< 100 mil aptos,interior
BA,36412,2917003.0,ITIÚBA,False,102,102,0,20676,20676,0,0.7406171406461598,,,,,30015,< 100 mil aptos,interior
BA,36439,2917102.0,ITORORÓ,False,59,0,59,11850,0,11850,,0.6527426160337553,,,,17344,< 100 mil aptos,interior
BA,36455,2917201.0,ITUAÇU,False,55,55,0,11938,11938,0,0.7105042720723739,,,,,15527,< 100 mil aptos,interior
BA,36471,2917300.0,ITUBERÁ,False,63,63,0,12448,12448,0,0.624758997429306,,,,,19660,< 100 mil aptos,interior
BA,36498,2917409.0,JACARACI,False,39,0,39,8566,0,8566,,0.8190520663086621,,,,12027,< 100 mil aptos,interior
BA,36510,2917508.0,JACOBINA,False,189,189,0,45436,45436,0,0.7342855885201162,,,,,59398,< 100 mil aptos,interior
BA,36536,2917607.0,JAGUAQUARA,False,113,113,0,25767,25767,0,0.6967438972328948,,,,,34550,< 100 mil aptos,interior
BA,36552,2917706.0,JAGUARARI,False,92,92,0,16733,16733,0,0.7644176178808343,,,,,22032,< 100 mil aptos,interior
BA,36579,2917805.0,JAGUARIPE,False,46,46,0,11084,11084,0,0.8189281847708408,,,,,15200,< 100 mil aptos,interior
BA,36595,2917904.0,JANDAÍRA,False,29,29,0,6105,6105,0,0.8298116298116298,,,,,9161,< 100 mil aptos,interior
BA,36617,2918001.0,JEQUIÉ,False,342,342,0,89517,89517,0,0.6449612922685076,,,,,114790,≥ 100 mil aptos,interior
BA,36633,2918100.0,JEREMOABO,False,101,101,0,21847,21847,0,0.8328374605208954,,,,,28954,< 100 mil aptos,interior
BA,36650,2918209.0,JIQUIRIÇÁ,False,38,38,0,8196,8196,0,0.79099560761347,,,,,11557,< 100 mil aptos,interior
BA,36676,2918308.0,JITAÚNA,False,44,44,0,8891,8891,0,0.750309301540884,,,,,12156,< 100 mil aptos,interior
BA,36692,2918407.0,JUAZEIRO,False,477,477,0,126645,126645,0,0.6701567373366497,,,,,156651,≥ 100 mil aptos,interior
BA,36706,2918456.0,JUCURUÇU,False,31,31,0,6099,6099,0,0.7092966060009838,,,,,8727,< 100 mil aptos,interior
BA,36714,2918506.0,JUSSARA,False,46,46,0,10242,10242,0,0.9011911735989064,,,,,13576,< 100 mil aptos,interior
BA,36730,2918605.0,JUSSIAPE,False,27,27,0,5082,5082,0,0.7717434081070444,,,,,6810,< 100 mil aptos,interior
BA,36757,2918704.0,LAFAIETE COUTINHO,False,13,13,0,3170,3170,0,0.8151419558359622,,,,,3905,< 100 mil aptos,interior
BA,36765,2918753.0,LAGOA REAL,False,39,0,39,8154,0,8154,,0.8539367181751287,,,,10633,< 100 mil aptos,interior
BA,36773,2918803.0,LAJE,False,58,58,0,15272,15272,0,0.7528156102671556,,,,,20479,< 100 mil aptos,interior
BA,36790,2918902.0,LAJEDÃO,False,18,18,0,3208,3208,0,0.6028678304239401,,,,,4777,< 100 mil aptos,interior
BA,36811,2919009.0,LAJEDINHO,False,11,0,11,2626,0,2626,,0.8229246001523229,,,,3582,< 100 mil aptos,interior
BA,36820,2919058.0,LAJEDO DO TABOCAL,False,24,24,0,4768,4768,0,0.8169043624161074,,,,,6538,< 100 mil aptos,interior
BA,36838,2919108.0,LAMARÃO,False,27,27,0,5626,5626,0,0.8881976537504443,,,,,8472,< 100 mil aptos,interior
BA,36854,2919207.0,LAURO DE FREITAS,False,361,0,361,119713,0,119713,,0.6636121390325195,,,,157336,≥ 100 mil aptos,interior
BA,36870,2919306.0,LENÇÓIS,False,23,23,0,6043,6043,0,0.8517292735396327,,,,,8189,< 100 mil aptos,interior
BA,36897,2919405.0,LICÍNIO DE ALMEIDA,False,32,0,32,7504,0,7504,,0.7374733475479744,,,,9873,< 100 mil aptos,interior
BA,36919,2919504.0,LIVRAMENTO DE NOSSA SENHORA,False,114,114,0,27378,27378,0,0.7794944846226898,,,,,35285,< 100 mil aptos,interior
BA,36935,2919603.0,MACAJUBA,False,32,0,32,6779,0,6779,,0.7771057678123617,,,,10443,< 100 mil aptos,interior
BA,36951,2919702.0,MACARANI,False,43,0,43,9215,0,9215,,0.612805208898535,,,,13809,< 100 mil aptos,interior
BA,36978,2919801.0,MACAÚBAS,False,145,145,0,24843,24843,0,0.7947510365092783,,,,,34696,< 100 mil aptos,interior
BA,36994,2919900.0,MACURURÉ,False,22,22,0,4852,4852,0,0.8627370156636439,,,,,6851,< 100 mil aptos,interior
BA,37010,2920007.0,MAIQUINIQUE,False,23,0,23,5429,0,5429,,0.6161355682446122,,,,7722,< 100 mil aptos,interior
BA,37036,2920106.0,MAIRI,False,49,0,49,10063,0,10063,,0.7795885918712113,,,,14555,< 100 mil aptos,interior
BA,37052,2920205.0,MALHADA,False,45,0,45,10101,0,10101,,0.726957726957727,,,,13979,< 100 mil aptos,interior
BA,37079,2920304.0,MALHADA DE PEDRAS,False,25,25,0,6064,6064,0,0.7424142480211082,,,,,7501,< 100 mil aptos,interior
BA,37095,2920403.0,MANOEL VITORINO,False,46,46,0,9475,9475,0,0.839155672823219,,,,,12627,< 100 mil aptos,interior
BA,37117,2920502.0,MARACÁS,False,74,74,0,15739,15739,0,0.7870893957684733,,,,,22139,< 100 mil aptos,interior
BA,37133,2920601.0,MARAGOGIPE,False,121,121,0,26544,26544,0,0.8107293550331525,,,,,34986,< 100 mil aptos,interior
BA,37150,2920700.0,MARAÚ,False,51,51,0,10398,10398,0,0.7816887863050587,,,,,15251,< 100 mil aptos,interior
BA,37176,2920809.0,MARCIONÍLIO SOUZA,False,29,0,29,5447,0,5447,,0.8099871488892969,,,,7881,< 100 mil aptos,interior
BA,37192,,MASCOTE,False,37,0,37,6473,0,6473,,0.7418507647149699,,,,10001,< 100 mil aptos,interior
BA,37214,2921005.0,MATA DE SÃO JOÃO,False,117,117,0,30695,30695,0,0.7755334745072487,,,,,42121,< 100 mil aptos,interior
BA,37222,2921054.0,MATINA,False,29,29,0,7401,7401,0,0.8932576678827185,,,,,9669,< 100 mil aptos,interior
BA,37230,2921104.0,MEDEIROS NETO,False,64,64,0,13905,13905,0,0.5964041711614527,,,,,19375,< 100 mil aptos,interior
BA,37257,2921203.0,MIGUEL CALMON,False,76,76,0,15116,15116,0,0.715533209843874,,,,,21939,< 100 mil aptos,interior
BA,37273,2921302.0,MILAGRES,False,35,0,35,6725,0,6725,,0.7527137546468401,,,,9278,< 100 mil aptos,interior
BA,37290,2921401.0,MIRANGABA,False,42,42,0,9106,9106,0,0.7959587085438172,,,,,11835,< 100 mil aptos,interior
BA,37303,2921450.0,MIRANTE,False,26,0,26,5831,0,5831,,0.8202709655290688,,,,8248,< 100 mil aptos,interior
BA,37311,2921500.0,MONTE SANTO,False,148,148,0,31295,31295,0,0.880300367470842,,,,,44717,< 100 mil aptos,interior
BA,37338,2921609.0,MORPARÁ,False,29,29,0,5695,5695,0,0.7367866549604917,,,,,7848,< 100 mil aptos,interior
BA,37354,2921708.0,MORRO DO CHAPÉU,False,87,87,0,19296,19296,0,0.7859141791044776,,,,,26172,< 100 mil aptos,interior
BA,37370,2921807.0,MORTUGABA,False,32,0,32,6773,0,6773,,0.6342831832275211,,,,9725,< 100 mil aptos,interior
BA,37397,2921906.0,MUCUGÊ,False,36,36,0,7409,7409,0,0.6717505736266702,,,,,9690,< 100 mil aptos,interior
BA,37419,2922003.0,MUCURI,False,94,94,0,20267,20267,0,0.5610105096955642,,,,,30447,< 100 mil aptos,interior
BA,37427,2922052.0,MULUNGU DO MORRO,False,40,40,0,8204,8204,0,0.8872501218917601,,,,,11144,< 100 mil aptos,interior
BA,37435,2922102.0,MUNDO NOVO,False,57,0,57,10907,0,10907,,0.7968277253140186,,,,16050,< 100 mil aptos,interior
BA,37451,2922201.0,MUNIZ FERREIRA,False,29,29,0,6186,6186,0,0.8001939864209505,,,,,7645,< 100 mil aptos,interior
BA,37460,2922250.0,MUQUÉM DO SÃO FRANCISCO,False,31,31,0,7098,7098,0,0.777120315581854,,,,,9702,< 100 mil aptos,interior
BA,37478,2922300.0,MURITIBA,False,68,68,0,17086,17086,0,0.8289242654805103,,,,,23026,< 100 mil aptos,interior
BA,37494,2922409.0,MUTUÍPE,False,55,55,0,13258,13258,0,0.737215266254337,,,,,18976,< 100 mil aptos,interior
BA,37516,2922508.0,NAZARÉ,False,74,74,0,16942,16942,0,0.774642899303506,,,,,22435,< 100 mil aptos,interior
BA,37532,2922607.0,NILO PEÇANHA,False,29,29,0,6963,6963,0,0.7551342812006319,,,,,9746,< 100 mil aptos,interior
BA,37559,2922706.0,NOVA CANAÃ,False,45,0,45,9020,0,9020,,0.7968957871396896,,,,13194,< 100 mil aptos,interior
BA,37567,2922730.0,NOVA FÁTIMA,False,30,30,0,5755,5755,0,0.7596872284969591,,,,,7749,< 100 mil aptos,interior
BA,37575,2922805.0,NOVA ITARANA,False,23,23,0,4811,4811,0,0.7690708792350862,,,,,6580,< 100 mil aptos,interior
BA,37583,2922854.0,NOVA REDENÇÃO,False,20,20,0,4769,4769,0,0.8857202767875865,,,,,6539,< 100 mil aptos,interior
BA,37591,2922904.0,NOVA SOURE,False,70,70,0,15370,15370,0,0.8679895901106051,,,,,21649,< 100 mil aptos,interior
BA,37613,2923001.0,NOVA VIÇOSA,False,103,103,0,22142,22142,0,0.5278204317586487,,,,,32288,< 100 mil aptos,interior
BA,37621,2923050.0,NOVO TRIUNFO,False,25,25,0,5863,5863,0,0.8164762067201091,,,,,8692,< 100 mil aptos,interior
BA,37630,2923100.0,OLINDINA,False,68,68,0,14353,14353,0,0.8486030794955758,,,,,20993,< 100 mil aptos,interior
BA,37656,2923209.0,OLIVEIRA DOS BREJINHOS,False,70,70,0,12649,12649,0,0.821962210451419,,,,,17082,< 100 mil aptos,interior
BA,37672,2923308.0,OURIÇANGAS,False,26,26,0,5035,5035,0,0.8530287984111221,,,,,7240,< 100 mil aptos,interior
BA,37680,2923357.0,OUROLÂNDIA,False,44,44,0,10405,10405,0,0.6241230177799135,,,,,13351,< 100 mil aptos,interior
BA,37699,2923407.0,PALMAS DE MONTE ALTO,False,68,0,68,13456,0,13456,,0.8513674197384067,,,,17482,< 100 mil aptos,interior
BA,37710,2923506.0,PALMEIRAS,False,24,24,0,6100,6100,0,0.8624590163934426,,,,,7693,< 100 mil aptos,interior
BA,37737,2923605.0,PARAMIRIM,False,61,61,0,12909,12909,0,0.8079634363622279,,,,,17318,< 100 mil aptos,interior
BA,37753,2923704.0,PARATINGA,False,76,76,0,18154,18154,0,0.8460945246226727,,,,,24475,< 100 mil aptos,interior
BA,37770,2923803.0,PARIPIRANGA,False,71,71,0,17774,17774,0,0.8155170473725667,,,,,22801,< 100 mil aptos,interior
BA,37796,2923902.0,PAU BRASIL,False,27,0,27,5575,0,5575,,0.5842152466367713,,,,7906,< 100 mil aptos,interior
BA,37818,2924009.0,PAULO AFONSO,False,257,257,0,62975,62975,0,0.7897419610956729,,,,,87461,< 100 mil aptos,interior
BA,37834,2924108.0,PEDRÃO,False,19,19,0,4869,4869,0,0.8886835079071678,,,,,6560,< 100 mil aptos,interior
BA,37850,2924207.0,PEDRO ALEXANDRE,False,34,34,0,7297,7297,0,0.8567904618336303,,,,,10396,< 100 mil aptos,interior
BA,37877,2924306.0,PIATÃ,False,71,71,0,12020,12020,0,0.7628951747088186,,,,,17410,< 100 mil aptos,interior
BA,37893,2924405.0,PILÃO ARCADO,False,113,113,0,20315,20315,0,0.8477479694806793,,,,,28213,< 100 mil aptos,interior
BA,37915,2924504.0,PINDAÍ,False,41,0,41,10055,0,10055,,0.8091496767777225,,,,12905,< 100 mil aptos,interior
BA,37931,2924603.0,PINDOBAÇU,False,54,54,0,11809,11809,0,0.7074265390803625,,,,,15800,< 100 mil aptos,interior
BA,37940,2924678.0,PIRAÍ DO NORTE,False,21,21,0,5037,5037,0,0.7502481635894381,,,,,6874,< 100 mil aptos,interior
BA,37958,,PIRIPÁ,False,27,0,27,6076,0,6076,,0.7911454904542462,,,,9599,< 100 mil aptos,interior
BA,37974,2924801.0,PIRITIBA,False,46,0,46,10455,0,10455,,0.758106169296987,,,,14729,< 100 mil aptos,interior
BA,37990,2924900.0,PLANALTINO,False,25,25,0,5079,5079,0,0.8249655443985037,,,,,6954,< 100 mil aptos,interior
BA,38016,2925006.0,PLANALTO,False,70,0,70,14742,0,14742,,0.7174060507393841,,,,19968,< 100 mil aptos,interior
BA,38032,2925105.0,POÇÕES,False,119,0,119,27215,0,27215,,0.7592136689325739,,,,38900,< 100 mil aptos,interior
BA,38059,2925204.0,POJUCA,False,84,84,0,21049,21049,0,0.7759038434129888,,,,,28086,< 100 mil aptos,interior
BA,38067,2925253.0,PONTO NOVO,False,42,42,0,10020,10020,0,0.7899201596806387,,,,,14703,< 100 mil aptos,interior
BA,38075,2925303.0,PORTO SEGURO,False,287,287,0,78301,78301,0,0.5672724486277314,,,,,105466,≥ 100 mil aptos,interior
BA,38091,2925402.0,POTIRAGUÁ,False,30,0,30,5701,0,5701,,0.6398877389931591,,,,9195,< 100 mil aptos,interior
BA,38113,2925501.0,PRADO,False,74,74,0,16975,16975,0,0.5636524300441826,,,,,24598,< 100 mil aptos,interior
BA,38130,2925600.0,PRESIDENTE DUTRA,False,43,43,0,9500,9500,0,0.884,,,,,11271,< 100 mil aptos,interior
BA,38156,2925709.0,PRESIDENTE JÂNIO QUADROS,False,34,0,34,7546,0,7546,,0.8359395706334481,,,,11917,< 100 mil aptos,interior
BA,38164,2925758.0,PRESIDENTE TANCREDO NEVES,False,64,64,0,16110,16110,0,0.7103041589075109,,,,,22044,< 100 mil aptos,interior
BA,38172,2925808.0,QUEIMADAS,False,65,65,0,15056,15056,0,0.7491365568544102,,,,,20958,< 100 mil aptos,interior
BA,38199,2925907.0,QUIJINGUE,False,72,72,0,16002,16002,0,0.8297087864016998,,,,,22083,< 100 mil aptos,interior
BA,38210,2926004.0,REMANSO,False,107,107,0,24047,24047,0,0.8272549590385495,,,,,32474,< 100 mil aptos,interior
BA,38237,2926103.0,RETIROLÂNDIA,False,48,48,0,9550,9550,0,0.7972774869109948,,,,,12474,< 100 mil aptos,interior
BA,38253,2926202.0,RIACHÃO DAS NEVES,False,77,77,0,14335,14335,0,0.7813742588071154,,,,,20084,< 100 mil aptos,interior
BA,38270,2926301.0,RIACHÃO DO JACUÍPE,False,91,91,0,21933,21933,0,0.826015592942142,,,,,27429,< 100 mil aptos,interior
BA,38296,2926400.0,RIACHO DE SANTANA,False,78,78,0,18112,18112,0,0.8596510600706714,,,,,24144,< 100 mil aptos,interior
BA,38318,2926509.0,RIBEIRA DO AMPARO,False,43,43,0,8621,8621,0,0.8364458879480339,,,,,12598,< 100 mil aptos,interior
BA,38334,2926608.0,RIBEIRA DO POMBAL,False,134,134,0,32364,32364,0,0.7658818440242244,,,,,41818,< 100 mil aptos,interior
BA,38342,2926657.0,RIBEIRÃO DO LARGO,False,27,0,27,5890,0,5890,,0.7609507640067912,,,,8092,< 100 mil aptos,interior
BA,38350,2926707.0,RIO DE CONTAS,False,45,45,0,9238,9238,0,0.7613119722883741,,,,,12316,< 100 mil aptos,interior
BA,38377,2926806.0,RIO DO ANTÔNIO,False,39,0,39,8209,0,8209,,0.8180046290656596,,,,11505,< 100 mil aptos,interior
BA,38393,2926905.0,RIO DO PIRES,False,34,34,0,6277,6277,0,0.8021347777600765,,,,,9927,< 100 mil aptos,interior
BA,38415,2927002.0,RIO REAL,False,91,91,0,21181,21181,0,0.7270194986072424,,,,,30050,< 100 mil aptos,interior
BA,38431,2927101.0,RODELAS,False,21,21,0,5768,5768,0,0.8276699029126213,,,,,7344,< 100 mil aptos,interior
BA,38458,2927200.0,RUY BARBOSA,False,80,0,80,17208,0,17208,,0.7680148768014877,,,,25075,< 100 mil aptos,interior
BA,38474,2927309.0,SALINAS DA MARGARIDA,False,40,40,0,10582,10582,0,0.8361368361368361,,,,,14258,< 100 mil aptos,interior
BA,38490,2927408.0,SALVADOR,False,5023,0,5023,1541030,0,1541030,,0.7072535901312759,,,,1985963,≥ 100 mil aptos,capital
BA,38512,2927507.0,SANTA BÁRBARA,False,59,59,0,15192,15192,0,0.8028567667193259,,,,,19552,< 100 mil aptos,interior
BA,38539,2927606.0,SANTA BRÍGIDA,False,42,42,0,8580,8580,0,0.8611888111888112,,,,,12438,< 100 mil aptos,interior
BA,38555,2927705.0,SANTA CRUZ CABRÁLIA,False,63,63,0,15692,15692,0,0.6231200611776702,,,,,22221,< 100 mil aptos,interior
BA,38571,2927804.0,SANTA CRUZ DA VITÓRIA,False,16,0,16,3123,0,3123,,0.6071085494716618,,,,5040,< 100 mil aptos,interior
BA,38598,2927903.0,SANTA INÊS,False,30,30,0,5826,5826,0,0.8462066598008926,,,,,8579,< 100 mil aptos,interior
BA,38610,2928000.0,SANTALUZ,False,98,98,0,23831,23831,0,0.7580882044395955,,,,,32099,< 100 mil aptos,interior
BA,38636,2928109.0,SANTA MARIA DA VITÓRIA,False,112,112,0,23033,23033,0,0.7315156514566057,,,,,31807,< 100 mil aptos,interior
BA,38652,2928208.0,SANTANA,False,68,68,0,15918,15918,0,0.7411106922980274,,,,,21491,< 100 mil aptos,interior
BA,38679,2928307.0,SANTANÓPOLIS,False,32,32,0,6731,6731,0,0.8353885009656812,,,,,9301,< 100 mil aptos,interior
BA,38695,2928505.0,SANTA TEREZINHA,False,33,33,0,6494,6494,0,0.8133661841700031,,,,,9340,< 100 mil aptos,interior
BA,38717,2928604.0,SANTO AMARO,False,151,0,151,36634,0,36634,,0.8469181634547142,,,,49791,< 100 mil aptos,interior
BA,38733,2928703.0,SANTO ANTÔNIO DE JESUS,False,219,219,0,58755,58755,0,0.6808101438175475,,,,,74586,< 100 mil aptos,interior
BA,38750,2928802.0,SANTO ESTEVÃO,False,117,117,0,29592,29592,0,0.8380981346309814,,,,,37881,< 100 mil aptos,interior
BA,38776,2928901.0,SÃO DESIDÉRIO,False,86,86,0,19797,19797,0,0.6974289033691974,,,,,24744,< 100 mil aptos,interior
BA,38792,2929008.0,SÃO FÉLIX,False,38,38,0,7964,7964,0,0.8348819688598694,,,,,10675,< 100 mil aptos,interior
BA,38806,2928950.0,SÃO DOMINGOS,False,26,26,0,6174,6174,0,0.7364755425979915,,,,,7899,< 100 mil aptos,interior
BA,38814,2929107.0,SÃO FELIPE,False,61,61,0,13329,13329,0,0.768324705529297,,,,,17762,< 100 mil aptos,interior
BA,38822,2929057.0,SÃO FÉLIX DO CORIBE,False,38,38,0,9656,9656,0,0.6438483844241922,,,,,12495,< 100 mil aptos,interior
BA,38830,2929206.0,SÃO FRANCISCO DO CONDE,False,101,0,101,25564,0,25564,,0.843921139101862,,,,32862,< 100 mil aptos,interior
BA,38857,2929305.0,SÃO GONÇALO DOS CAMPOS,False,87,87,0,23312,23312,0,0.8155027453671929,,,,,29406,< 100 mil aptos,interior
BA,38865,2929370.0,SÃO JOSÉ DO JACUÍPE,False,26,26,0,6276,6276,0,0.7823454429572977,,,,,8806,< 100 mil aptos,interior
BA,38873,2929404.0,SÃO MIGUEL DAS MATAS,False,38,38,0,7355,7355,0,0.7723997280761387,,,,,9364,< 100 mil aptos,interior
BA,38890,2929503.0,SÃO SEBASTIÃO DO PASSÉ,False,101,0,101,26629,0,26629,,0.8654098914717038,,,,35163,< 100 mil aptos,interior
BA,38911,2929602.0,SAPEAÇU,False,48,48,0,12110,12110,0,0.7620974401321222,,,,,15401,< 100 mil aptos,interior
BA,38938,2929701.0,SÁTIRO DIAS,False,46,46,0,9776,9776,0,0.7950081833060556,,,,,14364,< 100 mil aptos,interior
BA,38946,2929750.0,SAUBARA,False,37,0,37,9297,0,9297,,0.7943422609443906,,,,12761,< 100 mil aptos,interior
BA,38954,2929800.0,SAÚDE,False,34,34,0,6497,6497,0,0.7732799753732492,,,,,9291,< 100 mil aptos,interior
BA,38970,2929909.0,SEABRA,False,115,115,0,27296,27296,0,0.8521395076201641,,,,,33306,< 100 mil aptos,interior
BA,38997,2930006.0,SEBASTIÃO LARANJEIRAS,False,23,0,23,5429,0,5429,,0.7664394916190828,,,,7198,< 100 mil aptos,interior
BA,39012,2930105.0,SENHOR DO BONFIM,False,168,168,0,39862,39862,0,0.6575184386132156,,,,,51926,< 100 mil aptos,interior
BA,39039,2930204.0,SENTO SÉ,False,104,104,0,21752,21752,0,0.749540272158882,,,,,30841,< 100 mil aptos,interior
BA,39047,2930154.0,SERRA DO RAMALHO,False,90,90,0,18696,18696,0,0.7698438168592212,,,,,26594,< 100 mil aptos,interior
BA,39055,2930303.0,SERRA DOURADA,False,52,52,0,10950,10950,0,0.6512328767123288,,,,,15291,< 100 mil aptos,interior
BA,39071,2930402.0,SERRA PRETA,False,60,60,0,12685,12685,0,0.8414662987780843,,,,,17663,< 100 mil aptos,interior
BA,39098,2930501.0,SERRINHA,False,206,206,0,48224,48224,0,0.7592899800928998,,,,,61590,< 100 mil aptos,interior
BA,39110,2930600.0,SERROLÂNDIA,False,36,36,0,7729,7729,0,0.7253202225384914,,,,,10312,< 100 mil aptos,interior
BA,39136,2930709.0,SIMÕES FILHO,False,245,0,245,67463,0,67463,,0.7212397907000875,,,,87505,< 100 mil aptos,interior
BA,39144,2930758.0,SÍTIO DO MATO,False,33,33,0,7997,7997,0,0.7631611854445417,,,,,10921,< 100 mil aptos,interior
BA,39152,2930808.0,SOUTO SOARES,False,46,46,0,10954,10954,0,0.9025926602154464,,,,,14457,< 100 mil aptos,interior
BA,39179,2930907.0,TABOCAS DO BREJO VELHO,False,36,36,0,7811,7811,0,0.8127000384073743,,,,,11027,< 100 mil aptos,interior
BA,39195,2931004.0,TANHAÇU,False,54,54,0,14059,14059,0,0.7718898925954905,,,,,17847,< 100 mil aptos,interior
BA,39217,2931103.0,TANQUINHO,False,28,28,0,5851,5851,0,0.7908049905998975,,,,,7477,< 100 mil aptos,interior
BA,39233,2931202.0,TAPEROÁ,False,45,45,0,10267,10267,0,0.7710139281192169,,,,,14301,< 100 mil aptos,interior
BA,39250,2931301.0,TAPIRAMUTÁ,False,37,0,37,7630,0,7630,,0.8207077326343382,,,,11986,< 100 mil aptos,interior
BA,39276,2931400.0,TEODORO SAMPAIO,False,23,23,0,5176,5176,0,0.8947063369397218,,,,,6938,< 100 mil aptos,interior
BA,39292,2931509.0,TEOFILÂNDIA,False,61,61,0,12998,12998,0,0.862055700877058,,,,,18907,< 100 mil aptos,interior
BA,39314,2931608.0,TEOLÂNDIA,False,35,35,0,8493,8493,0,0.7786412339573766,,,,,11678,< 100 mil aptos,interior
BA,39330,2931707.0,TERRA NOVA,False,34,0,34,7683,0,7683,,0.8327476246257972,,,,10436,< 100 mil aptos,interior
BA,39357,2931806.0,TREMEDAL,False,57,0,57,10726,0,10726,,0.7856610106283797,,,,16484,< 100 mil aptos,interior
BA,39373,2931905.0,TUCANO,False,132,132,0,29927,29927,0,0.8035553179403214,,,,,39483,< 100 mil aptos,interior
BA,39390,2932002.0,UAUÁ,False,74,74,0,16442,16442,0,0.8623038559785914,,,,,22538,< 100 mil aptos,interior
BA,39411,2932101.0,UBAÍRA,False,52,52,0,11772,11772,0,0.7208630648997622,,,,,16727,< 100 mil aptos,interior
BA,39438,2932200.0,UBAITABA,False,44,0,44,9994,0,9994,,0.6397838703221933,,,,14260,< 100 mil aptos,interior
BA,39454,2932309.0,UBATÃ,False,41,41,0,8741,8741,0,0.6596499256377989,,,,,11939,< 100 mil aptos,interior
BA,39470,2932408.0,UIBAÍ,False,43,43,0,9552,9552,0,0.8020309882747069,,,,,12119,< 100 mil aptos,interior
BA,39489,2932457.0,UMBURANAS,False,35,35,0,8258,8258,0,0.7157907483652216,,,,,10971,< 100 mil aptos,interior
BA,39497,2932507.0,UNA,False,60,0,60,10918,0,10918,,0.6011174207730353,,,,16004,< 100 mil aptos,interior
BA,39519,2932606.0,URANDI,False,40,0,40,9923,0,9923,,0.8064093520104807,,,,13432,< 100 mil aptos,interior
BA,39535,2932705.0,URUÇUCA,False,61,0,61,12845,0,12845,,0.6175165434021019,,,,18711,< 100 mil aptos,interior
BA,39551,2932804.0,UTINGA,False,41,0,41,9304,0,9304,,0.7886930352536543,,,,13328,< 100 mil aptos,interior
BA,39578,2932903.0,VALENÇA,False,186,186,0,47890,47890,0,0.6807057840885362,,,,,64412,< 100 mil aptos,interior
BA,39594,2933000.0,VALENTE,False,68,68,0,15228,15228,0,0.6658786446020488,,,,,20003,< 100 mil aptos,interior
BA,39616,2933109.0,VÁRZEA DO POÇO,False,25,25,0,5101,5101,0,0.7449519702019212,,,,,7061,< 100 mil aptos,interior
BA,39624,2933174.0,VARZEDO,False,28,28,0,6893,6893,0,0.7636732917452488,,,,,8718,< 100 mil aptos,interior
BA,39632,2933208.0,VERA CRUZ,False,102,102,0,25514,25514,0,0.7776906796268716,,,,,32998,< 100 mil aptos,interior
BA,39640,2933257.0,VEREDA,False,26,26,0,4798,4798,0,0.6902876198416007,,,,,6794,< 100 mil aptos,interior
BA,39659,2933307.0,VITÓRIA DA CONQUISTA,False,734,0,734,201535,0,201535,,0.5831046716451237,,,,252115,≥ 100 mil aptos,interior
BA,39675,2933406.0,WAGNER,False,22,0,22,5061,0,5061,,0.7889745109662122,,,,7340,< 100 mil aptos,interior
BA,39691,2933505.0,WENCESLAU GUIMARÃES,False,51,51,0,11704,11704,0,0.713773069036227,,,,,16867,< 100 mil aptos,interior
BA,39713,2933604.0,XIQUE-XIQUE,False,130,130,0,25930,25930,0,0.7829155418434246,,,,,36743,< 100 mil aptos,interior
BA,39730,2919157.0,LAPÃO,False,83,83,0,17719,17719,0,0.7989728539985327,,,,,22662,< 100 mil aptos,interior
BA,39748,2919926.0,MADRE DE DEUS,False,44,0,44,12691,0,12691,,0.8026948231029863,,,,15619,< 100 mil aptos,interior
BA,39756,2919959.0,MAETINGA,False,21,0,21,4516,0,4516,,0.7922940655447298,,,,7265,< 100 mil aptos,interior
BA,39772,2920452.0,MANSIDÃO,False,39,39,0,6591,6591,0,0.8331057502655136,,,,,10522,< 100 mil aptos,interior
BA,39799,2922656.0,NORDESTINA,False,37,37,0,7537,7537,0,0.833222767679448,,,,,10806,< 100 mil aptos,interior
BA,39810,2924058.0,PÉ DE SERRA,False,40,40,0,9077,9077,0,0.6820535419191363,,,,,12080,< 100 mil aptos,interior
BA,39837,2924652.0,PINTADAS,False,29,0,29,6252,0,6252,,0.6466730646193218,,,,8550,< 100 mil aptos,interior
BA,39845,2925931.0,QUIXABEIRA,False,30,30,0,6487,6487,0,0.6187760135655928,,,,,8917,< 100 mil aptos,interior
BA,39853,2925956.0,RAFAEL JAMBEIRO,False,62,62,0,13193,13193,0,0.7691957856439021,,,,,19439,< 100 mil aptos,interior
BA,39870,2928059.0,SANTA LUZIA,False,28,0,28,5905,0,5905,,0.6873835732430144,,,,9930,< 100 mil aptos,interior
BA,39896,2929255.0,SÃO GABRIEL,False,62,62,0,12633,12633,0,0.8747724214359218,,,,,15707,< 100 mil aptos,interior
BA,39900,2930766.0,SÍTIO DO QUINTO,False,32,32,0,7399,7399,0,0.8341667792944992,,,,,10203,< 100 mil aptos,interior
BA,39918,2931053.0,TANQUE NOVO,False,43,43,0,11246,11246,0,0.8421661035034679,,,,,14507,< 100 mil aptos,interior
BA,39926,2929354.0,SÃO JOSÉ DA VITÓRIA,False,18,0,18,3476,0,3476,,0.6142117376294591,,,,5080,< 100 mil aptos,interior
BA,39934,2931350.0,TEIXEIRA DE FREITAS,False,312,312,0,79297,79297,0,0.5036382208658587,,,,,112573,≥ 100 mil aptos,interior
BA,39942,2923035.0,NOVO HORIZONTE,False,38,38,0,7207,7207,0,0.7910364922991536,,,,,8903,< 100 mil aptos,interior
BA,39950,2933158.0,VÁRZEA NOVA,False,34,34,0,7620,7620,0,0.7526246719160105,,,,,10791,< 100 mil aptos,interior
BA,39969,2922755.0,NOVA IBIÁ,False,19,19,0,3791,3791,0,0.6560274333948826,,,,,5497,< 100 mil aptos,interior
BA,39977,2933059.0,VÁRZEA DA ROÇA,False,38,0,38,7803,0,7803,,0.7766243752402922,,,,11490,< 100 mil aptos,interior
BA,39985,2930774.0,SOBRADINHO,False,60,60,0,15179,15179,0,0.7681665458857633,,,,,19988,< 100 mil aptos,interior
BA,39993,2933455.0,WANDERLEY,False,35,35,0,8264,8264,0,0.7086156824782188,,,,,10906,< 100 mil aptos,interior
CE,13005,2307254.0,JIJOCA DE JERICOACOARA,False,59,59,0,14651,14651,0,0.6768138693604532,,,,,18202,< 100 mil aptos,interior
CE,13013,2300101.0,ABAIARA,False,28,28,0,5750,5750,0,0.8739130434782608,,,,,7207,< 100 mil aptos,interior
CE,13021,2307635.0,MADALENA,False,49,49,0,10882,10882,0,0.8337621760705752,,,,,13794,< 100 mil aptos,interior
CE,13030,2300200.0,ACARAÚ,False,161,161,0,35709,35709,0,0.7312722282897869,,,,,45410,< 100 mil aptos,interior
CE,13048,2310951.0,PIRES FERREIRA,False,32,32,0,6531,6531,0,0.8131985913336396,,,,,8365,< 100 mil aptos,interior
CE,13056,2300309.0,ACOPIARA,False,143,143,0,30144,30144,0,0.8341295116772823,,,,,39395,< 100 mil aptos,interior
CE,13064,2304657.0,GRAÇA,False,47,47,0,9322,9322,0,0.8852177644282343,,,,,13405,< 100 mil aptos,interior
CE,13072,2300408.0,AIUABA,False,45,45,0,8359,8359,0,0.8850340949874387,,,,,11744,< 100 mil aptos,interior
CE,13080,2313559.0,TURURU,False,54,54,0,11569,11569,0,0.7527011841991529,,,,,14284,< 100 mil aptos,interior
CE,13099,2300507.0,ALCÂNTARAS,False,33,33,0,7382,7382,0,0.8631807098347332,,,,,9673,< 100 mil aptos,interior
CE,13102,2311264.0,QUITERIANÓPOLIS,False,66,66,0,12630,12630,0,0.8457640538400634,,,,,17373,< 100 mil aptos,interior
CE,13110,2300606.0,ALTANEIRA,False,25,25,0,4990,4990,0,0.9082164328657315,,,,,6222,< 100 mil aptos,interior
CE,13129,2301950.0,BARREIRA,False,60,60,0,14737,14737,0,0.6129470041392414,,,,,17607,< 100 mil aptos,interior
CE,13137,2300705.0,ALTO SANTO,False,51,51,0,9764,9764,0,0.8181073330602212,,,,,12773,< 100 mil aptos,interior
CE,13145,2300150.0,ACARAPE,False,40,40,0,9788,9788,0,0.6397629750715161,,,,,11556,< 100 mil aptos,interior
CE,13153,2300804.0,ANTONINA DO NORTE,False,29,29,0,5071,5071,0,0.8712285545257346,,,,,7312,< 100 mil aptos,interior
CE,13161,2303956.0,CHOROZINHO,False,59,0,59,14083,0,14083,,0.7342185613860683,,,,17161,< 100 mil aptos,interior
CE,13170,2300903.0,APUIARÉS,False,47,47,0,9862,9862,0,0.7938552017846279,,,,,11997,< 100 mil aptos,interior
CE,13188,2305233.0,HORIZONTE,False,176,0,176,47110,0,47110,,0.6439397155593293,,,,57646,< 100 mil aptos,interior
CE,13196,2301000.0,AQUIRAZ,False,205,0,205,50954,0,50954,,0.6549829257761903,,,,61451,< 100 mil aptos,interior
CE,13200,2304277.0,ERERÉ,False,21,21,0,4233,4233,0,0.8575478384124734,,,,,5692,< 100 mil aptos,interior
CE,13218,2301109.0,ARACATI,False,207,0,207,45080,0,45080,,0.7016637089618456,,,,54770,< 100 mil aptos,interior
CE,13226,2304285.0,EUSÉBIO,False,156,0,156,41415,0,41415,,0.554316069057105,,,,49850,< 100 mil aptos,interior
CE,13234,2301208.0,ARACOIABA,False,92,92,0,19677,19677,0,0.7582456675306195,,,,,24012,< 100 mil aptos,interior
CE,13242,2304954.0,GUAIÚBA,False,68,0,68,16242,0,16242,,0.7557566802117965,,,,19313,< 100 mil aptos,interior
CE,13250,2301307.0,ARARIPE,False,70,70,0,12964,12964,0,0.9148410984264116,,,,,18153,< 100 mil aptos,interior
CE,13269,2311231.0,POTIRETAMA,False,21,21,0,4674,4674,0,0.8562259306803595,,,,,5750,< 100 mil aptos,interior
CE,13277,2301406.0,ARATUBA,False,38,38,0,9242,9242,0,0.7916035490153647,,,,,11551,< 100 mil aptos,interior
CE,13285,2310852.0,PINDORETAMA,False,59,0,59,15584,0,15584,,0.7283110882956879,,,,18628,< 100 mil aptos,interior
CE,13293,2301505.0,ARNEIROZ,False,25,25,0,5069,5069,0,0.8248175182481752,,,,,7072,< 100 mil aptos,interior
CE,13307,2309458.0,OCARA,False,89,89,0,18847,18847,0,0.7483949700217541,,,,,23162,< 100 mil aptos,interior
CE,13315,2301604.0,ASSARÉ,False,75,75,0,14341,14341,0,0.8703716616693397,,,,,19885,< 100 mil aptos,interior
CE,13323,2313351.0,TEJUÇUOCA,False,54,54,0,11867,11867,0,0.8004550433976574,,,,,14837,< 100 mil aptos,interior
CE,13331,2301703.0,AURORA,False,77,77,0,15146,15146,0,0.8442493067476562,,,,,19905,< 100 mil aptos,interior
CE,13340,2305654.0,IPAPORANGA,False,39,39,0,7651,7651,0,0.8095673768134884,,,,,9902,< 100 mil aptos,interior
CE,13358,2301802.0,BAIXIO,False,23,23,0,4216,4216,0,0.8712049335863378,,,,,5587,< 100 mil aptos,interior
CE,13366,2313252.0,TARRAFAS,False,31,31,0,5478,5478,0,0.889193136181088,,,,,7738,< 100 mil aptos,interior
CE,13374,2301901.0,BARBALHA,False,151,151,0,39321,39321,0,0.7617812364894077,,,,,47984,< 100 mil aptos,interior
CE,13382,2301851.0,BANABUIÚ,False,54,54,0,11573,11573,0,0.8322820357729197,,,,,14687,< 100 mil aptos,interior
CE,13390,2302008.0,BARRO,False,60,60,0,12461,12461,0,0.877297167161544,,,,,16666,< 100 mil aptos,interior
CE,13404,2302057.0,BARROQUINHA,False,47,47,0,10619,10619,0,0.8193803559657218,,,,,13894,< 100 mil aptos,interior
CE,13412,2302107.0,BATURITÉ,False,95,95,0,21712,21712,0,0.7661201179071481,,,,,26622,< 100 mil aptos,interior
CE,13420,2301257.0,ARARENDÁ,False,37,37,0,7261,7261,0,0.7771656796584493,,,,,9641,< 100 mil aptos,interior
CE,13439,2302206.0,BEBERIBE,False,161,0,161,35219,0,35219,,0.7127970697634799,,,,44995,< 100 mil aptos,interior
CE,13447,2303659.0,CATUNDA,False,30,30,0,6726,6726,0,0.8694617900683913,,,,,8523,< 100 mil aptos,interior
CE,13455,2302305.0,BELA CRUZ,False,81,81,0,15908,15908,0,0.7067513200905204,,,,,20210,< 100 mil aptos,interior
CE,13463,2303931.0,CHORÓ,False,42,42,0,8599,8599,0,0.8264914524944761,,,,,11283,< 100 mil aptos,interior
CE,13471,2302404.0,BOA VIAGEM,False,163,163,0,31028,31028,0,0.8673133943534872,,,,,41025,< 100 mil aptos,interior
CE,13480,2306256.0,ITAITINGA,False,114,0,114,25216,0,25216,,0.6536722715736041,,,,29906,< 100 mil aptos,interior
CE,13498,2302503.0,BREJO SANTO,False,127,127,0,28709,28709,0,0.8188024661256053,,,,,35295,< 100 mil aptos,interior
CE,13501,2304459.0,FORTIM,False,48,0,48,11931,0,11931,,0.6903863883999665,,,,14621,< 100 mil aptos,interior
CE,13510,2302602.0,CAMOCIM,False,168,168,0,37583,37583,0,0.7258600963201447,,,,,47869,< 100 mil aptos,interior
CE,13536,2302701.0,CAMPOS SALES,False,83,83,0,15284,15284,0,0.8622088458518712,,,,,21437,< 100 mil aptos,interior
CE,13552,2302800.0,CANINDÉ,False,214,0,214,45191,0,45191,,0.7962868712796796,,,,57589,< 100 mil aptos,interior
CE,13579,2302909.0,CAPISTRANO,False,55,55,0,12676,12676,0,0.8082991479962133,,,,,15770,< 100 mil aptos,interior
CE,13595,2303006.0,CARIDADE,False,63,0,63,13095,0,13095,,0.815196639938908,,,,16648,< 100 mil aptos,interior
CE,13617,2303105.0,CARIRÉ,False,57,57,0,11571,11571,0,0.7596577651024112,,,,,14778,< 100 mil aptos,interior
CE,13633,2303204.0,CARIRIAÇU,False,95,95,0,18725,18725,0,0.8248865153538051,,,,,24011,< 100 mil aptos,interior
CE,13650,2303303.0,CARIÚS,False,59,59,0,11807,11807,0,0.8403489455407809,,,,,14920,< 100 mil aptos,interior
CE,13676,2303402.0,CARNAUBAL,False,49,49,0,10380,10380,0,0.716859344894027,,,,,13853,< 100 mil aptos,interior
CE,13692,2303501.0,CASCAVEL,False,209,0,209,46544,0,46544,,0.6853944654520454,,,,56918,< 100 mil aptos,interior
CE,13714,2303600.0,CATARINA,False,35,35,0,6493,6493,0,0.8270445094717388,,,,,9487,< 100 mil aptos,interior
CE,13730,2303709.0,CAUCAIA,False,734,0,734,195880,0,195880,,0.6179957116602002,,,,235570,≥ 100 mil aptos,interior
CE,13757,2303808.0,CEDRO,False,77,77,0,15442,15442,0,0.8378448387514571,,,,,20123,< 100 mil aptos,interior
CE,13773,2303907.0,CHAVAL,False,40,40,0,8170,8170,0,0.8307221542227662,,,,,10735,< 100 mil aptos,interior
CE,13811,2304004.0,COREAÚ,False,76,76,0,14779,14779,0,0.789836930780161,,,,,19336,< 100 mil aptos,interior
CE,13838,2304103.0,CRATEÚS,False,201,201,0,44603,44603,0,0.7731318521175705,,,,,57351,< 100 mil aptos,interior
CE,13854,2304202.0,CRATO,False,309,309,0,78545,78545,0,0.8425997835635622,,,,,92569,< 100 mil aptos,interior
CE,13870,2304301.0,FARIAS BRITO,False,60,60,0,13339,13339,0,0.8788514881175501,,,,,16095,< 100 mil aptos,interior
CE,13897,2304400.0,FORTALEZA,False,5235,0,5235,1513568,0,1513568,,0.581776966743483,,,,1871625,≥ 100 mil aptos,capital
CE,13919,2304509.0,FRECHEIRINHA,False,45,45,0,10327,10327,0,0.7574319744359446,,,,,12614,< 100 mil aptos,interior
CE,13935,2304608.0,GENERAL SAMPAIO,False,30,30,0,5745,5745,0,0.8194952132288947,,,,,7510,< 100 mil aptos,interior
CE,13951,2304707.0,GRANJA,False,156,156,0,33400,33400,0,0.8639221556886227,,,,,42339,< 100 mil aptos,interior
CE,13978,2304806.0,GRANJEIRO,False,20,20,0,4289,4289,0,0.8836558638377244,,,,,5795,< 100 mil aptos,interior
CE,13994,2304905.0,GROAÍRAS,False,33,33,0,7139,7139,0,0.6933744221879815,,,,,8945,< 100 mil aptos,interior
CE,14010,2305001.0,GUARACIABA DO NORTE,False,120,120,0,25178,25178,0,0.7634442767495433,,,,,32739,< 100 mil aptos,interior
CE,14036,2305100.0,GUARAMIRANGA,False,22,22,0,4718,4718,0,0.7871979652395082,,,,,5881,< 100 mil aptos,interior
CE,14052,2305209.0,HIDROLÂNDIA,False,59,59,0,11853,11853,0,0.7890829325909052,,,,,14932,< 100 mil aptos,interior
CE,14060,2305266.0,IBARETAMA,False,44,44,0,9569,9569,0,0.8065628592329397,,,,,12122,< 100 mil aptos,interior
CE,14079,2305308.0,IBIAPINA,False,83,83,0,14496,14496,0,0.7471026490066225,,,,,18660,< 100 mil aptos,interior
CE,14095,2305407.0,ICÓ,False,182,182,0,37166,37166,0,0.8045794543399881,,,,,49051,< 100 mil aptos,interior
CE,14117,2305506.0,IGUATU,False,258,258,0,56364,56364,0,0.8163544106167057,,,,,68218,< 100 mil aptos,interior
CE,14133,2305605.0,INDEPENDÊNCIA,False,98,98,0,15835,15835,0,0.7513103883801705,,,,,21794,< 100 mil aptos,interior
CE,14150,2305704.0,IPAUMIRIM,False,35,35,0,7263,7263,0,0.8416632245628528,,,,,9569,< 100 mil aptos,interior
CE,14176,2305803.0,IPU,False,116,116,0,25327,25327,0,0.8056224582461404,,,,,34596,< 100 mil aptos,interior
CE,14192,2305902.0,IPUEIRAS,False,137,137,0,22734,22734,0,0.7855194862320753,,,,,33843,< 100 mil aptos,interior
CE,14214,2306009.0,IRACEMA,False,40,40,0,8950,8950,0,0.827709497206704,,,,,11954,< 100 mil aptos,interior
CE,14230,2306108.0,IRAUÇUBA,False,68,68,0,15090,15090,0,0.8185553346587143,,,,,18354,< 100 mil aptos,interior
CE,14257,2306207.0,ITAIÇABA,False,25,25,0,5648,5648,0,0.7133498583569405,,,,,6839,< 100 mil aptos,interior
CE,14273,2306306.0,ITAPAJÉ,False,134,134,0,31344,31344,0,0.656010719754977,,,,,37724,< 100 mil aptos,interior
CE,14290,2306405.0,ITAPIPOCA,False,336,336,0,76371,76371,0,0.7742860509879405,,,,,93273,< 100 mil aptos,interior
CE,14311,2306504.0,ITAPIÚNA,False,57,57,0,12263,12263,0,0.7644948218217402,,,,,15656,< 100 mil aptos,interior
CE,14338,2306603.0,ITATIRA,False,67,0,67,13674,0,13674,,0.833772122275852,,,,18499,< 100 mil aptos,interior
CE,14354,2306702.0,JAGUARETAMA,False,58,58,0,11900,11900,0,0.8369747899159664,,,,,15682,< 100 mil aptos,interior
CE,14370,2306801.0,JAGUARIBARA,False,31,31,0,6795,6795,0,0.8105960264900662,,,,,8632,< 100 mil aptos,interior
CE,14397,2306900.0,JAGUARIBE,False,101,101,0,21940,21940,0,0.8108021877848678,,,,,28438,< 100 mil aptos,interior
CE,14419,2307007.0,JAGUARUANA,False,105,105,0,22030,22030,0,0.6857921016795279,,,,,27613,< 100 mil aptos,interior
CE,14435,2307106.0,JARDIM,False,86,86,0,16570,16570,0,0.8525045262522631,,,,,21834,< 100 mil aptos,interior
CE,14451,2307205.0,JATI,False,26,26,0,5221,5221,0,0.8507948668837387,,,,,6795,< 100 mil aptos,interior
CE,14478,2307304.0,JUAZEIRO DO NORTE,False,574,574,0,151382,151382,0,0.7631290377984172,,,,,184413,≥ 100 mil aptos,interior
CE,14494,2307403.0,JUCÁS,False,77,77,0,14862,14862,0,0.8015744852644328,,,,,19606,< 100 mil aptos,interior
CE,14516,2307502.0,LAVRAS DA MANGABEIRA,False,81,81,0,17659,17659,0,0.8460841497253525,,,,,23283,< 100 mil aptos,interior
CE,14532,2307601.0,LIMOEIRO DO NORTE,False,159,159,0,37672,37672,0,0.7608303249097473,,,,,45572,< 100 mil aptos,interior
CE,14559,2307700.0,MARANGUAPE,False,278,0,278,65887,0,65887,,0.6585669403675991,,,,79258,< 100 mil aptos,interior
CE,14575,2307809.0,MARCO,False,76,76,0,17604,17604,0,0.5398773006134969,,,,,21944,< 100 mil aptos,interior
CE,14591,2307908.0,MARTINÓPOLE,False,35,35,0,8074,8074,0,0.8470398810998266,,,,,9966,< 100 mil aptos,interior
CE,14613,2308005.0,MASSAPÊ,False,107,107,0,24641,24641,0,0.741812426443732,,,,,31921,< 100 mil aptos,interior
CE,14630,2308104.0,MAURITI,False,140,140,0,27079,27079,0,0.782082056205916,,,,,34305,< 100 mil aptos,interior
CE,14656,2308203.0,MERUOCA,False,41,41,0,9966,9966,0,0.7992173389524383,,,,,12117,< 100 mil aptos,interior
CE,14672,2308302.0,MILAGRES,False,87,87,0,17038,17038,0,0.8830261767813123,,,,,21923,< 100 mil aptos,interior
CE,14680,2308377.0,MIRAÍMA,False,45,45,0,9162,9162,0,0.8595284872298625,,,,,11566,< 100 mil aptos,interior
CE,14699,2308401.0,MISSÃO VELHA,False,106,106,0,23643,23643,0,0.8344964682992853,,,,,29102,< 100 mil aptos,interior
CE,14710,2308500.0,MOMBAÇA,False,117,117,0,24159,24159,0,0.8188252825034149,,,,,31805,< 100 mil aptos,interior
CE,14737,2308609.0,MONSENHOR TABOSA,False,57,57,0,10887,10887,0,0.8271332782217323,,,,,15702,< 100 mil aptos,interior
CE,14753,2308708.0,MORADA NOVA,False,197,197,0,43468,43468,0,0.7413499585902273,,,,,54480,< 100 mil aptos,interior
CE,14770,2308807.0,MORAÚJO,False,29,29,0,5841,5841,0,0.7837699024139703,,,,,7496,< 100 mil aptos,interior
CE,14796,2308906.0,MORRINHOS,False,62,62,0,13774,13774,0,0.5212719616669087,,,,,17410,< 100 mil aptos,interior
CE,14818,2309003.0,MUCAMBO,False,43,43,0,9305,9305,0,0.8075228371843095,,,,,13600,< 100 mil aptos,interior
CE,14834,2309102.0,MULUNGU,False,31,31,0,6956,6956,0,0.7709890741805635,,,,,8671,< 100 mil aptos,interior
CE,14850,2309201.0,NOVA OLINDA,False,43,43,0,9780,9780,0,0.8302658486707567,,,,,12046,< 100 mil aptos,interior
CE,14877,2309300.0,NOVA RUSSAS,False,97,97,0,18399,18399,0,0.6905810098374912,,,,,25372,< 100 mil aptos,interior
CE,14893,2309409.0,NOVO ORIENTE,False,86,86,0,17220,17220,0,0.8370499419279908,,,,,23904,< 100 mil aptos,interior
CE,14915,2309508.0,ORÓS,False,72,72,0,13542,13542,0,0.7999556933983164,,,,,18935,< 100 mil aptos,interior
CE,14931,2309607.0,PACAJUS,False,178,0,178,42560,0,42560,,0.6388627819548872,,,,51260,< 100 mil aptos,interior
CE,14958,2309706.0,PACATUBA,False,165,0,165,43321,0,43321,,0.630802613051407,,,,51603,< 100 mil aptos,interior
CE,14974,2309805.0,PACOTI,False,46,46,0,8172,8172,0,0.7878120411160059,,,,,10353,< 100 mil aptos,interior
CE,14990,2309904.0,PACUJÁ,False,22,22,0,4606,4606,0,0.8745115067303517,,,,,6372,< 100 mil aptos,interior
CE,15016,2310001.0,PALHANO,False,31,31,0,7260,7260,0,0.6893939393939394,,,,,8905,< 100 mil aptos,interior
CE,15032,2310100.0,PALMÁCIA,False,36,0,36,7392,0,7392,,0.7537878787878788,,,,9233,< 100 mil aptos,interior
CE,15059,2310209.0,PARACURU,False,107,0,107,25163,0,25163,,0.6986448356714223,,,,31170,< 100 mil aptos,interior
CE,15075,2310308.0,PARAMBU,False,110,110,0,19331,19331,0,0.7139827220526616,,,,,28570,< 100 mil aptos,interior
CE,15091,2310407.0,PARAMOTI,False,42,0,42,7849,0,7849,,0.7987004713976302,,,,9782,< 100 mil aptos,interior
CE,15113,2310506.0,PEDRA BRANCA,False,132,132,0,24965,24965,0,0.8765872221109553,,,,,33631,< 100 mil aptos,interior
CE,15130,2310605.0,PENAFORTE,False,28,28,0,6492,6492,0,0.8356438693776956,,,,,7974,< 100 mil aptos,interior
CE,15156,2310704.0,PENTECOSTE,False,106,106,0,25696,25696,0,0.7608577210460772,,,,,31377,< 100 mil aptos,interior
CE,15172,2310803.0,PEREIRO,False,57,57,0,11017,11017,0,0.8508668421530362,,,,,15323,< 100 mil aptos,interior
CE,15199,2310902.0,PIQUET CARNEIRO,False,44,44,0,9586,9586,0,0.8532234508658461,,,,,11898,< 100 mil aptos,interior
CE,15210,2311009.0,PORANGA,False,42,42,0,7377,7377,0,0.8588857259048394,,,,,10503,< 100 mil aptos,interior
CE,15237,2311108.0,PORTEIRAS,False,52,52,0,10877,10877,0,0.8714719132113634,,,,,13855,< 100 mil aptos,interior
CE,15253,2311207.0,POTENGI,False,30,30,0,5839,5839,0,0.9013529713992122,,,,,7754,< 100 mil aptos,interior
CE,15270,2311306.0,QUIXADÁ,False,209,209,0,47017,47017,0,0.6431928876789247,,,,,58570,< 100 mil aptos,interior
CE,15296,2311405.0,QUIXERAMOBIM,False,215,215,0,45923,45923,0,0.7987500816584282,,,,,60007,< 100 mil aptos,interior
CE,15318,2311504.0,QUIXERÉ,False,61,61,0,14468,14468,0,0.7665192148189107,,,,,17628,< 100 mil aptos,interior
CE,15334,2311603.0,REDENÇÃO,False,86,86,0,18655,18655,0,0.726078799249531,,,,,23118,< 100 mil aptos,interior
CE,15350,2311702.0,RERIUTABA,False,59,59,0,12200,12200,0,0.8299180327868853,,,,,16767,< 100 mil aptos,interior
CE,15377,2311801.0,RUSSAS,False,194,194,0,46180,46180,0,0.7118666089216111,,,,,56349,< 100 mil aptos,interior
CE,15393,2311900.0,SABOEIRO,False,49,49,0,9107,9107,0,0.8411112331173822,,,,,13061,< 100 mil aptos,interior
CE,15415,2312007.0,SANTANA DO ACARAÚ,False,104,104,0,19965,19965,0,0.7997996493864262,,,,,25839,< 100 mil aptos,interior
CE,15431,2312106.0,SANTANA DO CARIRI,False,50,50,0,10631,10631,0,0.8982221804157652,,,,,13144,< 100 mil aptos,interior
CE,15440,2311959.0,SALITRE,False,51,51,0,10778,10778,0,0.838188903321581,,,,,14187,< 100 mil aptos,interior
CE,15458,2312205.0,SANTA QUITÉRIA,False,125,125,0,26191,26191,0,0.8270398228399068,,,,,33074,< 100 mil aptos,interior
CE,15474,2312304.0,SÃO BENEDITO,False,135,135,0,28130,28130,0,0.7457163170991824,,,,,36241,< 100 mil aptos,interior
CE,15490,2312403.0,SÃO GONÇALO DO AMARANTE,False,155,0,155,37446,0,37446,,0.650964054905731,,,,45754,< 100 mil aptos,interior
CE,15512,2312502.0,SÃO JOÃO DO JAGUARIBE,False,27,27,0,4807,4807,0,0.8327439151237779,,,,,6596,< 100 mil aptos,interior
CE,15539,2312601.0,SÃO LUÍS DO CURU,False,39,39,0,8828,8828,0,0.74252378794744,,,,,11293,< 100 mil aptos,interior
CE,15555,2312700.0,SENADOR POMPEU,False,83,83,0,16132,16132,0,0.7275601289362758,,,,,21359,< 100 mil aptos,interior
CE,15571,2312809.0,SENADOR SÁ,False,21,21,0,5128,5128,0,0.7858814352574103,,,,,6693,< 100 mil aptos,interior
CE,15598,2312908.0,SOBRAL,False,494,494,0,120204,120204,0,0.6902765298991714,,,,,148658,≥ 100 mil aptos,interior
CE,15610,2313005.0,SOLONÓPOLE,False,50,50,0,11193,11193,0,0.8498168498168498,,,,,14851,< 100 mil aptos,interior
CE,15636,2313104.0,TABULEIRO DO NORTE,False,92,92,0,19892,19892,0,0.8061532274281118,,,,,25947,< 100 mil aptos,interior
CE,15652,2313203.0,TAMBORIL,False,91,91,0,16482,16482,0,0.8188933381871132,,,,,22395,< 100 mil aptos,interior
CE,15679,2313302.0,TAUÁ,False,183,183,0,34464,34464,0,0.6982358402971216,,,,,47511,< 100 mil aptos,interior
CE,15695,2313401.0,TIANGUÁ,False,198,198,0,45559,45559,0,0.6443293311969095,,,,,55222,< 100 mil aptos,interior
CE,15717,2313500.0,TRAIRI,False,170,0,170,35893,0,35893,,0.7415652077006659,,,,45161,< 100 mil aptos,interior
CE,15733,2313609.0,UBAJARA,False,88,88,0,20309,20309,0,0.6998867497168743,,,,,25093,< 100 mil aptos,interior
CE,15750,2313708.0,UMARI,False,25,25,0,4817,4817,0,0.7772472493253062,,,,,6445,< 100 mil aptos,interior
CE,15776,2313807.0,URUBURETAMA,False,60,60,0,14285,14285,0,0.7388169408470423,,,,,17468,< 100 mil aptos,interior
CE,15792,2313906.0,URUOCA,False,39,39,0,8702,8702,0,0.7895886003217651,,,,,10796,< 100 mil aptos,interior
CE,15814,2314003.0,VÁRZEA ALEGRE,False,108,108,0,24718,24718,0,0.830690185290072,,,,,31330,< 100 mil aptos,interior
CE,15830,2314102.0,VIÇOSA DO CEARÁ,False,159,159,0,35961,35961,0,0.7715580768054281,,,,,45579,< 100 mil aptos,interior
CE,15857,2307650.0,MARACANAÚ,False,515,0,515,144265,0,144265,,0.6071327071708315,,,,169028,≥ 100 mil aptos,interior
CE,15873,2300754.0,AMONTADA,False,119,119,0,25759,25759,0,0.7790675103847199,,,,,33490,< 100 mil aptos,interior
CE,15881,2304236.0,CROATÁ,False,56,56,0,10909,10909,0,0.8229901915849299,,,,,14487,< 100 mil aptos,interior
CE,15890,2304251.0,CRUZ,False,80,80,0,17361,17361,0,0.6379816830827717,,,,,21396,< 100 mil aptos,interior
CE,15911,2304350.0,FORQUILHA,False,62,62,0,15020,15020,0,0.6915446071904128,,,,,18566,< 100 mil aptos,interior
CE,15920,2305332.0,IBICUITINGA,False,46,46,0,9572,9572,0,0.7627455077308818,,,,,12029,< 100 mil aptos,interior
CE,15938,2305357.0,ICAPUÍ,False,55,0,55,13726,0,13726,,0.6947399096604984,,,,16498,< 100 mil aptos,interior
CE,15954,2306553.0,ITAREMA,False,105,105,0,24430,24430,0,0.6559967253376996,,,,,31631,< 100 mil aptos,interior
CE,15970,2308351.0,MILHÃ,False,37,37,0,8853,8853,0,0.8511239127979217,,,,,11590,< 100 mil aptos,interior
CE,15989,2304269.0,DEPUTADO IRAPUAN PINHEIRO,False,28,28,0,5780,5780,0,0.8832179930795848,,,,,7448,< 100 mil aptos,interior
CE,15997,2310258.0,PARAIPABA,False,89,0,89,20947,0,20947,,0.630686971881415,,,,25454,< 100 mil aptos,interior
CE,98531,2311355.0,QUIXELÔ,False,51,51,0,11932,11932,0,0.8543412671806906,,,,,14170,< 100 mil aptos,interior
CE,98558,2313757.0,UMIRIM,False,52,52,0,11867,11867,0,0.7766916659644392,,,,,15231,< 100 mil aptos,interior
CE,98574,2313955.0,VARJOTA,False,58,58,0,12208,12208,0,0.7230504587155964,,,,,16757,< 100 mil aptos,interior
DF,97012,5300108.0,BRASÍLIA,True,6748,2816,3932,1770626,729913,1040713,0.40799656945416785,0.41461286637142036,-0.6616296917252518,0.973044462997241,-0.027325501029057616,2207628,≥ 100 mil aptos,capital
ES,56006,3204658.0,SÃO DOMINGOS DO NORTE,False,26,26,0,5971,5971,0,0.49154245520013395,,,,,7585,< 100 mil aptos,interior
ES,56014,3200102.0,AFONSO CLÁUDIO,False,74,74,0,17545,17545,0,0.3785123966942149,,,,,25367,< 100 mil aptos,interior
ES,56022,3200169.0,ÁGUA DOCE DO NORTE,False,45,45,0,7525,7525,0,0.5253156146179402,,,,,10630,< 100 mil aptos,interior
ES,56030,3200201.0,ALEGRE,False,90,90,0,17474,17474,0,0.4625729655488154,,,,,23809,< 100 mil aptos,interior
ES,56049,3202652.0,IRUPI,False,33,33,0,8253,8253,0,0.28474494123349087,,,,,11092,< 100 mil aptos,interior
ES,56057,3200300.0,ALFREDO CHAVES,False,40,40,0,9373,9373,0,0.31227995305665207,,,,,12476,< 100 mil aptos,interior
ES,56065,3200359.0,ALTO RIO NOVO,False,23,23,0,4400,4400,0,0.5481818181818182,,,,,6366,< 100 mil aptos,interior
ES,56073,3200409.0,ANCHIETA,False,91,0,91,17954,0,17954,,0.4132226801826891,,,,22585,< 100 mil aptos,interior
ES,56081,3205150.0,VILA PAVÃO,False,28,28,0,5889,5889,0,0.5265749702835796,,,,,7328,< 100 mil aptos,interior
ES,56090,3200508.0,APIACÁ,False,24,24,0,4528,4528,0,0.4796819787985866,,,,,6168,< 100 mil aptos,interior
ES,56103,3203346.0,MARECHAL FLORIANO,False,43,43,0,10340,10340,0,0.37243713733075434,,,,,13417,< 100 mil aptos,interior
ES,56111,3200607.0,ARACRUZ,False,217,217,0,53611,53611,0,0.42750554923429895,,,,,72234,< 100 mil aptos,interior
ES,56120,3203320.0,MARATAÍZES,False,106,0,106,23667,0,23667,,0.32488274813030804,,,,31289,< 100 mil aptos,interior
ES,56138,3200706.0,ATÍLIO VIVÁCQUA,False,28,0,28,6936,0,6936,,0.45126874279123413,,,,8868,< 100 mil aptos,interior
ES,56146,3201159.0,BREJETUBA,False,32,32,0,7090,7090,0,0.4148095909732017,,,,,10203,< 100 mil aptos,interior
ES,56154,3200805.0,BAIXO GUANDU,False,87,87,0,17646,17646,0,0.4293890966791341,,,,,23926,< 100 mil aptos,interior
ES,56162,3204955.0,SÃO ROQUE DO CANAÃ,False,33,33,0,7520,7520,0,0.40704787234042555,,,,,9523,< 100 mil aptos,interior
ES,56170,3200904.0,BARRA DE SÃO FRANCISCO,False,101,101,0,23646,23646,0,0.45233866193013617,,,,,33762,< 100 mil aptos,interior
ES,56189,3205010.0,SOORETAMA,False,59,59,0,14323,14323,0,0.4969629267611534,,,,,20121,< 100 mil aptos,interior
ES,56197,3201001.0,BOA ESPERANÇA,False,38,38,0,8156,8156,0,0.5297940166748406,,,,,10744,< 100 mil aptos,interior
ES,56200,3204252.0,PONTO BELO,False,24,24,0,4570,4570,0,0.6468271334792123,,,,,6402,< 100 mil aptos,interior
ES,56219,3201100.0,BOM JESUS DO NORTE,False,29,29,0,5718,5718,0,0.4681706890521161,,,,,7415,< 100 mil aptos,interior
ES,56227,3205176.0,VILA VALÉRIO,False,42,42,0,9550,9550,0,0.5427225130890052,,,,,12397,< 100 mil aptos,interior
ES,56235,3201209.0,CACHOEIRO DE ITAPEMIRIM,False,466,0,466,108519,0,108519,,0.30595563910467294,,,,141861,≥ 100 mil aptos,interior
ES,56251,3201308.0,CARIACICA,False,802,802,0,206951,206951,0,0.43610806422776405,,,,,272884,≥ 100 mil aptos,interior
ES,56278,3201407.0,CASTELO,False,131,0,131,22558,0,22558,,0.2615036794042025,,,,29344,< 100 mil aptos,interior
ES,56294,3201506.0,COLATINA,False,321,321,0,69606,69606,0,0.3645662730224406,,,,,92541,< 100 mil aptos,interior
ES,56308,3202256.0,GOVERNADOR LINDENBERG,False,27,27,0,6611,6611,0,0.4959915292693995,,,,,8809,< 100 mil aptos,interior
ES,56316,3201605.0,CONCEIÇÃO DA BARRA,False,68,68,0,15523,15523,0,0.6253945757907621,,,,,23662,< 100 mil aptos,interior
ES,56332,3201704.0,CONCEIÇÃO DO CASTELO,False,30,30,0,7296,7296,0,0.29714912280701755,,,,,10305,< 100 mil aptos,interior
ES,56359,3201803.0,DIVINO DE SÃO LOURENÇO,False,14,14,0,3289,3289,0,0.3949528732137428,,,,,4303,< 100 mil aptos,interior
ES,56375,3201902.0,DOMINGOS MARTINS,False,92,92,0,22411,22411,0,0.30641202980679133,,,,,28563,< 100 mil aptos,interior
ES,56391,3202009.0,DORES DO RIO PRETO,False,24,24,0,4674,4674,0,0.43089430894308944,,,,,6143,< 100 mil aptos,interior
ES,56413,3202108.0,ECOPORANGA,False,67,67,0,13628,13628,0,0.5702230701496918,,,,,19257,< 100 mil aptos,interior
ES,56430,3202207.0,FUNDÃO,False,43,0,43,10554,0,10554,,0.4851241235550502,,,,14179,< 100 mil aptos,interior
ES,56456,3202306.0,GUAÇUÍ,False,72,72,0,15892,15892,0,0.4051094890510949,,,,,21757,< 100 mil aptos,interior
ES,56472,3202405.0,GUARAPARI,False,288,288,0,70728,70728,0,0.34471496437054633,,,,,96502,< 100 mil aptos,interior
ES,56499,3202504.0,IBIRAÇU,False,37,0,37,7176,0,7176,,0.4156911928651059,,,,9694,< 100 mil aptos,interior
ES,56502,3202553.0,IBITIRAMA,False,28,28,0,5511,5511,0,0.3135547087642896,,,,,6965,< 100 mil aptos,interior
ES,56510,3202603.0,ICONHA,False,41,0,41,8761,0,8761,,0.37313092112772517,,,,11328,< 100 mil aptos,interior
ES,56537,3202702.0,ITAGUAÇU,False,37,37,0,8525,8525,0,0.4341348973607038,,,,,11674,< 100 mil aptos,interior
ES,56553,3202801.0,ITAPEMIRIM,False,127,0,127,27000,0,27000,,0.31496296296296294,,,,35377,< 100 mil aptos,interior
ES,56570,3202900.0,ITARANA,False,32,32,0,7090,7090,0,0.3555712270803949,,,,,9441,< 100 mil aptos,interior
ES,56596,3203007.0,IÚNA,False,74,74,0,15585,15585,0,0.3010587102983638,,,,,20761,< 100 mil aptos,interior
ES,56618,3203106.0,JERÔNIMO MONTEIRO,False,31,31,0,7272,7272,0,0.4437568756875688,,,,,9954,< 100 mil aptos,interior
ES,56626,3203130.0,JOÃO NEIVA,False,46,0,46,9820,0,9820,,0.4005091649694501,,,,12812,< 100 mil aptos,interior
ES,56634,3203205.0,LINHARES,False,335,335,0,86365,86365,0,0.38358131187402306,,,,,118576,≥ 100 mil aptos,interior
ES,56650,3203304.0,MANTENÓPOLIS,False,33,33,0,7322,7322,0,0.4385413821360284,,,,,10946,< 100 mil aptos,interior
ES,56677,3203403.0,MIMOSO DO SUL,False,71,71,0,15164,15164,0,0.5152334476391454,,,,,19531,< 100 mil aptos,interior
ES,56693,3203502.0,MONTANHA,False,47,47,0,10560,10560,0,0.5449810606060606,,,,,14917,< 100 mil aptos,interior
ES,56715,3203601.0,MUCURICI,False,22,22,0,3687,3687,0,0.6333062110116626,,,,,5068,< 100 mil aptos,interior
ES,56731,3203700.0,MUNIZ FREIRE,False,55,55,0,10585,10585,0,0.44194615021256495,,,,,14362,< 100 mil aptos,interior
ES,56758,3203809.0,MUQUI,False,37,37,0,8567,8567,0,0.45721956344111125,,,,,11027,< 100 mil aptos,interior
ES,56774,3203908.0,NOVA VENÉCIA,False,137,137,0,28146,28146,0,0.4709372557379379,,,,,39629,< 100 mil aptos,interior
ES,56790,3204005.0,PANCAS,False,50,50,0,10861,10861,0,0.46275665224196666,,,,,16134,< 100 mil aptos,interior
ES,56812,3204104.0,PINHEIROS,False,66,66,0,13244,13244,0,0.6088794926004228,,,,,17991,< 100 mil aptos,interior
ES,56839,3204203.0,PIÚMA,False,69,0,69,12565,0,12565,,0.39060883406287306,,,,17010,< 100 mil aptos,interior
ES,56855,3204302.0,PRESIDENTE KENNEDY,False,48,0,48,9521,0,9521,,0.3652977628400378,,,,12248,< 100 mil aptos,interior
ES,56871,3204401.0,RIO NOVO DO SUL,False,33,0,33,7057,0,7057,,0.2809975910443531,,,,8669,< 100 mil aptos,interior
ES,56898,3204500.0,SANTA LEOPOLDINA,False,40,40,0,7626,7626,0,0.46944662995017045,,,,,10043,< 100 mil aptos,interior
ES,56910,3204609.0,SANTA TERESA,False,64,64,0,14713,14713,0,0.3501665194046082,,,,,20149,< 100 mil aptos,interior
ES,56936,3204708.0,SÃO GABRIEL DA PALHA,False,81,81,0,18333,18333,0,0.42906234658811976,,,,,25498,< 100 mil aptos,interior
ES,56952,3204807.0,SÃO JOSÉ DO CALÇADO,False,33,33,0,6558,6558,0,0.522567856053675,,,,,8633,< 100 mil aptos,interior
ES,56979,3204906.0,SÃO MATEUS,False,268,268,0,63674,63674,0,0.5185476018469077,,,,,88234,< 100 mil aptos,interior
ES,56995,3205002.0,SERRA,False,993,993,0,263677,263677,0,0.46886531627711175,,,,,349889,≥ 100 mil aptos,interior
ES,57010,3205101.0,VIANA,False,161,0,161,39937,0,39937,,0.44845631870195557,,,,51439,< 100 mil aptos,interior
ES,57037,3205200.0,VILA VELHA,False,1092,0,1092,265803,0,265803,,0.3907781326772083,,,,337286,≥ 100 mil aptos,interior
ES,57053,3205309.0,VITÓRIA,False,770,0,770,210771,0,210771,,0.4529940077145338,,,,265264,≥ 100 mil aptos,capital
ES,57070,3203353.0,MARILÂNDIA,False,33,33,0,8341,8341,0,0.36734204531830716,,,,,10422,< 100 mil aptos,interior
ES,57096,3202454.0,IBATIBA,False,65,65,0,14554,14554,0,0.30678851174934724,,,,,18405,< 100 mil aptos,interior
ES,57118,3204351.0,RIO BANANAL,False,50,50,0,11403,11403,0,0.44909234411996846,,,,,15329,< 100 mil aptos,interior
ES,57134,3203056.0,JAGUARÉ,False,67,67,0,16629,16629,0,0.5895122977930122,,,,,22443,< 100 mil aptos,interior
ES,57150,3204054.0,PEDRO CANÁRIO,False,63,63,0,12466,12466,0,0.5852719396759185,,,,,18539,< 100 mil aptos,interior
ES,57916,3203163.0,LARANJA DA TERRA,False,30,30,0,7412,7412,0,0.3774959525094441,,,,,9217,< 100 mil aptos,interior
ES,57932,3204559.0,SANTA MARIA DE JETIBÁ,False,83,83,0,23717,23717,0,0.30914533878652445,,,,,30216,< 100 mil aptos,interior
ES,57959,3205036.0,VARGEM ALTA,False,50,0,50,12184,0,12184,,0.28717990807616545,,,,15711,< 100 mil aptos,interior
ES,57975,3205069.0,VENDA NOVA DO IMIGRANTE,False,54,54,0,14292,14292,0,0.2576266442765183,,,,,19033,< 100 mil aptos,interior
ES,57991,3200136.0,ÁGUIA BRANCA,False,28,28,0,6513,6513,0,0.5805312452019039,,,,,8583,< 100 mil aptos,interior
GO,92010,5200100.0,ABADIÂNIA,False,34,0,34,8533,0,8533,,0.325090823860307,,,,10812,< 100 mil aptos,interior
GO,92029,5203559.0,BONFINÓPOLIS,False,20,0,20,5328,0,5328,,0.4894894894894895,,,,6720,< 100 mil aptos,interior
GO,92037,5200209.0,ÁGUA LIMPA,False,8,8,0,1741,1741,0,0.45203905801263644,,,,,2299,< 100 mil aptos,interior
GO,92053,5200308.0,ALEXÂNIA,False,68,0,68,15844,0,15844,,0.3282630648826054,,,,20190,< 100 mil aptos,interior
GO,92061,5204953.0,CAMPOS VERDES,False,14,14,0,2888,2888,0,0.6672437673130194,,,,,4036,< 100 mil aptos,interior
GO,92096,5200506.0,ALOÂNDIA,False,11,11,0,1612,1612,0,0.4640198511166253,,,,,2067,< 100 mil aptos,interior
GO,92100,5205455.0,CEZARINA,False,25,25,0,5476,5476,0,0.4302410518626735,,,,,7025,< 100 mil aptos,interior
GO,92118,5200605.0,ALTO PARAÍSO DE GOIÁS,False,21,21,0,5143,5143,0,0.6198716702313825,,,,,6953,< 100 mil aptos,interior
GO,92126,5205521.0,COLINAS DO SUL,False,11,11,0,2314,2314,0,0.6711322385479689,,,,,3437,< 100 mil aptos,interior
GO,92150,5200803.0,ALVORADA DO NORTE,False,24,24,0,4774,4774,0,0.5224130708001675,,,,,6682,< 100 mil aptos,interior
GO,92169,5213855.0,MORRO AGUDO DE GOIÁS,False,8,8,0,2270,2270,0,0.38678414096916297,,,,,2854,< 100 mil aptos,interior
GO,92177,5200902.0,AMORINÓPOLIS,False,18,18,0,2888,2888,0,0.45013850415512463,,,,,3590,< 100 mil aptos,interior
GO,92207,5207352.0,EDEALINA,False,11,11,0,3065,3065,0,0.3941272430668842,,,,,3985,< 100 mil aptos,interior
GO,92215,5201108.0,ANÁPOLIS,False,809,0,809,217467,0,217467,,0.29411358964808454,,,,287348,≥ 100 mil aptos,interior
GO,92223,5207535.0,FAINA,False,19,19,0,4579,4579,0,0.5691198951736187,,,,,6171,< 100 mil aptos,interior
GO,92231,5201207.0,ANHANGÜERA,False,4,4,0,854,854,0,0.5362997658079626,,,,,1229,< 100 mil aptos,interior
GO,92258,5201306.0,ANICUNS,False,49,49,0,11905,11905,0,0.39210415791684167,,,,,15000,< 100 mil aptos,interior
GO,92266,5209150.0,GOUVELÂNDIA,False,13,13,0,2862,2862,0,0.5999301187980434,,,,,3676,< 100 mil aptos,interior
GO,92274,5201405.0,APARECIDA DE GOIÂNIA,False,891,0,891,256815,0,256815,,0.42062184841228123,,,,335249,≥ 100 mil aptos,interior
GO,92282,5210562.0,ITAGUARI,False,16,16,0,3871,3871,0,0.5215706535778869,,,,,4804,< 100 mil aptos,interior
GO,92290,5201504.0,APORÉ,False,10,10,0,2237,2237,0,0.44076888690210103,,,,,3182,< 100 mil aptos,interior
GO,92312,5201603.0,ARAÇU,False,15,15,0,3191,3191,0,0.49764963961140707,,,,,4006,< 100 mil aptos,interior
GO,92320,5212956.0,MATRINCHÃ,False,12,12,0,2866,2866,0,0.5132588974180042,,,,,3709,< 100 mil aptos,interior
GO,92339,5201702.0,ARAGARÇAS,False,47,47,0,10299,10299,0,0.4373240120400039,,,,,13515,< 100 mil aptos,interior
GO,92347,5213053.0,MIMOSO DE GOIÁS,False,10,10,0,2320,2320,0,0.5094827586206897,,,,,3019,< 100 mil aptos,interior
GO,92355,5201801.0,ARAGOIÂNIA,False,25,25,0,6746,6746,0,0.444263267121257,,,,,8745,< 100 mil aptos,interior
GO,92363,5213756.0,MONTIVIDIU,False,29,29,0,7487,7487,0,0.3308401228796581,,,,,9452,< 100 mil aptos,interior
GO,92444,5215256.0,NOVO PLANALTO,False,12,12,0,2683,2683,0,0.4685054043980619,,,,,3691,< 100 mil aptos,interior
GO,92460,5215652.0,PALESTINA DE GOIÁS,False,11,11,0,2737,2737,0,0.41066861527219584,,,,,3565,< 100 mil aptos,interior
GO,92495,5202502.0,ARUANÃ,False,21,21,0,4629,4629,0,0.47785698855044284,,,,,7076,< 100 mil aptos,interior
GO,92517,5202601.0,AURILÂNDIA,False,9,9,0,2441,2441,0,0.5477263416632527,,,,,3201,< 100 mil aptos,interior
GO,92550,5202809.0,AVELINÓPOLIS,False,12,12,0,2638,2638,0,0.3976497346474602,,,,,3330,< 100 mil aptos,interior
GO,92568,5219258.0,SANTA FÉ DE GOIÁS,False,16,16,0,2991,2991,0,0.4660648612504179,,,,,4051,< 100 mil aptos,interior
GO,92614,5203104.0,BALIZA,False,13,13,0,2013,2013,0,0.5961251862891207,,,,,2864,< 100 mil aptos,interior
GO,92622,5220058.0,SÃO JOÃO DA PARAÚNA,False,6,6,0,1674,1674,0,0.39904420549581837,,,,,2221,< 100 mil aptos,interior
GO,92630,5203203.0,BARRO ALTO,False,28,28,0,7104,7104,0,0.46044481981981983,,,,,9614,< 100 mil aptos,interior
GO,92649,5220157.0,SÃO LUIZ DO NORTE,False,15,15,0,3511,3511,0,0.5457134719453147,,,,,4764,< 100 mil aptos,interior
GO,92657,5203302.0,BELA VISTA DE GOIÁS,False,66,66,0,17356,17356,0,0.4133440884996543,,,,,23264,< 100 mil aptos,interior
GO,92665,5220264.0,SÃO MIGUEL DO PASSA QUATRO,False,10,0,10,2816,0,2816,,0.4783380681818182,,,,3455,< 100 mil aptos,interior
GO,92673,5203401.0,BOM JARDIM DE GOIÁS,False,22,22,0,5336,5336,0,0.5344827586206896,,,,,6953,< 100 mil aptos,interior
GO,92690,5203500.0,BOM JESUS DE GOIÁS,False,49,49,0,12788,12788,0,0.46911166718798875,,,,,17567,< 100 mil aptos,interior
GO,92703,5220454.0,SENADOR CANEDO,False,224,0,224,64551,0,64551,,0.45060494802559214,,,,83899,< 100 mil aptos,interior
GO,92711,5203609.0,BRAZABRANTES,False,11,11,0,2661,2661,0,0.43667794062382564,,,,,3534,< 100 mil aptos,interior
GO,92720,5220686.0,SIMOLÂNDIA,False,20,20,0,4059,4059,0,0.5799457994579946,,,,,5719,< 100 mil aptos,interior
GO,92754,5203807.0,BRITÂNIA,False,18,18,0,3578,3578,0,0.4136389044158748,,,,,4752,< 100 mil aptos,interior
GO,92762,5221080.0,TERESINA DE GOIÁS,False,10,10,0,1859,1859,0,0.664873587950511,,,,,2714,< 100 mil aptos,interior
GO,92770,5203906.0,BURITI ALEGRE,False,29,29,0,5980,5980,0,0.46488294314381273,,,,,8392,< 100 mil aptos,interior
GO,92789,5221452.0,TROMBAS,False,13,13,0,2130,2130,0,0.492018779342723,,,,,2997,< 100 mil aptos,interior
GO,92797,5204003.0,CABECEIRAS,False,23,23,0,5187,5187,0,0.5130133024869867,,,,,6813,< 100 mil aptos,interior
GO,92800,5221551.0,TURVELÂNDIA,False,15,15,0,3128,3128,0,0.5703324808184144,,,,,4085,< 100 mil aptos,interior
GO,92819,5204102.0,CACHOEIRA ALTA,False,27,27,0,5929,5929,0,0.47292966773486256,,,,,8240,< 100 mil aptos,interior
GO,92827,5218789.0,RIO QUENTE,False,12,12,0,2845,2845,0,0.4,,,,,3933,< 100 mil aptos,interior
GO,92835,5204201.0,CACHOEIRA DE GOIÁS,False,6,6,0,1348,1348,0,0.47774480712166173,,,,,1881,< 100 mil aptos,interior
GO,92851,5204300.0,CAÇU,False,36,36,0,8143,8143,0,0.3724671496991281,,,,,10861,< 100 mil aptos,interior
GO,92860,5209457.0,GUARINOS,False,9,9,0,1735,1735,0,0.6345821325648415,,,,,2329,< 100 mil aptos,interior
GO,92878,5204409.0,CAIAPÔNIA,False,39,39,0,9876,9876,0,0.41899554475496154,,,,,13183,< 100 mil aptos,interior
GO,92886,5205513.0,COCALZINHO DE GOIÁS,False,45,45,0,11852,11852,0,0.40237934525818425,,,,,15904,< 100 mil aptos,interior
GO,92894,5204508.0,CALDAS NOVAS,False,204,204,0,47954,47954,0,0.3576761062685073,,,,,65471,< 100 mil aptos,interior
GO,92908,5219738.0,SANTO ANTÔNIO DE GOIÁS,False,18,18,0,4777,4777,0,0.4538413230060708,,,,,6192,< 100 mil aptos,interior
GO,92916,5204607.0,CAMPESTRE DE GOIÁS,False,12,12,0,2792,2792,0,0.4781518624641834,,,,,3728,< 100 mil aptos,interior
GO,92924,5205471.0,CHAPADÃO DO CÉU,False,21,21,0,6396,6396,0,0.3231707317073171,,,,,8125,< 100 mil aptos,interior
GO,92932,5204706.0,CAMPINORTE,False,29,29,0,6716,6716,0,0.36167361524717095,,,,,9142,< 100 mil aptos,interior
GO,92940,5200555.0,ALTO HORIZONTE,False,16,16,0,4365,4365,0,0.41809851088201605,,,,,6173,< 100 mil aptos,interior
GO,92959,5204805.0,CAMPO ALEGRE DE GOIÁS,False,18,18,0,4110,4110,0,0.5012165450121655,,,,,5274,< 100 mil aptos,interior
GO,92967,5205059.0,CASTELÂNDIA,False,9,9,0,2751,2751,0,0.5267175572519084,,,,,3661,< 100 mil aptos,interior
GO,92975,5204904.0,CAMPOS BELOS,False,44,44,0,10440,10440,0,0.618007662835249,,,,,14136,< 100 mil aptos,interior
GO,92983,5212055.0,JESÚPOLIS,False,7,7,0,1872,1872,0,0.3840811965811966,,,,,2482,< 100 mil aptos,interior
GO,92991,5205000.0,CARMO DO RIO VERDE,False,22,22,0,5541,5541,0,0.4062443602237863,,,,,7074,< 100 mil aptos,interior
GO,93009,5201454.0,APARECIDA DO RIO DOCE,False,9,9,0,2168,2168,0,0.49677121771217714,,,,,2907,< 100 mil aptos,interior
GO,93017,5205109.0,CATALÃO,False,204,204,0,57487,57487,0,0.4992085167081253,,,,,74268,< 100 mil aptos,interior
GO,93025,5205497.0,CIDADE OCIDENTAL,False,125,0,125,34678,0,34678,,0.4613587865505508,,,,43599,< 100 mil aptos,interior
GO,93033,5205208.0,CATURAÍ,False,16,16,0,3654,3654,0,0.5424192665571976,,,,,4782,< 100 mil aptos,interior
GO,93041,5218391.0,PROFESSOR JAMIL,False,10,10,0,2342,2342,0,0.5273270708795901,,,,,3028,< 100 mil aptos,interior
GO,93050,5205307.0,CAVALCANTE,False,28,28,0,5072,5072,0,0.8257097791798107,,,,,7216,< 100 mil aptos,interior
GO,93068,5216452.0,PEROLÂNDIA,False,8,8,0,2305,2305,0,0.4459869848156182,,,,,3065,< 100 mil aptos,interior
GO,93076,5205406.0,CERES,False,54,54,0,13333,13333,0,0.35295882397059924,,,,,16318,< 100 mil aptos,interior
GO,93084,5214879.0,NOVA IGUAÇU DE GOIÁS,False,8,8,0,2026,2026,0,0.48223099703849953,,,,,2798,< 100 mil aptos,interior
GO,93092,5208301.0,DIVINÓPOLIS DE GOIÁS,False,15,15,0,3358,3358,0,0.659618820726623,,,,,4789,< 100 mil aptos,interior
GO,93106,5203939.0,BURITI DE GOIÁS,False,9,9,0,2510,2510,0,0.34103585657370517,,,,,3311,< 100 mil aptos,interior
GO,93122,5204557.0,CALDAZINHA,False,9,0,9,2532,0,2532,,0.46050552922590837,,,,3297,< 100 mil aptos,interior
GO,93149,5209291.0,GUARAÍTA,False,9,9,0,2135,2135,0,0.48430913348946136,,,,,2630,< 100 mil aptos,interior
GO,93157,5205703.0,CÓRREGO DO OURO,False,8,8,0,2333,2333,0,0.2953279039862838,,,,,2954,< 100 mil aptos,interior
GO,93165,5209937.0,INACIOLÂNDIA,False,14,14,0,3541,3541,0,0.5922055916407795,,,,,4627,< 100 mil aptos,interior
GO,93173,5205802.0,CORUMBÁ DE GOIÁS,False,29,29,0,5547,5547,0,0.4155399314945015,,,,,7521,< 100 mil aptos,interior
GO,93181,5213772.0,MONTIVIDIU DO NORTE,False,14,14,0,2542,2542,0,0.4940991345397325,,,,,3517,< 100 mil aptos,interior
GO,93190,5205901.0,CORUMBAÍBA,False,23,23,0,5241,5241,0,0.44209120396870827,,,,,6840,< 100 mil aptos,interior
GO,93203,5219712.0,SANTO ANTÔNIO DA BARRA,False,15,15,0,3148,3148,0,0.5613087674714105,,,,,4008,< 100 mil aptos,interior
GO,93220,5221197.0,TEREZÓPOLIS DE GOIÁS,False,18,0,18,4928,0,4928,,0.44622564935064934,,,,6251,< 100 mil aptos,interior
GO,93246,5221577.0,UIRAPURU,False,9,9,0,1965,1965,0,0.5587786259541985,,,,,2660,< 100 mil aptos,interior
GO,93254,5206206.0,CRISTALINA,False,104,104,0,26561,26561,0,0.34799141598584393,,,,,35470,< 100 mil aptos,interior
GO,93262,5203962.0,BURITINÓPOLIS,False,11,11,0,2342,2342,0,0.5576430401366353,,,,,3428,< 100 mil aptos,interior
GO,93270,5206305.0,CRISTIANÓPOLIS,False,10,10,0,2954,2954,0,0.34360189573459715,,,,,3889,< 100 mil aptos,interior
GO,93289,5222203.0,VILA BOA,False,12,12,0,2656,2656,0,0.6479668674698795,,,,,3796,< 100 mil aptos,interior
GO,93297,5206404.0,CRIXÁS,False,44,44,0,9102,9102,0,0.5550428477257745,,,,,12522,< 100 mil aptos,interior
GO,93300,5221858.0,VALPARAÍSO DE GOIÁS,False,261,0,261,70999,0,70999,,0.43911886082902574,,,,89254,< 100 mil aptos,interior
GO,93319,5206503.0,CROMÍNIA,False,14,14,0,2985,2985,0,0.44489112227805694,,,,,3666,< 100 mil aptos,interior
GO,93327,5215231.0,NOVO GAMA,False,156,0,156,39536,0,39536,,0.4506525698097936,,,,49375,< 100 mil aptos,interior
GO,93335,5206602.0,CUMARI,False,6,6,0,1990,1990,0,0.6055276381909548,,,,,2571,< 100 mil aptos,interior
GO,93343,5200258.0,ÁGUAS LINDAS DE GOIÁS,False,282,0,282,85315,0,85315,,0.47317587762995955,,,,107527,≥ 100 mil aptos,interior
GO,93351,5206701.0,DAMIANÓPOLIS,False,13,13,0,2644,2644,0,0.4863842662632375,,,,,3787,< 100 mil aptos,interior
GO,93360,5200050.0,ABADIA DE GOIÁS,False,34,34,0,9208,9208,0,0.41420503909643785,,,,,12217,< 100 mil aptos,interior
GO,93378,5206800.0,DAMOLÂNDIA,False,11,11,0,2686,2686,0,0.47505584512285925,,,,,3455,< 100 mil aptos,interior
GO,93386,5200829.0,AMARALINA,False,11,11,0,2309,2309,0,0.5695106106539628,,,,,3081,< 100 mil aptos,interior
GO,93394,5206909.0,DAVINÓPOLIS,False,11,11,0,2586,2586,0,0.611368909512761,,,,,3589,< 100 mil aptos,interior
GO,93408,5203575.0,BONÓPOLIS,False,10,10,0,2347,2347,0,0.5611418832552194,,,,,3292,< 100 mil aptos,interior
GO,93424,5218052.0,PORTEIRÃO,False,10,10,0,2612,2612,0,0.4850689127105666,,,,,3617,< 100 mil aptos,interior
GO,93432,5207105.0,DIORAMA,False,9,9,0,1824,1824,0,0.3996710526315789,,,,,2288,< 100 mil aptos,interior
GO,93440,5219456.0,SANTA RITA DO NOVO DESTINO,False,10,10,0,2184,2184,0,0.5151098901098901,,,,,2758,< 100 mil aptos,interior
GO,93483,5220280.0,SÃO PATRÍCIO,False,9,9,0,1846,1846,0,0.35861321776814736,,,,,2346,< 100 mil aptos,interior
GO,93491,5207402.0,EDÉIA,False,31,31,0,7353,7353,0,0.42309261525907793,,,,,9616,< 100 mil aptos,interior
GO,93505,5222302.0,VILA PROPÍCIO,False,18,18,0,3840,3840,0,0.48984375,,,,,5187,< 100 mil aptos,interior
GO,93513,5207501.0,ESTRELA DO NORTE,False,12,12,0,2279,2279,0,0.5098727512066696,,,,,2947,< 100 mil aptos,interior
GO,93530,5207600.0,FAZENDA NOVA,False,21,21,0,4177,4177,0,0.4381134785731386,,,,,5205,< 100 mil aptos,interior
GO,93548,5210158.0,IPIRANGA DE GOIÁS,False,9,9,0,2376,2376,0,0.42424242424242425,,,,,3038,< 100 mil aptos,interior
GO,93564,5208152.0,GAMELEIRA DE GOIÁS,False,10,0,10,2553,0,2553,,0.4531923227575401,,,,3155,< 100 mil aptos,interior
GO,93572,5207808.0,FIRMINÓPOLIS,False,30,30,0,6557,6557,0,0.3356718011285649,,,,,8328,< 100 mil aptos,interior
GO,93580,5204854.0,CAMPO LIMPO DE GOIÁS,False,17,0,17,4701,0,4701,,0.35907253775792386,,,,6122,< 100 mil aptos,interior
GO,93599,5207907.0,FLORES DE GOIÁS,False,24,24,0,4919,4919,0,0.5454360642406993,,,,,6977,< 100 mil aptos,interior
GO,93602,5212253.0,LAGOA SANTA,False,5,5,0,1103,1103,0,0.3970988213961922,,,,,1598,< 100 mil aptos,interior
GO,93610,5208004.0,FORMOSA,False,237,237,0,58112,58112,0,0.42500688325991187,,,,,74905,< 100 mil aptos,interior
GO,93637,5208103.0,FORMOSO,False,17,17,0,3406,3406,0,0.5281855549031121,,,,,4557,< 100 mil aptos,interior
GO,93670,5208400.0,GOIANÁPOLIS,False,38,0,38,7988,0,7988,,0.27653980971457187,,,,10429,< 100 mil aptos,interior
GO,93696,5208509.0,GOIANDIRA,False,13,13,0,3487,3487,0,0.5574992830513336,,,,,4251,< 100 mil aptos,interior
GO,93718,5208608.0,GOIANÉSIA,False,158,158,0,43503,43503,0,0.4215571339907593,,,,,57034,< 100 mil aptos,interior
GO,93734,5208707.0,GOIÂNIA,False,2928,0,2928,802190,0,802190,,0.3604781909522682,,,,1034245,≥ 100 mil aptos,capital
GO,93750,5208806.0,GOIANIRA,False,117,117,0,30342,30342,0,0.44670753411113306,,,,,41081,< 100 mil aptos,interior
GO,93777,5208905.0,GOIÁS,False,61,61,0,14547,14547,0,0.5664398157695745,,,,,19595,< 100 mil aptos,interior
GO,93793,5209101.0,GOIATUBA,False,90,90,0,20899,20899,0,0.3768122876692665,,,,,26739,< 100 mil aptos,interior
GO,93815,5209200.0,GUAPÓ,False,46,46,0,10186,10186,0,0.49253877871588453,,,,,13784,< 100 mil aptos,interior
GO,93831,5209408.0,GUARANI DE GOIÁS,False,17,17,0,3243,3243,0,0.6799259944495837,,,,,4153,< 100 mil aptos,interior
GO,93874,5209606.0,HEITORAÍ,False,13,13,0,3029,3029,0,0.4691317266424563,,,,,3968,< 100 mil aptos,interior
GO,93890,5209705.0,HIDROLÂNDIA,False,61,0,61,14206,0,14206,,0.43974377023792766,,,,18746,< 100 mil aptos,interior
GO,93912,5209804.0,HIDROLINA,False,14,14,0,2873,2873,0,0.5374173337974243,,,,,3584,< 100 mil aptos,interior
GO,93939,5209903.0,IACIARA,False,25,25,0,5775,5775,0,0.590995670995671,,,,,7794,< 100 mil aptos,interior
GO,93955,5210000.0,INHUMAS,False,121,121,0,31146,31146,0,0.4483400757721698,,,,,41018,< 100 mil aptos,interior
GO,93971,5210109.0,IPAMERI,False,64,64,0,15357,15357,0,0.4576414664322459,,,,,20196,< 100 mil aptos,interior
GO,93998,5210208.0,IPORÁ,False,96,96,0,19756,19756,0,0.39461429439157725,,,,,25824,< 100 mil aptos,interior
GO,94013,5210307.0,ISRAELÂNDIA,False,10,10,0,2107,2107,0,0.48220218319886093,,,,,2794,< 100 mil aptos,interior
GO,94030,5210406.0,ITABERAÍ,False,92,92,0,24294,24294,0,0.4663291347657858,,,,,31817,< 100 mil aptos,interior
GO,94072,5210604.0,ITAGUARU,False,18,18,0,4281,4281,0,0.5344545666900257,,,,,5256,< 100 mil aptos,interior
GO,94110,5210802.0,ITAJÁ,False,16,16,0,2769,2769,0,0.39400505597688695,,,,,3647,< 100 mil aptos,interior
GO,94137,5210901.0,ITAPACI,False,46,46,0,11588,11588,0,0.49395926820849156,,,,,15406,< 100 mil aptos,interior
GO,94153,5211008.0,ITAPIRAPUÃ,False,23,23,0,5096,5096,0,0.5186420722135008,,,,,6706,< 100 mil aptos,interior
GO,94196,5211206.0,ITAPURANGA,False,75,75,0,17263,17263,0,0.47118113885187973,,,,,21604,< 100 mil aptos,interior
GO,94218,5211305.0,ITARUMÃ,False,17,17,0,3243,3243,0,0.4702436016034536,,,,,4377,< 100 mil aptos,interior
GO,94234,5211404.0,ITAUÇU,False,31,31,0,5756,5756,0,0.4574357192494788,,,,,7101,< 100 mil aptos,interior
GO,94250,5211503.0,ITUMBIARA,False,207,207,0,56718,56718,0,0.40988751366409254,,,,,74373,< 100 mil aptos,interior
GO,94277,5211602.0,IVOLÂNDIA,False,9,9,0,2098,2098,0,0.4947569113441373,,,,,2779,< 100 mil aptos,interior
GO,94293,5211701.0,JANDAIA,False,21,21,0,4611,4611,0,0.41357623075254824,,,,,5970,< 100 mil aptos,interior
GO,94315,5211800.0,JARAGUÁ,False,93,93,0,25450,25450,0,0.3143811394891945,,,,,32215,< 100 mil aptos,interior
GO,94331,5211909.0,JATAÍ,False,249,249,0,54272,54272,0,0.3717017983490566,,,,,71722,< 100 mil aptos,interior
GO,94358,5212006.0,JAUPACI,False,11,11,0,2037,2037,0,0.5208640157093766,,,,,2732,< 100 mil aptos,interior
GO,94374,5212105.0,JOVIÂNIA,False,22,22,0,4333,4333,0,0.472190168474498,,,,,5454,< 100 mil aptos,interior
GO,94390,5212204.0,JUSSARA,False,48,48,0,10994,10994,0,0.40321993814808077,,,,,14450,< 100 mil aptos,interior
GO,94439,5212303.0,LEOPOLDO DE BULHÕES,False,22,0,22,5082,0,5082,,0.4612357339630067,,,,6628,< 100 mil aptos,interior
GO,94455,5212501.0,LUZIÂNIA,False,352,352,0,98942,98942,0,0.39675769642821046,,,,,126119,≥ 100 mil aptos,interior
GO,94471,5212600.0,MAIRIPOTABA,False,10,10,0,2036,2036,0,0.4346758349705305,,,,,2688,< 100 mil aptos,interior
GO,94498,5212709.0,MAMBAÍ,False,19,19,0,4515,4515,0,0.39756367663344405,,,,,5947,< 100 mil aptos,interior
GO,94510,5212808.0,MARA ROSA,False,30,30,0,6192,6192,0,0.47044573643410853,,,,,8206,< 100 mil aptos,interior
GO,94536,5212907.0,MARZAGÃO,False,7,7,0,1934,1934,0,0.4886246122026887,,,,,2562,< 100 mil aptos,interior
GO,94552,5216304.0,PARANAIGUARA,False,23,23,0,5279,5279,0,0.5518090547452169,,,,,7012,< 100 mil aptos,interior
GO,94579,5213004.0,MAURILÂNDIA,False,19,19,0,5329,5329,0,0.5383749296303246,,,,,7018,< 100 mil aptos,interior
GO,94595,5213103.0,MINEIROS,False,132,132,0,35585,35585,0,0.41166221722635943,,,,,47759,< 100 mil aptos,interior
GO,94650,5213400.0,MOIPORÁ,False,8,8,0,1720,1720,0,0.37616279069767444,,,,,2273,< 100 mil aptos,interior
GO,94676,5213509.0,MONTE ALEGRE DE GOIÁS,False,22,22,0,3848,3848,0,0.691008316008316,,,,,5532,< 100 mil aptos,interior
GO,94714,5213707.0,MONTES CLAROS DE GOIÁS,False,22,22,0,5154,5154,0,0.40686845168800934,,,,,6711,< 100 mil aptos,interior
GO,94730,5213806.0,MORRINHOS,False,105,105,0,27415,27415,0,0.4242932701076053,,,,,36239,< 100 mil aptos,interior
GO,94757,5213905.0,MOSSÂMEDES,False,15,15,0,3581,3581,0,0.5939681653169506,,,,,4568,< 100 mil aptos,interior
GO,94773,5214002.0,MOZARLÂNDIA,False,41,41,0,8619,8619,0,0.4542290288896624,,,,,12376,< 100 mil aptos,interior
GO,94790,5214101.0,MUTUNÓPOLIS,False,14,14,0,2634,2634,0,0.428246013667426,,,,,3400,< 100 mil aptos,interior
GO,94854,5214408.0,NAZÁRIO,False,24,24,0,5604,5604,0,0.40703069236259815,,,,,7278,< 100 mil aptos,interior
GO,94870,5214507.0,NERÓPOLIS,False,67,67,0,17779,17779,0,0.43995725293886045,,,,,24001,< 100 mil aptos,interior
GO,94897,5214606.0,NIQUELÂNDIA,False,95,95,0,19924,19924,0,0.4661714515157599,,,,,27503,< 100 mil aptos,interior
GO,94919,5214705.0,NOVA AMÉRICA,False,10,10,0,1943,1943,0,0.4390118373648996,,,,,2470,< 100 mil aptos,interior
GO,94935,5214804.0,NOVA AURORA,False,6,6,0,1748,1748,0,0.5572082379862701,,,,,2106,< 100 mil aptos,interior
GO,94951,5214903.0,NOVA ROMA,False,11,11,0,1960,1960,0,0.7158163265306122,,,,,2815,< 100 mil aptos,interior
GO,94978,5215009.0,NOVA VENEZA,False,21,21,0,6221,6221,0,0.42903070245941166,,,,,7938,< 100 mil aptos,interior
GO,95010,5215207.0,NOVO BRASIL,False,14,14,0,2569,2569,0,0.43830284157259636,,,,,3301,< 100 mil aptos,interior
GO,95036,5215306.0,ORIZONA,False,43,43,0,9200,9200,0,0.4216304347826087,,,,,11921,< 100 mil aptos,interior
GO,95052,5215405.0,OURO VERDE DE GOIÁS,False,11,0,11,2912,0,2912,,0.4065934065934066,,,,3736,< 100 mil aptos,interior
GO,95079,5215504.0,OUVIDOR,False,24,24,0,6846,6846,0,0.5379783815366638,,,,,8666,< 100 mil aptos,interior
GO,95095,5215603.0,PADRE BERNARDO,False,60,60,0,14234,14234,0,0.4446395953351131,,,,,18794,< 100 mil aptos,interior
GO,95117,5215702.0,PALMEIRAS DE GOIÁS,False,67,67,0,16581,16581,0,0.36861467945238524,,,,,21945,< 100 mil aptos,interior
GO,95133,5215801.0,PALMELO,False,7,7,0,1720,1720,0,0.4622093023255814,,,,,2186,< 100 mil aptos,interior
GO,95150,5215900.0,PALMINÓPOLIS,False,15,15,0,3215,3215,0,0.33561430793157077,,,,,4064,< 100 mil aptos,interior
GO,95176,5216007.0,PANAMÁ,False,7,7,0,1942,1942,0,0.5061791967044285,,,,,2603,< 100 mil aptos,interior
GO,95230,5216403.0,PARAÚNA,False,30,30,0,6669,6669,0,0.40200929674613883,,,,,8974,< 100 mil aptos,interior
GO,95311,5216809.0,PETROLINA DE GOIÁS,False,29,29,0,5573,5573,0,0.39404270590346313,,,,,7393,< 100 mil aptos,interior
GO,95354,5216908.0,PILAR DE GOIÁS,False,13,13,0,2618,2618,0,0.5572956455309397,,,,,3659,< 100 mil aptos,interior
GO,95397,5217104.0,PIRACANJUBA,False,61,61,0,14026,14026,0,0.4557250819905889,,,,,18871,< 100 mil aptos,interior
GO,95419,5217203.0,PIRANHAS,False,32,32,0,7216,7216,0,0.4477549889135255,,,,,9294,< 100 mil aptos,interior
GO,95435,5217302.0,PIRENÓPOLIS,False,69,69,0,15393,15393,0,0.44630676281426623,,,,,19939,< 100 mil aptos,interior
GO,95451,5217401.0,PIRES DO RIO,False,67,67,0,16315,16315,0,0.36273368066196754,,,,,21769,< 100 mil aptos,interior
GO,95494,5217708.0,PONTALINA,False,49,49,0,11051,11051,0,0.44982354538050856,,,,,14208,< 100 mil aptos,interior
GO,95559,5218003.0,PORANGATU,False,105,105,0,23298,23298,0,0.44930895355824535,,,,,30949,< 100 mil aptos,interior
GO,95575,5218102.0,PORTELÂNDIA,False,10,10,0,2407,2407,0,0.4632322393020357,,,,,3149,< 100 mil aptos,interior
GO,95613,5218300.0,POSSE,False,83,83,0,18722,18722,0,0.5115906420254246,,,,,24318,< 100 mil aptos,interior
GO,95630,5218508.0,QUIRINÓPOLIS,False,104,104,0,26771,26771,0,0.46673639385902654,,,,,34431,< 100 mil aptos,interior
GO,95656,5218607.0,RIALMA,False,26,26,0,6947,6947,0,0.34273787246293363,,,,,8935,< 100 mil aptos,interior
GO,95672,5218706.0,RIANÁPOLIS,False,13,13,0,2940,2940,0,0.3448979591836735,,,,,3812,< 100 mil aptos,interior
GO,95710,5218805.0,RIO VERDE,False,427,427,0,112100,112100,0,0.38104371097234613,,,,,143191,≥ 100 mil aptos,interior
GO,95737,5218904.0,RUBIATABA,False,52,52,0,11727,11727,0,0.3274494755691993,,,,,15248,< 100 mil aptos,interior
GO,95753,5219001.0,SANCLERLÂNDIA,False,22,22,0,5498,5498,0,0.43979628955983996,,,,,7047,< 100 mil aptos,interior
GO,95770,5219100.0,SANTA BÁRBARA DE GOIÁS,False,18,18,0,4151,4151,0,0.4324259214647073,,,,,5368,< 100 mil aptos,interior
GO,95796,5219209.0,SANTA CRUZ DE GOIÁS,False,10,10,0,2384,2384,0,0.46434563758389263,,,,,3210,< 100 mil aptos,interior
GO,95818,5219308.0,SANTA HELENA DE GOIÁS,False,90,90,0,23125,23125,0,0.4634810810810811,,,,,29448,< 100 mil aptos,interior
GO,95834,5219407.0,SANTA RITA DO ARAGUAIA,False,15,15,0,3190,3190,0,0.454858934169279,,,,,4424,< 100 mil aptos,interior
GO,95850,5219506.0,SANTA ROSA DE GOIÁS,False,12,12,0,2528,2528,0,0.4901107594936709,,,,,3096,< 100 mil aptos,interior
GO,95877,5219605.0,SANTA TEREZA DE GOIÁS,False,13,13,0,2315,2315,0,0.5339092872570195,,,,,3168,< 100 mil aptos,interior
GO,95893,5219704.0,SANTA TEREZINHA DE GOIÁS,False,26,26,0,5779,5779,0,0.5414431562554075,,,,,7605,< 100 mil aptos,interior
GO,95915,5219803.0,SÃO DOMINGOS,False,28,28,0,4990,4990,0,0.6595190380761523,,,,,7102,< 100 mil aptos,interior
GO,95931,5219902.0,SÃO FRANCISCO DE GOIÁS,False,17,17,0,3659,3659,0,0.3957365400382618,,,,,4702,< 100 mil aptos,interior
GO,95958,5217609.0,PLANALTINA,False,181,181,0,46997,46997,0,0.4842223971742877,,,,,60989,< 100 mil aptos,interior
GO,95974,5220009.0,SÃO JOÃO D'ALIANÇA,False,20,20,0,5305,5305,0,0.5098963242224317,,,,,7035,< 100 mil aptos,interior
GO,95990,5220108.0,SÃO LUÍS DE MONTES BELOS,False,73,73,0,18767,18767,0,0.2792667981030532,,,,,24048,< 100 mil aptos,interior
GO,96016,5220207.0,SÃO MIGUEL DO ARAGUAIA,False,59,59,0,13389,13389,0,0.387556949734857,,,,,18308,< 100 mil aptos,interior
GO,96059,5220405.0,SÃO SIMÃO,False,48,48,0,10164,10164,0,0.5531286894923259,,,,,13814,< 100 mil aptos,interior
GO,96075,5220504.0,SERRANÓPOLIS,False,19,19,0,4676,4676,0,0.48374679213002564,,,,,6271,< 100 mil aptos,interior
GO,96091,5220603.0,SILVÂNIA,False,52,0,52,12384,0,12384,,0.4098029715762274,,,,15604,< 100 mil aptos,interior
GO,96113,5220702.0,SÍTIO D'ABADIA,False,9,9,0,1991,1991,0,0.5841285786037167,,,,,3145,< 100 mil aptos,interior
GO,96172,5221007.0,TAQUARAL DE GOIÁS,False,17,17,0,3389,3389,0,0.43228090882266157,,,,,4555,< 100 mil aptos,interior
GO,96237,5221304.0,TRÊS RANCHOS,False,11,11,0,2735,2735,0,0.563436928702011,,,,,3591,< 100 mil aptos,interior
GO,96253,5221403.0,TRINDADE,False,254,254,0,68734,68734,0,0.4294672214624494,,,,,89365,< 100 mil aptos,interior
GO,96318,5221502.0,TURVÂNIA,False,17,17,0,3656,3656,0,0.3725382932166302,,,,,4729,< 100 mil aptos,interior
GO,96334,5221601.0,URUAÇU,False,101,101,0,21933,21933,0,0.44654174075593855,,,,,29077,< 100 mil aptos,interior
GO,96350,5221700.0,URUANA,False,36,36,0,8174,8174,0,0.4289209689258625,,,,,10405,< 100 mil aptos,interior
GO,96377,5221809.0,URUTAÍ,False,14,14,0,2568,2568,0,0.5109034267912772,,,,,3396,< 100 mil aptos,interior
GO,96393,5221908.0,VARJÃO,False,12,12,0,2892,2892,0,0.37621023513139695,,,,,3835,< 100 mil aptos,interior
GO,96415,5222005.0,VIANÓPOLIS,False,31,0,31,8515,0,8515,,0.34022313564298295,,,,10654,< 100 mil aptos,interior
GO,96458,5200134.0,ACREÚNA,False,44,44,0,11807,11807,0,0.4412636571525366,,,,,15173,< 100 mil aptos,interior
GO,96474,5213087.0,MINAÇU,False,78,78,0,16300,16300,0,0.46085889570552147,,,,,22451,< 100 mil aptos,interior
GO,96512,5214051.0,MUNDO NOVO,False,17,17,0,3635,3635,0,0.49436038514442915,,,,,4862,< 100 mil aptos,interior
GO,96539,5214838.0,NOVA CRIXÁS,False,30,30,0,6344,6344,0,0.5376733921815889,,,,,9063,< 100 mil aptos,interior
GO,96555,5214861.0,NOVA GLÓRIA,False,25,25,0,5261,5261,0,0.4603687511879871,,,,,6655,< 100 mil aptos,interior
GO,96571,5222054.0,VICENTINÓPOLIS,False,21,21,0,5019,5019,0,0.4793783622235505,,,,,6298,< 100 mil aptos,interior
GO,96610,5200852.0,AMERICANO DO BRASIL,False,17,17,0,4063,4063,0,0.5028304208712774,,,,,5193,< 100 mil aptos,interior
GO,96695,5202155.0,ARAGUAPAZ,False,22,22,0,4401,4401,0,0.473301522381277,,,,,6037,< 100 mil aptos,interior
GO,96717,5202353.0,ARENÓPOLIS,False,12,12,0,2524,2524,0,0.48851030110935023,,,,,3296,< 100 mil aptos,interior
GO,96733,5204250.0,CACHOEIRA DOURADA,False,23,23,0,5383,5383,0,0.5404049786364481,,,,,7115,< 100 mil aptos,interior
GO,96750,5207253.0,DOVERLÂNDIA,False,23,23,0,4422,4422,0,0.46449570330167345,,,,,5740,< 100 mil aptos,interior
GO,96776,5219753.0,SANTO ANTÔNIO DO DESCOBERTO,False,132,0,132,33111,0,33111,,0.4298269457280058,,,,43051,< 100 mil aptos,interior
GO,96814,5209952.0,INDIARA,False,37,37,0,8911,8911,0,0.4904051172707889,,,,,11720,< 100 mil aptos,interior
GO,96873,5204656.0,CAMPINAÇU,False,14,14,0,2591,2591,0,0.5148591277499035,,,,,3495,< 100 mil aptos,interior
GO,96890,5219357.0,SANTA ISABEL,False,14,14,0,2850,2850,0,0.41017543859649125,,,,,3701,< 100 mil aptos,interior
GO,96911,5200159.0,ADELÂNDIA,False,8,8,0,2168,2168,0,0.3002767527675277,,,,,2794,< 100 mil aptos,interior
GO,96938,5200175.0,ÁGUA FRIA DE GOIÁS,False,13,13,0,3431,3431,0,0.40221509763917224,,,,,4623,< 100 mil aptos,interior
MA,7005,2100154.0,ÁGUA DOCE DO MARANHÃO,False,40,40,0,7914,7914,0,0.8362395754359363,,,,,12176,< 100 mil aptos,interior
MA,7013,2100105.0,AFONSO CUNHA,False,25,25,0,5188,5188,0,0.8943716268311488,,,,,7126,< 100 mil aptos,interior
MA,7021,2100436.0,ALTO ALEGRE DO MARANHÃO,False,61,61,0,13392,13392,0,0.7968189964157706,,,,,19329,< 100 mil aptos,interior
MA,7030,2100204.0,ALCÂNTARA,False,74,74,0,12126,12126,0,0.797542470724064,,,,,18150,< 100 mil aptos,interior
MA,7048,2100477.0,ALTO ALEGRE DO PINDARÉ,False,81,81,0,14993,14993,0,0.8310544920963117,,,,,22819,< 100 mil aptos,interior
MA,7056,2100303.0,ALDEIAS ALTAS,False,68,0,68,13262,0,13262,,0.8463278540190017,,,,19435,< 100 mil aptos,interior
MA,7064,2100832.0,APICUM-AÇU,False,48,48,0,9472,9472,0,0.7455658783783784,,,,,13676,< 100 mil aptos,interior
MA,7072,2100402.0,ALTAMIRA DO MARANHÃO,False,20,20,0,3797,3797,0,0.7732420331840927,,,,,5726,< 100 mil aptos,interior
MA,7080,2100550.0,AMAPÁ DO MARANHÃO,False,22,22,0,3898,3898,0,0.7685992816829144,,,,,5873,< 100 mil aptos,interior
MA,7099,2100501.0,ALTO PARNAÍBA,False,28,28,0,5942,5942,0,0.6979131605520027,,,,,8380,< 100 mil aptos,interior
MA,7102,2100873.0,ARAGUANÃ,False,27,27,0,5562,5562,0,0.8202085580726357,,,,,8455,< 100 mil aptos,interior
MA,7110,2100600.0,AMARANTE DO MARANHÃO,False,92,92,0,19959,19959,0,0.5745778846635603,,,,,27431,< 100 mil aptos,interior
MA,7129,2101251.0,BACABEIRA,False,47,0,47,11318,0,11318,,0.8076515285386111,,,,14196,< 100 mil aptos,interior
MA,7137,2100709.0,ANAJATUBA,False,60,60,0,14193,14193,0,0.8413302332135559,,,,,18627,< 100 mil aptos,interior
MA,7145,2101350.0,BACURITUBA,False,19,19,0,3525,3525,0,0.8913475177304965,,,,,5324,< 100 mil aptos,interior
MA,7153,2100808.0,ANAPURUS,False,45,45,0,10696,10696,0,0.8068436798803291,,,,,14233,< 100 mil aptos,interior
MA,7161,2101731.0,BELÁGUA,False,23,23,0,5610,5610,0,0.9096256684491979,,,,,7010,< 100 mil aptos,interior
MA,7170,2100907.0,ARAIOSES,False,121,121,0,23643,23643,0,0.8427441526033075,,,,,34813,< 100 mil aptos,interior
MA,7188,2101772.0,BELA VISTA DO MARANHÃO,False,33,0,33,7162,0,7162,,0.7920971795587824,,,,10322,< 100 mil aptos,interior
MA,7196,2101004.0,ARARI,False,81,81,0,17275,17275,0,0.7695513748191027,,,,,24742,< 100 mil aptos,interior
MA,7200,2101939.0,BERNARDO DO MEARIM,False,18,0,18,3912,0,3912,,0.7543456032719836,,,,5278,< 100 mil aptos,interior
MA,7218,2101103.0,AXIXÁ,False,34,34,0,7850,7850,0,0.8021656050955414,,,,,9727,< 100 mil aptos,interior
MA,7226,2102374.0,CACHOEIRA GRANDE,False,31,31,0,5962,5962,0,0.8213686682321368,,,,,9122,< 100 mil aptos,interior
MA,7234,2101202.0,BACABAL,False,226,0,226,51898,0,51898,,0.6608539828124398,,,,66204,< 100 mil aptos,interior
MA,7242,2103752.0,DAVINÓPOLIS,False,33,0,33,8718,0,8718,,0.6377609543473274,,,,12277,< 100 mil aptos,interior
MA,7250,2101301.0,BACURI,False,49,49,0,9492,9492,0,0.8513485040033713,,,,,14336,< 100 mil aptos,interior
MA,7269,2102036.0,BOM JESUS DAS SELVAS,False,76,76,0,14602,14602,0,0.6748390631420353,,,,,21299,< 100 mil aptos,interior
MA,7277,2101400.0,BALSAS,False,181,181,0,50214,50214,0,0.518022862149998,,,,,64317,< 100 mil aptos,interior
MA,7285,2102077.0,BOM LUGAR,False,37,0,37,8525,0,8525,,0.770791788856305,,,,11050,< 100 mil aptos,interior
MA,7293,2101509.0,BARÃO DE GRAJAÚ,False,46,46,0,11240,11240,0,0.876423487544484,,,,,15011,< 100 mil aptos,interior
MA,7307,2102150.0,BREJO DE AREIA,False,31,31,0,5420,5420,0,0.7678966789667897,,,,,7788,< 100 mil aptos,interior
MA,7315,2101608.0,BARRA DO CORDA,False,220,220,0,45047,45047,0,0.6638399893444624,,,,,60407,< 100 mil aptos,interior
MA,7323,2101970.0,BOA VISTA DO GURUPI,False,21,21,0,4392,4392,0,0.7502276867030966,,,,,6487,< 100 mil aptos,interior
MA,7331,2101707.0,BARREIRINHAS,False,171,171,0,36211,36211,0,0.8044793018695976,,,,,45807,< 100 mil aptos,interior
MA,7340,2102325.0,BURITICUPU,False,147,147,0,31070,31070,0,0.6761828130028967,,,,,41184,< 100 mil aptos,interior
MA,7358,2101806.0,BENEDITO LEITE,False,12,12,0,3160,3160,0,0.799367088607595,,,,,4144,< 100 mil aptos,interior
MA,7366,2102358.0,BURITIRANA,False,40,40,0,8618,8618,0,0.6182408911580413,,,,,11843,< 100 mil aptos,interior
MA,7374,2101905.0,BEQUIMÃO,False,62,62,0,13272,13272,0,0.8323538276069922,,,,,19202,< 100 mil aptos,interior
MA,7382,2102556.0,CAMPESTRE DO MARANHÃO,False,34,34,0,7243,7243,0,0.6894933038796079,,,,,10309,< 100 mil aptos,interior
MA,7390,2102101.0,BREJO,False,81,81,0,18247,18247,0,0.8084068614018742,,,,,24301,< 100 mil aptos,interior
MA,7404,2102754.0,CAPINZAL DO NORTE,False,31,31,0,6712,6712,0,0.7640047675804529,,,,,9146,< 100 mil aptos,interior
MA,7412,2102200.0,BURITI,False,77,77,0,15215,15215,0,0.8780151166611896,,,,,23033,< 100 mil aptos,interior
MA,7420,2103125.0,CENTRAL DO MARANHÃO,False,28,28,0,5084,5084,0,0.90558615263572,,,,,8002,< 100 mil aptos,interior
MA,7439,2102309.0,BURITI BRAVO,False,66,66,0,12797,12797,0,0.8591076033445338,,,,,18829,< 100 mil aptos,interior
MA,7447,2103158.0,CENTRO DO GUILHERME,False,24,24,0,5576,5576,0,0.8237087517934003,,,,,7698,< 100 mil aptos,interior
MA,7455,2102408.0,CAJAPIÓ,False,29,29,0,6372,6372,0,0.897834274952919,,,,,9681,< 100 mil aptos,interior
MA,7463,2103174.0,CENTRO NOVO DO MARANHÃO,False,47,47,0,8895,8895,0,0.7937043282743114,,,,,12437,< 100 mil aptos,interior
MA,7471,2102507.0,CAJARI,False,53,53,0,11293,11293,0,0.8778889577614452,,,,,15628,< 100 mil aptos,interior
MA,7480,2103257.0,CIDELÂNDIA,False,35,0,35,8132,0,8132,,0.7073290703394,,,,11580,< 100 mil aptos,interior
MA,7498,2102606.0,CÂNDIDO MENDES,False,57,57,0,10707,10707,0,0.7551134771644719,,,,,16479,< 100 mil aptos,interior
MA,7501,2103554.0,CONCEIÇÃO DO LAGO-AÇU,False,42,0,42,8404,0,8404,,0.7724892908138982,,,,11947,< 100 mil aptos,interior
MA,7510,2102705.0,CANTANHEDE,False,47,47,0,9651,9651,0,0.8339032224639934,,,,,14252,< 100 mil aptos,interior
MA,7528,2104073.0,FEIRA NOVA DO MARANHÃO,False,20,20,0,4840,4840,0,0.6692148760330578,,,,,6218,< 100 mil aptos,interior
MA,7536,2102804.0,CAROLINA,False,65,65,0,13495,13495,0,0.6355687291589478,,,,,18840,< 100 mil aptos,interior
MA,7544,2104081.0,FERNANDO FALCÃO,False,31,31,0,7120,7120,0,0.7801966292134831,,,,,8938,< 100 mil aptos,interior
MA,7552,2102903.0,CARUTAPERA,False,68,68,0,13102,13102,0,0.7333231567699587,,,,,19068,< 100 mil aptos,interior
MA,7560,2104099.0,FORMOSA DA SERRA NEGRA,False,40,40,0,10133,10133,0,0.632487910786539,,,,,12740,< 100 mil aptos,interior
MA,7579,2103000.0,CAXIAS,True,366,5,361,84470,1233,83237,0.8045417680454177,0.7713156408808582,3.3226127164559416,1.2203908798746075,0.19917120077002165,108400,≥ 100 mil aptos,interior
MA,7595,2103109.0,CEDRAL,False,35,35,0,6249,6249,0,0.8161305808929429,,,,,9405,< 100 mil aptos,interior
MA,7609,2104552.0,GOVERNADOR EDISON LOBÃO,False,41,41,0,11138,11138,0,0.6212066798347998,,,,,14943,< 100 mil aptos,interior
MA,7617,2103208.0,CHAPADINHA,True,175,4,171,42981,1088,41893,0.6222426470588235,0.743107440383835,-12.086479332501154,0.5694384166243254,-0.5631046378079828,54726,< 100 mil aptos,interior
MA,7625,2104628.0,GOVERNADOR LUIZ ROCHA,False,21,21,0,4684,4684,0,0.7297181895815542,,,,,6595,< 100 mil aptos,interior
MA,7633,2103307.0,CODÓ,False,246,0,246,56409,0,56409,,0.7689198532149125,,,,78479,< 100 mil aptos,interior
MA,7641,2104651.0,GOVERNADOR NEWTON BELLO,False,32,32,0,5477,5477,0,0.812671170348731,,,,,8235,< 100 mil aptos,interior
MA,7650,2103406.0,COELHO NETO,False,101,101,0,24115,24115,0,0.8204437072361601,,,,,32120,< 100 mil aptos,interior
MA,7668,2104677.0,GOVERNADOR NUNES FREIRE,False,63,63,0,12355,12355,0,0.699797652772157,,,,,18142,< 100 mil aptos,interior
MA,7676,2103505.0,COLINAS,True,82,3,79,20912,726,20186,0.8181818181818182,0.8034776577826216,1.4704160399196642,1.1006535544731488,0.09590414380291475,27178,< 100 mil aptos,interior
MA,7684,2105153.0,IGARAPÉ DO MEIO,False,43,0,43,8100,0,8100,,0.8314814814814815,,,,12197,< 100 mil aptos,interior
MA,7692,2103604.0,COROATÁ,False,143,143,0,32709,32709,0,0.7446574337338348,,,,,44767,< 100 mil aptos,interior
MA,7706,2105351.0,ITAIPAVA DO GRAJAÚ,False,33,33,0,7503,7503,0,0.7687591630014661,,,,,9885,< 100 mil aptos,interior
MA,7714,2103703.0,CURURUPU,False,99,99,0,18346,18346,0,0.8338057342199935,,,,,27552,< 100 mil aptos,interior
MA,7722,2105427.0,ITINGA DO MARANHÃO,False,63,0,63,13238,0,13238,,0.5300649644961475,,,,18440,< 100 mil aptos,interior
MA,7730,2103802.0,DOM PEDRO,False,60,60,0,13424,13424,0,0.6901817640047676,,,,,18491,< 100 mil aptos,interior
MA,7749,2105450.0,JATOBÁ,False,24,0,24,4958,0,4958,,0.8257361839451391,,,,7149,< 100 mil aptos,interior
MA,7757,2103901.0,DUQUE BACELAR,False,36,36,0,7048,7048,0,0.8907491486946651,,,,,10099,< 100 mil aptos,interior
MA,7765,2105476.0,JENIPAPO DOS VIEIRAS,False,48,48,0,9487,9487,0,0.7985664593654475,,,,,12527,< 100 mil aptos,interior
MA,7773,2104008.0,ESPERANTINÓPOLIS,False,54,54,0,10722,10722,0,0.7585338556239507,,,,,14161,< 100 mil aptos,interior
MA,7781,2105658.0,JUNCO DO MARANHÃO,False,17,17,0,3560,3560,0,0.8087078651685393,,,,,5060,< 100 mil aptos,interior
MA,7790,2104107.0,FORTALEZA DOS NOGUEIRAS,False,30,30,0,7897,7897,0,0.698493098645055,,,,,10110,< 100 mil aptos,interior
MA,7803,2105948.0,LAGO DOS RODRIGUES,False,29,29,0,6333,6333,0,0.7670930048949944,,,,,8486,< 100 mil aptos,interior
MA,7811,2104206.0,FORTUNA,False,42,42,0,9112,9112,0,0.8203467954345918,,,,,13079,< 100 mil aptos,interior
MA,7820,2105922.0,LAGOA DO MATO,False,31,31,0,6051,6051,0,0.867955709800033,,,,,8802,< 100 mil aptos,interior
MA,7838,2104305.0,GODOFREDO VIANA,False,30,30,0,5712,5712,0,0.7139355742296919,,,,,8881,< 100 mil aptos,interior
MA,7846,2105963.0,LAGOA GRANDE DO MARANHÃO,False,29,29,0,7241,7241,0,0.7906366523960779,,,,,9696,< 100 mil aptos,interior
MA,7854,2104404.0,GONÇALVES DIAS,False,48,48,0,9487,9487,0,0.7785390534415516,,,,,13777,< 100 mil aptos,interior
MA,7862,2105989.0,LAJEADO NOVO,False,21,21,0,4822,4822,0,0.5964330153463293,,,,,5985,< 100 mil aptos,interior
MA,7870,2104503.0,GOVERNADOR ARCHER,False,30,30,0,6008,6008,0,0.8207390146471372,,,,,8679,< 100 mil aptos,interior
MA,7889,2106326.0,MARACAÇUMÉ,False,48,48,0,10377,10377,0,0.6941312518068806,,,,,14699,< 100 mil aptos,interior
MA,7897,2104602.0,GOVERNADOR EUGÊNIO BARROS,False,44,44,0,8216,8216,0,0.8138997078870497,,,,,11819,< 100 mil aptos,interior
MA,7900,2106359.0,MARAJÁ DO SENA,False,24,24,0,4420,4420,0,0.7789592760180996,,,,,6433,< 100 mil aptos,interior
MA,7919,2104701.0,GRAÇA ARANHA,False,22,22,0,4557,4557,0,0.7976739082729866,,,,,6384,< 100 mil aptos,interior
MA,7927,2106375.0,MARANHÃOZINHO,False,29,29,0,5784,5784,0,0.8120677731673582,,,,,8218,< 100 mil aptos,interior
MA,7935,2104800.0,GRAJAÚ,False,149,149,0,37208,37208,0,0.6563373468071383,,,,,47378,< 100 mil aptos,interior
MA,7943,2106631.0,MATÕES DO NORTE,False,19,19,0,4814,4814,0,0.8523057748234316,,,,,6362,< 100 mil aptos,interior
MA,7951,2104909.0,GUIMARÃES,False,33,33,0,6647,6647,0,0.8728749811945239,,,,,9574,< 100 mil aptos,interior
MA,7960,2106672.0,MILAGRES DO MARANHÃO,False,21,21,0,4258,4258,0,0.8558008454673556,,,,,6155,< 100 mil aptos,interior
MA,7978,2105005.0,HUMBERTO DE CAMPOS,False,88,88,0,15509,15509,0,0.8262944096975949,,,,,23768,< 100 mil aptos,interior
MA,7986,2107258.0,NOVA COLINAS,False,15,15,0,3412,3412,0,0.7514654161781946,,,,,4439,< 100 mil aptos,interior
MA,7994,2105104.0,ICATU,False,85,85,0,15325,15325,0,0.8181402936378467,,,,,20918,< 100 mil aptos,interior
MA,8001,2107357.0,NOVA OLINDA DO MARANHÃO,False,50,0,50,9133,0,9133,,0.8047738968575495,,,,13585,< 100 mil aptos,interior
MA,8010,2105203.0,IGARAPÉ GRANDE,False,33,0,33,6523,0,6523,,0.657979457304921,,,,8069,< 100 mil aptos,interior
MA,8028,2107456.0,OLINDA NOVA DO MARANHÃO,False,31,31,0,7249,7249,0,0.8465995309697889,,,,,11428,< 100 mil aptos,interior
MA,8036,2105302.0,IMPERATRIZ,True,519,6,513,144832,1721,143111,0.3178384660081348,0.453696780820482,-13.585831481234717,0.5610315584395514,-0.5779781211386885,183024,≥ 100 mil aptos,interior
MA,8044,2108058.0,PAULINO NEVES,False,56,56,0,10624,10624,0,0.8346197289156626,,,,,15292,< 100 mil aptos,interior
MA,8052,2111409.0,SÃO LUÍS GONZAGA DO MARANHÃO,False,50,50,0,12876,12876,0,0.8592730661696178,,,,,17187,< 100 mil aptos,interior
MA,8060,2108256.0,PEDRO DO ROSÁRIO,False,64,0,64,12404,0,12404,,0.8589164785553047,,,,18848,< 100 mil aptos,interior
MA,8079,2105401.0,ITAPECURU MIRIM,False,156,156,0,33415,33415,0,0.7961394583270986,,,,,45093,< 100 mil aptos,interior
MA,8087,2108454.0,PERITORÓ,False,53,53,0,12117,12117,0,0.8247916150862424,,,,,15882,< 100 mil aptos,interior
MA,8095,2105500.0,JOÃO LISBOA,False,70,70,0,16287,16287,0,0.6420458034014859,,,,,20437,< 100 mil aptos,interior
MA,8109,2109056.0,PORTO RICO DO MARANHÃO,False,23,23,0,4221,4221,0,0.7526652452025586,,,,,7035,< 100 mil aptos,interior
MA,8117,2105609.0,JOSELÂNDIA,False,38,38,0,9132,9132,0,0.7879982479194043,,,,,11763,< 100 mil aptos,interior
MA,8125,2109239.0,PRESIDENTE MÉDICI,False,22,0,22,3900,0,3900,,0.8212820512820512,,,,5420,< 100 mil aptos,interior
MA,8133,2105708.0,LAGO DA PEDRA,False,109,109,0,25537,25537,0,0.5877354426909974,,,,,32815,< 100 mil aptos,interior
MA,8141,2109270.0,PRESIDENTE SARNEY,False,55,0,55,10349,0,10349,,0.8480046381292878,,,,16012,< 100 mil aptos,interior
MA,8150,2105807.0,LAGO DO JUNCO,False,32,32,0,6249,6249,0,0.7674827972475596,,,,,8570,< 100 mil aptos,interior
MA,8168,2109452.0,RAPOSA,False,70,0,70,16173,0,16173,,0.6690780931181599,,,,20517,< 100 mil aptos,interior
MA,8176,2105906.0,LAGO VERDE,False,44,0,44,9049,0,9049,,0.8325781854348547,,,,13075,< 100 mil aptos,interior
MA,8184,2109551.0,RIBAMAR FIQUENE,False,21,21,0,4888,4888,0,0.6712356792144026,,,,,6759,< 100 mil aptos,interior
MA,8192,2106003.0,LIMA CAMPOS,False,40,0,40,8147,0,8147,,0.6872468393273597,,,,11018,< 100 mil aptos,interior
MA,8206,2109759.0,SANTA FILOMENA DO MARANHÃO,False,19,19,0,4532,4532,0,0.806045895851721,,,,,5692,< 100 mil aptos,interior
MA,8214,2106102.0,LORETO,False,32,32,0,6299,6299,0,0.7764724559453882,,,,,8698,< 100 mil aptos,interior
MA,8222,2110237.0,SANTANA DO MARANHÃO,False,28,28,0,5567,5567,0,0.809951499910185,,,,,8698,< 100 mil aptos,interior
MA,8230,2106201.0,LUÍS DOMINGUES,False,20,20,0,4170,4170,0,0.685611510791367,,,,,6062,< 100 mil aptos,interior
MA,8249,2110278.0,SANTO AMARO DO MARANHÃO,False,44,44,0,7888,7888,0,0.8548427991886409,,,,,11477,< 100 mil aptos,interior
MA,8257,2106300.0,MAGALHÃES DE ALMEIDA,False,48,48,0,9130,9130,0,0.7753559693318729,,,,,13649,< 100 mil aptos,interior
MA,8265,2110658.0,SÃO DOMINGOS DO AZEITÃO,False,22,22,0,4953,4953,0,0.7666060973147587,,,,,6303,< 100 mil aptos,interior
MA,8273,2106409.0,MATA ROMA,False,47,0,47,11593,0,11593,,0.8126455619770551,,,,14640,< 100 mil aptos,interior
MA,8281,2110856.0,SÃO FRANCISCO DO BREJÃO,False,26,0,26,5915,0,5915,,0.6018596787827557,,,,8035,< 100 mil aptos,interior
MA,8290,2106508.0,MATINHA,False,63,63,0,14390,14390,0,0.7686587908269632,,,,,18929,< 100 mil aptos,interior
MA,8303,2111029.0,SÃO JOÃO DO CARÚ,False,41,41,0,7017,7017,0,0.7558785805899957,,,,,11043,< 100 mil aptos,interior
MA,8311,2106607.0,MATÕES,False,91,91,0,18391,18391,0,0.8440541569245826,,,,,25435,< 100 mil aptos,interior
MA,8320,2111052.0,SÃO JOÃO DO PARAÍSO,False,32,32,0,6524,6524,0,0.6290619251992643,,,,,8746,< 100 mil aptos,interior
MA,8338,2106706.0,MIRADOR,False,49,49,0,11909,11909,0,0.8278612813838273,,,,,15231,< 100 mil aptos,interior
MA,8346,2111078.0,SÃO JOÃO DO SOTER,False,46,0,46,10238,0,10238,,0.8793709708927525,,,,13547,< 100 mil aptos,interior
MA,8354,2106805.0,MIRINZAL,False,38,38,0,8119,8119,0,0.799852198546619,,,,,11032,< 100 mil aptos,interior
MA,8362,2111250.0,SÃO JOSÉ DOS BASÍLIOS,False,22,22,0,4797,4797,0,0.854492391077757,,,,,6264,< 100 mil aptos,interior
MA,8370,2106904.0,MONÇÃO,False,80,80,0,14086,14086,0,0.8145676558284822,,,,,19782,< 100 mil aptos,interior
MA,8389,2111532.0,SÃO PEDRO DA ÁGUA BRANCA,False,29,0,29,6751,0,6751,,0.6393126944156421,,,,9965,< 100 mil aptos,interior
MA,8397,2107001.0,MONTES ALTOS,False,23,23,0,5790,5790,0,0.6621761658031088,,,,,7254,< 100 mil aptos,interior
MA,8400,2111573.0,SÃO PEDRO DOS CRENTES,False,14,14,0,3496,3496,0,0.3767162471395881,,,,,4505,< 100 mil aptos,interior
MA,8419,2107100.0,MORROS,False,56,56,0,11692,11692,0,0.792251111871365,,,,,16621,< 100 mil aptos,interior
MA,8427,2111631.0,SÃO RAIMUNDO DO DOCA BEZERRA,False,22,22,0,3799,3799,0,0.8081073966833378,,,,,5562,< 100 mil aptos,interior
MA,8435,2107209.0,NINA RODRIGUES,False,35,35,0,7018,7018,0,0.8310059846110003,,,,,10087,< 100 mil aptos,interior
MA,8443,2111672.0,SÃO ROBERTO,False,17,17,0,3472,3472,0,0.8332373271889401,,,,,4785,< 100 mil aptos,interior
MA,8451,2107308.0,NOVA IORQUE,False,13,13,0,2909,2909,0,0.8171192849776555,,,,,3935,< 100 mil aptos,interior
MA,8460,2111722.0,SATUBINHA,False,28,28,0,5202,5202,0,0.7756632064590542,,,,,7205,< 100 mil aptos,interior
MA,8478,2107407.0,OLHO D'ÁGUA DAS CUNHÃS,False,52,52,0,10780,10780,0,0.7946196660482375,,,,,15689,< 100 mil aptos,interior
MA,8486,2111748.0,SENADOR ALEXANDRE COSTA,False,29,0,29,5910,0,5910,,0.7903553299492386,,,,8574,< 100 mil aptos,interior
MA,8494,2107506.0,PAÇO DO LUMIAR,False,247,0,247,60594,0,60594,,0.6359870614252237,,,,74633,< 100 mil aptos,interior
MA,8508,2111763.0,SENADOR LA ROCQUE,False,43,43,0,9160,9160,0,0.6907205240174672,,,,,12989,< 100 mil aptos,interior
MA,8516,2107605.0,PALMEIRÂNDIA,False,55,55,0,11445,11445,0,0.8647444298820446,,,,,17270,< 100 mil aptos,interior
MA,8524,2111789.0,SERRANO DO MARANHÃO,False,35,35,0,6114,6114,0,0.9187111547268564,,,,,8971,< 100 mil aptos,interior
MA,8532,2107704.0,PARAIBANO,False,45,45,0,10690,10690,0,0.8372310570626754,,,,,14491,< 100 mil aptos,interior
MA,8540,2111953.0,SUCUPIRA DO RIACHÃO,False,15,15,0,3352,3352,0,0.8836515513126492,,,,,4603,< 100 mil aptos,interior
MA,8559,2107803.0,PARNARAMA,False,97,97,0,18374,18374,0,0.8695439207575922,,,,,27547,< 100 mil aptos,interior
MA,8567,2112233.0,TRIZIDELA DO VALE,False,56,0,56,12931,0,12931,,0.6867991647977728,,,,16619,< 100 mil aptos,interior
MA,8575,2107902.0,PASSAGEM FRANCA,False,46,46,0,10205,10205,0,0.8128368446839784,,,,,13679,< 100 mil aptos,interior
MA,8583,2112274.0,TUFILÂNDIA,False,21,0,21,4230,0,4230,,0.8241134751773049,,,,5944,< 100 mil aptos,interior
MA,8591,2108009.0,PASTOS BONS,False,47,47,0,11132,11132,0,0.8063241106719368,,,,,14559,< 100 mil aptos,interior
MA,8605,2112456.0,TURILÂNDIA,False,64,64,0,10433,10433,0,0.7946899261957251,,,,,16605,< 100 mil aptos,interior
MA,8613,2108207.0,PEDREIRAS,False,105,0,105,22424,0,22424,,0.6572422404566536,,,,30903,< 100 mil aptos,interior
MA,8621,2112852.0,VILA NOVA DOS MARTÍRIOS,False,26,0,26,6001,0,6001,,0.6322279620063322,,,,8614,< 100 mil aptos,interior
MA,8630,2108306.0,PENALVA,False,98,98,0,17686,17686,0,0.8674092502544385,,,,,28179,< 100 mil aptos,interior
MA,8656,2108405.0,PERI MIRIM,False,36,36,0,7848,7848,0,0.8292558613659531,,,,,12002,< 100 mil aptos,interior
MA,8672,2108504.0,PINDARÉ-MIRIM,False,81,81,0,18526,18526,0,0.7676778581453093,,,,,25486,< 100 mil aptos,interior
MA,8699,2108603.0,PINHEIRO,True,188,4,184,43911,1027,42884,0.7215189873417721,0.74727170972857,-2.5752722386797933,0.8762489149120866,-0.13210507896553153,59695,< 100 mil aptos,interior
MA,8710,2108702.0,PIO XII,False,69,69,0,13946,13946,0,0.7984368277642335,,,,,20350,< 100 mil aptos,interior
MA,8737,2108801.0,PIRAPEMAS,False,41,41,0,8971,8971,0,0.8306766246795229,,,,,12543,< 100 mil aptos,interior
MA,8753,2108900.0,POÇÃO DE PEDRAS,False,60,60,0,10875,10875,0,0.743264367816092,,,,,14578,< 100 mil aptos,interior
MA,8770,2109007.0,PORTO FRANCO,False,58,58,0,13722,13722,0,0.6108439003060778,,,,,17556,< 100 mil aptos,interior
MA,8796,2109106.0,PRESIDENTE DUTRA,False,96,96,0,23707,23707,0,0.6771839541063821,,,,,29683,< 100 mil aptos,interior
MA,8818,2109205.0,PRESIDENTE JUSCELINO,False,34,34,0,7008,7008,0,0.8360445205479452,,,,,10624,< 100 mil aptos,interior
MA,8834,2109304.0,PRESIDENTE VARGAS,False,36,36,0,7144,7144,0,0.8696808510638298,,,,,10479,< 100 mil aptos,interior
MA,8850,2109403.0,PRIMEIRA CRUZ,False,46,46,0,7027,7027,0,0.8807456951757506,,,,,11179,< 100 mil aptos,interior
MA,8877,2109502.0,RIACHÃO,False,53,53,0,12280,12280,0,0.7220684039087948,,,,,16149,< 100 mil aptos,interior
MA,8893,2111201.0,SÃO JOSÉ DE RIBAMAR,False,345,0,345,90444,0,90444,,0.6405621157843527,,,,115323,≥ 100 mil aptos,interior
MA,8915,2109601.0,ROSÁRIO,False,103,0,103,23393,0,23393,,0.7756593852861967,,,,30231,< 100 mil aptos,interior
MA,8931,2109700.0,SAMBAÍBA,False,19,19,0,4034,4034,0,0.6963311849281111,,,,,5684,< 100 mil aptos,interior
MA,8958,2109809.0,SANTA HELENA,False,85,85,0,16445,16445,0,0.7657038613560353,,,,,23070,< 100 mil aptos,interior
MA,8974,2110005.0,SANTA LUZIA,False,166,166,0,32416,32416,0,0.7750493583415597,,,,,42951,< 100 mil aptos,interior
MA,8990,2110104.0,SANTA QUITÉRIA DO MARANHÃO,False,70,70,0,15392,15392,0,0.8278326403326404,,,,,22304,< 100 mil aptos,interior
MA,9016,2110203.0,SANTA RITA,False,81,0,81,18378,0,18378,,0.8077048645119165,,,,24626,< 100 mil aptos,interior
MA,9032,2110302.0,SANTO ANTÔNIO DOS LOPES,False,50,50,0,11330,11330,0,0.733892321270962,,,,,14929,< 100 mil aptos,interior
MA,9059,2110401.0,SÃO BENEDITO DO RIO PRETO,False,52,52,0,11198,11198,0,0.8547061975352741,,,,,14422,< 100 mil aptos,interior
MA,9075,2110500.0,SÃO BENTO,False,91,91,0,19709,19709,0,0.8087168298746765,,,,,28461,< 100 mil aptos,interior
MA,9091,2110609.0,SÃO BERNARDO,False,74,74,0,15950,15950,0,0.7974294670846395,,,,,23104,< 100 mil aptos,interior
MA,9113,2110708.0,SÃO DOMINGOS DO MARANHÃO,False,93,93,0,21372,21372,0,0.698109676211866,,,,,29330,< 100 mil aptos,interior
MA,9130,2110807.0,SÃO FÉLIX DE BALSAS,False,13,13,0,2895,2895,0,0.7848013816925734,,,,,4206,< 100 mil aptos,interior
MA,9156,2110906.0,SÃO FRANCISCO DO MARANHÃO,False,32,32,0,7034,7034,0,0.8854137048620984,,,,,9904,< 100 mil aptos,interior
MA,9172,2111003.0,SÃO JOÃO BATISTA,False,67,67,0,13128,13128,0,0.8740859232175503,,,,,19600,< 100 mil aptos,interior
MA,9199,2111102.0,SÃO JOÃO DOS PATOS,False,69,69,0,14735,14735,0,0.7860875466576179,,,,,20758,< 100 mil aptos,interior
MA,9210,2111300.0,SÃO LUÍS,True,2150,4,2146,601416,984,600432,0.5294715447154471,0.6039151810696298,-7.444363635418272,0.7380214467429351,-0.30378239417663305,753009,≥ 100 mil aptos,capital
MA,9237,2111508.0,SÃO MATEUS DO MARANHÃO,False,83,83,0,20790,20790,0,0.7633477633477633,,,,,27644,< 100 mil aptos,interior
MA,9253,2111607.0,SÃO RAIMUNDO DAS MANGABEIRAS,False,51,51,0,11249,11249,0,0.6966841497021957,,,,,16056,< 100 mil aptos,interior
MA,9270,2111706.0,SÃO VICENTE FERRER,False,57,57,0,10858,10858,0,0.8427887272057469,,,,,16425,< 100 mil aptos,interior
MA,9296,2111805.0,SÍTIO NOVO,False,46,46,0,11086,11086,0,0.6748150820855132,,,,,13385,< 100 mil aptos,interior
MA,9318,2111904.0,SUCUPIRA DO NORTE,False,29,29,0,6479,6479,0,0.7978083037505788,,,,,8787,< 100 mil aptos,interior
MA,9334,2112001.0,TASSO FRAGOSO,False,24,24,0,5331,5331,0,0.6550365785030952,,,,,7099,< 100 mil aptos,interior
MA,9350,2112100.0,TIMBIRAS,False,61,0,61,14749,0,14749,,0.8374127059461658,,,,20534,< 100 mil aptos,interior
MA,9377,2112209.0,TIMON,False,360,0,360,93812,0,93812,,0.7404170042212084,,,,115685,≥ 100 mil aptos,interior
MA,9393,2112308.0,TUNTUM,False,88,88,0,20563,20563,0,0.7155084374848028,,,,,26957,< 100 mil aptos,interior
MA,9415,2112407.0,TURIAÇU,False,106,106,0,18773,18773,0,0.8063708517551803,,,,,29027,< 100 mil aptos,interior
MA,9431,2112506.0,TUTÓIA,False,132,132,0,28820,28820,0,0.7707841776544067,,,,,38989,< 100 mil aptos,interior
MA,9458,2112605.0,URBANO SANTOS,False,74,74,0,18530,18530,0,0.8375067458175931,,,,,23849,< 100 mil aptos,interior
MA,9474,2112704.0,VARGEM GRANDE,False,99,99,0,23071,23071,0,0.8244982878938928,,,,,31117,< 100 mil aptos,interior
MA,9490,2112803.0,VIANA,False,130,130,0,28043,28043,0,0.7290589451913133,,,,,38434,< 100 mil aptos,interior
MA,9512,2112902.0,VITÓRIA DO MEARIM,False,92,92,0,17572,17572,0,0.7316184839517414,,,,,26746,< 100 mil aptos,interior
MA,9539,2113009.0,VITORINO FREIRE,False,85,85,0,17559,17559,0,0.7311919813201208,,,,,25266,< 100 mil aptos,interior
MA,9555,2102002.0,BOM JARDIM,False,112,112,0,19070,19070,0,0.764604090194022,,,,,28901,< 100 mil aptos,interior
MA,9571,2109908.0,SANTA INÊS,True,191,4,187,45523,761,44762,0.5939553219448095,0.6640453956480944,-7.00900737032849,0.7400529314134482,-0.3010335664049019,58817,< 100 mil aptos,interior
MA,9598,2108108.0,PAULO RAMOS,False,54,54,0,11901,11901,0,0.7392656079321065,,,,,16075,< 100 mil aptos,interior
MA,9610,2100055.0,AÇAILÂNDIA,False,243,0,243,58780,0,58780,,0.46012249064307587,,,,75812,< 100 mil aptos,interior
MA,9636,2104057.0,ESTREITO,False,69,69,0,17578,17578,0,0.5542154966435316,,,,,22933,< 100 mil aptos,interior
MA,9652,2110039.0,SANTA LUZIA DO PARUÁ,True,59,4,55,12623,899,11724,0.6952169076751946,0.7261173660866599,-3.090045841146527,0.860373700677624,-0.15038844844621188,17812,< 100 mil aptos,interior
MA,9679,2100956.0,ARAME,False,79,79,0,15878,15878,0,0.7253432422219424,,,,,22582,< 100 mil aptos,interior
MA,9695,2106755.0,MIRANDA DO NORTE,False,57,57,0,11692,11692,0,0.755730413958262,,,,,16975,< 100 mil aptos,interior
MA,9717,2114007.0,ZÉ DOCA,False,108,108,0,23774,23774,0,0.7344578110540927,,,,,31639,< 100 mil aptos,interior
MG,40002,3101631.0,ALFREDO VASCONCELOS,False,18,0,18,4725,0,4725,,0.5976719576719577,,,,5776,< 100 mil aptos,interior
MG,40010,3100104.0,ABADIA DOS DOURADOS,False,21,21,0,4511,4511,0,0.5211704721791177,,,,,5706,< 100 mil aptos,interior
MG,40029,3103751.0,ARAPORÃ,False,17,17,0,5083,5083,0,0.4955734802282117,,,,,6413,< 100 mil aptos,interior
MG,40037,3100203.0,ABAETÉ,False,61,61,0,13998,13998,0,0.4502071724532076,,,,,18935,< 100 mil aptos,interior
MG,40045,3108552.0,BRASILÂNDIA DE MINAS,False,35,35,0,8843,8843,0,0.5883749858645256,,,,,11712,< 100 mil aptos,interior
MG,40053,3100302.0,ABRE CAMPO,False,37,37,0,8957,8957,0,0.5908228201406721,,,,,11460,< 100 mil aptos,interior
MG,40061,3112653.0,CAPITÃO ANDRADE,False,13,13,0,2742,2742,0,0.49270605397520056,,,,,4071,< 100 mil aptos,interior
MG,40070,3100401.0,ACAIACA,False,13,0,13,2570,0,2570,,0.6937743190661478,,,,3536,< 100 mil aptos,interior
MG,40088,3114550.0,CARNEIRINHO,False,26,26,0,6108,6108,0,0.5094957432874918,,,,,7667,< 100 mil aptos,interior
MG,40096,3100500.0,AÇUCENA,False,35,35,0,5415,5415,0,0.6179132040627886,,,,,8599,< 100 mil aptos,interior
MG,40100,3115458.0,CATUJI,False,25,25,0,5466,5466,0,0.7676545920234175,,,,,8045,< 100 mil aptos,interior
MG,40118,3100609.0,ÁGUA BOA,False,38,38,0,7589,7589,0,0.6315720121228093,,,,,11853,< 100 mil aptos,interior
MG,40126,3122355.0,DIVISA ALEGRE,False,14,14,0,3736,3736,0,0.6426659528907923,,,,,5245,< 100 mil aptos,interior
MG,40134,3100708.0,ÁGUA COMPRIDA,False,10,10,0,1759,1759,0,0.4292211483797612,,,,,2378,< 100 mil aptos,interior
MG,40142,3122454.0,DIVISÓPOLIS,False,18,18,0,5024,5024,0,0.6777468152866242,,,,,6859,< 100 mil aptos,interior
MG,40150,3100807.0,AGUANIL,False,12,0,12,3046,0,3046,,0.5275771503611294,,,,4006,< 100 mil aptos,interior
MG,40169,3123528.0,DURANDÉ,False,22,22,0,4967,4967,0,0.5735856653915845,,,,,6567,< 100 mil aptos,interior
MG,40177,3100906.0,ÁGUAS FORMOSAS,False,50,50,0,11033,11033,0,0.5847004441221789,,,,,15909,< 100 mil aptos,interior
MG,40185,3123858.0,ENTRE FOLHAS,False,20,20,0,4458,4458,0,0.5109914759982055,,,,,5857,< 100 mil aptos,interior
MG,40193,3101003.0,ÁGUAS VERMELHAS,False,29,29,0,6642,6642,0,0.7011442336645589,,,,,10297,< 100 mil aptos,interior
MG,40207,3125952.0,FERVEDOURO,False,27,27,0,6559,6559,0,0.5878944961122122,,,,,8016,< 100 mil aptos,interior
MG,40215,3101102.0,AIMORÉS,False,64,64,0,13969,13969,0,0.4520008590450283,,,,,19161,< 100 mil aptos,interior
MG,40223,3126752.0,FRANCISCÓPOLIS,False,16,16,0,3306,3306,0,0.7114337568058077,,,,,5057,< 100 mil aptos,interior
MG,40231,3101201.0,AIURUOCA,False,20,20,0,3891,3891,0,0.5381649961449498,,,,,5159,< 100 mil aptos,interior
MG,40240,3130051.0,ICARAÍ DE MINAS,False,32,32,0,6150,6150,0,0.7164227642276423,,,,,8437,< 100 mil aptos,interior
MG,40258,3101300.0,ALAGOA,False,9,9,0,1929,1929,0,0.34733022291342663,,,,,2472,< 100 mil aptos,interior
MG,40266,3131158.0,IPABA,False,42,42,0,9891,9891,0,0.4931756141947225,,,,,14064,< 100 mil aptos,interior
MG,40274,3101409.0,ALBERTINA,False,8,8,0,2326,2326,0,0.3073946689595873,,,,,2981,< 100 mil aptos,interior
MG,40282,3135050.0,JAÍBA,False,73,73,0,18851,18851,0,0.6063338814916981,,,,,25211,< 100 mil aptos,interior
MG,40290,3101508.0,ALÉM PARAÍBA,False,98,98,0,20802,20802,0,0.5567733871743101,,,,,27985,< 100 mil aptos,interior
MG,40304,3135076.0,JAMPRUCA,False,14,14,0,2957,2957,0,0.705444707473791,,,,,4296,< 100 mil aptos,interior
MG,40312,3101607.0,ALFENAS,False,173,173,0,46229,46229,0,0.41108395163209244,,,,,61211,< 100 mil aptos,interior
MG,40320,3136652.0,JUATUBA,False,74,0,74,17455,0,17455,,0.4913205385276425,,,,22889,< 100 mil aptos,interior
MG,40339,3101706.0,ALMENARA,False,103,103,0,21415,21415,0,0.7209899603081952,,,,,30392,< 100 mil aptos,interior
MG,40347,3137536.0,LAGOA GRANDE,False,20,20,0,5733,5733,0,0.5606139891854177,,,,,7462,< 100 mil aptos,interior
MG,40355,3101805.0,ALPERCATA,False,23,23,0,4502,4502,0,0.5517547756552643,,,,,6485,< 100 mil aptos,interior
MG,40363,3138625.0,LIMEIRA DO OESTE,False,18,18,0,4944,4944,0,0.5616909385113269,,,,,6095,< 100 mil aptos,interior
MG,40371,3101904.0,ALPINÓPOLIS,False,45,45,0,12331,12331,0,0.45113940475225045,,,,,15776,< 100 mil aptos,interior
MG,40380,3138658.0,LONTRA,False,24,24,0,5799,5799,0,0.735644076564925,,,,,8260,< 100 mil aptos,interior
MG,40398,3102001.0,ALTEROSA,False,39,39,0,9590,9590,0,0.440667361835245,,,,,12075,< 100 mil aptos,interior
MG,40401,3139250.0,MAMONAS,False,22,22,0,4561,4561,0,0.6930497697873274,,,,,5634,< 100 mil aptos,interior
MG,40410,3102100.0,ALTO RIO DOCE,False,31,0,31,7252,0,7252,,0.7312465526751241,,,,10237,< 100 mil aptos,interior
MG,40428,3140555.0,MATA VERDE,False,24,24,0,4922,4922,0,0.6105241771637546,,,,,6780,< 100 mil aptos,interior
MG,40436,3102209.0,ALVARENGA,False,18,18,0,3378,3378,0,0.5512137359384252,,,,,4242,< 100 mil aptos,interior
MG,40444,3140852.0,MATIAS CARDOSO,False,23,23,0,4932,4932,0,0.7210056772100568,,,,,6964,< 100 mil aptos,interior
MG,40452,3102308.0,ALVINÓPOLIS,False,42,0,42,9892,0,9892,,0.6925798625151638,,,,13077,< 100 mil aptos,interior
MG,40460,3143450.0,MONTEZUMA,False,25,25,0,4079,4079,0,0.6937974993871047,,,,,5944,< 100 mil aptos,interior
MG,40479,3102407.0,ALVORADA DE MINAS,False,13,13,0,3008,3008,0,0.7593085106382979,,,,,4381,< 100 mil aptos,interior
MG,40487,3144359.0,NAQUE,False,15,15,0,3915,3915,0,0.5742017879948914,,,,,5439,< 100 mil aptos,interior
MG,40495,3102506.0,AMPARO DO SERRA,False,17,17,0,3523,3523,0,0.7544706216292932,,,,,4629,< 100 mil aptos,interior
MG,40509,3145356.0,NOVO ORIENTE DE MINAS,False,26,26,0,5671,5671,0,0.7349673778874978,,,,,8991,< 100 mil aptos,interior
MG,40517,3102605.0,ANDRADAS,False,98,98,0,23032,23032,0,0.3363146926015978,,,,,30408,< 100 mil aptos,interior
MG,40525,3146750.0,PALMÓPOLIS,False,20,20,0,4015,4015,0,0.7491905354919054,,,,,6166,< 100 mil aptos,interior
MG,40533,3102704.0,CACHOEIRA DE PAJEÚ,False,26,26,0,4957,4957,0,0.6901351623966109,,,,,7121,< 100 mil aptos,interior
MG,40541,3149150.0,PEDRAS DE MARIA DA CRUZ,False,28,28,0,5274,5274,0,0.7726583238528631,,,,,7901,< 100 mil aptos,interior
MG,40550,3102803.0,ANDRELÂNDIA,False,34,34,0,7137,7137,0,0.5573770491803278,,,,,9933,< 100 mil aptos,interior
MG,40568,3149952.0,PERIQUITO,False,21,21,0,4629,4629,0,0.5286238928494276,,,,,6550,< 100 mil aptos,interior
MG,40576,3102902.0,ANTÔNIO CARLOS,False,32,0,32,7498,0,7498,,0.6556415044011736,,,,9734,< 100 mil aptos,interior
MG,40584,3152170.0,PONTO DOS VOLANTES,False,31,31,0,6184,6184,0,0.7042367399741267,,,,,9443,< 100 mil aptos,interior
MG,40592,3103009.0,ANTÔNIO DIAS,False,33,0,33,6510,0,6510,,0.56036866359447,,,,8831,< 100 mil aptos,interior
MG,40606,3154457.0,RIACHINHO,False,19,19,0,4169,4169,0,0.6387622931158551,,,,,5668,< 100 mil aptos,interior
MG,40614,3103108.0,ANTÔNIO PRADO DE MINAS,False,6,6,0,1455,1455,0,0.593127147766323,,,,,1775,< 100 mil aptos,interior
MG,40622,3156452.0,ROSÁRIO DA LIMEIRA,False,16,16,0,4007,4007,0,0.6306463688545046,,,,,5069,< 100 mil aptos,interior
MG,40630,3103207.0,ARAÇAÍ,False,10,0,10,1884,0,1884,,0.5833333333333334,,,,2351,< 100 mil aptos,interior
MG,40649,3157252.0,SANTA BÁRBARA DO LESTE,False,26,26,0,5618,5618,0,0.4852260590957636,,,,,7301,< 100 mil aptos,interior
MG,40657,3103306.0,ARACITABA,False,8,8,0,1818,1818,0,0.6320132013201321,,,,,2474,< 100 mil aptos,interior
MG,40665,3159357.0,SANTA RITA DE MINAS,False,20,20,0,4595,4595,0,0.485310119695321,,,,,5970,< 100 mil aptos,interior
MG,40673,3103405.0,ARAÇUAÍ,False,92,92,0,18679,18679,0,0.6606349376304942,,,,,27974,< 100 mil aptos,interior
MG,40681,3158953.0,SANTANA DO PARAÍSO,False,70,70,0,17656,17656,0,0.40173312188491167,,,,,23778,< 100 mil aptos,interior
MG,40690,3103504.0,ARAGUARI,False,277,277,0,68220,68220,0,0.38283494576370564,,,,,89205,< 100 mil aptos,interior
MG,40703,3162252.0,SÃO JOÃO DA LAGOA,False,18,18,0,3656,3656,0,0.7379649890590809,,,,,4882,< 100 mil aptos,interior
MG,40711,3103603.0,ARANTINA,False,9,9,0,2132,2132,0,0.6927767354596623,,,,,2718,< 100 mil aptos,interior
MG,40720,3162559.0,SÃO JOÃO DO MANHUAÇU,False,25,25,0,7445,7445,0,0.4728005372733378,,,,,9129,< 100 mil aptos,interior
MG,40738,3103702.0,ARAPONGA,False,22,22,0,5159,5159,0,0.7447179685985656,,,,,6798,< 100 mil aptos,interior
MG,40746,3162575.0,SÃO JOÃO DO MANTENINHA,False,19,19,0,3755,3755,0,0.5046604527296937,,,,,5184,< 100 mil aptos,interior
MG,40754,3103801.0,ARAPUÁ,False,11,11,0,2486,2486,0,0.35237329042638776,,,,,3217,< 100 mil aptos,interior
MG,40762,3162658.0,SÃO JOÃO DO PACUÍ,False,15,15,0,2848,2848,0,0.7749297752808989,,,,,3928,< 100 mil aptos,interior
MG,40770,3103900.0,ARAÚJOS,False,20,0,20,5235,0,5235,,0.38529130850047755,,,,6448,< 100 mil aptos,interior
MG,40789,3162955.0,SÃO JOSÉ DA LAPA,False,59,0,59,15666,0,15666,,0.455189582535427,,,,19684,< 100 mil aptos,interior
MG,40797,3104007.0,ARAXÁ,False,234,234,0,61076,61076,0,0.44398781845569457,,,,,79893,< 100 mil aptos,interior
MG,40800,3165537.0,SARZEDO,False,70,0,70,20014,0,20014,,0.4403417607674628,,,,25002,< 100 mil aptos,interior
MG,40819,3104106.0,ARCEBURGO,False,21,21,0,5657,5657,0,0.42372282128336575,,,,,7367,< 100 mil aptos,interior
MG,40827,3165560.0,SEM PEIXE,False,12,0,12,2401,0,2401,,0.6992919616826322,,,,3583,< 100 mil aptos,interior
MG,40835,3104205.0,ARCOS,False,102,0,102,25023,0,25023,,0.43020421212484516,,,,32222,< 100 mil aptos,interior
MG,40843,3165578.0,SENADOR AMARAL,False,15,15,0,4353,4353,0,0.41212956581667815,,,,,5426,< 100 mil aptos,interior
MG,40851,3104304.0,AREADO,False,39,39,0,8979,8979,0,0.40706091992426774,,,,,11763,< 100 mil aptos,interior
MG,40860,3170057.0,UBAPORANGA,False,39,39,0,7796,7796,0,0.4288096459722935,,,,,10458,< 100 mil aptos,interior
MG,40878,3104403.0,ARGIRITA,False,11,11,0,2249,2249,0,0.7047576700755892,,,,,2931,< 100 mil aptos,interior
MG,40886,3170529.0,URUCUIA,False,26,26,0,5303,5303,0,0.6366207806901754,,,,,7720,< 100 mil aptos,interior
MG,40894,3104502.0,ARINOS,False,46,46,0,9667,9667,0,0.6070135512568532,,,,,13845,< 100 mil aptos,interior
MG,40908,3170578.0,VARGEM ALEGRE,False,21,21,0,4288,4288,0,0.5412779850746269,,,,,6087,< 100 mil aptos,interior
MG,40916,3104601.0,ASTOLFO DUTRA,False,35,35,0,8545,8545,0,0.5146869514335869,,,,,10799,< 100 mil aptos,interior
MG,40924,3136579.0,JOSENÓPOLIS,False,13,13,0,2148,2148,0,0.7532588454376163,,,,,3430,< 100 mil aptos,interior
MG,40932,3104700.0,ATALÉIA,False,38,38,0,7469,7469,0,0.6875083679207391,,,,,11336,< 100 mil aptos,interior
MG,40940,3136959.0,JUVENÍLIA,False,21,21,0,3719,3719,0,0.6792148426996505,,,,,5637,< 100 mil aptos,interior
MG,40959,3104809.0,AUGUSTO DE LIMA,False,18,18,0,2909,2909,0,0.5902371949123411,,,,,4305,< 100 mil aptos,interior
MG,40967,3138351.0,LEME DO PRADO,False,15,15,0,2848,2848,0,0.7313904494382022,,,,,4242,< 100 mil aptos,interior
MG,40975,3104908.0,BAEPENDI,False,52,52,0,12126,12126,0,0.376051459673429,,,,,15491,< 100 mil aptos,interior
MG,40983,3138674.0,LUISBURGO,False,17,17,0,4535,4535,0,0.4004410143329658,,,,,5579,< 100 mil aptos,interior
MG,40991,3105004.0,BALDIM,False,26,0,26,5428,0,5428,,0.5173176123802505,,,,7111,< 100 mil aptos,interior
MG,41009,3138682.0,LUISLÂNDIA,False,27,27,0,4499,4499,0,0.8277394976661481,,,,,6482,< 100 mil aptos,interior
MG,41017,3105103.0,BAMBUÍ,False,61,0,61,14176,0,14176,,0.532872460496614,,,,19072,< 100 mil aptos,interior
MG,41025,3140159.0,MÁRIO CAMPOS,False,35,0,35,9683,0,9683,,0.47547247753795313,,,,12398,< 100 mil aptos,interior
MG,41033,3105202.0,BANDEIRA,False,16,16,0,3151,3151,0,0.8181529673119644,,,,,4539,< 100 mil aptos,interior
MG,41041,3140530.0,MARTINS SOARES,False,23,23,0,6030,6030,0,0.5323383084577115,,,,,7772,< 100 mil aptos,interior
MG,41050,3105301.0,BANDEIRA DO SUL,False,18,18,0,4074,4074,0,0.42857142857142855,,,,,5263,< 100 mil aptos,interior
MG,41068,3142254.0,MIRAVÂNIA,False,14,14,0,2563,2563,0,0.7616074912212252,,,,,4049,< 100 mil aptos,interior
MG,41076,3105400.0,BARÃO DE COCAIS,False,72,0,72,19029,0,19029,,0.5718639970571233,,,,24717,< 100 mil aptos,interior
MG,41084,3143153.0,MONTE FORMOSO,False,15,15,0,2750,2750,0,0.7767272727272727,,,,,4530,< 100 mil aptos,interior
MG,41092,3105509.0,BARÃO DE MONTE ALTO,False,18,18,0,4186,4186,0,0.6497849976110845,,,,,5511,< 100 mil aptos,interior
MG,41106,3144375.0,NATALÂNDIA,False,11,11,0,2366,2366,0,0.6136939983093829,,,,,3093,< 100 mil aptos,interior
MG,41114,3105608.0,BARBACENA,False,310,0,310,77253,0,77253,,0.56632104902075,,,,99142,< 100 mil aptos,interior
MG,41122,3144656.0,NINHEIRA,False,37,37,0,5401,5401,0,0.6920940566561747,,,,,8341,< 100 mil aptos,interior
MG,41130,3105707.0,BARRA LONGA,False,22,0,22,4227,0,4227,,0.7246273953158269,,,,5772,< 100 mil aptos,interior
MG,41149,3144672.0,NOVA BELÉM,False,13,13,0,2586,2586,0,0.5564578499613302,,,,,3629,< 100 mil aptos,interior
MG,41157,3169356.0,TRÊS MARIAS,False,78,78,0,17653,17653,0,0.4891519854982156,,,,,24231,< 100 mil aptos,interior
MG,41165,3145059.0,NOVA PORTEIRINHA,False,24,24,0,4691,4691,0,0.6444254956299297,,,,,5697,< 100 mil aptos,interior
MG,41173,3105905.0,BARROSO,False,53,0,53,13323,0,13323,,0.5958117541094348,,,,17360,< 100 mil aptos,interior
MG,41181,3145372.0,NOVORIZONTE,False,16,16,0,3392,3392,0,0.6273584905660378,,,,,4763,< 100 mil aptos,interior
MG,41190,3106002.0,BELA VISTA DE MINAS,False,31,0,31,6260,0,6260,,0.639776357827476,,,,7948,< 100 mil aptos,interior
MG,41203,3145455.0,OLHOS D'ÁGUA,False,20,20,0,3843,3843,0,0.7647671090294041,,,,,5306,< 100 mil aptos,interior
MG,41211,3106101.0,BELMIRO BRAGA,False,11,11,0,2408,2408,0,0.6698504983388704,,,,,3006,< 100 mil aptos,interior
MG,41220,3145851.0,ORATÓRIOS,False,15,0,15,3308,0,3308,,0.7626964933494559,,,,4442,< 100 mil aptos,interior
MG,41238,3106200.0,BELO HORIZONTE,False,4697,0,4697,1538303,0,1538303,,0.45748789412748986,,,,2011694,≥ 100 mil aptos,capital
MG,41246,3145877.0,ORIZÂNIA,False,19,19,0,4941,4941,0,0.5509006274033597,,,,,6438,< 100 mil aptos,interior
MG,41254,3106309.0,BELO ORIENTE,False,60,0,60,14404,0,14404,,0.5221466259372397,,,,19792,< 100 mil aptos,interior
MG,41262,3146255.0,PADRE CARVALHO,False,19,19,0,3107,3107,0,0.7096878017380109,,,,,4968,< 100 mil aptos,interior
MG,41270,3106408.0,BELO VALE,False,26,0,26,6359,0,6359,,0.6002516118886617,,,,8006,< 100 mil aptos,interior
MG,41289,3146552.0,PAI PEDRO,False,18,18,0,3815,3815,0,0.7551769331585846,,,,,5335,< 100 mil aptos,interior
MG,41297,3106507.0,BERILO,False,37,37,0,5611,5611,0,0.7677775797540546,,,,,9056,< 100 mil aptos,interior
MG,41300,3147956.0,PATIS,False,19,19,0,3694,3694,0,0.8007579859231185,,,,,5267,< 100 mil aptos,interior
MG,41319,3106606.0,BERTÓPOLIS,False,17,17,0,3023,3023,0,0.7280846840886537,,,,,4278,< 100 mil aptos,interior
MG,41327,3148756.0,PEDRA BONITA,False,19,19,0,4751,4751,0,0.4746369185434645,,,,,5760,< 100 mil aptos,interior
MG,41335,3106705.0,BETIM,False,946,0,946,236178,0,236178,,0.4757428719017013,,,,291368,≥ 100 mil aptos,interior
MG,41343,3150158.0,PIEDADE DE CARATINGA,False,24,24,0,5871,5871,0,0.44881621529552035,,,,,7993,< 100 mil aptos,interior
MG,41351,3106804.0,BIAS FORTES,False,12,0,12,2768,0,2768,,0.7344653179190751,,,,3749,< 100 mil aptos,interior
MG,41360,3150539.0,PINGO D'ÁGUA,False,12,12,0,3158,3158,0,0.6291956934768841,,,,,4147,< 100 mil aptos,interior
MG,41378,3106903.0,BICAS,False,42,42,0,8643,8643,0,0.542982760615527,,,,,11625,< 100 mil aptos,interior
MG,41386,3150570.0,PINTÓPOLIS,False,28,28,0,4287,4287,0,0.7336132493585258,,,,,6506,< 100 mil aptos,interior
MG,41394,3107000.0,BIQUINHAS,False,10,10,0,1979,1979,0,0.5179383527033855,,,,,2461,< 100 mil aptos,interior
MG,41408,3152131.0,PONTO CHIQUE,False,13,13,0,2532,2532,0,0.7902843601895735,,,,,3856,< 100 mil aptos,interior
MG,41416,3107109.0,BOA ESPERANÇA,False,86,0,86,23922,0,23922,,0.4610400468188279,,,,32230,< 100 mil aptos,interior
MG,41424,3154150.0,REDUTO,False,15,15,0,4495,4495,0,0.5130144605116796,,,,,5847,< 100 mil aptos,interior
MG,41432,3107208.0,BOCAINA DE MINAS,False,14,14,0,3401,3401,0,0.5677741840635108,,,,,4478,< 100 mil aptos,interior
MG,41440,3157278.0,SANTA BÁRBARA DO MONTE VERDE,False,11,11,0,2617,2617,0,0.6392816201757738,,,,,3284,< 100 mil aptos,interior
MG,41459,3107307.0,BOCAIÚVA,False,115,115,0,27874,27874,0,0.7064648059123197,,,,,37149,< 100 mil aptos,interior
MG,41467,3157336.0,SANTA CRUZ DE MINAS,False,19,0,19,5140,0,5140,,0.44260700389105057,,,,6519,< 100 mil aptos,interior
MG,41475,3107406.0,BOM DESPACHO,False,120,0,120,29408,0,29408,,0.3335486942328618,,,,38792,< 100 mil aptos,interior
MG,41483,3157377.0,SANTA CRUZ DE SALINAS,False,15,15,0,2895,2895,0,0.8411053540587219,,,,,4336,< 100 mil aptos,interior
MG,41491,3107505.0,BOM JARDIM DE MINAS,False,21,21,0,4539,4539,0,0.5999118748623045,,,,,5892,< 100 mil aptos,interior
MG,41505,3157658.0,SANTA HELENA DE MINAS,False,18,18,0,3826,3826,0,0.7472556194458965,,,,,5419,< 100 mil aptos,interior
MG,41513,3107604.0,BOM JESUS DA PENHA,False,11,11,0,2756,2756,0,0.38715529753265604,,,,,3529,< 100 mil aptos,interior
MG,41521,3160454.0,SANTO ANTÔNIO DO RETIRO,False,24,24,0,4342,4342,0,0.7160294795025334,,,,,6282,< 100 mil aptos,interior
MG,41530,3107703.0,BOM JESUS DO AMPARO,False,19,0,19,3908,0,3908,,0.6248720573183214,,,,5090,< 100 mil aptos,interior
MG,41548,3160959.0,SÃO DOMINGOS DAS DORES,False,20,20,0,4146,4146,0,0.4602026049204052,,,,,5387,< 100 mil aptos,interior
MG,41556,3107802.0,BOM JESUS DO GALHO,False,43,43,0,9384,9384,0,0.5534953111679455,,,,,12435,< 100 mil aptos,interior
MG,41564,3161056.0,SÃO FÉLIX DE MINAS,False,13,13,0,2387,2387,0,0.5303728529534981,,,,,3195,< 100 mil aptos,interior
MG,41572,3107901.0,BOM REPOUSO,False,29,29,0,7334,7334,0,0.49140987182983364,,,,,8916,< 100 mil aptos,interior
MG,41580,3161650.0,SÃO GERALDO DO BAIXIO,False,10,10,0,2236,2236,0,0.5487477638640429,,,,,3175,< 100 mil aptos,interior
MG,41599,3108008.0,BOM SUCESSO,False,51,51,0,11191,11191,0,0.5446340809579127,,,,,15506,< 100 mil aptos,interior
MG,41602,3162450.0,SÃO JOÃO DAS MISSÕES,False,36,36,0,6917,6917,0,0.7574092814804105,,,,,9468,< 100 mil aptos,interior
MG,41610,3108107.0,BONFIM,False,25,0,25,5308,0,5308,,0.5672569706103994,,,,7062,< 100 mil aptos,interior
MG,41629,3162922.0,SÃO JOAQUIM DE BICAS,False,60,0,60,16182,0,16182,,0.5378197997775306,,,,21344,< 100 mil aptos,interior
MG,41637,3108206.0,BONFINÓPOLIS DE MINAS,False,20,20,0,3555,3555,0,0.5893108298171589,,,,,5025,< 100 mil aptos,interior
MG,41645,3162948.0,SÃO JOSÉ DA BARRA,False,23,23,0,5034,5034,0,0.4823202224870878,,,,,6562,< 100 mil aptos,interior
MG,41653,3108305.0,BORDA DA MATA,False,42,42,0,10085,10085,0,0.40247892910262767,,,,,13285,< 100 mil aptos,interior
MG,41661,3102050.0,ALTO CAPARAÓ,False,13,13,0,3621,3621,0,0.29328914664457334,,,,,4304,< 100 mil aptos,interior
MG,41670,3108404.0,BOTELHOS,False,39,39,0,9557,9557,0,0.5455686931045307,,,,,12896,< 100 mil aptos,interior
MG,41688,3102852.0,ANGELÂNDIA,False,21,21,0,4555,4555,0,0.551701427003293,,,,,6722,< 100 mil aptos,interior
MG,41696,3108503.0,BOTUMIRIM,False,18,18,0,3676,3676,0,0.780739934711643,,,,,5406,< 100 mil aptos,interior
MG,41700,3104452.0,ARICANDUVA,False,15,15,0,3277,3277,0,0.7043027158986879,,,,,4852,< 100 mil aptos,interior
MG,41718,3108602.0,BRASÍLIA DE MINAS,False,91,91,0,19033,19033,0,0.7057216413597436,,,,,27164,< 100 mil aptos,interior
MG,41726,3106655.0,BERIZAL,False,13,13,0,3022,3022,0,0.7154202514890801,,,,,3988,< 100 mil aptos,interior
MG,41734,3108701.0,BRÁS PIRES,False,14,14,0,3266,3266,0,0.6203306797305572,,,,,4574,< 100 mil aptos,interior
MG,41742,3108255.0,BONITO DE MINAS,False,36,36,0,5473,5473,0,0.8264206102685913,,,,,8229,< 100 mil aptos,interior
MG,41750,3108800.0,BRAÚNAS,False,20,0,20,3003,0,3003,,0.6083916083916084,,,,4410,< 100 mil aptos,interior
MG,41769,3109253.0,BUGRE,False,15,15,0,3152,3152,0,0.4866751269035533,,,,,4421,< 100 mil aptos,interior
MG,41777,3108909.0,BRAZÓPOLIS,False,40,40,0,9292,9292,0,0.44780456306500216,,,,,12754,< 100 mil aptos,interior
MG,41785,3109451.0,CABECEIRA GRANDE,False,17,17,0,3979,3979,0,0.4900728826338276,,,,,5502,< 100 mil aptos,interior
MG,41793,3109006.0,BRUMADINHO,False,98,0,98,24969,0,24969,,0.49180984420681645,,,,32274,< 100 mil aptos,interior
MG,41807,3111150.0,CAMPO AZUL,False,16,16,0,2705,2705,0,0.7900184842883549,,,,,4117,< 100 mil aptos,interior
MG,41815,3109105.0,BUENO BRANDÃO,False,24,24,0,6715,6715,0,0.3300074460163812,,,,,8894,< 100 mil aptos,interior
MG,41823,3112059.0,CANTAGALO,False,11,11,0,2554,2554,0,0.7278778386844166,,,,,3757,< 100 mil aptos,interior
MG,41831,3109204.0,BUENÓPOLIS,False,29,29,0,5143,5143,0,0.6245382072720203,,,,,8458,< 100 mil aptos,interior
MG,41840,3115359.0,CATAS ALTAS,False,15,0,15,3691,0,3691,,0.6033595231644541,,,,4821,< 100 mil aptos,interior
MG,41858,3109303.0,BURITIS,False,65,65,0,14004,14004,0,0.4546558126249643,,,,,19033,< 100 mil aptos,interior
MG,41866,3115474.0,CATUTI,False,17,17,0,3216,3216,0,0.7366293532338308,,,,,4401,< 100 mil aptos,interior
MG,41874,3109402.0,BURITIZEIRO,False,64,64,0,13843,13843,0,0.5733583760745503,,,,,19476,< 100 mil aptos,interior
MG,41882,3116159.0,CHAPADA GAÚCHA,False,33,33,0,6311,6311,0,0.6621771510061797,,,,,8857,< 100 mil aptos,interior
MG,41890,3109501.0,CABO VERDE,False,30,30,0,7476,7476,0,0.5251471375066881,,,,,9584,< 100 mil aptos,interior
MG,41904,3117836.0,CÔNEGO MARINHO,False,28,28,0,4306,4306,0,0.844170924291686,,,,,6167,< 100 mil aptos,interior
MG,41912,3109600.0,CACHOEIRA DA PRATA,False,13,0,13,2773,0,2773,,0.5189325640100974,,,,3529,< 100 mil aptos,interior
MG,41920,3117876.0,CONFINS,False,23,0,23,5378,0,5378,,0.4468203793231685,,,,6587,< 100 mil aptos,interior
MG,41939,3109709.0,CACHOEIRA DE MINAS,False,30,30,0,7667,7667,0,0.3794182861614712,,,,,9696,< 100 mil aptos,interior
MG,41947,3119955.0,CÓRREGO FUNDO,False,18,18,0,4143,4143,0,0.42119237267680426,,,,,5251,< 100 mil aptos,interior
MG,41955,3109808.0,CACHOEIRA DOURADA,False,9,9,0,1824,1824,0,0.6726973684210527,,,,,2403,< 100 mil aptos,interior
MG,41963,3120151.0,CRISÓLITA,False,17,17,0,3269,3269,0,0.7467115325787703,,,,,4800,< 100 mil aptos,interior
MG,41971,3109907.0,CAETANÓPOLIS,False,31,0,31,6683,0,6683,,0.4294478527607362,,,,8713,< 100 mil aptos,interior
MG,41980,3120839.0,CUPARAQUE,False,16,16,0,2806,2806,0,0.3920171062009979,,,,,4253,< 100 mil aptos,interior
MG,41998,3110004.0,CAETÉ,False,104,0,104,25851,0,25851,,0.5425708870063054,,,,34192,< 100 mil aptos,interior
MG,42005,3120870.0,CURRAL DE DENTRO,False,18,18,0,4597,4597,0,0.6223624102675658,,,,,6363,< 100 mil aptos,interior
MG,42013,3110103.0,CAIANA,False,15,15,0,3257,3257,0,0.5667792447037151,,,,,4140,< 100 mil aptos,interior
MG,42021,3121258.0,DELTA,False,23,23,0,5189,5189,0,0.6191944497976489,,,,,6870,< 100 mil aptos,interior
MG,42030,3110202.0,CAJURI,False,16,16,0,3633,3633,0,0.726672171758877,,,,,4573,< 100 mil aptos,interior
MG,42048,3122470.0,DOM BOSCO,False,13,13,0,2681,2681,0,0.46661693397985826,,,,,3559,< 100 mil aptos,interior
MG,42056,3110301.0,CALDAS,False,40,40,0,8336,8336,0,0.4130278310940499,,,,,10964,< 100 mil aptos,interior
MG,42064,3126950.0,FREI LAGONEGRO,False,12,12,0,2530,2530,0,0.692094861660079,,,,,3510,< 100 mil aptos,interior
MG,42072,3110400.0,CAMACHO,False,14,0,14,2508,0,2508,,0.578548644338118,,,,2991,< 100 mil aptos,interior
MG,42080,3127073.0,FRUTA DE LEITE,False,28,28,0,3096,3096,0,0.8074935400516796,,,,,5068,< 100 mil aptos,interior
MG,42099,3110509.0,CAMANDUCAIA,False,49,49,0,13620,13620,0,0.4316446402349486,,,,,18291,< 100 mil aptos,interior
MG,42102,3127339.0,GAMELEIRAS,False,20,20,0,3416,3416,0,0.6873536299765808,,,,,4519,< 100 mil aptos,interior
MG,42110,3110608.0,CAMBUÍ,False,64,64,0,16298,16298,0,0.41710639342250583,,,,,21952,< 100 mil aptos,interior
MG,42129,3127354.0,GLAUCILÂNDIA,False,13,13,0,3014,3014,0,0.718978102189781,,,,,3770,< 100 mil aptos,interior
MG,42137,3110707.0,CAMBUQUIRA,False,31,31,0,7527,7527,0,0.48518666135246447,,,,,10259,< 100 mil aptos,interior
MG,42145,3127370.0,GOIABEIRA,False,8,8,0,2257,2257,0,0.42977403633141337,,,,,2893,< 100 mil aptos,interior
MG,42153,3110806.0,CAMPANÁRIO,False,14,14,0,2196,2196,0,0.674863387978142,,,,,3378,< 100 mil aptos,interior
MG,42161,3127388.0,GOIANÁ,False,12,12,0,3149,3149,0,0.5563671006668783,,,,,4119,< 100 mil aptos,interior
MG,42170,3110905.0,CAMPANHA,False,36,36,0,9376,9376,0,0.36401450511945393,,,,,12503,< 100 mil aptos,interior
MG,42188,3128253.0,GUARACIAMA,False,15,15,0,3969,3969,0,0.8344671201814059,,,,,4901,< 100 mil aptos,interior
MG,42196,3111002.0,CAMPESTRE,False,56,56,0,12963,12963,0,0.3790789169173802,,,,,16832,< 100 mil aptos,interior
MG,42200,3129657.0,IBIRACATU,False,21,21,0,3742,3742,0,0.7784607161945484,,,,,5945,< 100 mil aptos,interior
MG,42218,3111101.0,CAMPINA VERDE,False,51,51,0,11149,11149,0,0.47546865189703114,,,,,14725,< 100 mil aptos,interior
MG,42226,3130556.0,IMBÉ DE MINAS,False,20,20,0,4264,4264,0,0.5783302063789869,,,,,5342,< 100 mil aptos,interior
MG,42234,3111200.0,CAMPO BELO,False,119,0,119,29676,0,29676,,0.4156557487532012,,,,39894,< 100 mil aptos,interior
MG,42242,3130655.0,INDAIABIRA,False,20,20,0,4277,4277,0,0.5683890577507599,,,,,6258,< 100 mil aptos,interior
MG,42250,3111309.0,CAMPO DO MEIO,False,29,29,0,7533,7533,0,0.5948493296163547,,,,,10099,< 100 mil aptos,interior
MG,42269,3135357.0,JAPONVAR,False,29,29,0,5824,5824,0,0.7965315934065934,,,,,8345,< 100 mil aptos,interior
MG,42277,3111408.0,CAMPO FLORIDO,False,23,23,0,4892,4892,0,0.5367947669664759,,,,,6362,< 100 mil aptos,interior
MG,42285,3135456.0,JENIPAPO DE MINAS,False,18,18,0,3636,3636,0,0.7546754675467546,,,,,5948,< 100 mil aptos,interior
MG,42293,3111507.0,CAMPOS ALTOS,False,32,32,0,7222,7222,0,0.40196621434505675,,,,,10465,< 100 mil aptos,interior
MG,42307,3136520.0,JOSÉ GONÇALVES DE MINAS,False,13,13,0,2433,2433,0,0.7254418413481298,,,,,3787,< 100 mil aptos,interior
MG,42315,3111606.0,CAMPOS GERAIS,False,58,58,0,15321,15321,0,0.4472292931270805,,,,,20717,< 100 mil aptos,interior
MG,42323,3136553.0,JOSÉ RAYDAN,False,15,15,0,2727,2727,0,0.647964796479648,,,,,4240,< 100 mil aptos,interior
MG,42331,3111705.0,CANAÃ,False,15,15,0,3513,3513,0,0.7381155707372616,,,,,4320,< 100 mil aptos,interior
MG,42340,3164431.0,SÃO SEBASTIÃO DA VARGEM ALEGRE,False,9,9,0,2266,2266,0,0.5745807590467784,,,,,2754,< 100 mil aptos,interior
MG,42358,3111804.0,CANÁPOLIS,False,27,27,0,6633,6633,0,0.6093773556460124,,,,,8809,< 100 mil aptos,interior
MG,42366,3164472.0,SÃO SEBASTIÃO DO ANTA,False,15,15,0,3862,3862,0,0.483946141895391,,,,,5566,< 100 mil aptos,interior
MG,42374,3111903.0,CANA VERDE,False,15,0,15,3828,0,3828,,0.5185475444096134,,,,4763,< 100 mil aptos,interior
MG,42382,3166956.0,SERRANÓPOLIS DE MINAS,False,16,16,0,2990,2990,0,0.7187290969899666,,,,,3967,< 100 mil aptos,interior
MG,42390,3112000.0,CANDEIAS,False,43,0,43,9120,0,9120,,0.47160087719298244,,,,12158,< 100 mil aptos,interior
MG,42404,3165552.0,SETUBINHA,False,27,27,0,5630,5630,0,0.7991119005328596,,,,,8993,< 100 mil aptos,interior
MG,42412,3112109.0,CAPARAÓ,False,15,15,0,3419,3419,0,0.4080140391927464,,,,,4311,< 100 mil aptos,interior
MG,42420,3168051.0,TAPARUBA,False,11,11,0,2773,2773,0,0.5899747565813198,,,,,3651,< 100 mil aptos,interior
MG,42439,3112208.0,CAPELA NOVA,False,16,0,16,3516,0,3516,,0.6561433447098977,,,,4457,< 100 mil aptos,interior
MG,42447,3170438.0,UNIÃO DE MINAS,False,12,12,0,2436,2436,0,0.6067323481116584,,,,,2989,< 100 mil aptos,interior
MG,42455,3112307.0,CAPELINHA,False,86,86,0,21315,21315,0,0.5722261318320432,,,,,29425,< 100 mil aptos,interior
MG,42463,3170479.0,URUANA DE MINAS,False,10,10,0,2510,2510,0,0.5243027888446216,,,,,3482,< 100 mil aptos,interior
MG,42471,3112406.0,CAPETINGA,False,18,18,0,4079,4079,0,0.472910026967394,,,,,5714,< 100 mil aptos,interior
MG,42480,3170651.0,VARGEM GRANDE DO RIO PARDO,False,17,17,0,3064,3064,0,0.47943864229765015,,,,,4201,< 100 mil aptos,interior
MG,42498,3112505.0,CAPIM BRANCO,False,26,0,26,6382,0,6382,,0.42870573487934815,,,,8143,< 100 mil aptos,interior
MG,42501,3170750.0,VARJÃO DE MINAS,False,20,20,0,5026,5026,0,0.5159172304019101,,,,,6556,< 100 mil aptos,interior
MG,42510,3112604.0,CAPINÓPOLIS,False,39,39,0,8957,8957,0,0.5640281344200067,,,,,11509,< 100 mil aptos,interior
MG,42528,3171030.0,VERDELÂNDIA,False,27,27,0,4711,4711,0,0.7425175122054766,,,,,6916,< 100 mil aptos,interior
MG,42536,3112703.0,CAPITÃO ENÉAS,False,42,42,0,9140,9140,0,0.7147702407002188,,,,,12474,< 100 mil aptos,interior
MG,42544,3171071.0,VEREDINHA,False,18,18,0,3656,3656,0,0.7363238512035011,,,,,5075,< 100 mil aptos,interior
MG,42552,3112802.0,CAPITÓLIO,False,22,22,0,5995,5995,0,0.3868223519599666,,,,,7843,< 100 mil aptos,interior
MG,42560,3171154.0,VERMELHO NOVO,False,15,15,0,3694,3694,0,0.5538711423930699,,,,,4778,< 100 mil aptos,interior
MG,42579,3112901.0,CAPUTIRA,False,27,27,0,6395,6395,0,0.5976544175136825,,,,,8073,< 100 mil aptos,interior
MG,42587,3169059.0,TOCOS DO MOJI,False,13,13,0,3230,3230,0,0.5411764705882353,,,,,3970,< 100 mil aptos,interior
MG,42595,3113008.0,CARAÍ,False,47,47,0,9312,9312,0,0.7762027491408935,,,,,14960,< 100 mil aptos,interior
MG,42617,3113107.0,CARANAÍBA,False,12,0,12,2495,0,2495,,0.5983967935871743,,,,3205,< 100 mil aptos,interior
MG,42633,3113206.0,CARANDAÍ,False,64,0,64,16351,0,16351,,0.5490184086600208,,,,20399,< 100 mil aptos,interior
MG,42650,3113305.0,CARANGOLA,False,75,75,0,18464,18464,0,0.5274046793760832,,,,,25272,< 100 mil aptos,interior
MG,42676,3113404.0,CARATINGA,False,216,216,0,47714,47714,0,0.4605985664584818,,,,,65045,< 100 mil aptos,interior
MG,42692,3113503.0,CARBONITA,False,32,32,0,5626,5626,0,0.6564166370423036,,,,,7983,< 100 mil aptos,interior
MG,42714,3113602.0,CAREAÇU,False,16,16,0,3894,3894,0,0.4617360041088855,,,,,5083,< 100 mil aptos,interior
MG,42730,3113701.0,CARLOS CHAGAS,False,54,54,0,10833,10833,0,0.6212498846118342,,,,,16553,< 100 mil aptos,interior
MG,42757,3113800.0,CARMÉSIA,False,10,10,0,1766,1766,0,0.616647791619479,,,,,2403,< 100 mil aptos,interior
MG,42773,3113909.0,CARMO DA CACHOEIRA,False,30,0,30,7031,0,7031,,0.5892476176930735,,,,9590,< 100 mil aptos,interior
MG,42790,3114006.0,CARMO DA MATA,False,35,0,35,7588,0,7588,,0.5937005798629414,,,,9927,< 100 mil aptos,interior
MG,42811,3114105.0,CARMO DE MINAS,False,31,31,0,7676,7676,0,0.47720166753517457,,,,,10004,< 100 mil aptos,interior
MG,42838,3114204.0,CARMO DO CAJURU,False,57,0,57,14925,0,14925,,0.4534673366834171,,,,18664,< 100 mil aptos,interior
MG,42854,3114303.0,CARMO DO PARANAÍBA,False,79,79,0,17025,17025,0,0.350014684287812,,,,,22766,< 100 mil aptos,interior
MG,42870,3114402.0,CARMO DO RIO CLARO,False,54,54,0,12085,12085,0,0.4190318576748035,,,,,15745,< 100 mil aptos,interior
MG,42897,3114501.0,CARMÓPOLIS DE MINAS,False,49,49,0,11396,11396,0,0.505001755001755,,,,,14142,< 100 mil aptos,interior
MG,42919,3114600.0,CARRANCAS,False,12,12,0,2702,2702,0,0.5444115470022206,,,,,3492,< 100 mil aptos,interior
MG,42935,3114709.0,CARVALHÓPOLIS,False,11,11,0,2619,2619,0,0.4348988163421153,,,,,3255,< 100 mil aptos,interior
MG,42951,3114808.0,CARVALHOS,False,14,14,0,3108,3108,0,0.5299227799227799,,,,,4034,< 100 mil aptos,interior
MG,42978,3114907.0,CASA GRANDE,False,9,0,9,2107,0,2107,,0.4731846226862838,,,,2542,< 100 mil aptos,interior
MG,42994,3115003.0,CASCALHO RICO,False,11,11,0,2639,2639,0,0.4319818112921561,,,,,3521,< 100 mil aptos,interior
MG,43010,3115102.0,CÁSSIA,False,39,39,0,10386,10386,0,0.4761217022915463,,,,,14327,< 100 mil aptos,interior
MG,43036,3115201.0,CONCEIÇÃO DA BARRA DE MINAS,False,13,0,13,2944,0,2944,,0.5978260869565217,,,,3688,< 100 mil aptos,interior
MG,43052,3115300.0,CATAGUASES,False,170,170,0,39997,39997,0,0.6106708003100233,,,,,53665,< 100 mil aptos,interior
MG,43079,3115409.0,CATAS ALTAS DA NORUEGA,False,14,0,14,2904,0,2904,,0.6797520661157025,,,,3857,< 100 mil aptos,interior
MG,43095,3115508.0,CAXAMBU,False,48,48,0,12819,12819,0,0.506981823855215,,,,,18040,< 100 mil aptos,interior
MG,43117,3115607.0,CEDRO DO ABAETÉ,False,4,4,0,890,890,0,0.47191011235955055,,,,,1284,< 100 mil aptos,interior
MG,43133,3115706.0,CENTRAL DE MINAS,False,21,21,0,4181,4181,0,0.49892370246352546,,,,,5977,< 100 mil aptos,interior
MG,43150,3115805.0,CENTRALINA,False,25,25,0,5811,5811,0,0.6503183617277577,,,,,7351,< 100 mil aptos,interior
MG,43176,3115904.0,CHÁCARA,False,13,13,0,2938,2938,0,0.5993873383253914,,,,,3612,< 100 mil aptos,interior
MG,43192,3116001.0,CHALÉ,False,17,17,0,4223,4223,0,0.5266398295050911,,,,,5231,< 100 mil aptos,interior
MG,43214,3116100.0,CHAPADA DO NORTE,False,38,38,0,5602,5602,0,0.8452338450553374,,,,,9356,< 100 mil aptos,interior
MG,43230,3116209.0,CHIADOR,False,11,11,0,2327,2327,0,0.5131070047271165,,,,,2928,< 100 mil aptos,interior
MG,43257,3116308.0,CIPOTÂNEA,False,18,0,18,3905,0,3905,,0.6729833546734956,,,,5783,< 100 mil aptos,interior
MG,43273,3116407.0,CLARAVAL,False,14,14,0,3734,3734,0,0.3133369041242635,,,,,4579,< 100 mil aptos,interior
MG,43290,3116506.0,CLARO DOS POÇÕES,False,32,32,0,5702,5702,0,0.5882146615222729,,,,,7471,< 100 mil aptos,interior
MG,43311,3116605.0,CLÁUDIO,False,68,0,68,17404,0,17404,,0.3321650195357389,,,,21771,< 100 mil aptos,interior
MG,43338,3116704.0,COIMBRA,False,20,20,0,5126,5126,0,0.6400702301989856,,,,,6327,< 100 mil aptos,interior
MG,43354,3116803.0,COLUNA,False,25,25,0,4590,4590,0,0.661437908496732,,,,,6834,< 100 mil aptos,interior
MG,43370,3116902.0,COMENDADOR GOMES,False,8,8,0,2155,2155,0,0.4296983758700696,,,,,2822,< 100 mil aptos,interior
MG,43397,3117009.0,COMERCINHO,False,25,25,0,4540,4540,0,0.7916299559471366,,,,,6778,< 100 mil aptos,interior
MG,43419,3117108.0,CONCEIÇÃO DA APARECIDA,False,25,25,0,6263,6263,0,0.4721379530576401,,,,,8060,< 100 mil aptos,interior
MG,43435,3117207.0,CONCEIÇÃO DAS PEDRAS,False,10,10,0,2116,2116,0,0.4669187145557656,,,,,2698,< 100 mil aptos,interior
MG,43451,3117306.0,CONCEIÇÃO DAS ALAGOAS,False,59,59,0,15106,15106,0,0.5540182708857407,,,,,19618,< 100 mil aptos,interior
MG,43478,3117405.0,CONCEIÇÃO DE IPANEMA,False,15,15,0,3258,3258,0,0.5887047268262738,,,,,4203,< 100 mil aptos,interior
MG,43494,3117504.0,CONCEIÇÃO DO MATO DENTRO,False,65,0,65,12885,0,12885,,0.6949941792782305,,,,18090,< 100 mil aptos,interior
MG,43516,3117603.0,CONCEIÇÃO DO PARÁ,False,16,0,16,3986,0,3986,,0.3452082288008028,,,,5111,< 100 mil aptos,interior
MG,43532,3117702.0,CONCEIÇÃO DO RIO VERDE,False,36,36,0,7738,7738,0,0.5798655983458259,,,,,10383,< 100 mil aptos,interior
MG,43559,3117801.0,CONCEIÇÃO DOS OUROS,False,32,32,0,7109,7109,0,0.37487691658461103,,,,,8613,< 100 mil aptos,interior
MG,43575,3117900.0,CONGONHAL,False,29,29,0,7540,7540,0,0.37718832891246684,,,,,9325,< 100 mil aptos,interior
MG,43591,3118007.0,CONGONHAS,False,120,0,120,33477,0,33477,,0.541774949965648,,,,42158,< 100 mil aptos,interior
MG,43613,3118106.0,CONGONHAS DO NORTE,False,15,0,15,2802,0,2802,,0.7594575303354747,,,,4227,< 100 mil aptos,interior
MG,43630,3118205.0,CONQUISTA,False,20,20,0,4293,4293,0,0.5080363382250175,,,,,5418,< 100 mil aptos,interior
MG,43656,3118304.0,CONSELHEIRO LAFAIETE,False,310,0,310,77460,0,77460,,0.5703330751355539,,,,97146,< 100 mil aptos,interior
MG,43672,3118403.0,CONSELHEIRO PENA,False,62,62,0,11553,11553,0,0.4367696702155284,,,,,16854,< 100 mil aptos,interior
MG,43699,3118502.0,CONSOLAÇÃO,False,6,6,0,1398,1398,0,0.4670958512160229,,,,,1923,< 100 mil aptos,interior
MG,43710,3118601.0,CONTAGEM,False,1320,0,1320,365696,0,365696,,0.4451402257612881,,,,452496,≥ 100 mil aptos,interior
MG,43737,3118700.0,COQUEIRAL,False,24,24,0,5847,5847,0,0.4617752693689071,,,,,7725,< 100 mil aptos,interior
MG,43753,3118809.0,CORAÇÃO DE JESUS,False,79,79,0,15205,15205,0,0.7467938178230845,,,,,21220,< 100 mil aptos,interior
MG,43770,3118908.0,CORDISBURGO,False,24,0,24,5465,0,5465,,0.5491308325709058,,,,7187,< 100 mil aptos,interior
MG,43796,3119005.0,CORDISLÂNDIA,False,12,12,0,2115,2115,0,0.5697399527186762,,,,,2730,< 100 mil aptos,interior
MG,43818,3119104.0,CORINTO,False,72,72,0,13747,13747,0,0.597512184476613,,,,,20022,< 100 mil aptos,interior
MG,43834,3119203.0,COROACI,False,30,30,0,5565,5565,0,0.5976639712488769,,,,,7623,< 100 mil aptos,interior
MG,43850,3119302.0,COROMANDEL,False,72,72,0,18135,18135,0,0.4094292803970223,,,,,24089,< 100 mil aptos,interior
MG,43877,3119401.0,CORONEL FABRICIANO,False,250,0,250,60871,0,60871,,0.4130702633437926,,,,81638,< 100 mil aptos,interior
MG,43893,3119500.0,CORONEL MURTA,False,24,24,0,5233,5233,0,0.7657175616281292,,,,,7157,< 100 mil aptos,interior
MG,43915,3119609.0,CORONEL PACHECO,False,9,9,0,2283,2283,0,0.5812527376259308,,,,,2857,< 100 mil aptos,interior
MG,43931,3119708.0,CORONEL XAVIER CHAVES,False,13,0,13,2344,0,2344,,0.6254266211604096,,,,2942,< 100 mil aptos,interior
MG,43958,3119807.0,CÓRREGO DANTA,False,13,13,0,2222,2222,0,0.47254725472547254,,,,,3048,< 100 mil aptos,interior
MG,43974,3119906.0,CÓRREGO DO BOM JESUS,False,13,13,0,3205,3205,0,0.4436817472698908,,,,,4122,< 100 mil aptos,interior
MG,43990,3120003.0,CÓRREGO NOVO,False,13,13,0,2583,2583,0,0.6550522648083623,,,,,3525,< 100 mil aptos,interior
MG,44016,3120102.0,COUTO DE MAGALHÃES DE MINAS,False,14,0,14,2606,0,2606,,0.783960092095165,,,,3839,< 100 mil aptos,interior
MG,44032,3120201.0,CRISTAIS,False,25,0,25,6500,0,6500,,0.49753846153846154,,,,8400,< 100 mil aptos,interior
MG,44059,3120300.0,CRISTÁLIA,False,18,18,0,3440,3440,0,0.7526162790697675,,,,,5134,< 100 mil aptos,interior
MG,44075,3120409.0,CRISTIANO OTONI,False,15,0,15,3468,0,3468,,0.5086505190311419,,,,4425,< 100 mil aptos,interior
MG,44091,3120508.0,CRISTINA,False,25,25,0,6158,6158,0,0.3962325430334524,,,,,8228,< 100 mil aptos,interior
MG,44113,3120607.0,CRUCILÂNDIA,False,14,0,14,4062,0,4062,,0.46651895617922207,,,,5388,< 100 mil aptos,interior
MG,44130,3120706.0,CRUZEIRO DA FORTALEZA,False,13,13,0,3195,3195,0,0.4247261345852895,,,,,3897,< 100 mil aptos,interior
MG,44156,3120805.0,CRUZÍLIA,False,35,35,0,9782,9782,0,0.5639950930280107,,,,,12962,< 100 mil aptos,interior
MG,44172,3120904.0,CURVELO,False,193,193,0,44720,44720,0,0.521891771019678,,,,,60053,< 100 mil aptos,interior
MG,44199,3121001.0,DATAS,False,18,18,0,3608,3608,0,0.7688470066518847,,,,,4990,< 100 mil aptos,interior
MG,44210,3121100.0,DELFIM MOREIRA,False,22,22,0,5216,5216,0,0.4396088957055215,,,,,6721,< 100 mil aptos,interior
MG,44237,3121209.0,DELFINÓPOLIS,False,19,19,0,4544,4544,0,0.4524647887323944,,,,,6177,< 100 mil aptos,interior
MG,44253,3121308.0,DESCOBERTO,False,13,13,0,3519,3519,0,0.5936345552713839,,,,,4464,< 100 mil aptos,interior
MG,44270,3121407.0,DESTERRO DE ENTRE RIOS,False,21,0,21,4755,0,4755,,0.4096740273396425,,,,6125,< 100 mil aptos,interior
MG,44296,3121506.0,DESTERRO DO MELO,False,14,0,14,2898,0,2898,,0.5531400966183575,,,,3544,< 100 mil aptos,interior
MG,44318,3121605.0,DIAMANTINA,False,132,0,132,27709,0,27709,,0.6873218087985853,,,,37887,< 100 mil aptos,interior
MG,44334,3121704.0,DIOGO DE VASCONCELOS,False,16,0,16,2858,0,2858,,0.762071378586424,,,,3752,< 100 mil aptos,interior
MG,44350,3121803.0,DIONÍSIO,False,29,0,29,4837,0,4837,,0.5865205706016126,,,,6934,< 100 mil aptos,interior
MG,44377,3121902.0,DIVINÉSIA,False,14,14,0,3585,3585,0,0.6817294281729428,,,,,4518,< 100 mil aptos,interior
MG,44393,3122009.0,DIVINO,False,48,48,0,11839,11839,0,0.5749641016977786,,,,,15863,< 100 mil aptos,interior
MG,44415,3122108.0,DIVINO DAS LARANJEIRAS,False,16,16,0,3177,3177,0,0.488511174063582,,,,,4687,< 100 mil aptos,interior
MG,44431,3122207.0,DIVINOLÂNDIA DE MINAS,False,19,19,0,4082,4082,0,0.6075453209211171,,,,,6436,< 100 mil aptos,interior
MG,44458,3122306.0,DIVINÓPOLIS,False,500,0,500,137209,0,137209,,0.4436152147453884,,,,170768,≥ 100 mil aptos,interior
MG,44474,3122405.0,DIVISA NOVA,False,14,14,0,3777,3777,0,0.520518930368017,,,,,4897,< 100 mil aptos,interior
MG,44490,3122504.0,DOM CAVATI,False,21,21,0,3278,3278,0,0.4649176327028676,,,,,4123,< 100 mil aptos,interior
MG,44512,3122603.0,DOM JOAQUIM,False,17,0,17,2926,0,2926,,0.650375939849624,,,,4034,< 100 mil aptos,interior
MG,44539,3122702.0,DOM SILVÉRIO,False,13,0,13,3399,0,3399,,0.6799058546631362,,,,4461,< 100 mil aptos,interior
MG,44555,3122801.0,DOM VIÇOSO,False,9,9,0,2335,2335,0,0.47580299785867236,,,,,2873,< 100 mil aptos,interior
MG,44571,3122900.0,DONA EUSÉBIA,False,19,19,0,4612,4612,0,0.5600607111882047,,,,,5610,< 100 mil aptos,interior
MG,44598,3123007.0,DORES DE CAMPOS,False,27,0,27,6469,0,6469,,0.500850208687587,,,,7812,< 100 mil aptos,interior
MG,44610,3123106.0,DORES DE GUANHÃES,False,17,17,0,3602,3602,0,0.6363131593559134,,,,,5131,< 100 mil aptos,interior
MG,44636,3123205.0,DORES DO INDAIÁ,False,40,40,0,8073,8073,0,0.4075312770964945,,,,,11307,< 100 mil aptos,interior
MG,44652,3123304.0,DORES DO TURVO,False,18,18,0,3901,3901,0,0.6431684183542682,,,,,5206,< 100 mil aptos,interior
MG,44679,3123403.0,DORESÓPOLIS,False,6,6,0,1541,1541,0,0.47566515249837765,,,,,2263,< 100 mil aptos,interior
MG,44695,3123502.0,DOURADOQUARA,False,7,7,0,1581,1581,0,0.5869702719797596,,,,,1980,< 100 mil aptos,interior
MG,44717,3123601.0,ELÓI MENDES,False,55,0,55,15555,0,15555,,0.39556412729026036,,,,19986,< 100 mil aptos,interior
MG,44733,3123700.0,ENGENHEIRO CALDAS,False,29,29,0,5298,5298,0,0.5149112872782182,,,,,7830,< 100 mil aptos,interior
MG,44750,3123809.0,ENGENHEIRO NAVARRO,False,19,19,0,4422,4422,0,0.728629579375848,,,,,6207,< 100 mil aptos,interior
MG,44776,3123908.0,ENTRE RIOS DE MINAS,False,40,0,40,9654,0,9654,,0.5646364201367309,,,,12468,< 100 mil aptos,interior
MG,44792,3124005.0,ERVÁLIA,False,60,60,0,12504,12504,0,0.6709852847088932,,,,,15525,< 100 mil aptos,interior
MG,44814,3124104.0,ESMERALDAS,False,150,0,150,39832,0,39832,,0.5301516368748744,,,,52963,< 100 mil aptos,interior
MG,44830,3124203.0,ESPERA FELIZ,False,59,59,0,13919,13919,0,0.5213018176593146,,,,,17913,< 100 mil aptos,interior
MG,44857,3124302.0,ESPINOSA,False,90,90,0,17758,17758,0,0.6669670007883771,,,,,23274,< 100 mil aptos,interior
MG,44873,3124401.0,ESPÍRITO SANTO DO DOURADO,False,15,15,0,4023,4023,0,0.5055928411633109,,,,,5089,< 100 mil aptos,interior
MG,44890,3124500.0,ESTIVA,False,33,33,0,7417,7417,0,0.4404745854118916,,,,,9253,< 100 mil aptos,interior
MG,44911,3124609.0,ESTRELA DALVA,False,10,10,0,1964,1964,0,0.6354378818737271,,,,,2765,< 100 mil aptos,interior
MG,44938,3124708.0,ESTRELA DO INDAIÁ,False,11,11,0,2076,2076,0,0.49662813102119463,,,,,2932,< 100 mil aptos,interior
MG,44954,3124807.0,ESTRELA DO SUL,False,19,19,0,4377,4377,0,0.5784784098697738,,,,,5746,< 100 mil aptos,interior
MG,44970,3124906.0,EUGENÓPOLIS,False,30,30,0,7082,7082,0,0.5132730866986727,,,,,9082,< 100 mil aptos,interior
MG,44997,3125002.0,EWBANK DA CÂMARA,False,13,13,0,3396,3396,0,0.6731448763250883,,,,,4252,< 100 mil aptos,interior
MG,45012,3125101.0,EXTREMA,False,100,100,0,27470,27470,0,0.43942482708409175,,,,,37041,< 100 mil aptos,interior
MG,45039,3125200.0,FAMA,False,11,11,0,2359,2359,0,0.4607884696905468,,,,,3138,< 100 mil aptos,interior
MG,45055,3125309.0,FARIA LEMOS,False,13,13,0,2404,2404,0,0.6247920133111481,,,,,3193,< 100 mil aptos,interior
MG,45071,3125408.0,FELÍCIO DOS SANTOS,False,16,16,0,3180,3180,0,0.6562893081761006,,,,,5023,< 100 mil aptos,interior
MG,45098,3125507.0,SÃO GONÇALO DO RIO PRETO,False,12,0,12,2079,0,2079,,0.7758537758537759,,,,3017,< 100 mil aptos,interior
MG,45110,3125606.0,FELISBURGO,False,17,17,0,3727,3727,0,0.7247115642607995,,,,,5635,< 100 mil aptos,interior
MG,45136,3125705.0,FELIXLÂNDIA,False,37,37,0,8571,8571,0,0.5851125889627815,,,,,11818,< 100 mil aptos,interior
MG,45152,3125804.0,FERNANDES TOURINHO,False,10,10,0,1928,1928,0,0.48392116182572614,,,,,2754,< 100 mil aptos,interior
MG,45179,3125903.0,FERROS,False,35,35,0,6014,6014,0,0.6830728300631859,,,,,8658,< 100 mil aptos,interior
MG,45195,3126000.0,FLORESTAL,False,20,0,20,5130,0,5130,,0.5261208576998051,,,,6630,< 100 mil aptos,interior
MG,45217,3126109.0,FORMIGA,False,177,177,0,41816,41816,0,0.378037114979912,,,,,54812,< 100 mil aptos,interior
MG,45233,3126208.0,FORMOSO,False,21,21,0,4370,4370,0,0.6096109839816933,,,,,5844,< 100 mil aptos,interior
MG,45250,3126307.0,FORTALEZA DE MINAS,False,10,10,0,2303,2303,0,0.44376899696048633,,,,,3297,< 100 mil aptos,interior
MG,45276,3126406.0,FORTUNA DE MINAS,False,11,0,11,2157,0,2157,,0.6212331942512749,,,,2635,< 100 mil aptos,interior
MG,45292,3126505.0,FRANCISCO BADARÓ,False,30,30,0,4457,4457,0,0.7181960960287189,,,,,7224,< 100 mil aptos,interior
MG,45314,3126604.0,FRANCISCO DUMONT,False,16,16,0,3043,3043,0,0.6174827472888597,,,,,4175,< 100 mil aptos,interior
MG,45330,3126703.0,FRANCISCO SÁ,False,77,77,0,14168,14168,0,0.7272021456804065,,,,,19550,< 100 mil aptos,interior
MG,45357,3126802.0,FREI GASPAR,False,21,21,0,3764,3764,0,0.6873007438894793,,,,,5342,< 100 mil aptos,interior
MG,45373,3126901.0,FREI INOCÊNCIO,False,26,26,0,4878,4878,0,0.5834358343583436,,,,,6959,< 100 mil aptos,interior
MG,45390,3127008.0,FRONTEIRA,False,28,28,0,7843,7843,0,0.541756980747163,,,,,10338,< 100 mil aptos,interior
MG,45411,3127107.0,FRUTAL,False,120,120,0,31266,31266,0,0.4383355721870402,,,,,41910,< 100 mil aptos,interior
MG,45438,3127206.0,FUNILÂNDIA,False,17,0,17,3682,0,3682,,0.45817490494296575,,,,4921,< 100 mil aptos,interior
MG,45454,3127305.0,GALILÉIA,False,19,19,0,3764,3764,0,0.5132837407013815,,,,,5462,< 100 mil aptos,interior
MG,45470,3127404.0,GONÇALVES,False,13,13,0,2968,2968,0,0.37567385444743934,,,,,4010,< 100 mil aptos,interior
MG,45497,3127503.0,GONZAGA,False,18,18,0,3028,3028,0,0.6225231175693527,,,,,4874,< 100 mil aptos,interior
MG,45519,3127602.0,GOUVEIA,False,31,0,31,7530,0,7530,,0.701062416998672,,,,10569,< 100 mil aptos,interior
MG,45535,3127701.0,GOVERNADOR VALADARES,False,652,652,0,151212,151212,0,0.37190831415496123,,,,,215890,≥ 100 mil aptos,interior
MG,45551,3127800.0,GRÃO MOGOL,False,42,42,0,8166,8166,0,0.7417340191036003,,,,,11923,< 100 mil aptos,interior
MG,45578,3127909.0,GRUPIARA,False,6,6,0,1303,1303,0,0.4059861857252494,,,,,1643,< 100 mil aptos,interior
MG,45594,3128006.0,GUANHÃES,False,85,85,0,16881,16881,0,0.5596232450684201,,,,,25106,< 100 mil aptos,interior
MG,45616,3128105.0,GUAPÉ,False,36,36,0,8156,8156,0,0.3744482589504659,,,,,10865,< 100 mil aptos,interior
MG,45632,3128204.0,GUARACIABA,False,30,0,30,6183,0,6183,,0.7135694646611677,,,,8273,< 100 mil aptos,interior
MG,45659,3128303.0,GUARANÉSIA,False,43,43,0,11558,11558,0,0.5865201591970929,,,,,15362,< 100 mil aptos,interior
MG,45675,3128402.0,GUARANI,False,22,22,0,5299,5299,0,0.6627665597282506,,,,,6953,< 100 mil aptos,interior
MG,45691,3128501.0,GUARARÁ,False,14,14,0,2693,2693,0,0.5614556256962495,,,,,3547,< 100 mil aptos,interior
MG,45713,3128600.0,GUARDA-MOR,False,18,18,0,4289,4289,0,0.4707391000233155,,,,,5915,< 100 mil aptos,interior
MG,45730,3128709.0,GUAXUPÉ,False,111,111,0,29300,29300,0,0.5051194539249146,,,,,38736,< 100 mil aptos,interior
MG,45756,3128808.0,GUIDOVAL,False,25,25,0,5108,5108,0,0.6066953797963978,,,,,6403,< 100 mil aptos,interior
MG,45772,3128907.0,GUIMARÂNIA,False,24,24,0,5252,5252,0,0.4562071591774562,,,,,6922,< 100 mil aptos,interior
MG,45799,3129004.0,GUIRICEMA,False,25,25,0,5802,5802,0,0.6273698724577732,,,,,7222,< 100 mil aptos,interior
MG,45810,3129103.0,GURINHATÃ,False,17,17,0,3583,3583,0,0.4881384314819983,,,,,5002,< 100 mil aptos,interior
MG,45837,3129202.0,HELIODORA,False,17,17,0,4087,4087,0,0.5431857107903107,,,,,5124,< 100 mil aptos,interior
MG,45853,3129301.0,IAPU,False,25,25,0,6165,6165,0,0.4741281427412814,,,,,8550,< 100 mil aptos,interior
MG,45870,3129400.0,IBERTIOGA,False,16,0,16,3886,0,3886,,0.718991250643335,,,,4983,< 100 mil aptos,interior
MG,45896,3129509.0,IBIÁ,False,57,57,0,12549,12549,0,0.5007570324328632,,,,,17189,< 100 mil aptos,interior
MG,45918,3129608.0,IBIAÍ,False,21,21,0,4363,4363,0,0.762548705019482,,,,,6558,< 100 mil aptos,interior
MG,45934,3129707.0,IBIRACI,False,26,26,0,7090,7090,0,0.421015514809591,,,,,9111,< 100 mil aptos,interior
MG,45950,3129806.0,IBIRITÉ,False,345,0,345,98140,0,98140,,0.49805380069288774,,,,125612,≥ 100 mil aptos,interior
MG,45977,3129905.0,IBITIÚRA DE MINAS,False,11,11,0,2632,2632,0,0.2838145896656535,,,,,3324,< 100 mil aptos,interior
MG,45993,3130002.0,IBITURUNA,False,9,9,0,1958,1958,0,0.5183861082737488,,,,,2557,< 100 mil aptos,interior
MG,46019,3130101.0,IGARAPÉ,False,92,0,92,24394,0,24394,,0.4772485037304255,,,,31878,< 100 mil aptos,interior
MG,46035,3130200.0,IGARATINGA,False,24,0,24,6414,0,6414,,0.4307764265668849,,,,8101,< 100 mil aptos,interior
MG,46051,3130309.0,IGUATAMA,False,25,0,25,4960,0,4960,,0.5413306451612904,,,,6451,< 100 mil aptos,interior
MG,46078,3130408.0,IJACI,False,16,16,0,4311,4311,0,0.5242403154720483,,,,,5397,< 100 mil aptos,interior
MG,46094,3130507.0,ILICÍNEA,False,26,26,0,7736,7736,0,0.5129265770423992,,,,,9825,< 100 mil aptos,interior
MG,46116,3130606.0,INCONFIDENTES,False,17,17,0,5070,5070,0,0.43037475345167653,,,,,6358,< 100 mil aptos,interior
MG,46132,3130705.0,INDIANÓPOLIS,False,16,16,0,3847,3847,0,0.5435404211073563,,,,,4877,< 100 mil aptos,interior
MG,46159,3130804.0,INGAÍ,False,10,10,0,2056,2056,0,0.5880350194552529,,,,,2477,< 100 mil aptos,interior
MG,46175,3130903.0,INHAPIM,False,75,75,0,14883,14883,0,0.4544782637909024,,,,,20147,< 100 mil aptos,interior
MG,46191,3131000.0,INHAÚMA,False,17,0,17,4534,0,4534,,0.5196294662549625,,,,5723,< 100 mil aptos,interior
MG,46213,3131109.0,INIMUTABA,False,22,22,0,4612,4612,0,0.6016912402428447,,,,,6285,< 100 mil aptos,interior
MG,46230,3131208.0,IPANEMA,False,50,50,0,11273,11273,0,0.4977379579526302,,,,,15547,< 100 mil aptos,interior
MG,46256,3131307.0,IPATINGA,False,541,541,0,136721,136721,0,0.3488198594217421,,,,,180143,≥ 100 mil aptos,interior
MG,46272,3131406.0,IPIAÇU,False,11,11,0,2750,2750,0,0.6134545454545455,,,,,3692,< 100 mil aptos,interior
MG,46299,3131505.0,IPUIÚNA,False,24,24,0,6236,6236,0,0.4474021808851828,,,,,7762,< 100 mil aptos,interior
MG,46310,3131604.0,IRAÍ DE MINAS,False,18,18,0,4971,4971,0,0.4500100583383625,,,,,6095,< 100 mil aptos,interior
MG,46337,3131703.0,ITABIRA,False,276,0,276,71230,0,71230,,0.5377228695774252,,,,91115,< 100 mil aptos,interior
MG,46353,3131802.0,ITABIRINHA,False,30,30,0,6092,6092,0,0.5177281680892974,,,,,8150,< 100 mil aptos,interior
MG,46370,3131901.0,ITABIRITO,False,130,0,130,32764,0,32764,,0.547277499694787,,,,42908,< 100 mil aptos,interior
MG,46396,3132008.0,ITACAMBIRA,False,23,23,0,3310,3310,0,0.7987915407854985,,,,,4580,< 100 mil aptos,interior
MG,46418,3132107.0,ITACARAMBI,False,48,48,0,9043,9043,0,0.7082826495631981,,,,,13694,< 100 mil aptos,interior
MG,46434,3132206.0,ITAGUARA,False,43,0,43,8390,0,8390,,0.45876042908224074,,,,10865,< 100 mil aptos,interior
MG,46450,3132305.0,ITAIPÉ,False,29,29,0,5893,5893,0,0.6857288308162226,,,,,9284,< 100 mil aptos,interior
MG,46477,3132404.0,ITAJUBÁ,False,218,218,0,55910,55910,0,0.34517975317474514,,,,,73291,< 100 mil aptos,interior
MG,46493,3132503.0,ITAMARANDIBA,False,83,83,0,18625,18625,0,0.6258255033557047,,,,,25663,< 100 mil aptos,interior
MG,46515,3132602.0,ITAMARATI DE MINAS,False,13,13,0,2821,2821,0,0.6104218362282878,,,,,3637,< 100 mil aptos,interior
MG,46531,3132701.0,ITAMBACURI,False,64,64,0,11892,11892,0,0.6752438614194416,,,,,18459,< 100 mil aptos,interior
MG,46558,3132800.0,ITAMBÉ DO MATO DENTRO,False,10,0,10,1930,0,1930,,0.6839378238341969,,,,2493,< 100 mil aptos,interior
MG,46574,3132909.0,ITAMOGI,False,27,27,0,6921,6921,0,0.4617829793382459,,,,,9322,< 100 mil aptos,interior
MG,46590,3133006.0,ITAMONTE,False,34,34,0,9317,9317,0,0.39304497155736823,,,,,11929,< 100 mil aptos,interior
MG,46612,3133105.0,ITANHANDU,False,34,34,0,9652,9652,0,0.45907583920431,,,,,12480,< 100 mil aptos,interior
MG,46639,3133204.0,ITANHOMI,False,33,33,0,6698,6698,0,0.5610630038817558,,,,,9655,< 100 mil aptos,interior
MG,46655,3133303.0,ITAOBIM,False,53,53,0,11290,11290,0,0.5928255093002657,,,,,16431,< 100 mil aptos,interior
MG,46671,3133402.0,ITAPAGIPE,False,33,33,0,7825,7825,0,0.45993610223642173,,,,,10277,< 100 mil aptos,interior
MG,46698,3133501.0,ITAPECERICA,False,69,0,69,14105,0,14105,,0.5378234668557249,,,,17881,< 100 mil aptos,interior
MG,46710,3133600.0,ITAPEVA,False,22,22,0,6504,6504,0,0.3805350553505535,,,,,8500,< 100 mil aptos,interior
MG,46736,3133709.0,ITATIAIUÇU,False,33,0,33,8040,0,8040,,0.40111940298507465,,,,10516,< 100 mil aptos,interior
MG,46752,3133808.0,ITAÚNA,False,227,0,227,55667,0,55667,,0.3356027808216717,,,,71243,< 100 mil aptos,interior
MG,46779,3133907.0,ITAVERAVA,False,20,0,20,4508,0,4508,,0.6186779059449867,,,,5635,< 100 mil aptos,interior
MG,46795,3134004.0,ITINGA,False,40,40,0,7612,7612,0,0.7808723068838676,,,,,11263,< 100 mil aptos,interior
MG,46817,3134103.0,ITUETA,False,16,16,0,3907,3907,0,0.3644740209879703,,,,,4955,< 100 mil aptos,interior
MG,46833,3134202.0,ITUIUTABA,False,250,250,0,58095,58095,0,0.5578449092004475,,,,,77096,< 100 mil aptos,interior
MG,46850,3134301.0,ITUMIRIM,False,21,21,0,4569,4569,0,0.5548260013131976,,,,,6023,< 100 mil aptos,interior
MG,46876,3134400.0,ITURAMA,False,85,85,0,22634,22634,0,0.5315896438985597,,,,,30126,< 100 mil aptos,interior
MG,46892,3134509.0,ITUTINGA,False,12,12,0,2873,2873,0,0.6289592760180995,,,,,3752,< 100 mil aptos,interior
MG,46914,3134608.0,JABOTICATUBAS,False,47,0,47,11666,0,11666,,0.5294016800960055,,,,15053,< 100 mil aptos,interior
MG,46930,3134707.0,JACINTO,False,31,31,0,6334,6334,0,0.6733501736659299,,,,,9196,< 100 mil aptos,interior
MG,46957,3134806.0,JACUÍ,False,19,19,0,4714,4714,0,0.29507848960543065,,,,,6415,< 100 mil aptos,interior
MG,46973,3134905.0,JACUTINGA,False,52,52,0,14475,14475,0,0.27709844559585495,,,,,18949,< 100 mil aptos,interior
MG,46990,3135001.0,JAGUARAÇU,False,11,0,11,2455,0,2455,,0.47820773930753563,,,,3137,< 100 mil aptos,interior
MG,47015,3135100.0,JANAÚBA,False,193,193,0,39894,39894,0,0.5560234621747632,,,,,52922,< 100 mil aptos,interior
MG,47031,3135209.0,JANUÁRIA,False,182,182,0,34468,34468,0,0.7561506324706975,,,,,50517,< 100 mil aptos,interior
MG,47058,3135308.0,JAPARAÍBA,False,10,0,10,2817,0,2817,,0.47106851260205895,,,,3489,< 100 mil aptos,interior
MG,47074,3135407.0,JECEABA,False,23,0,23,4641,0,4641,,0.6252962723550959,,,,5985,< 100 mil aptos,interior
MG,47090,3135506.0,JEQUERI,False,33,0,33,7426,0,7426,,0.692431995690816,,,,10350,< 100 mil aptos,interior
MG,47112,3135605.0,JEQUITAÍ,False,22,22,0,4340,4340,0,0.7048387096774194,,,,,6648,< 100 mil aptos,interior
MG,47139,3135704.0,JEQUITIBÁ,False,21,0,21,4464,0,4464,,0.4932795698924731,,,,5811,< 100 mil aptos,interior
MG,47155,3135803.0,JEQUITINHONHA,False,61,61,0,12061,12061,0,0.7643644805571678,,,,,18170,< 100 mil aptos,interior
MG,47171,3135902.0,JESUÂNIA,False,13,13,0,3223,3223,0,0.44585789636984174,,,,,4252,< 100 mil aptos,interior
MG,47198,3136009.0,JOAÍMA,False,39,39,0,7092,7092,0,0.7631133671742809,,,,,10890,< 100 mil aptos,interior
MG,47210,3136108.0,JOANÉSIA,False,23,0,23,3486,0,3486,,0.5676993689041882,,,,5028,< 100 mil aptos,interior
MG,47236,3136207.0,JOÃO MONLEVADE,False,215,0,215,46293,0,46293,,0.4956472900870542,,,,60533,< 100 mil aptos,interior
MG,47252,3136306.0,JOÃO PINHEIRO,False,124,124,0,27523,27523,0,0.4693165715946663,,,,,38163,< 100 mil aptos,interior
MG,47279,3136405.0,JOAQUIM FELÍCIO,False,16,16,0,2375,2375,0,0.5717894736842105,,,,,3485,< 100 mil aptos,interior
MG,47295,3136504.0,JORDÂNIA,False,27,27,0,5197,5197,0,0.6488358668462575,,,,,7685,< 100 mil aptos,interior
MG,47317,3136603.0,NOVA UNIÃO,False,17,0,17,4178,0,4178,,0.5832934418382001,,,,5557,< 100 mil aptos,interior
MG,47333,3136702.0,JUIZ DE FORA,False,1230,1230,0,322605,322605,0,0.560915050913656,,,,,419293,≥ 100 mil aptos,interior
MG,47350,3136801.0,JURAMENTO,False,15,15,0,3505,3505,0,0.6944365192582026,,,,,4477,< 100 mil aptos,interior
MG,47376,3136900.0,JURUAIA,False,24,24,0,7341,7341,0,0.3835989647187032,,,,,9028,< 100 mil aptos,interior
MG,47392,3137007.0,LADAINHA,False,39,39,0,7573,7573,0,0.747524098771953,,,,,12312,< 100 mil aptos,interior
MG,47414,3137106.0,LAGAMAR,False,21,21,0,5006,5006,0,0.43787455053935276,,,,,6486,< 100 mil aptos,interior
MG,47430,3137205.0,LAGOA DA PRATA,False,101,0,101,27950,0,27950,,0.3827906976744186,,,,36412,< 100 mil aptos,interior
MG,47457,3137304.0,LAGOA DOS PATOS,False,14,14,0,2562,2562,0,0.6346604215456675,,,,,3760,< 100 mil aptos,interior
MG,47473,3137403.0,LAGOA DOURADA,False,31,0,31,8176,0,8176,,0.5004892367906066,,,,10065,< 100 mil aptos,interior
MG,47490,3137502.0,LAGOA FORMOSA,False,50,50,0,11844,11844,0,0.44739952718676124,,,,,14658,< 100 mil aptos,interior
MG,47511,3137601.0,LAGOA SANTA,False,165,0,165,38741,0,38741,,0.3847603314318164,,,,49600,< 100 mil aptos,interior
MG,47538,3137700.0,LAJINHA,False,51,51,0,12217,12217,0,0.4821150855365474,,,,,14889,< 100 mil aptos,interior
MG,47554,3137809.0,LAMBARI,False,50,50,0,13032,13032,0,0.36494782074892573,,,,,16954,< 100 mil aptos,interior
MG,47570,3137908.0,LAMIM,False,11,0,11,2793,0,2793,,0.7372001432151808,,,,3518,< 100 mil aptos,interior
MG,47597,3138005.0,LARANJAL,False,19,19,0,4443,4443,0,0.5019131217645735,,,,,5583,< 100 mil aptos,interior
MG,47619,3138104.0,LASSANCE,False,19,19,0,4111,4111,0,0.6528825103381173,,,,,5814,< 100 mil aptos,interior
MG,47635,3138203.0,LAVRAS,False,207,207,0,56860,56860,0,0.48476960956735843,,,,,74529,< 100 mil aptos,interior
MG,47651,3138302.0,LEANDRO FERREIRA,False,10,0,10,2563,0,2563,,0.43074522044479124,,,,3323,< 100 mil aptos,interior
MG,47678,3138401.0,LEOPOLDINA,False,130,130,0,30686,30686,0,0.5990028025809816,,,,,41030,< 100 mil aptos,interior
MG,47694,3138500.0,LIBERDADE,False,17,17,0,3331,3331,0,0.6463524467126989,,,,,4422,< 100 mil aptos,interior
MG,47716,3138609.0,LIMA DUARTE,False,47,47,0,11035,11035,0,0.7036701404621658,,,,,14572,< 100 mil aptos,interior
MG,47732,3138708.0,LUMINÁRIAS,False,16,16,0,3503,3503,0,0.5540964887239509,,,,,4453,< 100 mil aptos,interior
MG,47759,3138807.0,LUZ,False,53,53,0,10683,10683,0,0.4190770382851259,,,,,14840,< 100 mil aptos,interior
MG,47775,3138906.0,MACHACALIS,False,21,21,0,4372,4372,0,0.646843549862763,,,,,6003,< 100 mil aptos,interior
MG,47791,3139003.0,MACHADO,False,90,90,0,23154,23154,0,0.384641962511877,,,,,30239,< 100 mil aptos,interior
MG,47813,3139102.0,MADRE DE DEUS DE MINAS,False,16,16,0,3469,3469,0,0.6111271259729029,,,,,4329,< 100 mil aptos,interior
MG,47830,3139201.0,MALACACHETA,False,57,57,0,10079,10079,0,0.660283758309356,,,,,15568,< 100 mil aptos,interior
MG,47856,3139300.0,MANGA,False,63,63,0,11054,11054,0,0.6571376877148544,,,,,16168,< 100 mil aptos,interior
MG,47872,3139409.0,MANHUAÇU,False,173,173,0,46569,46569,0,0.43956279928707936,,,,,60238,< 100 mil aptos,interior
MG,47899,3139508.0,MANHUMIRIM,False,59,59,0,12612,12612,0,0.500396447827466,,,,,17107,< 100 mil aptos,interior
MG,47910,3139607.0,MANTENA,False,72,72,0,14770,14770,0,0.4117129316181449,,,,,20765,< 100 mil aptos,interior
MG,47937,3139706.0,MARAVILHAS,False,18,0,18,5133,0,5133,,0.4387297876485486,,,,6277,< 100 mil aptos,interior
MG,47953,3139805.0,MAR DE ESPANHA,False,38,38,0,8097,8097,0,0.5348894652340372,,,,,10025,< 100 mil aptos,interior
MG,47970,3139904.0,MARIA DA FÉ,False,37,37,0,9627,9627,0,0.3697932897060351,,,,,12111,< 100 mil aptos,interior
MG,47996,3140001.0,MARIANA,False,154,0,154,38796,0,38796,,0.6936539849469018,,,,50737,< 100 mil aptos,interior
MG,48011,3140100.0,MARILAC,False,13,13,0,2989,2989,0,0.6614252258280361,,,,,4450,< 100 mil aptos,interior
MG,48038,3140209.0,MARIPÁ DE MINAS,False,12,12,0,2367,2367,0,0.49007182087029993,,,,,3000,< 100 mil aptos,interior
MG,48054,3140308.0,MARLIÉRIA,False,15,0,15,3345,0,3345,,0.5273542600896861,,,,4295,< 100 mil aptos,interior
MG,48070,3140407.0,MARMELÓPOLIS,False,10,10,0,2286,2286,0,0.5017497812773404,,,,,2916,< 100 mil aptos,interior
MG,48097,3140506.0,MARTINHO CAMPOS,False,38,0,38,8541,0,8541,,0.3837958084533427,,,,11490,< 100 mil aptos,interior
MG,48119,3140605.0,MATERLÂNDIA,False,18,18,0,2651,2651,0,0.7744247453791022,,,,,4445,< 100 mil aptos,interior
MG,48135,3140704.0,MATEUS LEME,False,87,0,87,20334,0,20334,,0.47064030687518443,,,,27499,< 100 mil aptos,interior
MG,48151,3140803.0,MATIAS BARBOSA,False,34,34,0,9463,9463,0,0.5669449434640178,,,,,11981,< 100 mil aptos,interior
MG,48178,3140902.0,MATIPÓ,False,42,42,0,11358,11358,0,0.5466631449198802,,,,,14062,< 100 mil aptos,interior
MG,48194,3141009.0,MATO VERDE,False,35,35,0,8339,8339,0,0.631010912579446,,,,,10619,< 100 mil aptos,interior
MG,48216,3141108.0,MATOZINHOS,False,91,0,91,23049,0,23049,,0.49151807019827326,,,,30070,< 100 mil aptos,interior
MG,48232,3141207.0,MATUTINA,False,12,12,0,2502,2502,0,0.4644284572342126,,,,,3481,< 100 mil aptos,interior
MG,48259,3141306.0,MEDEIROS,False,11,0,11,2405,0,2405,,0.3941787941787942,,,,3108,< 100 mil aptos,interior
MG,48275,3141405.0,MEDINA,False,53,53,0,11240,11240,0,0.6847864768683274,,,,,16184,< 100 mil aptos,interior
MG,48291,3141504.0,MENDES PIMENTEL,False,14,14,0,3755,3755,0,0.5611185086551265,,,,,5228,< 100 mil aptos,interior
MG,48313,3141603.0,MERCÊS,False,27,27,0,6631,6631,0,0.6757653445935756,,,,,8794,< 100 mil aptos,interior
MG,48330,3141702.0,MESQUITA,False,21,0,21,3808,0,3808,,0.529936974789916,,,,5557,< 100 mil aptos,interior
MG,48356,3141801.0,MINAS NOVAS,False,78,78,0,13551,13551,0,0.788133717068851,,,,,22360,< 100 mil aptos,interior
MG,48372,3141900.0,MINDURI,False,15,15,0,2539,2539,0,0.5080740448995668,,,,,3292,< 100 mil aptos,interior
MG,48399,3142007.0,MIRABELA,False,38,38,0,8354,8354,0,0.7221690208283457,,,,,11499,< 100 mil aptos,interior
MG,48410,3142106.0,MIRADOURO,False,31,31,0,6397,6397,0,0.5937158042832578,,,,,8089,< 100 mil aptos,interior
MG,48437,3142205.0,MIRAÍ,False,34,34,0,7887,7887,0,0.48421453023963484,,,,,10546,< 100 mil aptos,interior
MG,48453,3142304.0,MOEDA,False,19,0,19,4106,0,4106,,0.5004870920603994,,,,4972,< 100 mil aptos,interior
MG,48470,3142403.0,MOEMA,False,23,0,23,5080,0,5080,,0.456496062992126,,,,6684,< 100 mil aptos,interior
MG,48496,3142502.0,MONJOLOS,False,9,0,9,1577,0,1577,,0.6582117945466075,,,,2293,< 100 mil aptos,interior
MG,48518,3142601.0,MONSENHOR PAULO,False,19,19,0,5416,5416,0,0.4924298375184638,,,,,6952,< 100 mil aptos,interior
MG,48534,3142700.0,MONTALVÂNIA,False,51,51,0,8686,8686,0,0.6985954409394428,,,,,13064,< 100 mil aptos,interior
MG,48550,3142809.0,MONTE ALEGRE DE MINAS,False,51,51,0,11192,11192,0,0.5218906361686919,,,,,15465,< 100 mil aptos,interior
MG,48577,3142908.0,MONTE AZUL,False,73,73,0,13533,13533,0,0.6054090002216803,,,,,17534,< 100 mil aptos,interior
MG,48593,3143005.0,MONTE BELO,False,32,32,0,8285,8285,0,0.49619794809897405,,,,,10976,< 100 mil aptos,interior
MG,48615,3143104.0,MONTE CARMELO,False,107,107,0,27906,27906,0,0.5172722711961585,,,,,36400,< 100 mil aptos,interior
MG,48631,3143203.0,MONTE SANTO DE MINAS,False,48,48,0,12353,12353,0,0.4581073423459888,,,,,17285,< 100 mil aptos,interior
MG,48658,3143302.0,MONTES CLAROS,False,866,866,0,227835,227835,0,0.4875458116619483,,,,,288412,≥ 100 mil aptos,interior
MG,48674,3143401.0,MONTE SIÃO,False,53,53,0,14595,14595,0,0.23528605686879067,,,,,18577,< 100 mil aptos,interior
MG,48690,3143500.0,MORADA NOVA DE MINAS,False,27,27,0,5396,5396,0,0.449592290585619,,,,,7297,< 100 mil aptos,interior
MG,48712,3143609.0,MORRO DA GARÇA,False,10,10,0,2089,2089,0,0.7012924844423168,,,,,2852,< 100 mil aptos,interior
MG,48739,3143708.0,MORRO DO PILAR,False,17,0,17,2666,0,2666,,0.7100525131282821,,,,3682,< 100 mil aptos,interior
MG,48755,3143807.0,MUNHOZ,False,18,18,0,4631,4631,0,0.4586482401209242,,,,,5927,< 100 mil aptos,interior
MG,48771,3143906.0,MURIAÉ,False,263,263,0,60871,60871,0,0.47116032264953756,,,,,78182,< 100 mil aptos,interior
MG,48798,3144003.0,MUTUM,False,64,64,0,16463,16463,0,0.47998542185506893,,,,,21388,< 100 mil aptos,interior
MG,48810,3144102.0,MUZAMBINHO,False,50,50,0,13710,13710,0,0.4475565280816922,,,,,18051,< 100 mil aptos,interior
MG,48836,3144201.0,NACIP RAYDAN,False,9,9,0,1803,1803,0,0.6727676095396561,,,,,2906,< 100 mil aptos,interior
MG,48852,3144300.0,NANUQUE,False,102,102,0,20259,20259,0,0.4999753196110371,,,,,29734,< 100 mil aptos,interior
MG,48879,3144409.0,NATÉRCIA,False,17,17,0,3142,3142,0,0.377466581795035,,,,,4105,< 100 mil aptos,interior
MG,48895,3144508.0,NAZARENO,False,22,0,22,5129,0,5129,,0.6550984597387405,,,,6537,< 100 mil aptos,interior
MG,48917,3144607.0,NEPOMUCENO,False,64,64,0,15743,15743,0,0.4797687861271676,,,,,20952,< 100 mil aptos,interior
MG,48933,3144706.0,NOVA ERA,False,61,0,61,11055,0,11055,,0.5900497512437811,,,,15050,< 100 mil aptos,interior
MG,48950,3144805.0,NOVA LIMA,False,213,0,213,59635,0,59635,,0.5112601660098935,,,,76370,< 100 mil aptos,interior
MG,48976,3144904.0,NOVA MÓDICA,False,13,13,0,2484,2484,0,0.6167471819645732,,,,,3669,< 100 mil aptos,interior
MG,48992,3145000.0,NOVA PONTE,False,34,34,0,9434,9434,0,0.4836760652957388,,,,,12632,< 100 mil aptos,interior
MG,49018,3145109.0,NOVA RESENDE,False,37,37,0,10215,10215,0,0.4059716103768967,,,,,12886,< 100 mil aptos,interior
MG,49034,3145208.0,NOVA SERRANA,False,161,0,161,48147,0,48147,,0.2768189087585935,,,,59487,< 100 mil aptos,interior
MG,49050,3145307.0,NOVO CRUZEIRO,False,82,82,0,14624,14624,0,0.7670268052516411,,,,,24844,< 100 mil aptos,interior
MG,49077,3145406.0,OLARIA,False,7,7,0,1733,1733,0,0.6809001731102136,,,,,2265,< 100 mil aptos,interior
MG,49093,3145505.0,OLÍMPIO NORONHA,False,9,9,0,2012,2012,0,0.5929423459244533,,,,,2662,< 100 mil aptos,interior
MG,49115,3145604.0,OLIVEIRA,False,110,0,110,25773,0,25773,,0.4967989756722151,,,,33381,< 100 mil aptos,interior
MG,49131,3145703.0,OLIVEIRA FORTES,False,9,9,0,1956,1956,0,0.7203476482617587,,,,,2422,< 100 mil aptos,interior
MG,49158,3145802.0,ONÇA DE PITANGUI,False,13,0,13,2597,0,2597,,0.3904505198305737,,,,3313,< 100 mil aptos,interior
MG,49174,3145901.0,OURO BRANCO,False,95,0,95,24826,0,24826,,0.521268025457182,,,,31448,< 100 mil aptos,interior
MG,49190,3146008.0,OURO FINO,False,83,83,0,18957,18957,0,0.3237854090837158,,,,,25224,< 100 mil aptos,interior
MG,49212,3146107.0,OURO PRETO,False,197,0,197,49459,0,49459,,0.6993064962898562,,,,63593,< 100 mil aptos,interior
MG,49239,3146206.0,OURO VERDE DE MINAS,False,25,25,0,4806,4806,0,0.6054931335830213,,,,,7037,< 100 mil aptos,interior
MG,49255,3146305.0,PADRE PARAÍSO,False,46,46,0,9014,9014,0,0.6207011315731085,,,,,14156,< 100 mil aptos,interior
MG,49271,3146404.0,PAINEIRAS,False,15,15,0,3197,3197,0,0.5968095089146075,,,,,4223,< 100 mil aptos,interior
MG,49298,3146503.0,PAINS,False,22,0,22,5364,0,5364,,0.4679343773303505,,,,6814,< 100 mil aptos,interior
MG,49310,3146602.0,PAIVA,False,8,8,0,1315,1315,0,0.6631178707224334,,,,,1755,< 100 mil aptos,interior
MG,49336,3146701.0,PALMA,False,19,19,0,4057,4057,0,0.6386492482129652,,,,,5351,< 100 mil aptos,interior
MG,49352,3127057.0,FRONTEIRA DOS VALES,False,17,17,0,3020,3020,0,0.785430463576159,,,,,3943,< 100 mil aptos,interior
MG,49379,3146909.0,PAPAGAIOS,False,33,0,33,9353,0,9353,,0.49235539399123274,,,,11454,< 100 mil aptos,interior
MG,49395,3147006.0,PARACATU,False,186,186,0,49724,49724,0,0.4299533424503258,,,,,66560,< 100 mil aptos,interior
MG,49417,3147105.0,PARÁ DE MINAS,False,193,0,193,51462,0,51462,,0.35385332866969804,,,,65995,< 100 mil aptos,interior
MG,49433,3147204.0,PARAGUAÇU,False,49,49,0,12985,12985,0,0.45922217943781285,,,,,16917,< 100 mil aptos,interior
MG,49450,3147303.0,PARAISÓPOLIS,False,48,48,0,12521,12521,0,0.39964859036818146,,,,,16438,< 100 mil aptos,interior
MG,49476,3147402.0,PARAOPEBA,False,61,0,61,15747,0,15747,,0.46415190194957767,,,,20120,< 100 mil aptos,interior
MG,49492,3147501.0,PASSABÉM,False,7,0,7,1389,0,1389,,0.6270698344132469,,,,1815,< 100 mil aptos,interior
MG,49514,3147600.0,PASSA QUATRO,False,37,37,0,10338,10338,0,0.5215709034629522,,,,,13349,< 100 mil aptos,interior
MG,49530,3147709.0,PASSA TEMPO,False,24,24,0,5583,5583,0,0.5751388142575676,,,,,7635,< 100 mil aptos,interior
MG,49557,3147808.0,PASSA VINTE,False,8,8,0,1848,1848,0,0.5411255411255411,,,,,2224,< 100 mil aptos,interior
MG,49573,3147907.0,PASSOS,False,263,263,0,60693,60693,0,0.4685383816914636,,,,,80638,< 100 mil aptos,interior
MG,49590,3148004.0,PATOS DE MINAS,False,359,359,0,86905,86905,0,0.35224670617340775,,,,,114370,≥ 100 mil aptos,interior
MG,49611,3148103.0,PATROCÍNIO,False,216,216,0,52304,52304,0,0.38872743958397066,,,,,67740,< 100 mil aptos,interior
MG,49638,3148202.0,PATROCÍNIO DO MURIAÉ,False,18,18,0,3991,3991,0,0.572287647206214,,,,,5178,< 100 mil aptos,interior
MG,49654,3148301.0,PAULA CÂNDIDO,False,27,27,0,5838,5838,0,0.7158273381294964,,,,,7748,< 100 mil aptos,interior
MG,49670,3148400.0,PAULISTAS,False,21,21,0,2896,2896,0,0.8080110497237569,,,,,4306,< 100 mil aptos,interior
MG,49697,3148509.0,PAVÃO,False,19,19,0,4359,4359,0,0.6781371874283092,,,,,6220,< 100 mil aptos,interior
MG,49719,3148608.0,PEÇANHA,False,48,48,0,8818,8818,0,0.6560444545248356,,,,,13551,< 100 mil aptos,interior
MG,49735,3148707.0,PEDRA AZUL,False,66,66,0,11730,11730,0,0.5982949701619779,,,,,18534,< 100 mil aptos,interior
MG,49751,3148806.0,PEDRA DO ANTA,False,15,15,0,2699,2699,0,0.7298999629492404,,,,,3263,< 100 mil aptos,interior
MG,49778,3148905.0,PEDRA DO INDAIÁ,False,14,0,14,2899,0,2899,,0.40462228354605034,,,,3628,< 100 mil aptos,interior
MG,49794,3149002.0,PEDRA DOURADA,False,10,10,0,2151,2151,0,0.6169223616922361,,,,,2738,< 100 mil aptos,interior
MG,49816,3149101.0,PEDRALVA,False,29,29,0,7292,7292,0,0.4093527153044432,,,,,9502,< 100 mil aptos,interior
MG,49832,3149200.0,PEDRINÓPOLIS,False,12,12,0,2479,2479,0,0.4824526018555869,,,,,3147,< 100 mil aptos,interior
MG,49859,3149309.0,PEDRO LEOPOLDO,False,161,0,161,38156,0,38156,,0.4479767271202432,,,,48410,< 100 mil aptos,interior
MG,49875,3149408.0,PEDRO TEIXEIRA,False,10,10,0,1930,1930,0,0.7746113989637305,,,,,2320,< 100 mil aptos,interior
MG,49891,3149507.0,PEQUERI,False,12,12,0,2439,2439,0,0.5723657236572366,,,,,3204,< 100 mil aptos,interior
MG,49913,3149606.0,PEQUI,False,14,0,14,2928,0,2928,,0.48941256830601093,,,,3663,< 100 mil aptos,interior
MG,49930,3149705.0,PERDIGÃO,False,25,0,25,6478,0,6478,,0.24482865081815375,,,,8063,< 100 mil aptos,interior
MG,49956,3149804.0,PERDIZES,False,49,49,0,10010,10010,0,0.4158841158841159,,,,,13542,< 100 mil aptos,interior
MG,49972,3149903.0,PERDÕES,False,53,0,53,13338,0,13338,,0.44796821112610585,,,,17258,< 100 mil aptos,interior
MG,49999,3150000.0,PESCADOR,False,15,15,0,2306,2306,0,0.6643538594969645,,,,,3578,< 100 mil aptos,interior
MG,50016,3150109.0,PIAU,False,13,13,0,2440,2440,0,0.655327868852459,,,,,3032,< 100 mil aptos,interior
MG,50032,3150208.0,PIEDADE DE PONTE NOVA,False,13,0,13,2886,0,2886,,0.7096327096327096,,,,3834,< 100 mil aptos,interior
MG,50059,3150307.0,PIEDADE DO RIO GRANDE,False,16,0,16,3006,0,3006,,0.6004657351962741,,,,4084,< 100 mil aptos,interior
MG,50075,3150406.0,PIEDADE DOS GERAIS,False,13,0,13,3804,0,3804,,0.4892218717139853,,,,5040,< 100 mil aptos,interior
MG,50091,3150505.0,PIMENTA,False,22,22,0,5419,5419,0,0.44436242849234175,,,,,6967,< 100 mil aptos,interior
MG,50113,3150604.0,PIRACEMA,False,20,20,0,4704,4704,0,0.5899234693877551,,,,,5582,< 100 mil aptos,interior
MG,50130,3150703.0,PIRAJUBA,False,13,13,0,3375,3375,0,0.530074074074074,,,,,4376,< 100 mil aptos,interior
MG,50156,3150802.0,PIRANGA,False,47,47,0,9290,9290,0,0.658772874058127,,,,,13868,< 100 mil aptos,interior
MG,50172,3150901.0,PIRANGUÇU,False,15,15,0,3650,3650,0,0.38,,,,,4649,< 100 mil aptos,interior
MG,50199,3151008.0,PIRANGUINHO,False,21,21,0,5635,5635,0,0.4619343389529725,,,,,7144,< 100 mil aptos,interior
MG,50210,3151107.0,PIRAPETINGA,False,35,35,0,7805,7805,0,0.5568225496476618,,,,,9825,< 100 mil aptos,interior
MG,50237,3151206.0,PIRAPORA,False,130,130,0,30169,30169,0,0.44797639961549934,,,,,41388,< 100 mil aptos,interior
MG,50253,3151305.0,PIRAÚBA,False,27,27,0,7556,7556,0,0.5764955002646903,,,,,9625,< 100 mil aptos,interior
MG,50270,3151404.0,PITANGUI,False,69,0,69,16915,0,16915,,0.35234998522021876,,,,21172,< 100 mil aptos,interior
MG,50296,3151503.0,PIUMHI,False,71,71,0,19518,19518,0,0.3616149195614305,,,,,25661,< 100 mil aptos,interior
MG,50318,3151602.0,PLANURA,False,23,23,0,6138,6138,0,0.5039100684261975,,,,,8308,< 100 mil aptos,interior
MG,50334,3151701.0,POÇO FUNDO,False,37,37,0,10273,10273,0,0.49304000778740387,,,,,13003,< 100 mil aptos,interior
MG,50350,3151800.0,POÇOS DE CALDAS,False,392,392,0,89304,89304,0,0.4163643285855057,,,,,122529,≥ 100 mil aptos,interior
MG,50377,3151909.0,POCRANE,False,25,25,0,5563,5563,0,0.5270537479777099,,,,,7445,< 100 mil aptos,interior
MG,50393,3152006.0,POMPÉU,False,68,0,68,18343,0,18343,,0.5590143378945647,,,,24195,< 100 mil aptos,interior
MG,50415,3152105.0,PONTE NOVA,False,146,0,146,34370,0,34370,,0.6668315391329648,,,,44713,< 100 mil aptos,interior
MG,50431,3152204.0,PORTEIRINHA,False,111,111,0,23445,23445,0,0.6390701642141181,,,,,31305,< 100 mil aptos,interior
MG,50458,3152303.0,PORTO FIRME,False,29,29,0,6900,6900,0,0.6681159420289855,,,,,9118,< 100 mil aptos,interior
MG,50474,3152402.0,POTÉ,False,40,40,0,8219,8219,0,0.5916778196860932,,,,,12529,< 100 mil aptos,interior
MG,50490,3152501.0,POUSO ALEGRE,False,345,345,0,84390,84390,0,0.4048939447801872,,,,,109107,≥ 100 mil aptos,interior
MG,50512,3152600.0,POUSO ALTO,False,18,18,0,4351,4351,0,0.4412778671569754,,,,,5521,< 100 mil aptos,interior
MG,50539,3152709.0,PRADOS,False,22,0,22,5902,0,5902,,0.6318197221280921,,,,7313,< 100 mil aptos,interior
MG,50555,3152808.0,PRATA,False,69,69,0,16302,16302,0,0.532879401300454,,,,,22198,< 100 mil aptos,interior
MG,50571,3152907.0,PRATÁPOLIS,False,25,25,0,5541,5541,0,0.47698971304818627,,,,,7473,< 100 mil aptos,interior
MG,50598,3153004.0,PRATINHA,False,10,10,0,2276,2276,0,0.37478031634446396,,,,,2992,< 100 mil aptos,interior
MG,50610,3153103.0,PRESIDENTE BERNARDES,False,23,23,0,4062,4062,0,0.7016248153618907,,,,,5670,< 100 mil aptos,interior
MG,50636,3153202.0,PRESIDENTE JUSCELINO,False,16,16,0,2655,2655,0,0.6741996233521658,,,,,4107,< 100 mil aptos,interior
MG,50652,3153301.0,PRESIDENTE KUBITSCHEK,False,13,13,0,2205,2205,0,0.8453514739229024,,,,,2916,< 100 mil aptos,interior
MG,50679,3153400.0,PRESIDENTE OLEGÁRIO,False,50,50,0,11806,11806,0,0.47831611045231237,,,,,16421,< 100 mil aptos,interior
MG,50695,3153509.0,ALTO JEQUITIBÁ,False,27,27,0,5563,5563,0,0.35628258134100305,,,,,6983,< 100 mil aptos,interior
MG,50717,3153608.0,PRUDENTE DE MORAIS,False,26,0,26,6497,0,6497,,0.48099122672002464,,,,8130,< 100 mil aptos,interior
MG,50733,3153707.0,QUARTEL GERAL,False,13,13,0,2548,2548,0,0.5883045525902669,,,,,3291,< 100 mil aptos,interior
MG,50750,3153806.0,QUELUZITO,False,8,0,8,2019,0,2019,,0.5562159484893512,,,,2525,< 100 mil aptos,interior
MG,50776,3153905.0,RAPOSOS,False,42,0,42,10731,0,10731,,0.6253844003354767,,,,13324,< 100 mil aptos,interior
MG,50792,3154002.0,RAUL SOARES,False,66,66,0,13407,13407,0,0.5963302752293578,,,,,18115,< 100 mil aptos,interior
MG,50814,3154101.0,RECREIO,False,26,26,0,5938,5938,0,0.6153587066352307,,,,,7910,< 100 mil aptos,interior
MG,50830,3154200.0,RESENDE COSTA,False,31,0,31,7347,0,7347,,0.5391316183476249,,,,9366,< 100 mil aptos,interior
MG,50857,3154309.0,RESPLENDOR,False,51,51,0,9006,9006,0,0.3618698645347546,,,,,13072,< 100 mil aptos,interior
MG,50873,3154408.0,RESSAQUINHA,False,15,0,15,3470,0,3470,,0.6328530259365994,,,,4245,< 100 mil aptos,interior
MG,50890,3154507.0,RIACHO DOS MACHADOS,False,30,30,0,5394,5394,0,0.7189469781238413,,,,,7832,< 100 mil aptos,interior
MG,50911,3154606.0,RIBEIRÃO DAS NEVES,False,608,0,608,171207,0,171207,,0.5062935510814395,,,,224176,≥ 100 mil aptos,interior
MG,50938,3154705.0,RIBEIRÃO VERMELHO,False,12,0,12,2622,0,2622,,0.5945842868039665,,,,3308,< 100 mil aptos,interior
MG,50954,3154804.0,RIO ACIMA,False,25,0,25,6847,0,6847,,0.5482693150284796,,,,8554,< 100 mil aptos,interior
MG,50970,3154903.0,RIO CASCA,False,36,36,0,7770,7770,0,0.6621621621621622,,,,,11103,< 100 mil aptos,interior
MG,50997,3155009.0,RIO DOCE,False,9,0,9,1959,0,1959,,0.6707503828483921,,,,2473,< 100 mil aptos,interior
MG,51012,3155108.0,RIO DO PRADO,False,13,13,0,2935,2935,0,0.7976149914821125,,,,,4251,< 100 mil aptos,interior
MG,51039,3155207.0,RIO ESPERA,False,23,0,23,4019,0,4019,,0.6280169196317492,,,,5591,< 100 mil aptos,interior
MG,51055,3155306.0,RIO MANSO,False,15,0,15,3709,0,3709,,0.5640334321919654,,,,4722,< 100 mil aptos,interior
MG,51071,3155405.0,RIO NOVO,False,30,30,0,5543,5543,0,0.5913765109146671,,,,,7268,< 100 mil aptos,interior
MG,51098,3155504.0,RIO PARANAÍBA,False,36,36,0,8022,8022,0,0.5092246322612815,,,,,11073,< 100 mil aptos,interior
MG,51110,3155603.0,RIO PARDO DE MINAS,False,95,95,0,15067,15067,0,0.6075529302449061,,,,,21493,< 100 mil aptos,interior
MG,51136,3155702.0,RIO PIRACICABA,False,47,0,47,9108,0,9108,,0.6061703996486605,,,,12373,< 100 mil aptos,interior
MG,51152,3155801.0,RIO POMBA,False,45,45,0,11036,11036,0,0.5832729249728162,,,,,14217,< 100 mil aptos,interior
MG,51179,3155900.0,RIO PRETO,False,18,18,0,4087,4087,0,0.6474186444825055,,,,,5285,< 100 mil aptos,interior
MG,51195,3156007.0,RIO VERMELHO,False,38,38,0,6273,6273,0,0.7033317391997449,,,,,10837,< 100 mil aptos,interior
MG,51217,3156106.0,RITÁPOLIS,False,17,0,17,3594,0,3594,,0.639120756816917,,,,4691,< 100 mil aptos,interior
MG,51233,3156205.0,ROCHEDO DE MINAS,False,7,7,0,1893,1893,0,0.5039619651347068,,,,,2436,< 100 mil aptos,interior
MG,51250,3156304.0,RODEIRO,False,19,19,0,5331,5331,0,0.5308572500468955,,,,,6671,< 100 mil aptos,interior
MG,51276,3156403.0,ROMARIA,False,10,10,0,2573,2573,0,0.6350563544500583,,,,,3182,< 100 mil aptos,interior
MG,51292,3156502.0,RUBELITA,False,34,34,0,4732,4732,0,0.8231191885038038,,,,,7446,< 100 mil aptos,interior
MG,51314,3156601.0,RUBIM,False,25,25,0,4720,4720,0,0.7269067796610169,,,,,6879,< 100 mil aptos,interior
MG,51330,3156700.0,SABARÁ,False,295,0,295,75347,0,75347,,0.5059126441663238,,,,97849,< 100 mil aptos,interior
MG,51357,3156809.0,SABINÓPOLIS,False,44,44,0,8059,8059,0,0.7263928527112545,,,,,12677,< 100 mil aptos,interior
MG,51373,3156908.0,SACRAMENTO,False,60,60,0,15125,15125,0,0.4137520661157025,,,,,20030,< 100 mil aptos,interior
MG,51390,3157005.0,SALINAS,False,107,107,0,23768,23768,0,0.6200353416358129,,,,,32468,< 100 mil aptos,interior
MG,51411,3157104.0,SALTO DA DIVISA,False,18,18,0,3451,3451,0,0.6812518110692553,,,,,4958,< 100 mil aptos,interior
MG,51438,3157203.0,SANTA BÁRBARA,False,80,0,80,18552,0,18552,,0.6283958602846055,,,,23800,< 100 mil aptos,interior
MG,51454,3157302.0,SANTA BÁRBARA DO TUGÚRIO,False,19,0,19,3457,0,3457,,0.7460225629158229,,,,4437,< 100 mil aptos,interior
MG,51470,3157401.0,SANTA CRUZ DO ESCALVADO,False,17,0,17,3691,0,3691,,0.7225684096450826,,,,4858,< 100 mil aptos,interior
MG,51497,3157500.0,SANTA EFIGÊNIA DE MINAS,False,13,13,0,2578,2578,0,0.6737781225756401,,,,,4174,< 100 mil aptos,interior
MG,51519,3157609.0,SANTA FÉ DE MINAS,False,14,14,0,2288,2288,0,0.7578671328671329,,,,,3556,< 100 mil aptos,interior
MG,51535,3157708.0,SANTA JULIANA,False,27,27,0,8405,8405,0,0.47067221891731115,,,,,10504,< 100 mil aptos,interior
MG,51551,3157807.0,SANTA LUZIA,False,470,0,470,132231,0,132231,,0.4824360399603724,,,,169128,≥ 100 mil aptos,interior
MG,51578,3157906.0,SANTA MARGARIDA,False,38,38,0,10439,10439,0,0.49889836191206055,,,,,12820,< 100 mil aptos,interior
MG,51594,3158003.0,SANTA MARIA DE ITABIRA,False,28,28,0,6595,6595,0,0.6727824109173617,,,,,8736,< 100 mil aptos,interior
MG,51616,3158102.0,SANTA MARIA DO SALTO,False,15,15,0,2921,2921,0,0.62478603218076,,,,,4421,< 100 mil aptos,interior
MG,51632,3158201.0,SANTA MARIA DO SUAÇUÍ,False,42,42,0,7694,7694,0,0.6568754873927736,,,,,12345,< 100 mil aptos,interior
MG,51659,3158300.0,SANTANA DA VARGEM,False,20,0,20,4860,0,4860,,0.518312757201646,,,,5950,< 100 mil aptos,interior
MG,51675,3158409.0,SANTANA DE CATAGUASES,False,10,10,0,2693,2693,0,0.5250649832900112,,,,,3208,< 100 mil aptos,interior
MG,51691,3158508.0,SANTANA DE PIRAPAMA,False,26,0,26,5643,0,5643,,0.5846181109339004,,,,7401,< 100 mil aptos,interior
MG,51713,3158607.0,SANTANA DO DESERTO,False,13,13,0,2699,2699,0,0.6539459058910708,,,,,3365,< 100 mil aptos,interior
MG,51730,3158706.0,SANTANA DO GARAMBÉU,False,7,7,0,1796,1796,0,0.717706013363029,,,,,2279,< 100 mil aptos,interior
MG,51756,3158805.0,SANTANA DO JACARÉ,False,13,0,13,3095,0,3095,,0.5344103392568659,,,,3992,< 100 mil aptos,interior
MG,51772,3158904.0,SANTANA DO MANHUAÇU,False,22,22,0,5752,5752,0,0.5857093184979137,,,,,7699,< 100 mil aptos,interior
MG,51799,3159001.0,SANTANA DO RIACHO,False,20,0,20,4243,0,4243,,0.6257365071883102,,,,5658,< 100 mil aptos,interior
MG,51810,3159100.0,SANTANA DOS MONTES,False,12,0,12,2894,0,2894,,0.6233586731167934,,,,3758,< 100 mil aptos,interior
MG,51837,3159209.0,SANTA RITA DE CALDAS,False,23,23,0,5543,5543,0,0.37073786758073246,,,,,7039,< 100 mil aptos,interior
MG,51853,3159308.0,SANTA RITA DE JACUTINGA,False,19,19,0,3377,3377,0,0.6304412200177673,,,,,4192,< 100 mil aptos,interior
MG,51870,3159407.0,SANTA RITA DE IBITIPOCA,False,14,0,14,2471,0,2471,,0.7373532982598139,,,,3326,< 100 mil aptos,interior
MG,51896,3159506.0,SANTA RITA DO ITUETO,False,18,18,0,3715,3715,0,0.41372812920592195,,,,,5046,< 100 mil aptos,interior
MG,51918,3159605.0,SANTA RITA DO SAPUCAÍ,False,90,90,0,24229,24229,0,0.3343926699409798,,,,,30956,< 100 mil aptos,interior
MG,51934,3159704.0,SANTA ROSA DA SERRA,False,10,10,0,2378,2378,0,0.5214465937762826,,,,,3289,< 100 mil aptos,interior
MG,51950,3159803.0,SANTA VITÓRIA,False,58,58,0,12997,12997,0,0.5816726936985458,,,,,17283,< 100 mil aptos,interior
MG,51977,3159902.0,SANTO ANTÔNIO DO AMPARO,False,49,49,0,10851,10851,0,0.665007833379412,,,,,14051,< 100 mil aptos,interior
MG,51993,3160009.0,SANTO ANTÔNIO DO AVENTUREIRO,False,12,12,0,2859,2859,0,0.5666316894018888,,,,,3594,< 100 mil aptos,interior
MG,52019,3160108.0,SANTO ANTÔNIO DO GRAMA,False,12,12,0,2968,2968,0,0.7115902964959568,,,,,3946,< 100 mil aptos,interior
MG,52035,3160207.0,SANTO ANTÔNIO DO ITAMBÉ,False,11,11,0,2245,2245,0,0.7857461024498886,,,,,3923,< 100 mil aptos,interior
MG,52051,3160306.0,SANTO ANTÔNIO DO JACINTO,False,30,30,0,6182,6182,0,0.6218052410223228,,,,,9329,< 100 mil aptos,interior
MG,52078,3160405.0,SANTO ANTÔNIO DO MONTE,False,69,0,69,15937,0,15937,,0.2740791867980172,,,,20340,< 100 mil aptos,interior
MG,52094,3160504.0,SANTO ANTÔNIO DO RIO ABAIXO,False,8,0,8,1528,0,1528,,0.6295811518324608,,,,2127,< 100 mil aptos,interior
MG,52116,3160603.0,SANTO HIPÓLITO,False,11,11,0,2004,2004,0,0.7215568862275449,,,,,3040,< 100 mil aptos,interior
MG,52132,3160702.0,SANTOS DUMONT,False,128,128,0,29191,29191,0,0.617964441094858,,,,,38415,< 100 mil aptos,interior
MG,52159,3160801.0,SÃO BENTO ABADE,False,12,12,0,3215,3215,0,0.511353032659409,,,,,4164,< 100 mil aptos,interior
MG,52175,3160900.0,SÃO BRÁS DO SUAÇUÍ,False,12,0,12,2690,0,2690,,0.633457249070632,,,,3577,< 100 mil aptos,interior
MG,52191,3161007.0,SÃO DOMINGOS DO PRATA,False,41,0,41,10787,0,10787,,0.6175952535459349,,,,14216,< 100 mil aptos,interior
MG,52213,3161106.0,SÃO FRANCISCO,False,151,151,0,28190,28190,0,0.683185526782547,,,,,41351,< 100 mil aptos,interior
MG,52230,3161205.0,SÃO FRANCISCO DE PAULA,False,22,0,22,4704,0,4704,,0.623937074829932,,,,5968,< 100 mil aptos,interior
MG,52256,3161304.0,SÃO FRANCISCO DE SALES,False,17,17,0,3629,3629,0,0.6078809589418572,,,,,4622,< 100 mil aptos,interior
MG,52272,3161403.0,SÃO FRANCISCO DO GLÓRIA,False,13,13,0,3311,3311,0,0.6433101781938991,,,,,4002,< 100 mil aptos,interior
MG,52299,3161502.0,SÃO GERALDO,False,20,20,0,5579,5579,0,0.6542391109517834,,,,,7090,< 100 mil aptos,interior
MG,52310,3161601.0,SÃO GERALDO DA PIEDADE,False,15,15,0,2470,2470,0,0.6518218623481782,,,,,3952,< 100 mil aptos,interior
MG,52337,3161700.0,SÃO GONÇALO DO ABAETÉ,False,18,18,0,3978,3978,0,0.5057817998994469,,,,,5239,< 100 mil aptos,interior
MG,52353,3161809.0,SÃO GONÇALO DO PARÁ,False,30,0,30,6876,0,6876,,0.4453170447934846,,,,8721,< 100 mil aptos,interior
MG,52370,3161908.0,SÃO GONÇALO DO RIO ABAIXO,False,35,0,35,8761,0,8761,,0.5966213902522544,,,,10463,< 100 mil aptos,interior
MG,52396,3162005.0,SÃO GONÇALO DO SAPUCAÍ,False,57,57,0,13917,13917,0,0.4640367895379751,,,,,19241,< 100 mil aptos,interior
MG,52418,3162104.0,SÃO GOTARDO,False,96,96,0,21009,21009,0,0.37541053834071114,,,,,29128,< 100 mil aptos,interior
MG,52434,3162203.0,SÃO JOÃO BATISTA DO GLÓRIA,False,17,17,0,4944,4944,0,0.4116100323624595,,,,,6246,< 100 mil aptos,interior
MG,52450,3162302.0,SÃO JOÃO DA MATA,False,10,10,0,2329,2329,0,0.3885787891799055,,,,,2995,< 100 mil aptos,interior
MG,52477,3162401.0,SÃO JOÃO DA PONTE,False,80,80,0,14843,14843,0,0.8104830559859867,,,,,22576,< 100 mil aptos,interior
MG,52493,3162500.0,SÃO JOÃO DEL REI,False,220,0,220,55030,0,55030,,0.4767036162093404,,,,70045,< 100 mil aptos,interior
MG,52515,3162609.0,SÃO JOÃO DO ORIENTE,False,22,22,0,5274,5274,0,0.5422828972317026,,,,,7250,< 100 mil aptos,interior
MG,52531,3162708.0,SÃO JOÃO DO PARAÍSO,False,72,72,0,11991,11991,0,0.5356517388041031,,,,,17267,< 100 mil aptos,interior
MG,52558,3162807.0,SÃO JOÃO EVANGELISTA,False,38,38,0,8894,8894,0,0.719248931864178,,,,,12751,< 100 mil aptos,interior
MG,52574,3162906.0,SÃO JOÃO NEPOMUCENO,False,67,67,0,15547,15547,0,0.518942561265839,,,,,20540,< 100 mil aptos,interior
MG,52590,3163003.0,SÃO JOSÉ DA SAFIRA,False,15,15,0,2652,2652,0,0.6070889894419306,,,,,3952,< 100 mil aptos,interior
MG,52612,3163102.0,SÃO JOSÉ DA VARGINHA,False,11,0,11,2940,0,2940,,0.48673469387755103,,,,3850,< 100 mil aptos,interior
MG,52639,3163201.0,SÃO JOSÉ DO ALEGRE,False,11,11,0,2857,2857,0,0.3853692684634232,,,,,3670,< 100 mil aptos,interior
MG,52655,3163300.0,SÃO JOSÉ DO DIVINO,False,12,12,0,2345,2345,0,0.49637526652452024,,,,,3341,< 100 mil aptos,interior
MG,52671,3163409.0,SÃO JOSÉ DO GOIABAL,False,16,0,16,3377,0,3377,,0.6775244299674267,,,,4742,< 100 mil aptos,interior
MG,52698,3163508.0,SÃO JOSÉ DO JACURI,False,21,21,0,3802,3802,0,0.7098895318253551,,,,,5321,< 100 mil aptos,interior
MG,52710,3163607.0,SÃO JOSÉ DO MANTIMENTO,False,9,9,0,2248,2248,0,0.5911921708185054,,,,,2764,< 100 mil aptos,interior
MG,52736,3163706.0,SÃO LOURENÇO,False,113,113,0,26032,26032,0,0.36601106330669947,,,,,34605,< 100 mil aptos,interior
MG,52752,3163805.0,SÃO MIGUEL DO ANTA,False,22,22,0,4876,4876,0,0.6856029532403609,,,,,6052,< 100 mil aptos,interior
MG,52779,3163904.0,SÃO PEDRO DA UNIÃO,False,13,13,0,3264,3264,0,0.43933823529411764,,,,,4253,< 100 mil aptos,interior
MG,52795,3164001.0,SÃO PEDRO DOS FERROS,False,24,24,0,4492,4492,0,0.7219501335707925,,,,,6466,< 100 mil aptos,interior
MG,52817,3164100.0,SÃO PEDRO DO SUAÇUÍ,False,15,15,0,3399,3399,0,0.6563695204471903,,,,,4756,< 100 mil aptos,interior
MG,52833,3164209.0,SÃO ROMÃO,False,21,21,0,4560,4560,0,0.6953947368421053,,,,,7146,< 100 mil aptos,interior
MG,52850,3164308.0,SÃO ROQUE DE MINAS,False,18,18,0,4370,4370,0,0.2560640732265446,,,,,5647,< 100 mil aptos,interior
MG,52876,3164407.0,SÃO SEBASTIÃO DA BELA VISTA,False,16,16,0,4452,4452,0,0.46855345911949686,,,,,5698,< 100 mil aptos,interior
MG,52892,3164506.0,SÃO SEBASTIÃO DO MARANHÃO,False,32,32,0,5478,5478,0,0.6363636363636364,,,,,8912,< 100 mil aptos,interior
MG,52914,3164605.0,SÃO SEBASTIÃO DO OESTE,False,24,0,24,5097,0,5097,,0.5099077888954286,,,,6161,< 100 mil aptos,interior
MG,52930,3164704.0,SÃO SEBASTIÃO DO PARAÍSO,False,144,144,0,36843,36843,0,0.440137882365714,,,,,50990,< 100 mil aptos,interior
MG,52957,3164803.0,SÃO SEBASTIÃO DO RIO PRETO,False,7,7,0,1289,1289,0,0.5554693560899923,,,,,1867,< 100 mil aptos,interior
MG,52973,3164902.0,SÃO SEBASTIÃO DO RIO VERDE,False,6,6,0,1690,1690,0,0.38698224852071006,,,,,2073,< 100 mil aptos,interior
MG,52990,3165008.0,SÃO TIAGO,False,30,0,30,7006,0,7006,,0.5372537824721667,,,,9091,< 100 mil aptos,interior
MG,53015,3165107.0,SÃO TOMÁS DE AQUINO,False,17,17,0,4346,4346,0,0.4737689829728486,,,,,5899,< 100 mil aptos,interior
MG,53031,3165206.0,SÃO THOMÉ DAS LETRAS,False,18,18,0,3849,3849,0,0.6983632112236945,,,,,4874,< 100 mil aptos,interior
MG,53058,3165305.0,SÃO VICENTE DE MINAS,False,22,22,0,4297,4297,0,0.5492203863160344,,,,,5696,< 100 mil aptos,interior
MG,53074,3165404.0,SAPUCAÍ-MIRIM,False,17,17,0,4157,4157,0,0.45321145056531154,,,,,5546,< 100 mil aptos,interior
MG,53090,3165503.0,SARDOÁ,False,16,16,0,3151,3151,0,0.5887019993652809,,,,,5012,< 100 mil aptos,interior
MG,53112,3165602.0,SENADOR CORTES,False,9,9,0,1888,1888,0,0.6223516949152542,,,,,2434,< 100 mil aptos,interior
MG,53139,3165701.0,SENADOR FIRMINO,False,22,22,0,5132,5132,0,0.6856975837879968,,,,,6811,< 100 mil aptos,interior
MG,53155,3165800.0,SENADOR JOSÉ BENTO,False,8,8,0,1747,1747,0,0.40812821980538067,,,,,2225,< 100 mil aptos,interior
MG,53171,3165909.0,SENADOR MODESTINO GONÇALVES,False,20,20,0,3001,3001,0,0.7104298567144285,,,,,4578,< 100 mil aptos,interior
MG,53198,3166006.0,SENHORA DE OLIVEIRA,False,16,16,0,4283,4283,0,0.732897501751109,,,,,5552,< 100 mil aptos,interior
MG,53210,3166105.0,SENHORA DO PORTO,False,14,14,0,2212,2212,0,0.6505424954792043,,,,,3252,< 100 mil aptos,interior
MG,53236,3166204.0,SENHORA DOS REMÉDIOS,False,30,0,30,6510,0,6510,,0.6626728110599078,,,,8231,< 100 mil aptos,interior
MG,53252,3166303.0,SERICITA,False,21,0,21,5179,0,5179,,0.4852288086503186,,,,6610,< 100 mil aptos,interior
MG,53279,3166402.0,SERITINGA,False,7,7,0,1435,1435,0,0.5881533101045296,,,,,1884,< 100 mil aptos,interior
MG,53295,3166501.0,SERRA AZUL DE MINAS,False,10,10,0,2198,2198,0,0.7470427661510464,,,,,3681,< 100 mil aptos,interior
MG,53317,3166600.0,SERRA DA SAUDADE,False,4,4,0,819,819,0,0.46153846153846156,,,,,1097,< 100 mil aptos,interior
MG,53333,3166709.0,SERRA DOS AIMORÉS,False,24,24,0,4017,4017,0,0.6315658451580781,,,,,5686,< 100 mil aptos,interior
MG,53350,3166808.0,SERRA DO SALITRE,False,30,30,0,7170,7170,0,0.44184100418410044,,,,,9286,< 100 mil aptos,interior
MG,53376,3166907.0,SERRANIA,False,18,18,0,4786,4786,0,0.5162975344755537,,,,,6547,< 100 mil aptos,interior
MG,53392,3167004.0,SERRANOS,False,10,10,0,1586,1586,0,0.5882723833543506,,,,,2085,< 100 mil aptos,interior
MG,53414,3167103.0,SERRO,False,56,56,0,11214,11214,0,0.7384519350811486,,,,,17282,< 100 mil aptos,interior
MG,53430,3167202.0,SETE LAGOAS,False,520,0,520,135046,0,135046,,0.41559172430134916,,,,172863,≥ 100 mil aptos,interior
MG,53457,3167301.0,SILVEIRÂNIA,False,10,10,0,2104,2104,0,0.6810836501901141,,,,,2527,< 100 mil aptos,interior
MG,53473,3167400.0,SILVIANÓPOLIS,False,18,18,0,3700,3700,0,0.4227027027027027,,,,,4875,< 100 mil aptos,interior
MG,53490,3167509.0,SIMÃO PEREIRA,False,10,10,0,2390,2390,0,0.5782426778242677,,,,,2989,< 100 mil aptos,interior
MG,53511,3167608.0,SIMONÉSIA,False,55,55,0,11903,11903,0,0.5023943543644459,,,,,15696,< 100 mil aptos,interior
MG,53538,3167707.0,SOBRÁLIA,False,18,18,0,3109,3109,0,0.5284657446124156,,,,,4477,< 100 mil aptos,interior
MG,53554,3167806.0,SOLEDADE DE MINAS,False,15,15,0,3917,3917,0,0.46693898391626243,,,,,5045,< 100 mil aptos,interior
MG,53570,3167905.0,TABULEIRO,False,13,13,0,3204,3204,0,0.615792759051186,,,,,4227,< 100 mil aptos,interior
MG,53597,3168002.0,TAIOBEIRAS,False,83,83,0,19466,19466,0,0.4219665057022501,,,,,26317,< 100 mil aptos,interior
MG,53619,3168101.0,TAPIRA,False,14,14,0,3560,3560,0,0.27331460674157304,,,,,4569,< 100 mil aptos,interior
MG,53635,3168200.0,TAPIRAÍ,False,7,0,7,1480,0,1480,,0.518918918918919,,,,1859,< 100 mil aptos,interior
MG,53651,3168309.0,TAQUARAÇU DE MINAS,False,16,0,16,3654,0,3654,,0.48002189381499727,,,,4754,< 100 mil aptos,interior
MG,53678,3168408.0,TARUMIRIM,False,45,45,0,7508,7508,0,0.5205114544485882,,,,,10738,< 100 mil aptos,interior
MG,53694,3168507.0,TEIXEIRAS,False,38,38,0,8084,8084,0,0.6574715487382484,,,,,10539,< 100 mil aptos,interior
MG,53716,3168606.0,TEÓFILO OTONI,False,331,331,0,75635,75635,0,0.5017782772525947,,,,,106392,≥ 100 mil aptos,interior
MG,53732,3168705.0,TIMÓTEO,False,174,0,174,46080,0,46080,,0.40008680555555554,,,,59684,< 100 mil aptos,interior
MG,53759,3168804.0,TIRADENTES,False,24,0,24,5554,0,5554,,0.5309686712279438,,,,6928,< 100 mil aptos,interior
MG,53775,3168903.0,TIROS,False,24,24,0,4364,4364,0,0.3318056828597617,,,,,6247,< 100 mil aptos,interior
MG,53791,3169000.0,TOCANTINS,False,48,48,0,10373,10373,0,0.5292586522703172,,,,,13422,< 100 mil aptos,interior
MG,53813,3169109.0,TOLEDO,False,19,19,0,4867,4867,0,0.3877131703307993,,,,,6375,< 100 mil aptos,interior
MG,53830,3169208.0,TOMBOS,False,24,24,0,5431,5431,0,0.5709814030565273,,,,,7196,< 100 mil aptos,interior
MG,53856,3169307.0,TRÊS CORAÇÕES,False,168,168,0,42804,42804,0,0.401411083076348,,,,,57065,< 100 mil aptos,interior
MG,53872,3169406.0,TRÊS PONTAS,False,146,0,146,35258,0,35258,,0.519371490158262,,,,45139,< 100 mil aptos,interior
MG,53899,3169505.0,TUMIRITINGA,False,18,18,0,3806,3806,0,0.5604308985811876,,,,,5480,< 100 mil aptos,interior
MG,53910,3169604.0,TUPACIGUARA,False,64,64,0,15370,15370,0,0.5458685751463891,,,,,20219,< 100 mil aptos,interior
MG,53937,3169703.0,TURMALINA,False,52,52,0,11904,11904,0,0.7075772849462365,,,,,15812,< 100 mil aptos,interior
MG,53953,3169802.0,TURVOLÂNDIA,False,15,15,0,3472,3472,0,0.48127880184331795,,,,,4579,< 100 mil aptos,interior
MG,53970,3169901.0,UBÁ,False,231,231,0,55770,55770,0,0.5130715438407746,,,,,71763,< 100 mil aptos,interior
MG,53996,3170008.0,UBAÍ,False,43,43,0,6529,6529,0,0.763822943789248,,,,,9433,< 100 mil aptos,interior
MG,54011,3170107.0,UBERABA,False,764,764,0,182467,182467,0,0.4598036905303425,,,,,233858,≥ 100 mil aptos,interior
MG,54038,3170206.0,UBERLÂNDIA,False,1619,1619,0,405959,405959,0,0.4687640870137132,,,,,516519,≥ 100 mil aptos,interior
MG,54054,3170305.0,UMBURATIBA,False,13,13,0,1782,1782,0,0.7210998877665544,,,,,2645,< 100 mil aptos,interior
MG,54070,3170404.0,UNAÍ,False,181,181,0,48237,48237,0,0.39942367891867236,,,,,63073,< 100 mil aptos,interior
MG,54097,3170503.0,URUCÂNIA,False,27,0,27,6490,0,6490,,0.6482280431432974,,,,8614,< 100 mil aptos,interior
MG,54119,3170602.0,VARGEM BONITA,False,8,8,0,1912,1912,0,0.40010460251046026,,,,,2593,< 100 mil aptos,interior
MG,54135,3170701.0,VARGINHA,False,298,0,298,80561,0,80561,,0.395116743833865,,,,103133,≥ 100 mil aptos,interior
MG,54151,3170800.0,VÁRZEA DA PALMA,False,84,84,0,19214,19214,0,0.5355990423649423,,,,,27037,< 100 mil aptos,interior
MG,54178,3170909.0,VARZELÂNDIA,False,51,51,0,10719,10719,0,0.7533351991790279,,,,,16195,< 100 mil aptos,interior
MG,54194,3171006.0,VAZANTE,False,52,52,0,12343,12343,0,0.5260471522320344,,,,,16632,< 100 mil aptos,interior
MG,54216,3172202.0,WENCESLAU BRAZ,False,11,11,0,2059,2059,0,0.434191355026712,,,,,2469,< 100 mil aptos,interior
MG,54232,3171105.0,VERÍSSIMO,False,10,10,0,2238,2238,0,0.5674709562109026,,,,,3034,< 100 mil aptos,interior
MG,54259,3171204.0,VESPASIANO,False,257,0,257,69013,0,69013,,0.4791416110008259,,,,89311,< 100 mil aptos,interior
MG,54275,3171303.0,VIÇOSA,False,180,180,0,47237,47237,0,0.6747041514067362,,,,,60419,< 100 mil aptos,interior
MG,54291,3171402.0,VIEIRAS,False,12,12,0,3016,3016,0,0.5709549071618037,,,,,3670,< 100 mil aptos,interior
MG,54313,3171501.0,MATHIAS LOBATO,False,13,13,0,2282,2282,0,0.6196319018404908,,,,,3291,< 100 mil aptos,interior
MG,54330,3171600.0,VIRGEM DA LAPA,False,31,31,0,6487,6487,0,0.7125019269307846,,,,,10240,< 100 mil aptos,interior
MG,54356,3171709.0,VIRGÍNIA,False,23,23,0,5762,5762,0,0.5317598056230476,,,,,7270,< 100 mil aptos,interior
MG,54372,3171808.0,VIRGINÓPOLIS,False,29,29,0,5797,5797,0,0.6675866827669484,,,,,8918,< 100 mil aptos,interior
MG,54399,3171907.0,VIRGOLÂNDIA,False,16,16,0,3078,3078,0,0.7293697205977908,,,,,4585,< 100 mil aptos,interior
MG,54410,3172004.0,VISCONDE DO RIO BRANCO,False,99,99,0,23815,23815,0,0.5739239974805794,,,,,30352,< 100 mil aptos,interior
MG,54437,3172103.0,VOLTA GRANDE,False,16,16,0,3047,3047,0,0.639317361339022,,,,,4338,< 100 mil aptos,interior
MG,54453,3133758.0,ITAÚ DE MINAS,False,35,35,0,8988,8988,0,0.41410769915442813,,,,,12316,< 100 mil aptos,interior
MS,55000,5006002.0,NOVA ALVORADA DO SUL,False,51,51,0,10697,10697,0,0.44722819482097786,,,,,15595,< 100 mil aptos,interior
MS,55018,5000252.0,ALCINÓPOLIS,False,12,12,0,2594,2594,0,0.5088666152659984,,,,,3605,< 100 mil aptos,interior
MS,55026,5005251.0,LAGUNA CARAPÃ,False,18,0,18,4239,0,4239,,0.37154989384288745,,,,5250,< 100 mil aptos,interior
MS,55034,5004809.0,JAPORÃ,False,22,22,0,4323,4323,0,0.7152440434883183,,,,,5877,< 100 mil aptos,interior
MS,55042,5006259.0,NOVO HORIZONTE DO SUL,False,16,16,0,2845,2845,0,0.5022847100175747,,,,,3857,< 100 mil aptos,interior
MS,55050,5006275.0,PARAÍSO DAS ÁGUAS,False,16,16,0,2859,2859,0,0.2780692549842602,,,,,4225,< 100 mil aptos,interior
MS,55069,5003900.0,FIGUEIRÃO,False,10,10,0,1848,1848,0,0.4713203463203463,,,,,2463,< 100 mil aptos,interior
MS,90034,5000203.0,ÁGUA CLARA,False,38,38,0,7882,7882,0,0.4144887084496321,,,,,12233,< 100 mil aptos,interior
MS,90115,5000609.0,AMAMBAI,False,94,94,0,19208,19208,0,0.426905456059975,,,,,26310,< 100 mil aptos,interior
MS,90131,5000708.0,ANASTÁCIO,False,76,76,0,12846,12846,0,0.4594426280554258,,,,,18175,< 100 mil aptos,interior
MS,90158,5000807.0,ANAURILÂNDIA,False,22,22,0,4405,4405,0,0.5232690124858116,,,,,6226,< 100 mil aptos,interior
MS,90174,5000906.0,ANTÔNIO JOÃO,False,27,27,0,5562,5562,0,0.4658396260338008,,,,,7595,< 100 mil aptos,interior
MS,90190,5001003.0,APARECIDA DO TABOADO,False,59,59,0,13381,13381,0,0.3931694193259099,,,,,19278,< 100 mil aptos,interior
MS,90212,5001102.0,AQUIDAUANA,False,133,133,0,24869,24869,0,0.48518235554304556,,,,,35779,< 100 mil aptos,interior
MS,90298,5001508.0,BANDEIRANTES,False,23,23,0,4466,4466,0,0.4592476489028213,,,,,6150,< 100 mil aptos,interior
MS,90379,5001904.0,BATAGUASSU,False,67,67,0,13353,13353,0,0.43428443046506404,,,,,19312,< 100 mil aptos,interior
MS,90395,5002001.0,BATAYPORÃ,False,30,30,0,5912,5912,0,0.4673545331529093,,,,,8159,< 100 mil aptos,interior
MS,90417,5002100.0,BELA VISTA,False,59,59,0,11451,11451,0,0.42843419788664744,,,,,16258,< 100 mil aptos,interior
MS,90433,5002209.0,BONITO,False,60,60,0,13046,13046,0,0.39789973938371914,,,,,17590,< 100 mil aptos,interior
MS,90450,5002308.0,BRASILÂNDIA,False,33,33,0,6193,6193,0,0.4017439044082028,,,,,9455,< 100 mil aptos,interior
MS,90492,5002605.0,CAMAPUÃ,False,48,48,0,8160,8160,0,0.4243872549019608,,,,,11093,< 100 mil aptos,interior
MS,90514,5002704.0,CAMPO GRANDE,False,2160,0,2160,501015,0,501015,,0.37345987645080486,,,,640773,≥ 100 mil aptos,capital
MS,90530,5002803.0,CARACOL,False,19,19,0,3289,3289,0,0.4508969291577987,,,,,4542,< 100 mil aptos,interior
MS,90557,5002407.0,CAARAPÓ,False,71,71,0,15751,15751,0,0.38575328550568216,,,,,20833,< 100 mil aptos,interior
MS,90573,5002902.0,CASSILÂNDIA,False,55,55,0,10956,10956,0,0.34994523548740414,,,,,16074,< 100 mil aptos,interior
MS,90611,5003108.0,CORGUINHO,False,16,16,0,2831,2831,0,0.4740374425997881,,,,,4031,< 100 mil aptos,interior
MS,90638,5003207.0,CORUMBÁ,False,262,262,0,49634,49634,0,0.49466091791916833,,,,,70691,< 100 mil aptos,interior
MS,90654,5003306.0,COXIM,False,96,96,0,18367,18367,0,0.4472695595361246,,,,,26122,< 100 mil aptos,interior
MS,90735,5003702.0,DOURADOS,False,551,0,551,128926,0,128926,,0.3716085196159037,,,,170000,≥ 100 mil aptos,interior
MS,90751,5003801.0,FÁTIMA DO SUL,False,61,0,61,12509,0,12509,,0.45535214645455274,,,,16528,< 100 mil aptos,interior
MS,90794,5004007.0,GLÓRIA DE DOURADOS,False,34,34,0,5764,5764,0,0.4637404580152672,,,,,7715,< 100 mil aptos,interior
MS,90816,5004106.0,GUIA LOPES DA LAGUNA,False,28,28,0,5351,5351,0,0.4378620818538591,,,,,7730,< 100 mil aptos,interior
MS,90859,5004304.0,IGUATEMI,False,34,34,0,7456,7456,0,0.39109442060085836,,,,,10608,< 100 mil aptos,interior
MS,90875,5004403.0,INOCÊNCIA,False,21,21,0,4338,4338,0,0.4170124481327801,,,,,6522,< 100 mil aptos,interior
MS,90891,5004502.0,ITAPORÃ,False,45,0,45,10938,0,10938,,0.36240628999817154,,,,13972,< 100 mil aptos,interior
MS,90930,5004700.0,IVINHEMA,False,64,64,0,15404,15404,0,0.38626330823162813,,,,,20481,< 100 mil aptos,interior
MS,90972,5004908.0,JARAGUARI,False,18,18,0,3769,3769,0,0.4868665428495622,,,,,5233,< 100 mil aptos,interior
MS,90999,5005004.0,JARDIM,False,68,68,0,12830,12830,0,0.37194076383476227,,,,,18318,< 100 mil aptos,interior
MS,91014,5005103.0,JATEÍ,False,15,0,15,3216,0,3216,,0.4822761194029851,,,,4145,< 100 mil aptos,interior
MS,91030,5005202.0,LADÁRIO,False,50,50,0,9721,9721,0,0.4904845180536982,,,,,14020,< 100 mil aptos,interior
MS,91073,5005400.0,MARACAJU,False,108,108,0,21640,21640,0,0.3200554528650647,,,,,28228,< 100 mil aptos,interior
MS,91111,5005608.0,MIRANDA,False,74,74,0,13429,13429,0,0.5822473750837739,,,,,19426,< 100 mil aptos,interior
MS,91138,5005707.0,NAVIRAÍ,False,133,133,0,26790,26790,0,0.3394176931690929,,,,,36880,< 100 mil aptos,interior
MS,91154,5005806.0,NIOAQUE,False,43,43,0,7651,7651,0,0.46765128741341,,,,,10671,< 100 mil aptos,interior
MS,91235,5006200.0,NOVA ANDRADINA,False,121,121,0,25008,25008,0,0.4142674344209853,,,,,34830,< 100 mil aptos,interior
MS,91251,5006309.0,PARANAÍBA,False,106,106,0,22487,22487,0,0.42989282696669184,,,,,31204,< 100 mil aptos,interior
MS,91278,5006408.0,PEDRO GOMES,False,22,22,0,4223,4223,0,0.46554582050674875,,,,,5812,< 100 mil aptos,interior
MS,91316,5006606.0,PONTA PORÃ,False,241,241,0,50328,50328,0,0.3731719917342235,,,,,70133,< 100 mil aptos,interior
MS,91375,5006903.0,PORTO MURTINHO,False,30,30,0,5192,5192,0,0.4720724191063174,,,,,8336,< 100 mil aptos,interior
MS,91413,5007109.0,RIBAS DO RIO PARDO,False,58,58,0,9752,9752,0,0.4440114848236259,,,,,14549,< 100 mil aptos,interior
MS,91430,5007208.0,RIO BRILHANTE,False,84,84,0,18738,18738,0,0.4143985484043121,,,,,25112,< 100 mil aptos,interior
MS,91456,5007307.0,RIO NEGRO,False,16,16,0,2892,2892,0,0.4633471645919779,,,,,3931,< 100 mil aptos,interior
MS,91472,5007406.0,RIO VERDE DE MATO GROSSO,False,56,56,0,10263,10263,0,0.42092955276235017,,,,,14555,< 100 mil aptos,interior
MS,91499,5007505.0,ROCHEDO,False,15,15,0,3173,3173,0,0.43681058934762057,,,,,4421,< 100 mil aptos,interior
MS,91570,5007901.0,SIDROLÂNDIA,False,115,0,115,24237,0,24237,,0.44312414902834507,,,,33066,< 100 mil aptos,interior
MS,91596,5008008.0,TERENOS,False,49,0,49,9737,0,9737,,0.47817602957789873,,,,13253,< 100 mil aptos,interior
MS,91650,5008305.0,TRÊS LAGOAS,False,291,291,0,63363,63363,0,0.40951343844199295,,,,,87963,< 100 mil aptos,interior
MS,91693,5000856.0,ANGÉLICA,False,29,29,0,6260,6260,0,0.48722044728434505,,,,,8659,< 100 mil aptos,interior
MS,91715,5001243.0,ARAL MOREIRA,False,28,28,0,5859,5859,0,0.4483700290151903,,,,,7491,< 100 mil aptos,interior
MS,91731,5003751.0,ELDORADO,False,33,33,0,6141,6141,0,0.38104543234000976,,,,,8938,< 100 mil aptos,interior
MS,91758,5003454.0,DEODÁPOLIS,False,42,42,0,7645,7645,0,0.45179856115107914,,,,,10404,< 100 mil aptos,interior
MS,91782,5002951.0,CHAPADÃO DO SUL,False,72,72,0,15366,15366,0,0.2845242743719901,,,,,21072,< 100 mil aptos,interior
MS,91790,5005681.0,MUNDO NOVO,False,48,48,0,10271,10271,0,0.37250511147892124,,,,,14213,< 100 mil aptos,interior
MS,91804,5003488.0,DOIS IRMÃOS DO BURITI,False,31,31,0,5985,5985,0,0.6314118629908103,,,,,8224,< 100 mil aptos,interior
MS,91820,5005152.0,JUTI,False,17,17,0,3955,3955,0,0.5097345132743363,,,,,5507,< 100 mil aptos,interior
MS,91847,5006358.0,PARANHOS,False,29,29,0,5683,5683,0,0.5797994017244413,,,,,8587,< 100 mil aptos,interior
MS,91863,5007554.0,SANTA RITA DO PARDO,False,18,18,0,3493,3493,0,0.4634984254222731,,,,,5111,< 100 mil aptos,interior
MS,91880,5007935.0,SONORA,False,39,39,0,8184,8184,0,0.4285190615835777,,,,,11120,< 100 mil aptos,interior
MS,91901,5008404.0,VICENTINA,False,21,0,21,4465,0,4465,,0.5784994400895856,,,,5695,< 100 mil aptos,interior
MS,98019,5002159.0,BODOQUENA,False,27,27,0,4754,4754,0,0.47980647875473287,,,,,6654,< 100 mil aptos,interior
MS,98035,5003256.0,COSTA RICA,False,73,73,0,15442,15442,0,0.3844061650045331,,,,,22516,< 100 mil aptos,interior
MS,98051,5003504.0,DOURADINA,False,18,0,18,3914,0,3914,,0.3965252938170669,,,,4701,< 100 mil aptos,interior
MS,98078,5004601.0,ITAQUIRAÍ,False,52,52,0,9695,9695,0,0.5361526560082517,,,,,14274,< 100 mil aptos,interior
MS,98094,5007695.0,SÃO GABRIEL DO OESTE,False,65,65,0,16045,16045,0,0.3098161421003428,,,,,21688,< 100 mil aptos,interior
MS,98116,5007802.0,SELVÍRIA,False,22,22,0,4717,4717,0,0.5762136951452195,,,,,6773,< 100 mil aptos,interior
MS,98132,5007703.0,SETE QUEDAS,False,28,28,0,5275,5275,0,0.3613270142180095,,,,,7315,< 100 mil aptos,interior
MS,98159,5007950.0,TACURU,False,22,22,0,4563,4563,0,0.6405873328950252,,,,,6702,< 100 mil aptos,interior
MS,98175,5007976.0,TAQUARUSSU,False,11,11,0,2714,2714,0,0.5383198231392778,,,,,3539,< 100 mil aptos,interior
MS,98590,5003157.0,CORONEL SAPUCAIA,False,43,43,0,8620,8620,0,0.47447795823665895,,,,,11690,< 100 mil aptos,interior
MT,89788,5103254.0,COLNIZA,False,60,60,0,12466,12466,0,0.24434461735921706,,,,,17697,< 100 mil aptos,interior
MT,89796,5103205.0,COLÍDER,False,78,78,0,18118,18118,0,0.19477867314273098,,,,,24013,< 100 mil aptos,interior
MT,89800,5103437.0,CURVELÂNDIA,False,16,16,0,3292,3292,0,0.37029161603888217,,,,,4333,< 100 mil aptos,interior
MT,89818,5106208.0,NOVA BRASILÂNDIA,False,11,0,11,2692,0,2692,,0.5122585438335809,,,,3668,< 100 mil aptos,interior
MT,89826,5106190.0,NOVA SANTA HELENA,False,10,10,0,2196,2196,0,0.2768670309653916,,,,,2926,< 100 mil aptos,interior
MT,89834,5106307.0,PARANATINGA,False,51,51,0,11145,11145,0,0.30004486316733964,,,,,15663,< 100 mil aptos,interior
MT,89843,5107792.0,SANTO ANTÔNIO DO LESTE,False,10,0,10,1782,0,1782,,0.367003367003367,,,,2641,< 100 mil aptos,interior
MT,89850,5107909.0,SINOP,False,297,297,0,84756,84756,0,0.2305441502666478,,,,,108369,≥ 100 mil aptos,interior
MT,89877,5100250.0,ALTA FLORESTA,False,119,119,0,31295,31295,0,0.28947116152740054,,,,,41463,< 100 mil aptos,interior
MT,89893,5101258.0,ARAPUTANGA,False,33,33,0,8734,8734,0,0.28452026562857796,,,,,12030,< 100 mil aptos,interior
MT,89915,5105002.0,JAURU,False,24,24,0,5007,5007,0,0.2877970840822848,,,,,7652,< 100 mil aptos,interior
MT,89931,5107107.0,SÃO JOSÉ DOS QUATRO MARCOS,False,57,57,0,10247,10247,0,0.3121889333463453,,,,,14263,< 100 mil aptos,interior
MT,89958,5107206.0,RIO BRANCO,False,13,13,0,2918,2918,0,0.4276901987662783,,,,,3972,< 100 mil aptos,interior
MT,89960,5107578.0,RONDOLÂNDIA,False,12,12,0,1848,1848,0,0.4431818181818182,,,,,2757,< 100 mil aptos,interior
MT,89974,5107750.0,SALTO DO CÉU,False,9,9,0,2244,2244,0,0.3422459893048128,,,,,2921,< 100 mil aptos,interior
MT,89990,5106752.0,PONTES E LACERDA,False,115,115,0,23257,23257,0,0.2450015049232489,,,,,32163,< 100 mil aptos,interior
MT,90018,5100102.0,ACORIZAL,False,29,0,29,5193,0,5193,,0.5465049104563836,,,,6661,< 100 mil aptos,interior
MT,90026,5107297.0,SÃO JOSÉ DO POVO,False,10,0,10,2048,0,2048,,0.447265625,,,,2770,< 100 mil aptos,interior
MT,90042,5100359.0,ALTO BOA VISTA,False,16,16,0,2892,2892,0,0.2479253112033195,,,,,4134,< 100 mil aptos,interior
MT,90050,5100300.0,ALTO ARAGUAIA,False,45,0,45,8758,0,8758,,0.3705183831925097,,,,12253,< 100 mil aptos,interior
MT,90069,5107065.0,QUERÊNCIA,False,42,42,0,10567,10567,0,0.24822560802498345,,,,,15016,< 100 mil aptos,interior
MT,90077,5100409.0,ALTO GARÇAS,False,31,0,31,6159,0,6159,,0.38269199545380744,,,,8256,< 100 mil aptos,interior
MT,90085,5102694.0,CANABRAVA DO NORTE,False,12,12,0,2582,2582,0,0.31680867544539115,,,,,3693,< 100 mil aptos,interior
MT,90093,5100508.0,ALTO PARAGUAI,False,24,24,0,4464,4464,0,0.5929659498207885,,,,,6125,< 100 mil aptos,interior
MT,90107,5107248.0,SANTA CARMEM,False,12,12,0,2909,2909,0,0.22619456858026812,,,,,3699,< 100 mil aptos,interior
MT,90123,5108907.0,NOVA MARINGÁ,False,14,14,0,3017,3017,0,0.2877030162412993,,,,,4272,< 100 mil aptos,interior
MT,90140,5108808.0,NOVA GUARITA,False,11,11,0,2932,2932,0,0.35470668485675305,,,,,3899,< 100 mil aptos,interior
MT,90166,5108857.0,NOVA MARILÂNDIA,False,9,9,0,1963,1963,0,0.3937850229240958,,,,,2688,< 100 mil aptos,interior
MT,90182,5106851.0,PORTO ESTRELA,False,11,11,0,2292,2292,0,0.643542757417103,,,,,3120,< 100 mil aptos,interior
MT,90204,5103957.0,GLÓRIA D'OESTE,False,9,9,0,2008,2008,0,0.3256972111553785,,,,,2649,< 100 mil aptos,interior
MT,90220,5107941.0,TABAPORÃ,False,20,20,0,5048,5048,0,0.23118066561014264,,,,,7056,< 100 mil aptos,interior
MT,90239,5101209.0,ARAGUAINHA,False,5,0,5,781,0,781,,0.5326504481434059,,,,1042,< 100 mil aptos,interior
MT,90247,5107354.0,SÃO JOSÉ DO XINGU,False,14,14,0,2863,2863,0,0.4226336011177087,,,,,4470,< 100 mil aptos,interior
MT,90255,5101308.0,ARENÁPOLIS,False,28,28,0,5878,5878,0,0.410513780197346,,,,,8043,< 100 mil aptos,interior
MT,90263,5100805.0,APIACÁS,False,21,21,0,4200,4200,0,0.35714285714285715,,,,,5708,< 100 mil aptos,interior
MT,90271,5101407.0,ARIPUANÃ,False,41,41,0,9473,9473,0,0.2501847355642352,,,,,13975,< 100 mil aptos,interior
MT,90280,5103353.0,CONFRESA,False,64,64,0,15937,15937,0,0.3016878960908578,,,,,22060,< 100 mil aptos,interior
MT,90301,5105234.0,LAMBARI D'OESTE,False,15,15,0,3029,3029,0,0.4803565533179267,,,,,4387,< 100 mil aptos,interior
MT,90310,5101605.0,BARÃO DE MELGAÇO,False,23,23,0,4618,4618,0,0.6316587267215245,,,,,6131,< 100 mil aptos,interior
MT,90328,5107263.0,SANTO AFONSO,False,7,7,0,1679,1679,0,0.4103633114949375,,,,,2277,< 100 mil aptos,interior
MT,90336,5101704.0,BARRA DO BUGRES,False,75,75,0,17533,17533,0,0.4930702104602749,,,,,24078,< 100 mil aptos,interior
MT,90344,5106455.0,PLANALTO DA SERRA,False,9,0,9,1969,0,1969,,0.5043169121381412,,,,2650,< 100 mil aptos,interior
MT,90352,5101803.0,BARRA DO GARÇAS,False,141,141,0,34162,34162,0,0.39139980094842225,,,,,47613,< 100 mil aptos,interior
MT,90360,5108956.0,NOVA MONTE VERDE,False,20,20,0,4480,4480,0,0.2796875,,,,,6099,< 100 mil aptos,interior
MT,90387,5106158.0,NOVA BANDEIRANTES,False,29,29,0,6573,6573,0,0.19793092956032254,,,,,9301,< 100 mil aptos,interior
MT,90409,5107404.0,SÃO PEDRO DA CIPA,False,10,0,10,2674,0,2674,,0.4667165295437547,,,,3619,< 100 mil aptos,interior
MT,90425,5103379.0,COTRIGUAÇU,False,30,30,0,6161,6161,0,0.29719201428339553,,,,,8505,< 100 mil aptos,interior
MT,90441,5107198.0,RIBEIRÃOZINHO,False,6,6,0,1622,1622,0,0.47780517879161527,,,,,2103,< 100 mil aptos,interior
MT,90468,5101902.0,BRASNORTE,False,38,38,0,8321,8321,0,0.2747265953611345,,,,,11821,< 100 mil aptos,interior
MT,90476,5102504.0,CÁCERES,False,199,199,0,46903,46903,0,0.4836790823614694,,,,,65893,< 100 mil aptos,interior
MT,90484,5102637.0,CAMPO NOVO DO PARECIS,False,73,73,0,20204,20204,0,0.30983963571569983,,,,,26838,< 100 mil aptos,interior
MT,90506,5102678.0,CAMPO VERDE,False,86,0,86,23778,0,23778,,0.30915131634283793,,,,31578,< 100 mil aptos,interior
MT,90522,5103056.0,CLÁUDIA,False,28,28,0,6310,6310,0,0.2467511885895404,,,,,8156,< 100 mil aptos,interior
MT,90549,5102850.0,CASTANHEIRA,False,17,17,0,4171,4171,0,0.32582114600815154,,,,,5729,< 100 mil aptos,interior
MT,90565,5104906.0,JANGADA,False,24,0,24,5106,0,5106,,0.5857814336075206,,,,6936,< 100 mil aptos,interior
MT,90581,5105176.0,JURUENA,False,21,21,0,4519,4519,0,0.2808143394556318,,,,,6317,< 100 mil aptos,interior
MT,90590,5103007.0,CHAPADA DOS GUIMARÃES,False,53,0,53,12412,0,12412,,0.49782468578794714,,,,16722,< 100 mil aptos,interior
MT,90603,5105259.0,LUCAS DO RIO VERDE,False,139,139,0,37296,37296,0,0.25142106392106395,,,,,49464,< 100 mil aptos,interior
MT,90620,5105606.0,MATUPÁ,False,44,44,0,9826,9826,0,0.25829432118868306,,,,,13219,< 100 mil aptos,interior
MT,90646,5106224.0,NOVA MUTUM,False,88,88,0,24970,24970,0,0.25338406087304766,,,,,32370,< 100 mil aptos,interior
MT,90662,5107180.0,RIBEIRÃO CASCALHEIRA,False,26,26,0,5040,5040,0,0.33075396825396824,,,,,7298,< 100 mil aptos,interior
MT,90670,5103403.0,CUIABÁ,False,1275,0,1275,347639,0,347639,,0.3850315988712429,,,,428204,≥ 100 mil aptos,capital
MT,90689,5108006.0,TAPURAH,False,26,26,0,6727,6727,0,0.22877954511669393,,,,,9013,< 100 mil aptos,interior
MT,90697,5103502.0,DIAMANTINO,False,54,54,0,12399,12399,0,0.3705944027744173,,,,,16351,< 100 mil aptos,interior
MT,90700,5106653.0,PONTAL DO ARAGUAIA,False,17,17,0,3741,3741,0,0.4153969526864475,,,,,4942,< 100 mil aptos,interior
MT,90719,5103601.0,DOM AQUINO,False,21,0,21,4731,0,4731,,0.424857324032974,,,,6335,< 100 mil aptos,interior
MT,90727,5107875.0,SAPEZAL,False,48,48,0,13416,13416,0,0.3027728085867621,,,,,19041,< 100 mil aptos,interior
MT,90743,5102686.0,CAMPOS DE JÚLIO,False,14,14,0,3892,3892,0,0.2720966084275437,,,,,5283,< 100 mil aptos,interior
MT,90760,5102793.0,CARLINDA,False,27,27,0,5769,5769,0,0.41809672386895474,,,,,7848,< 100 mil aptos,interior
MT,90778,5103908.0,GENERAL CARNEIRO,False,14,14,0,3027,3027,0,0.4958704988437397,,,,,4138,< 100 mil aptos,interior
MT,90786,5103700.0,FELIZ NATAL,False,22,22,0,4618,4618,0,0.3215677782589866,,,,,6253,< 100 mil aptos,interior
MT,90808,5106265.0,NOVO MUNDO,False,16,16,0,3834,3834,0,0.28977569118414187,,,,,5271,< 100 mil aptos,interior
MT,90824,5103858.0,GAÚCHA DO NORTE,False,18,18,0,4025,4025,0,0.31503105590062114,,,,,5410,< 100 mil aptos,interior
MT,90832,5104203.0,GUIRATINGA,False,27,0,27,6246,0,6246,,0.4578930515529939,,,,8379,< 100 mil aptos,interior
MT,90840,5108303.0,UNIÃO DO SUL,False,9,9,0,2262,2262,0,0.3072502210433245,,,,,3018,< 100 mil aptos,interior
MT,90867,5106182.0,NOVA LACERDA,False,15,15,0,3043,3043,0,0.3736444298389747,,,,,4614,< 100 mil aptos,interior
MT,90883,5106240.0,NOVA UBIRATÃ,False,22,22,0,5563,5563,0,0.30343339924501167,,,,,7668,< 100 mil aptos,interior
MT,90905,5101852.0,BOM JESUS DO ARAGUAIA,False,17,17,0,3370,3370,0,0.3774480712166172,,,,,5012,< 100 mil aptos,interior
MT,90913,5104609.0,ITIQUIRA,False,26,0,26,6472,0,6472,,0.38906056860321386,,,,9114,< 100 mil aptos,interior
MT,90921,5107883.0,SERRA NOVA DOURADA,False,5,5,0,1107,1107,0,0.3252032520325203,,,,,1623,< 100 mil aptos,interior
MT,90948,5106315.0,NOVO SANTO ANTÔNIO,False,6,6,0,1224,1224,0,0.3929738562091503,,,,,1852,< 100 mil aptos,interior
MT,90956,5104807.0,JACIARA,False,60,0,60,15478,0,15478,,0.3207778782788474,,,,20108,< 100 mil aptos,interior
MT,90964,5106174.0,NOVA NAZARÉ,False,9,9,0,1845,1845,0,0.46124661246612464,,,,,2749,< 100 mil aptos,interior
MT,90980,5107743.0,SANTA CRUZ DO XINGU,False,6,6,0,1295,1295,0,0.311969111969112,,,,,1873,< 100 mil aptos,interior
MT,91006,5103361.0,CONQUISTA D'OESTE,False,9,9,0,2149,2149,0,0.2703583061889251,,,,,3024,< 100 mil aptos,interior
MT,91022,5108352.0,VALE DE SÃO DOMINGOS,False,10,10,0,1910,1910,0,0.24712041884816754,,,,,2653,< 100 mil aptos,interior
MT,91049,5107768.0,SANTA RITA DO TRIVELATO,False,7,7,0,1615,1615,0,0.31640866873065016,,,,,2335,< 100 mil aptos,interior
MT,91057,5105309.0,LUCIARA,False,8,8,0,1611,1611,0,0.45313469894475483,,,,,2187,< 100 mil aptos,interior
MT,91081,5104526.0,IPIRANGA DO NORTE,False,16,16,0,3764,3764,0,0.25717321997874604,,,,,4840,< 100 mil aptos,interior
MT,91090,5105507.0,VILA BELA DA SANTÍSSIMA TRINDADE,False,39,39,0,7297,7297,0,0.4303138276003837,,,,,10521,< 100 mil aptos,interior
MT,91103,5104542.0,ITANHANGÁ,False,17,17,0,3940,3940,0,0.1916243654822335,,,,,5145,< 100 mil aptos,interior
MT,91170,5105903.0,NOBRES,False,39,0,39,8960,0,8960,,0.3131696428571429,,,,11639,< 100 mil aptos,interior
MT,91197,5106000.0,NORTELÂNDIA,False,21,21,0,3573,3573,0,0.503498460677302,,,,,4776,< 100 mil aptos,interior
MT,91219,5106109.0,NOSSA SENHORA DO LIVRAMENTO,False,54,0,54,9341,0,9341,,0.6701637940263355,,,,12134,< 100 mil aptos,interior
MT,91294,5106505.0,POCONÉ,False,78,0,78,17904,0,17904,,0.6363941018766756,,,,23989,< 100 mil aptos,interior
MT,91332,5106703.0,PONTE BRANCA,False,9,0,9,1384,0,1384,,0.596820809248555,,,,1919,< 100 mil aptos,interior
MT,91359,5106802.0,PORTO DOS GAÚCHOS,False,12,12,0,3037,3037,0,0.2548567665459335,,,,,4001,< 100 mil aptos,interior
MT,91391,5107008.0,POXORÉU,False,51,0,51,9770,0,9770,,0.4814738996929376,,,,14442,< 100 mil aptos,interior
MT,91510,5107602.0,RONDONÓPOLIS,False,505,0,505,127564,0,127564,,0.3512903326957449,,,,166688,≥ 100 mil aptos,interior
MT,91537,5107701.0,ROSÁRIO OESTE,False,45,0,45,9258,0,9258,,0.5174983797796501,,,,12863,< 100 mil aptos,interior
MT,91553,5107800.0,SANTO ANTÔNIO DO LEVERGER,False,53,53,0,12481,12481,0,0.5328899927890394,,,,,16269,< 100 mil aptos,interior
MT,91618,5108105.0,TESOURO,False,10,0,10,1933,0,1933,,0.5183652353854112,,,,2822,< 100 mil aptos,interior
MT,91634,5108204.0,TORIXORÉU,False,12,12,0,2614,2614,0,0.4709257842387146,,,,,3429,< 100 mil aptos,interior
MT,91677,5108402.0,VÁRZEA GRANDE,False,557,0,557,143695,0,143695,,0.41245694004662653,,,,178808,≥ 100 mil aptos,interior
MT,91774,5105622.0,MIRASSOL D'OESTE,False,64,64,0,14625,14625,0,0.31076923076923074,,,,,19825,< 100 mil aptos,interior
MT,91812,5106372.0,PEDRA PRETA,False,42,0,42,10616,0,10616,,0.4383006782215524,,,,14218,< 100 mil aptos,interior
MT,91839,5107859.0,SÃO FÉLIX DO ARAGUAIA,False,29,29,0,5078,5078,0,0.39011421819614023,,,,,7653,< 100 mil aptos,interior
MT,91855,5107958.0,TANGARÁ DA SERRA,False,214,214,0,53111,53111,0,0.2663666660390503,,,,,72123,< 100 mil aptos,interior
MT,91898,5105200.0,JUSCIMEIRA,False,32,0,32,6806,0,6806,,0.41845430502497794,,,,9266,< 100 mil aptos,interior
MT,91910,5100201.0,ÁGUA BOA,False,73,73,0,14441,14441,0,0.21584377813170832,,,,,19596,< 100 mil aptos,interior
MT,91936,5102702.0,CANARANA,False,47,47,0,11980,11980,0,0.22220367278797998,,,,,16380,< 100 mil aptos,interior
MT,91952,5106257.0,NOVA XAVANTINA,False,46,46,0,11592,11592,0,0.30891994478951,,,,,16290,< 100 mil aptos,interior
MT,91979,5107776.0,SANTA TEREZINHA,False,22,22,0,3322,3322,0,0.5544852498494882,,,,,4957,< 100 mil aptos,interior
MT,91995,5107305.0,SÃO JOSÉ DO RIO CLARO,False,39,39,0,8504,8504,0,0.23212605832549388,,,,,11556,< 100 mil aptos,interior
MT,98191,5105101.0,JUARA,False,76,76,0,18018,18018,0,0.2392052392052392,,,,,24412,< 100 mil aptos,interior
MT,98310,5105150.0,JUÍNA,False,106,106,0,24153,24153,0,0.29636070053409513,,,,,33395,< 100 mil aptos,interior
MT,98337,5103452.0,DENISE,False,17,17,0,4405,4405,0,0.45085130533484674,,,,,5629,< 100 mil aptos,interior
MT,98612,5100607.0,ALTO TAQUARI,False,24,0,24,5328,0,5328,,0.33352102102102105,,,,7397,< 100 mil aptos,interior
MT,98639,5101001.0,ARAGUAIANA,False,10,10,0,2285,2285,0,0.47833698030634575,,,,,3173,< 100 mil aptos,interior
MT,98655,5102603.0,CAMPINÁPOLIS,False,32,32,0,7381,7381,0,0.5655060289933613,,,,,10212,< 100 mil aptos,interior
MT,98671,5103106.0,COCALINHO,False,16,16,0,3157,3157,0,0.4247703515996199,,,,,4816,< 100 mil aptos,interior
MT,98698,5104559.0,ITAÚBA,False,12,12,0,2985,2985,0,0.31088777219430486,,,,,4231,< 100 mil aptos,interior
MT,98710,5105580.0,MARCELÂNDIA,False,32,32,0,6383,6383,0,0.22747924173586087,,,,,8926,< 100 mil aptos,interior
MT,98736,5106232.0,NOVA OLÍMPIA,False,44,44,0,9251,9251,0,0.5183223435304292,,,,,12507,< 100 mil aptos,interior
MT,98752,5106216.0,NOVA CANAÃ DO NORTE,False,36,36,0,7192,7192,0,0.2657119021134594,,,,,9983,< 100 mil aptos,interior
MT,98779,5106281.0,NOVO SÃO JOAQUIM,False,17,17,0,3899,3899,0,0.31828674018979225,,,,,5328,< 100 mil aptos,interior
MT,98795,5106273.0,NOVO HORIZONTE DO NORTE,False,10,10,0,2370,2370,0,0.3236286919831224,,,,,3101,< 100 mil aptos,interior
MT,98817,5106422.0,PEIXOTO DE AZEVEDO,False,77,77,0,16734,16734,0,0.42440540217521217,,,,,22868,< 100 mil aptos,interior
MT,98833,5106299.0,PARANAÍTA,False,29,29,0,7009,7009,0,0.3004708232272792,,,,,9184,< 100 mil aptos,interior
MT,98850,5106778.0,PORTO ALEGRE DO NORTE,False,25,25,0,5594,5594,0,0.3889882016446192,,,,,8268,< 100 mil aptos,interior
MT,98876,5106828.0,PORTO ESPERIDIÃO,False,25,25,0,5364,5364,0,0.44537658463832963,,,,,7717,< 100 mil aptos,interior
MT,98892,5107040.0,PRIMAVERA DO LESTE,False,144,0,144,38945,0,38945,,0.2434972396970086,,,,49910,< 100 mil aptos,interior
MT,98914,5107156.0,RESERVA DO CABAÇAL,False,6,6,0,1332,1332,0,0.42567567567567566,,,,,1944,< 100 mil aptos,interior
MT,98930,5107925.0,SORRISO,False,182,182,0,52944,52944,0,0.25657298277425206,,,,,67239,< 100 mil aptos,interior
MT,98957,5108055.0,TERRA NOVA DO NORTE,False,34,34,0,6357,6357,0,0.3394683026584867,,,,,8645,< 100 mil aptos,interior
MT,98973,5108501.0,VERA,False,22,22,0,5342,5342,0,0.2798577311868214,,,,,7152,< 100 mil aptos,interior
MT,98990,5108600.0,VILA RICA,False,47,47,0,9898,9898,0,0.30147504546373005,,,,,14300,< 100 mil aptos,interior
MT,99015,5103304.0,COMODORO,False,48,48,0,9930,9930,0,0.31419939577039274,,,,,14233,< 100 mil aptos,interior
MT,99031,5103809.0,FIGUEIRÓPOLIS D'OESTE,False,8,8,0,2184,2184,0,0.2467948717948718,,,,,3027,< 100 mil aptos,interior
MT,99058,5104104.0,GUARANTÃ DO NORTE,False,66,66,0,16712,16712,0,0.18860698898994735,,,,,22601,< 100 mil aptos,interior
MT,99074,5104500.0,INDIAVAÍ,False,9,9,0,1449,1449,0,0.4278812974465148,,,,,1928,< 100 mil aptos,interior
PA,4006,1503093.0,GOIANÉSIA DO PARÁ,False,83,83,0,15230,15230,0,0.5695338148391332,,,,,22434,< 100 mil aptos,interior
PA,4014,1500107.0,ABAETETUBA,False,346,346,0,97431,97431,0,0.7421970420092168,,,,,119651,≥ 100 mil aptos,interior
PA,4022,1507953.0,TAILÂNDIA,False,161,0,161,38875,0,38875,,0.5351511254019292,,,,52835,< 100 mil aptos,interior
PA,4030,1500206.0,ACARÁ,False,144,144,0,35694,35694,0,0.691096542836331,,,,,44084,< 100 mil aptos,interior
PA,4049,1501576.0,BOM JESUS DO TOCANTINS,False,39,39,0,8342,8342,0,0.5489091345001199,,,,,10895,< 100 mil aptos,interior
PA,4057,1500305.0,AFUÁ,False,90,90,0,18911,18911,0,0.6685526941991433,,,,,27039,< 100 mil aptos,interior
PA,4065,1507474.0,SÃO JOÃO DE PIRABAS,False,61,0,61,12520,0,12520,,0.7044728434504792,,,,17606,< 100 mil aptos,interior
PA,4073,1500404.0,ALENQUER,False,153,153,0,31583,31583,0,0.5072349048538771,,,,,40919,< 100 mil aptos,interior
PA,4081,1508084.0,TUCUMÃ,False,85,85,0,19946,19946,0,0.34097062067582473,,,,,28541,< 100 mil aptos,interior
PA,4090,1500503.0,ALMEIRIM,False,85,85,0,16306,16306,0,0.702256837973752,,,,,23619,< 100 mil aptos,interior
PA,4103,1504059.0,MÃE DO RIO,False,84,84,0,18799,18799,0,0.5433799670195223,,,,,26145,< 100 mil aptos,interior
PA,4111,1500602.0,ALTAMIRA,False,273,273,0,63565,63565,0,0.37523794541021,,,,,89332,< 100 mil aptos,interior
PA,4120,1502954.0,ELDORADO DOS CARAJÁS,False,64,64,0,14511,14511,0,0.49514161670456897,,,,,20687,< 100 mil aptos,interior
PA,4138,1500701.0,ANAJÁS,False,66,66,0,14169,14169,0,0.5082221751711483,,,,,21531,< 100 mil aptos,interior
PA,4146,1506559.0,SANTA LUZIA DO PARÁ,False,64,0,64,12890,0,12890,,0.7373933281613654,,,,17976,< 100 mil aptos,interior
PA,4154,1500800.0,ANANINDEUA,False,911,0,911,276384,0,276384,,0.4971561306009031,,,,348875,≥ 100 mil aptos,interior
PA,4162,1505494.0,PALESTINA DO PARÁ,False,20,20,0,4354,4354,0,0.5925585668350941,,,,,5581,< 100 mil aptos,interior
PA,4170,1500909.0,AUGUSTO CORRÊA,False,122,0,122,26364,0,26364,,0.7312243969048703,,,,35835,< 100 mil aptos,interior
PA,4189,1503457.0,IPIXUNA DO PARÁ,False,77,77,0,16899,16899,0,0.6584413278892242,,,,,24091,< 100 mil aptos,interior
PA,4197,1501006.0,AVEIRO,False,49,49,0,7465,7465,0,0.5994641661085064,,,,,11629,< 100 mil aptos,interior
PA,4200,1503754.0,JACAREACANGA,False,44,44,0,8485,8485,0,0.5307012374779022,,,,,13275,< 100 mil aptos,interior
PA,4219,1501105.0,BAGRE,False,47,47,0,10377,10377,0,0.7874144743182038,,,,,15950,< 100 mil aptos,interior
PA,4227,1501725.0,BRASIL NOVO,False,46,46,0,12197,12197,0,0.33688611953759123,,,,,15161,< 100 mil aptos,interior
PA,4235,1501204.0,BAIÃO,False,85,85,0,19741,19741,0,0.7475811762322071,,,,,26477,< 100 mil aptos,interior
PA,4243,1506351.0,SANTA BÁRBARA DO PARÁ,False,56,0,56,13157,0,13157,,0.5692027057839933,,,,17169,< 100 mil aptos,interior
PA,4251,1501303.0,BARCARENA,False,287,0,287,74642,0,74642,,0.6465796736421854,,,,94537,< 100 mil aptos,interior
PA,4260,1500347.0,ÁGUA AZUL DO NORTE,False,30,30,0,7546,7546,0,0.4137291280148423,,,,,9790,< 100 mil aptos,interior
PA,4278,1501402.0,BELÉM,True,2646,1,2645,858909,356,858553,0.42134831460674155,0.5028320907387197,-8.148377613197816,0.7199529914187772,-0.3285693587996438,1065889,≥ 100 mil aptos,capital
PA,4286,1508050.0,TRAIRÃO,False,37,37,0,8140,8140,0,0.31928746928746926,,,,,11893,< 100 mil aptos,interior
PA,4294,1501501.0,BENEVIDES,False,127,0,127,36592,0,36592,,0.5429875382597289,,,,46836,< 100 mil aptos,interior
PA,4308,1505551.0,PAU D'ARCO,False,24,24,0,5218,5218,0,0.4540053660406286,,,,,7754,< 100 mil aptos,interior
PA,4316,1501600.0,BONITO,False,42,0,42,9488,0,9488,,0.7090008431703204,,,,12188,< 100 mil aptos,interior
PA,4324,1508126.0,ULIANÓPOLIS,False,61,61,0,14372,14372,0,0.5025048705816866,,,,,20000,< 100 mil aptos,interior
PA,4332,1501709.0,BRAGANÇA,False,279,0,279,66261,0,66261,,0.6244698993374685,,,,89315,< 100 mil aptos,interior
PA,4340,1500958.0,AURORA DO PARÁ,False,64,64,0,13411,13411,0,0.7132950562970696,,,,,19126,< 100 mil aptos,interior
PA,4359,1501808.0,BREVES,False,205,205,0,48992,48992,0,0.6313275636838668,,,,,73741,< 100 mil aptos,interior
PA,4367,1507979.0,TERRA SANTA,False,52,52,0,10486,10486,0,0.584016784283807,,,,,14637,< 100 mil aptos,interior
PA,4375,1501907.0,BUJARU,False,75,0,75,17097,0,17097,,0.7025793998947184,,,,21652,< 100 mil aptos,interior
PA,4383,1505031.0,NOVO PROGRESSO,False,75,75,0,16614,16614,0,0.1708197905381004,,,,,23876,< 100 mil aptos,interior
PA,4391,1502004.0,CACHOEIRA DO ARARI,False,60,60,0,13407,13407,0,0.7948832699336168,,,,,18759,< 100 mil aptos,interior
PA,4405,1508357.0,VITÓRIA DO XINGU,False,45,45,0,11034,11034,0,0.4803335145912634,,,,,14707,< 100 mil aptos,interior
PA,4413,1502103.0,CAMETÁ,False,304,304,0,80218,80218,0,0.7597422024981925,,,,,100331,≥ 100 mil aptos,interior
PA,4421,1505064.0,NOVO REPARTIMENTO,False,135,135,0,32116,32116,0,0.4383796238634948,,,,,45734,< 100 mil aptos,interior
PA,4430,1502202.0,CAPANEMA,False,182,0,182,41201,0,41201,,0.6005436761243659,,,,53045,< 100 mil aptos,interior
PA,4448,1501782.0,BREU BRANCO,False,105,105,0,21664,21664,0,0.571824224519941,,,,,33423,< 100 mil aptos,interior
PA,4456,1502301.0,CAPITÃO POÇO,False,133,0,133,32407,0,32407,,0.6408183417162958,,,,40966,< 100 mil aptos,interior
PA,4464,1507151.0,SÃO DOMINGOS DO ARAGUAIA,False,55,55,0,11805,11805,0,0.5727234222786954,,,,,17066,< 100 mil aptos,interior
PA,4472,1502400.0,CASTANHAL,False,384,0,384,111906,0,111906,,0.47751684449448645,,,,138771,≥ 100 mil aptos,interior
PA,4480,1504950.0,NOVA ESPERANÇA DO PIRIÁ,False,45,0,45,11562,0,11562,,0.5760249091852621,,,,16185,< 100 mil aptos,interior
PA,4499,1502509.0,CHAVES,False,52,52,0,9094,9094,0,0.6726413019573345,,,,,14435,< 100 mil aptos,interior
PA,4502,1500131.0,ABEL FIGUEIREDO,False,18,18,0,4125,4125,0,0.5713939393939393,,,,,5467,< 100 mil aptos,interior
PA,4510,1502608.0,COLARES,False,37,0,37,8247,0,8247,,0.7540923972353583,,,,11433,< 100 mil aptos,interior
PA,4529,1502764.0,CUMARU DO NORTE,False,29,29,0,5153,5153,0,0.3757034737046381,,,,,7166,< 100 mil aptos,interior
PA,4537,1502707.0,CONCEIÇÃO DO ARAGUAIA,False,105,105,0,24091,24091,0,0.4416587107218463,,,,,33347,< 100 mil aptos,interior
PA,4545,1507961.0,TERRA ALTA,False,32,32,0,8104,8104,0,0.6591806515301086,,,,,10791,< 100 mil aptos,interior
PA,4553,1502806.0,CURRALINHO,False,72,72,0,17231,17231,0,0.7814404271371366,,,,,23420,< 100 mil aptos,interior
PA,4561,1503044.0,FLORESTA DO ARAGUAIA,False,46,46,0,10337,10337,0,0.46454483892812226,,,,,14082,< 100 mil aptos,interior
PA,4570,1502905.0,CURUÇÁ,False,99,0,99,24486,0,24486,,0.7268643306379156,,,,33589,< 100 mil aptos,interior
PA,4588,1501253.0,BANNACH,False,11,11,0,2130,2130,0,0.37089201877934275,,,,,2942,< 100 mil aptos,interior
PA,4596,1503002.0,FARO,False,23,23,0,4714,4714,0,0.8001697072549852,,,,,6871,< 100 mil aptos,interior
PA,4600,1504976.0,NOVA IPIXUNA,False,36,36,0,7817,7817,0,0.533836510170142,,,,,10287,< 100 mil aptos,interior
PA,4618,1503101.0,GURUPÁ,False,73,73,0,16081,16081,0,0.7161246191157267,,,,,21631,< 100 mil aptos,interior
PA,4626,1505650.0,PLACAS,False,44,44,0,10173,10173,0,0.35702349356138796,,,,,13663,< 100 mil aptos,interior
PA,4634,1503200.0,IGARAPÉ-AÇU,False,96,0,96,24265,0,24265,,0.7248712136822584,,,,31518,< 100 mil aptos,interior
PA,4642,1504422.0,MARITUBA,False,234,0,234,66953,0,66953,,0.5386913207772617,,,,84631,< 100 mil aptos,interior
PA,4650,1503309.0,IGARAPÉ-MIRI,False,151,151,0,39089,39089,0,0.6417406431476886,,,,,51279,< 100 mil aptos,interior
PA,4669,1508035.0,TRACUATEUA,False,75,0,75,18325,0,18325,,0.7858663028649386,,,,24333,< 100 mil aptos,interior
PA,4677,1503408.0,INHANGAPI,False,32,0,32,7288,0,7288,,0.6289791437980241,,,,8885,< 100 mil aptos,interior
PA,4685,1506112.0,QUATIPURU,False,34,0,34,6962,0,6962,,0.755530020109164,,,,10183,< 100 mil aptos,interior
PA,4693,1503507.0,IRITUIA,False,99,0,99,19895,0,19895,,0.7472229203317416,,,,26829,< 100 mil aptos,interior
PA,4707,1502152.0,CANAÃ DOS CARAJÁS,False,130,130,0,36214,36214,0,0.3704368476279892,,,,,48994,< 100 mil aptos,interior
PA,4715,1503606.0,ITAITUBA,False,264,264,0,57322,57322,0,0.37552772059593176,,,,,87608,< 100 mil aptos,interior
PA,4723,1500859.0,ANAPU,False,63,63,0,15710,15710,0,0.3842775302355188,,,,,22275,< 100 mil aptos,interior
PA,4731,1503705.0,ITUPIRANGA,False,113,113,0,22962,22962,0,0.6055221670586186,,,,,33988,< 100 mil aptos,interior
PA,4740,1502855.0,CURUÁ,False,48,48,0,8308,8308,0,0.7699807414540202,,,,,10427,< 100 mil aptos,interior
PA,4758,1503804.0,JACUNDÁ,False,113,113,0,23629,23629,0,0.5585509331753354,,,,,34372,< 100 mil aptos,interior
PA,4766,1501956.0,CACHOEIRA DO PIRIÁ,False,50,50,0,9963,9963,0,0.7356218006624511,,,,,14856,< 100 mil aptos,interior
PA,4774,1503903.0,JURUTI,False,120,120,0,28085,28085,0,0.5884991988606018,,,,,36843,< 100 mil aptos,interior
PA,4782,1505635.0,PIÇARRA,False,34,34,0,6817,6817,0,0.47058823529411764,,,,,10065,< 100 mil aptos,interior
PA,4790,1504000.0,LIMOEIRO DO AJURU,False,69,0,69,17223,0,17223,,0.732160483074958,,,,21988,< 100 mil aptos,interior
PA,4804,1501451.0,BELTERRA,False,65,65,0,11686,11686,0,0.5192538079753551,,,,,15069,< 100 mil aptos,interior
PA,4812,1504109.0,MAGALHÃES BARATA,False,29,0,29,5996,0,5996,,0.6992995330220146,,,,8394,< 100 mil aptos,interior
PA,4820,1507466.0,SÃO JOÃO DA PONTA,False,19,0,19,4471,0,4471,,0.6982777902035339,,,,5907,< 100 mil aptos,interior
PA,4839,1504208.0,MARABÁ,False,555,555,0,138893,138893,0,0.4601239803301822,,,,,185746,≥ 100 mil aptos,interior
PA,4847,1507755.0,SAPUCAIA,False,14,14,0,3460,3460,0,0.511271676300578,,,,,4853,< 100 mil aptos,interior
PA,4855,1504307.0,MARACANÃ,False,101,101,0,19139,19139,0,0.6885417210930561,,,,,25294,< 100 mil aptos,interior
PA,4863,1504752.0,MOJUÍ DOS CAMPOS,False,82,82,0,15503,15503,0,0.4096626459394956,,,,,20284,< 100 mil aptos,interior
PA,4871,1504406.0,MARAPANIM,False,88,88,0,17288,17288,0,0.673646459972235,,,,,23306,< 100 mil aptos,interior
PA,4898,1504505.0,MELGAÇO,False,52,52,0,11165,11165,0,0.677295118674429,,,,,17846,< 100 mil aptos,interior
PA,4910,1504604.0,MOCAJUBA,False,82,82,0,20771,20771,0,0.7438736700207019,,,,,27179,< 100 mil aptos,interior
PA,4936,1504703.0,MOJU,False,175,175,0,42206,42206,0,0.7213429370231721,,,,,54986,< 100 mil aptos,interior
PA,4952,1504802.0,MONTE ALEGRE,False,194,194,0,37660,37660,0,0.4843335103558152,,,,,50321,< 100 mil aptos,interior
PA,4979,1504901.0,MUANÁ,False,80,80,0,20679,20679,0,0.7582571691087576,,,,,27774,< 100 mil aptos,interior
PA,4995,1505007.0,NOVA TIMBOTEUA,False,37,0,37,8817,0,8817,,0.729159578087785,,,,11380,< 100 mil aptos,interior
PA,5010,1505106.0,ÓBIDOS,False,158,158,0,28453,28453,0,0.6985555125997258,,,,,38302,< 100 mil aptos,interior
PA,5037,1505205.0,OEIRAS DO PARÁ,False,78,0,78,18105,0,18105,,0.8018779342723005,,,,23566,< 100 mil aptos,interior
PA,5053,1505304.0,ORIXIMINÁ,False,177,177,0,33533,33533,0,0.5696179882503802,,,,,48844,< 100 mil aptos,interior
PA,5070,1505403.0,OURÉM,False,51,0,51,12162,0,12162,,0.7441210327248807,,,,16582,< 100 mil aptos,interior
PA,5096,1505502.0,PARAGOMINAS,False,210,210,0,54348,54348,0,0.40765069551777433,,,,,73774,< 100 mil aptos,interior
PA,5118,1505601.0,PEIXE-BOI,False,33,0,33,6620,0,6620,,0.7069486404833837,,,,8904,< 100 mil aptos,interior
PA,5134,1505700.0,PONTA DE PEDRAS,False,62,62,0,16269,16269,0,0.7455283053660335,,,,,21695,< 100 mil aptos,interior
PA,5150,1505809.0,PORTEL,False,120,120,0,24705,24705,0,0.6618498279700465,,,,,38762,< 100 mil aptos,interior
PA,5177,1505908.0,PORTO DE MOZ,False,70,70,0,15877,15877,0,0.6266297159412987,,,,,22734,< 100 mil aptos,interior
PA,5193,1506005.0,PRAINHA,False,97,97,0,19360,19360,0,0.5754132231404959,,,,,25729,< 100 mil aptos,interior
PA,5215,1506104.0,PRIMAVERA,False,31,0,31,7840,0,7840,,0.7531887755102041,,,,10954,< 100 mil aptos,interior
PA,5231,1506203.0,SALINÓPOLIS,False,100,0,100,26189,0,26189,,0.6511512467066326,,,,33879,< 100 mil aptos,interior
PA,5258,1506302.0,SALVATERRA,False,65,65,0,14636,14636,0,0.7141978682700191,,,,,19776,< 100 mil aptos,interior
PA,5274,1506401.0,SANTA CRUZ DO ARARI,False,22,22,0,4240,4240,0,0.7224056603773585,,,,,7051,< 100 mil aptos,interior
PA,5290,1506500.0,SANTA ISABEL DO PARÁ,False,143,0,143,37918,0,37918,,0.5413260193048156,,,,48843,< 100 mil aptos,interior
PA,5312,1506609.0,SANTA MARIA DO PARÁ,False,62,0,62,16798,0,16798,,0.5637575901893083,,,,20674,< 100 mil aptos,interior
PA,5339,1506708.0,SANTANA DO ARAGUAIA,False,76,76,0,16640,16640,0,0.35931490384615383,,,,,24999,< 100 mil aptos,interior
PA,5355,1506807.0,SANTARÉM,False,792,792,0,184638,184638,0,0.44427474301064784,,,,,238295,≥ 100 mil aptos,interior
PA,5371,1506906.0,SANTARÉM NOVO,False,24,0,24,4837,0,4837,,0.7506719040727724,,,,6292,< 100 mil aptos,interior
PA,5398,1507003.0,SANTO ANTÔNIO DO TAUÁ,False,75,0,75,19205,0,19205,,0.6371778182764904,,,,25435,< 100 mil aptos,interior
PA,5410,1507102.0,SÃO CAETANO DE ODIVELAS,False,53,0,53,11262,0,11262,,0.7443615698810158,,,,16091,< 100 mil aptos,interior
PA,5436,1507201.0,SÃO DOMINGOS DO CAPIM,False,86,0,86,18060,0,18060,,0.7528792912513843,,,,23004,< 100 mil aptos,interior
PA,5452,1507300.0,SÃO FÉLIX DO XINGU,False,138,138,0,29360,29360,0,0.33419618528610356,,,,,42815,< 100 mil aptos,interior
PA,5479,1507409.0,SÃO FRANCISCO DO PARÁ,False,49,0,49,12160,0,12160,,0.6306743421052632,,,,15328,< 100 mil aptos,interior
PA,5495,1507508.0,SÃO JOÃO DO ARAGUAIA,False,40,40,0,8230,8230,0,0.6029161603888213,,,,,11452,< 100 mil aptos,interior
PA,5517,1507607.0,SÃO MIGUEL DO GUAMÁ,False,133,0,133,31545,0,31545,,0.6806466951973371,,,,41691,< 100 mil aptos,interior
PA,5533,1507706.0,SÃO SEBASTIÃO DA BOA VISTA,False,68,68,0,16446,16446,0,0.7589079411407029,,,,,22380,< 100 mil aptos,interior
PA,5550,1507805.0,SENADOR JOSÉ PORFÍRIO,False,41,41,0,9040,9040,0,0.5236725663716815,,,,,12673,< 100 mil aptos,interior
PA,5576,1507904.0,SOURE,False,65,65,0,15590,15590,0,0.7647851186658114,,,,,22061,< 100 mil aptos,interior
PA,5592,1508001.0,TOMÉ-AÇU,False,158,0,158,37947,0,37947,,0.6063720452209661,,,,52211,< 100 mil aptos,interior
PA,5614,1508100.0,TUCURUÍ,False,225,225,0,52701,52701,0,0.5653023661790099,,,,,75272,< 100 mil aptos,interior
PA,5630,1508209.0,VIGIA,False,128,0,128,28690,0,28690,,0.6976298361798536,,,,40396,< 100 mil aptos,interior
PA,5657,1508308.0,VISEU,False,151,151,0,31654,31654,0,0.8060276742275858,,,,,45875,< 100 mil aptos,interior
PA,5673,1506138.0,REDENÇÃO,False,186,186,0,47359,47359,0,0.3076289617601723,,,,,65185,< 100 mil aptos,interior
PA,5690,1506161.0,RIO MARIA,False,45,45,0,10391,10391,0,0.4141083630064479,,,,,14426,< 100 mil aptos,interior
PA,5711,1508407.0,XINGUARA,False,112,112,0,26322,26322,0,0.3681331205835423,,,,,37213,< 100 mil aptos,interior
PA,5738,1506187.0,RONDON DO PARÁ,False,96,96,0,20248,20248,0,0.46572500987751875,,,,,30456,< 100 mil aptos,interior
PA,5754,1508159.0,URUARÁ,False,97,97,0,22227,22227,0,0.26661267827417107,,,,,29910,< 100 mil aptos,interior
PA,5770,1504455.0,MEDICILÂNDIA,False,66,66,0,15007,15007,0,0.32704737789031785,,,,,19931,< 100 mil aptos,interior
PA,5797,1507458.0,SÃO GERALDO DO ARAGUAIA,False,72,72,0,14368,14368,0,0.4351336302895323,,,,,21385,< 100 mil aptos,interior
PA,5819,1502756.0,CONCÓRDIA DO PARÁ,False,76,0,76,18297,0,18297,,0.6317429086735531,,,,23892,< 100 mil aptos,interior
PA,5835,1505536.0,PARAUAPEBAS,False,495,495,0,140199,140199,0,0.402206863101734,,,,,183057,≥ 100 mil aptos,interior
PA,5851,1502772.0,CURIONÓPOLIS,False,55,55,0,12343,12343,0,0.4714413027626995,,,,,17457,< 100 mil aptos,interior
PA,5878,1503077.0,GARRAFÃO DO NORTE,False,73,0,73,16254,0,16254,,0.7320659529961856,,,,22735,< 100 mil aptos,interior
PA,5894,1506195.0,RURÓPOLIS,False,64,64,0,13923,13923,0,0.39359333476980535,,,,,19484,< 100 mil aptos,interior
PA,5916,1505486.0,PACAJÁ,False,88,88,0,20151,20151,0,0.398938017964369,,,,,28916,< 100 mil aptos,interior
PA,5932,1501758.0,BREJO GRANDE DO ARAGUAIA,False,24,24,0,4941,4941,0,0.5689131754705525,,,,,6327,< 100 mil aptos,interior
PA,5959,1505437.0,OURILÂNDIA DO NORTE,False,73,73,0,16579,16579,0,0.3881416249472224,,,,,24970,< 100 mil aptos,interior
PA,5975,1502939.0,DOM ELISEU,False,102,102,0,22581,22581,0,0.5180461449891501,,,,,30572,< 100 mil aptos,interior
PA,5991,1506583.0,SANTA MARIA DAS BARREIRAS,False,48,48,0,8921,8921,0,0.3780966259387961,,,,,12507,< 100 mil aptos,interior
PB,19003,2512762.0,RIACHÃO DO POÇO,False,15,0,15,3484,0,3484,,0.7215843857634903,,,,4367,< 100 mil aptos,interior
PB,19011,2500106.0,ÁGUA BRANCA,False,29,29,0,5751,5751,0,0.8680229525299947,,,,,7827,< 100 mil aptos,interior
PB,19020,2515971.0,SOBRADO,False,25,0,25,5645,0,5645,,0.7206377325066431,,,,7247,< 100 mil aptos,interior
PB,19038,2500205.0,AGUIAR,False,15,15,0,3567,3567,0,0.8259041211101766,,,,,4794,< 100 mil aptos,interior
PB,19046,2514453.0,SÃO JOSÉ DOS RAMOS,False,15,0,15,4167,0,4167,,0.7775377969762419,,,,5537,< 100 mil aptos,interior
PB,19054,2500304.0,ALAGOA GRANDE,False,70,70,0,16120,16120,0,0.7555210918114144,,,,,22073,< 100 mil aptos,interior
PB,19062,2504033.0,CAPIM,False,20,20,0,4796,4796,0,0.7495829858215179,,,,,6509,< 100 mil aptos,interior
PB,19070,2500403.0,ALAGOA NOVA,False,47,47,0,11980,11980,0,0.7728714524207012,,,,,15997,< 100 mil aptos,interior
PB,19089,2505238.0,CUITÉ DE MAMANGUAPE,False,23,23,0,5099,5099,0,0.8221219847028829,,,,,7065,< 100 mil aptos,interior
PB,19097,2500502.0,ALAGOINHA,False,35,35,0,8773,8773,0,0.8218397355522626,,,,,11574,< 100 mil aptos,interior
PB,19100,2505279.0,CURRAL DE CIMA,False,20,0,20,4140,0,4140,,0.8217391304347826,,,,5721,< 100 mil aptos,interior
PB,19119,2500601.0,ALHANDRA,False,53,0,53,14761,0,14761,,0.6019917349773051,,,,18765,< 100 mil aptos,interior
PB,19127,2512754.0,RIACHÃO DO BACAMARTE,False,15,15,0,3413,3413,0,0.7638441254028714,,,,,4475,< 100 mil aptos,interior
PB,19135,2500700.0,SÃO JOÃO DO RIO DO PEIXE,False,48,48,0,10942,10942,0,0.8322975690001828,,,,,13897,< 100 mil aptos,interior
PB,19143,2509339.0,MATINHAS,False,14,14,0,3349,3349,0,0.7984472977008062,,,,,4500,< 100 mil aptos,interior
PB,19151,2500809.0,ARAÇAGI,False,53,0,53,10419,0,10419,,0.8269507630290814,,,,13941,< 100 mil aptos,interior
PB,19160,2508554.0,LOGRADOURO,False,14,14,0,3098,3098,0,0.6814073595868302,,,,,3990,< 100 mil aptos,interior
PB,19178,2500908.0,ARARA,False,37,37,0,6358,6358,0,0.7727272727272727,,,,,8898,< 100 mil aptos,interior
PB,19186,2515930.0,SERTÃOZINHO,False,15,0,15,3352,0,3352,,0.7849045346062052,,,,4338,< 100 mil aptos,interior
PB,19194,2501005.0,ARARUNA,False,40,40,0,9785,9785,0,0.7465508431272355,,,,,13652,< 100 mil aptos,interior
PB,19208,2512747.0,RIACHÃO,False,10,10,0,2436,2436,0,0.7992610837438424,,,,,3195,< 100 mil aptos,interior
PB,19216,2501104.0,AREIA,False,65,65,0,13690,13690,0,0.7783783783783784,,,,,18423,< 100 mil aptos,interior
PB,19224,2513943.0,SÃO DOMINGOS DO CARIRI,False,9,9,0,2208,2208,0,0.7450181159420289,,,,,2954,< 100 mil aptos,interior
PB,19232,2501203.0,AREIAL,False,16,16,0,4685,4685,0,0.7474919957310565,,,,,6067,< 100 mil aptos,interior
PB,19240,2504074.0,CARAÚBAS,False,13,13,0,3404,3404,0,0.8005287896592245,,,,,4157,< 100 mil aptos,interior
PB,19259,2501302.0,AROEIRAS,False,50,50,0,12136,12136,0,0.8063612392880686,,,,,15645,< 100 mil aptos,interior
PB,19267,2513851.0,SANTO ANDRÉ,False,9,9,0,2207,2207,0,0.8232895333031264,,,,,2927,< 100 mil aptos,interior
PB,19275,2505352.0,DAMIÃO,False,14,14,0,3344,3344,0,0.8531698564593302,,,,,4542,< 100 mil aptos,interior
PB,19283,2516151.0,SOSSÊGO,False,11,11,0,2606,2606,0,0.8545663852647736,,,,,3321,< 100 mil aptos,interior
PB,19291,2501401.0,BAÍA DA TRAIÇÃO,False,22,0,22,5734,0,5734,,0.8301360306941054,,,,7342,< 100 mil aptos,interior
PB,19305,2501534.0,BARAÚNA,False,14,14,0,3418,3418,0,0.8253364540667056,,,,,4470,< 100 mil aptos,interior
PB,19313,2501500.0,BANANEIRAS,False,63,63,0,13515,13515,0,0.8028856825749168,,,,,18061,< 100 mil aptos,interior
PB,19321,2501351.0,ASSUNÇÃO,False,12,12,0,3045,3045,0,0.7766830870279147,,,,,4129,< 100 mil aptos,interior
PB,19330,2501609.0,BARRA DE SANTA ROSA,False,38,38,0,8251,8251,0,0.7960247242758454,,,,,10663,< 100 mil aptos,interior
PB,19348,2517407.0,ZABELÊ,False,9,9,0,1770,1770,0,0.8638418079096045,,,,,2378,< 100 mil aptos,interior
PB,19356,2501708.0,BARRA DE SÃO MIGUEL,False,17,17,0,4671,4671,0,0.731749090130593,,,,,5674,< 100 mil aptos,interior
PB,19364,2503555.0,CACIMBAS,False,19,19,0,4245,4245,0,0.8638398115429917,,,,,6248,< 100 mil aptos,interior
PB,19372,2501807.0,BAYEUX,False,228,0,228,58882,0,58882,,0.5248632858938216,,,,73210,< 100 mil aptos,interior
PB,19380,2503753.0,CAJAZEIRINHAS,False,12,12,0,2860,2860,0,0.8234265734265734,,,,,3839,< 100 mil aptos,interior
PB,19399,2501906.0,BELÉM,False,43,43,0,9817,9817,0,0.7137618417031679,,,,,13086,< 100 mil aptos,interior
PB,19402,2513927.0,SÃO BENTINHO,False,11,11,0,2845,2845,0,0.8516695957820738,,,,,3793,< 100 mil aptos,interior
PB,19410,2502003.0,BELÉM DO BREJO DO CRUZ,False,21,21,0,4619,4619,0,0.7516778523489933,,,,,6283,< 100 mil aptos,interior
PB,19429,2513968.0,SÃO DOMINGOS,False,10,10,0,2376,2376,0,0.7731481481481481,,,,,3210,< 100 mil aptos,interior
PB,19437,2502102.0,BOA VENTURA,False,17,17,0,3689,3689,0,0.8197343453510436,,,,,5285,< 100 mil aptos,interior
PB,19445,2514552.0,SÃO JOSÉ DE PRINCESA,False,11,11,0,2415,2415,0,0.8463768115942029,,,,,3200,< 100 mil aptos,interior
PB,19453,2502201.0,BOM JESUS,False,10,10,0,2408,2408,0,0.8887043189368771,,,,,3036,< 100 mil aptos,interior
PB,19461,2509156.0,MARIZÓPOLIS,False,19,19,0,4818,4818,0,0.7326691573266916,,,,,6098,< 100 mil aptos,interior
PB,19470,2502300.0,BOM SUCESSO,False,15,15,0,3543,3543,0,0.8817386395709851,,,,,4490,< 100 mil aptos,interior
PB,19488,2509370.0,MATO GROSSO,False,10,10,0,2150,2150,0,0.9051162790697674,,,,,3207,< 100 mil aptos,interior
PB,19496,2502409.0,BONITO DE SANTA FÉ,False,25,25,0,5609,5609,0,0.7632376537707256,,,,,7544,< 100 mil aptos,interior
PB,19500,2502052.0,BERNARDINO BATISTA,False,10,10,0,2269,2269,0,0.8514764213309828,,,,,3146,< 100 mil aptos,interior
PB,19518,2502508.0,BOQUEIRÃO,False,48,48,0,11641,11641,0,0.6989090284339833,,,,,15008,< 100 mil aptos,interior
PB,19526,2512077.0,POÇO DE JOSÉ DE MOURA,False,14,14,0,3020,3020,0,0.8466887417218543,,,,,3906,< 100 mil aptos,interior
PB,19534,2502607.0,IGARACY,False,18,18,0,3882,3882,0,0.8106646058732612,,,,,5696,< 100 mil aptos,interior
PB,19542,2514651.0,SÃO JOSÉ DO BREJO DO CRUZ,False,7,7,0,1751,1751,0,0.7058823529411765,,,,,2195,< 100 mil aptos,interior
PB,19550,2502706.0,BORBOREMA,False,14,14,0,3316,3316,0,0.7970446320868516,,,,,4549,< 100 mil aptos,interior
PB,19569,2513356.0,SANTA INÊS,False,12,12,0,2784,2784,0,0.9173850574712644,,,,,3794,< 100 mil aptos,interior
PB,19577,2502805.0,BREJO DO CRUZ,False,34,34,0,7790,7790,0,0.7086007702182285,,,,,10272,< 100 mil aptos,interior
PB,19585,2500734.0,AMPARO,False,9,9,0,2016,2016,0,0.8834325396825397,,,,,2579,< 100 mil aptos,interior
PB,19593,2502904.0,BREJO DOS SANTOS,False,18,18,0,4549,4549,0,0.7384040448450209,,,,,5792,< 100 mil aptos,interior
PB,19607,2504157.0,CASSERENGUE,False,21,21,0,4289,4289,0,0.8379575658661693,,,,,6012,< 100 mil aptos,interior
PB,19615,2503001.0,CAAPORÃ,False,50,0,50,12825,0,12825,,0.6819493177387914,,,,16326,< 100 mil aptos,interior
PB,19623,2506251.0,GADO BRAVO,False,23,23,0,5707,5707,0,0.8253022603819871,,,,,7499,< 100 mil aptos,interior
PB,19631,2503100.0,CABACEIRAS,False,15,15,0,3958,3958,0,0.6831733198585144,,,,,4860,< 100 mil aptos,interior
PB,19640,2512036.0,POÇO DANTAS,False,13,13,0,2926,2926,0,0.8834586466165414,,,,,4051,< 100 mil aptos,interior
PB,19658,2503209.0,CABEDELO,False,146,0,146,38629,0,38629,,0.5204897874653758,,,,50878,< 100 mil aptos,interior
PB,19666,2513653.0,JOCA CLAUDINO,False,9,9,0,1860,1860,0,0.8629032258064516,,,,,2542,< 100 mil aptos,interior
PB,19674,2503308.0,CACHOEIRA DOS ÍNDIOS,False,24,24,0,5800,5800,0,0.8627586206896551,,,,,7723,< 100 mil aptos,interior
PB,19682,2516755.0,TENÓRIO,False,10,10,0,2222,2222,0,0.8226822682268227,,,,,2884,< 100 mil aptos,interior
PB,19690,2503407.0,CACIMBA DE AREIA,False,18,18,0,3074,3074,0,0.8207547169811321,,,,,3941,< 100 mil aptos,interior
PB,19704,2504850.0,COXIXOLA,False,6,6,0,1535,1535,0,0.8136807817589576,,,,,1893,< 100 mil aptos,interior
PB,19712,2503506.0,CACIMBA DE DENTRO,False,40,40,0,9916,9916,0,0.763210972166196,,,,,13808,< 100 mil aptos,interior
PB,19720,2510659.0,PARARI,False,8,8,0,1697,1697,0,0.8067177371832646,,,,,2149,< 100 mil aptos,interior
PB,19739,2503605.0,CAIÇARA,False,22,22,0,4538,4538,0,0.7174966945791097,,,,,6230,< 100 mil aptos,interior
PB,19747,2512721.0,PEDRO RÉGIS,False,15,0,15,3752,0,3752,,0.7420042643923241,,,,5427,< 100 mil aptos,interior
PB,19755,2503704.0,CAJAZEIRAS,False,147,147,0,36033,36033,0,0.8067049648932922,,,,,45796,< 100 mil aptos,interior
PB,19763,2500536.0,ALCANTIL,False,19,19,0,3812,3812,0,0.6282791185729276,,,,,4668,< 100 mil aptos,interior
PB,19771,2503803.0,CALDAS BRANDÃO,False,22,0,22,4095,0,4095,,0.7643467643467643,,,,5277,< 100 mil aptos,interior
PB,19780,2501575.0,BARRA DE SANTANA,False,25,25,0,5726,5726,0,0.7453719874257771,,,,,7427,< 100 mil aptos,interior
PB,19798,2503902.0,CAMALAÚ,False,18,18,0,4741,4741,0,0.8968572031217042,,,,,5955,< 100 mil aptos,interior
PB,19801,2504355.0,CATURITÉ,False,18,18,0,4000,4000,0,0.77625,,,,,4942,< 100 mil aptos,interior
PB,19810,2504009.0,CAMPINA GRANDE,True,913,2,911,240527,540,239987,0.48518518518518516,0.5183864125973491,-3.3201227412163914,0.875591660491519,-0.13285543771464817,297447,≥ 100 mil aptos,interior
PB,19828,2512788.0,RIACHO DE SANTO ANTÔNIO,False,7,7,0,1938,1938,0,0.6991744066047472,,,,,2396,< 100 mil aptos,interior
PB,19836,2504108.0,CARRAPATEIRA,False,8,8,0,1560,1560,0,0.8602564102564103,,,,,2298,< 100 mil aptos,interior
PB,19844,2500775.0,APARECIDA,False,22,22,0,5445,5445,0,0.7706152433425161,,,,,6847,< 100 mil aptos,interior
PB,19852,2504207.0,CATINGUEIRA,False,16,16,0,3704,3704,0,0.7594492440604752,,,,,5299,< 100 mil aptos,interior
PB,19860,2513984.0,SÃO FRANCISCO,False,14,14,0,3275,3275,0,0.7847328244274809,,,,,3991,< 100 mil aptos,interior
PB,19879,2504306.0,CATOLÉ DO ROCHA,False,70,70,0,16952,16952,0,0.7581996224634261,,,,,21333,< 100 mil aptos,interior
PB,19887,2517209.0,VIEIRÓPOLIS,False,17,17,0,3754,3754,0,0.8233883857218967,,,,,4977,< 100 mil aptos,interior
PB,19895,2504405.0,CONCEIÇÃO,False,46,46,0,10669,10669,0,0.7953885087637079,,,,,14454,< 100 mil aptos,interior
PB,19909,2501153.0,AREIA DE BARAÚNAS,False,8,8,0,1621,1621,0,0.8476249228871067,,,,,2157,< 100 mil aptos,interior
PB,19917,2504504.0,CONDADO,False,16,16,0,4150,4150,0,0.8224096385542169,,,,,5523,< 100 mil aptos,interior
PB,19925,2500577.0,ALGODÃO DE JANDAÍRA,False,10,10,0,2280,2280,0,0.8714912280701754,,,,,2980,< 100 mil aptos,interior
PB,19933,2504603.0,CONDE,False,61,0,61,17757,0,17757,,0.6180661147716393,,,,22609,< 100 mil aptos,interior
PB,19941,2502151.0,BOA VISTA,False,18,18,0,4877,4877,0,0.687717859339758,,,,,5904,< 100 mil aptos,interior
PB,19950,2504702.0,CONGO,False,16,16,0,4107,4107,0,0.8242025809593377,,,,,5082,< 100 mil aptos,interior
PB,19968,2509057.0,MARCAÇÃO,False,21,0,21,5518,0,5518,,0.8461399057629576,,,,6948,< 100 mil aptos,interior
PB,19976,2504801.0,COREMAS,False,38,38,0,8854,8854,0,0.7812288231307883,,,,,12119,< 100 mil aptos,interior
PB,19984,2509396.0,MATURÉIA,False,23,23,0,4016,4016,0,0.851593625498008,,,,,5501,< 100 mil aptos,interior
PB,19992,2504900.0,CRUZ DO ESPÍRITO SANTO,False,48,0,48,12417,0,12417,,0.7270677297253765,,,,15898,< 100 mil aptos,interior
PB,20001,2513158.0,SANTA CECÍLIA,False,24,24,0,5522,5522,0,0.7642158638174574,,,,,6643,< 100 mil aptos,interior
PB,20010,2505006.0,CUBATI,False,21,21,0,5007,5007,0,0.7607349710405432,,,,,6483,< 100 mil aptos,interior
PB,20036,2505105.0,CUITÉ,False,57,57,0,12786,12786,0,0.8234005944001251,,,,,16937,< 100 mil aptos,interior
PB,20052,2505204.0,CUITEGI,False,19,19,0,4281,4281,0,0.7729502452697968,,,,,5795,< 100 mil aptos,interior
PB,20079,2505303.0,CURRAL VELHO,False,8,8,0,1692,1692,0,0.7907801418439716,,,,,2342,< 100 mil aptos,interior
PB,20095,2505402.0,DESTERRO,False,30,30,0,5452,5452,0,0.8105282465150404,,,,,7361,< 100 mil aptos,interior
PB,20117,2505501.0,VISTA SERRANA,False,10,10,0,2282,2282,0,0.7695004382120947,,,,,3213,< 100 mil aptos,interior
PB,20133,2505600.0,DIAMANTE,False,18,18,0,3807,3807,0,0.8203309692671394,,,,,5605,< 100 mil aptos,interior
PB,20150,2505709.0,DONA INÊS,False,31,31,0,6668,6668,0,0.8576784643071386,,,,,9045,< 100 mil aptos,interior
PB,20176,2505808.0,DUAS ESTRADAS,False,17,0,17,2686,0,2686,,0.7684288905435592,,,,3552,< 100 mil aptos,interior
PB,20192,2505907.0,EMAS,False,10,10,0,2428,2428,0,0.7792421746293245,,,,,3330,< 100 mil aptos,interior
PB,20214,2506004.0,ESPERANÇA,False,78,78,0,19225,19225,0,0.6861898569570871,,,,,24936,< 100 mil aptos,interior
PB,20230,2506103.0,FAGUNDES,False,36,36,0,7353,7353,0,0.8047055623555012,,,,,10047,< 100 mil aptos,interior
PB,20257,2506202.0,FREI MARTINHO,False,9,9,0,2198,2198,0,0.7443130118289354,,,,,2819,< 100 mil aptos,interior
PB,20273,2506301.0,GUARABIRA,False,148,0,148,33431,0,33431,,0.6236128144536508,,,,42570,< 100 mil aptos,interior
PB,20290,2506400.0,GURINHÉM,False,39,0,39,8524,0,8524,,0.7612623181604881,,,,11233,< 100 mil aptos,interior
PB,20311,2506509.0,GURJÃO,False,11,11,0,2440,2440,0,0.8434426229508196,,,,,3093,< 100 mil aptos,interior
PB,20338,2506608.0,IBIARA,False,18,18,0,3854,3854,0,0.8539180072651791,,,,,5461,< 100 mil aptos,interior
PB,20354,2506707.0,IMACULADA,False,30,30,0,6263,6263,0,0.8693916653361009,,,,,8783,< 100 mil aptos,interior
PB,20370,2506806.0,INGÁ,False,48,48,0,11271,11271,0,0.7045515038594623,,,,,14821,< 100 mil aptos,interior
PB,20397,2506905.0,ITABAIANA,False,62,0,62,14831,0,14831,,0.6321219068168027,,,,18971,< 100 mil aptos,interior
PB,20419,2507002.0,ITAPORANGA,False,51,51,0,12549,12549,0,0.7732090206390948,,,,,17087,< 100 mil aptos,interior
PB,20435,2507101.0,ITAPOROROCA,False,41,0,41,10123,0,10123,,0.7560011854193421,,,,13194,< 100 mil aptos,interior
PB,20451,2507200.0,ITATUBA,False,28,28,0,6518,6518,0,0.7491561828781835,,,,,8451,< 100 mil aptos,interior
PB,20478,2507309.0,JACARAÚ,False,42,0,42,9900,0,9900,,0.714949494949495,,,,13779,< 100 mil aptos,interior
PB,20494,2507408.0,JERICÓ,False,21,21,0,5200,5200,0,0.8436538461538462,,,,,6865,< 100 mil aptos,interior
PB,20516,2507507.0,JOÃO PESSOA,False,1458,0,1458,457577,0,457577,,0.5010107588449594,,,,563897,≥ 100 mil aptos,capital
PB,20532,2507606.0,JUAREZ TÁVORA,False,21,21,0,5764,5764,0,0.7749826509368494,,,,,7400,< 100 mil aptos,interior
PB,20559,2507705.0,JUAZEIRINHO,False,44,44,0,10050,10050,0,0.7649751243781094,,,,,13317,< 100 mil aptos,interior
PB,20575,2507804.0,JUNCO DO SERIDÓ,False,20,20,0,4351,4351,0,0.772236267524707,,,,,5662,< 100 mil aptos,interior
PB,20591,2507903.0,JURIPIRANGA,False,30,0,30,7627,0,7627,,0.7339714173331585,,,,9739,< 100 mil aptos,interior
PB,20613,2508000.0,JURU,False,29,29,0,5650,5650,0,0.8704424778761062,,,,,7701,< 100 mil aptos,interior
PB,20630,2508109.0,LAGOA,False,15,15,0,3401,3401,0,0.8541605410173478,,,,,4768,< 100 mil aptos,interior
PB,20656,2508208.0,LAGOA DE DENTRO,False,19,0,19,5226,0,5226,,0.7805204745503252,,,,7209,< 100 mil aptos,interior
PB,20672,2508307.0,LAGOA SECA,False,60,60,0,16219,16219,0,0.6322214686478821,,,,,20618,< 100 mil aptos,interior
PB,20699,2508406.0,LASTRO,False,14,14,0,3272,3272,0,0.8416870415647921,,,,,4207,< 100 mil aptos,interior
PB,20710,2508505.0,LIVRAMENTO,False,19,19,0,4254,4254,0,0.7750352609308886,,,,,5817,< 100 mil aptos,interior
PB,20737,2508604.0,LUCENA,False,37,0,37,9169,0,9169,,0.6612498636710655,,,,12412,< 100 mil aptos,interior
PB,20753,2508703.0,MÃE D'ÁGUA,False,16,16,0,2934,2934,0,0.8282208588957055,,,,,3748,< 100 mil aptos,interior
PB,20770,2508802.0,MALTA,False,15,15,0,3847,3847,0,0.8619703665193658,,,,,5152,< 100 mil aptos,interior
PB,20796,2508901.0,MAMANGUAPE,False,110,110,0,25008,25008,0,0.6794625719769674,,,,,32573,< 100 mil aptos,interior
PB,20818,2509008.0,MANAÍRA,False,27,27,0,6391,6391,0,0.8779533719292756,,,,,8626,< 100 mil aptos,interior
PB,20834,2509107.0,MARI,False,57,0,57,13568,0,13568,,0.7222140330188679,,,,17145,< 100 mil aptos,interior
PB,20850,2509206.0,MASSARANDUBA,False,35,0,35,8934,0,8934,,0.7253190060443251,,,,11710,< 100 mil aptos,interior
PB,20877,2509305.0,MATARACA,False,25,25,0,5988,5988,0,0.7135938543754174,,,,,8476,< 100 mil aptos,interior
PB,20893,2509404.0,MOGEIRO,False,33,0,33,8153,0,8153,,0.6992518091500062,,,,10646,< 100 mil aptos,interior
PB,20915,2509503.0,MONTADAS,False,14,14,0,3873,3873,0,0.7250193648334624,,,,,4867,< 100 mil aptos,interior
PB,20931,2509602.0,MONTE HOREBE,False,12,12,0,2866,2866,0,0.8639218422889045,,,,,3976,< 100 mil aptos,interior
PB,20958,2509701.0,MONTEIRO,False,92,92,0,19926,19926,0,0.7903743852253338,,,,,25751,< 100 mil aptos,interior
PB,20974,2509800.0,MULUNGU,False,32,0,32,6917,0,6917,,0.7675292756975567,,,,8896,< 100 mil aptos,interior
PB,20990,2509909.0,NATUBA,False,23,23,0,4847,4847,0,0.7532494326387457,,,,,6583,< 100 mil aptos,interior
PB,21016,2510006.0,NAZAREZINHO,False,22,22,0,5395,5395,0,0.8639481000926784,,,,,6820,< 100 mil aptos,interior
PB,21032,2510105.0,NOVA FLORESTA,False,25,25,0,5971,5971,0,0.7908223078211355,,,,,7982,< 100 mil aptos,interior
PB,21059,2510204.0,NOVA OLINDA,False,18,18,0,3621,3621,0,0.8461750897542115,,,,,5511,< 100 mil aptos,interior
PB,21075,2510303.0,NOVA PALMEIRA,False,10,10,0,2795,2795,0,0.8622540250447227,,,,,3376,< 100 mil aptos,interior
PB,21091,2510402.0,OLHO D'ÁGUA,False,22,22,0,5010,5010,0,0.7962075848303394,,,,,6950,< 100 mil aptos,interior
PB,21113,2510501.0,OLIVEDOS,False,13,13,0,3058,3058,0,0.7439502943100066,,,,,3934,< 100 mil aptos,interior
PB,21130,2510600.0,OURO VELHO,False,12,12,0,2388,2388,0,0.8140703517587939,,,,,2899,< 100 mil aptos,interior
PB,21156,2510709.0,PASSAGEM,False,10,10,0,1960,1960,0,0.7775510204081633,,,,,2647,< 100 mil aptos,interior
PB,21172,2510808.0,PATOS,False,225,225,0,51970,51970,0,0.6631518183567443,,,,,66702,< 100 mil aptos,interior
PB,21199,2510907.0,PAULISTA,False,31,31,0,7621,7621,0,0.7403227922844771,,,,,9859,< 100 mil aptos,interior
PB,21210,2511004.0,PEDRA BRANCA,False,12,12,0,2739,2739,0,0.7630522088353414,,,,,3904,< 100 mil aptos,interior
PB,21237,2511103.0,PEDRA LAVRADA,False,19,19,0,4719,4719,0,0.802500529773257,,,,,5939,< 100 mil aptos,interior
PB,21253,2511202.0,PEDRAS DE FOGO,False,71,0,71,18302,0,18302,,0.6820019669981423,,,,23688,< 100 mil aptos,interior
PB,21270,2511301.0,PIANCÓ,False,40,40,0,9380,9380,0,0.7463752665245202,,,,,12636,< 100 mil aptos,interior
PB,21296,2511400.0,PICUÍ,False,48,48,0,11653,11653,0,0.7374066763923454,,,,,14775,< 100 mil aptos,interior
PB,21318,2511509.0,PILAR,False,31,0,31,7842,0,7842,,0.7198418770721755,,,,9894,< 100 mil aptos,interior
PB,21334,2511608.0,PILÕES,False,23,23,0,5002,5002,0,0.7848860455817673,,,,,6929,< 100 mil aptos,interior
PB,21350,2511707.0,PILÕEZINHOS,False,17,0,17,4021,0,4021,,0.8177070380502363,,,,5258,< 100 mil aptos,interior
PB,21377,2511806.0,PIRPIRITUBA,False,34,0,34,5787,0,5787,,0.7532400207361327,,,,7683,< 100 mil aptos,interior
PB,21393,2511905.0,PITIMBU,False,36,0,36,9279,0,9279,,0.68606530876172,,,,12021,< 100 mil aptos,interior
PB,21415,2512002.0,POCINHOS,False,41,41,0,10865,10865,0,0.6657156005522319,,,,,14033,< 100 mil aptos,interior
PB,21431,2512101.0,POMBAL,False,78,78,0,18923,18923,0,0.6650636791206468,,,,,25017,< 100 mil aptos,interior
PB,21458,2512200.0,PRATA,False,13,13,0,3109,3109,0,0.73882277259569,,,,,4020,< 100 mil aptos,interior
PB,21474,2512309.0,PRINCESA ISABEL,False,48,48,0,12063,12063,0,0.844400232114731,,,,,16079,< 100 mil aptos,interior
PB,21490,2512408.0,PUXINANÃ,False,35,35,0,9681,9681,0,0.6839169507282306,,,,,12011,< 100 mil aptos,interior
PB,21512,2512507.0,QUEIMADAS,False,119,119,0,27484,27484,0,0.7217290059671081,,,,,34709,< 100 mil aptos,interior
PB,21539,2512606.0,QUIXABA,False,7,7,0,1824,1824,0,0.7225877192982456,,,,,2283,< 100 mil aptos,interior
PB,21555,2512705.0,REMÍGIO,False,50,50,0,10834,10834,0,0.7823518552704449,,,,,14179,< 100 mil aptos,interior
PB,21571,2512804.0,RIACHO DOS CAVALOS,False,26,26,0,6128,6128,0,0.8361618798955613,,,,,7623,< 100 mil aptos,interior
PB,21598,2512903.0,RIO TINTO,False,63,0,63,14753,0,14753,,0.7052124991527147,,,,18181,< 100 mil aptos,interior
PB,21610,2513000.0,SALGADINHO,False,13,13,0,2280,2280,0,0.8008771929824562,,,,,3275,< 100 mil aptos,interior
PB,21636,2513109.0,SALGADO DE SÃO FÉLIX,False,31,0,31,7250,0,7250,,0.7376551724137931,,,,9673,< 100 mil aptos,interior
PB,21652,2513208.0,SANTA CRUZ,False,20,20,0,4435,4435,0,0.8459977452085682,,,,,5559,< 100 mil aptos,interior
PB,21679,2513307.0,SANTA HELENA,False,18,18,0,4439,4439,0,0.8848839828790268,,,,,5568,< 100 mil aptos,interior
PB,21695,2513406.0,SANTA LUZIA,False,47,47,0,9295,9295,0,0.7183431952662722,,,,,11753,< 100 mil aptos,interior
PB,21717,2513505.0,SANTANA DE MANGUEIRA,False,14,14,0,3241,3241,0,0.8932428262881826,,,,,4451,< 100 mil aptos,interior
PB,21733,2513604.0,SANTANA DOS GARROTES,False,20,20,0,4281,4281,0,0.77808923148797,,,,,6228,< 100 mil aptos,interior
PB,21750,2513703.0,SANTA RITA,False,296,0,296,76160,0,76160,,0.5802914915966386,,,,98335,< 100 mil aptos,interior
PB,21776,2513802.0,SANTA TERESINHA,False,22,22,0,4365,4365,0,0.754410080183276,,,,,5549,< 100 mil aptos,interior
PB,21792,2513901.0,SÃO BENTO,False,81,81,0,20510,20510,0,0.5552413456850317,,,,,26946,< 100 mil aptos,interior
PB,21814,2514008.0,SÃO JOÃO DO CARIRI,False,13,13,0,3277,3277,0,0.8193469636862984,,,,,4190,< 100 mil aptos,interior
PB,21830,2514107.0,SÃO JOÃO DO TIGRE,False,13,13,0,3027,3027,0,0.8301949124545754,,,,,3868,< 100 mil aptos,interior
PB,21857,2514206.0,SÃO JOSÉ DA LAGOA TAPADA,False,22,22,0,5080,5080,0,0.8228346456692913,,,,,6591,< 100 mil aptos,interior
PB,21873,2514305.0,SÃO JOSÉ DE CAIANA,False,16,16,0,3661,3661,0,0.8298279158699808,,,,,5302,< 100 mil aptos,interior
PB,21890,2514404.0,SÃO JOSÉ DE ESPINHARAS,False,13,13,0,3331,3331,0,0.7997598318823176,,,,,4326,< 100 mil aptos,interior
PB,21911,2514503.0,SÃO JOSÉ DE PIRANHAS,False,49,49,0,11431,11431,0,0.8410462776659959,,,,,15072,< 100 mil aptos,interior
PB,21938,2514602.0,SÃO JOSÉ DO BONFIM,False,16,16,0,3168,3168,0,0.7518939393939394,,,,,4027,< 100 mil aptos,interior
PB,21954,2514701.0,SÃO JOSÉ DO SABUGI,False,17,17,0,3398,3398,0,0.7454384932313125,,,,,4053,< 100 mil aptos,interior
PB,21970,2514800.0,SÃO JOSÉ DOS CORDEIROS,False,13,13,0,2609,2609,0,0.8298198543503258,,,,,3456,< 100 mil aptos,interior
PB,21997,2514909.0,SÃO MAMEDE,False,27,27,0,5270,5270,0,0.7322580645161291,,,,,7001,< 100 mil aptos,interior
PB,22012,2515005.0,SÃO MIGUEL DE TAIPU,False,17,0,17,4791,0,4791,,0.5986224170319349,,,,6084,< 100 mil aptos,interior
PB,22039,2515104.0,SÃO SEBASTIÃO DE LAGOA DE ROÇA,False,25,25,0,6580,6580,0,0.7117021276595744,,,,,8756,< 100 mil aptos,interior
PB,22055,2515203.0,SÃO SEBASTIÃO DO UMBUZEIRO,False,12,12,0,2411,2411,0,0.876399834093737,,,,,3123,< 100 mil aptos,interior
PB,22071,2515302.0,SAPÉ,False,127,0,127,27806,0,27806,,0.6823347478961376,,,,36121,< 100 mil aptos,interior
PB,22098,2515401.0,SÃO VICENTE DO SERIDÓ,False,28,28,0,6617,6617,0,0.797037932597854,,,,,8945,< 100 mil aptos,interior
PB,22110,2515500.0,SERRA BRANCA,False,34,34,0,7956,7956,0,0.7291352438411262,,,,,10398,< 100 mil aptos,interior
PB,22136,2515609.0,SERRA DA RAIZ,False,9,0,9,2230,0,2230,,0.7381165919282511,,,,3032,< 100 mil aptos,interior
PB,22152,2515708.0,SERRA GRANDE,False,10,10,0,2256,2256,0,0.8577127659574468,,,,,3176,< 100 mil aptos,interior
PB,22179,2515807.0,SERRA REDONDA,False,19,0,19,4815,0,4815,,0.766147455867082,,,,6177,< 100 mil aptos,interior
PB,22195,2515906.0,SERRARIA,False,14,14,0,3084,3084,0,0.7594033722438391,,,,,4389,< 100 mil aptos,interior
PB,22217,2516003.0,SOLÂNEA,False,72,72,0,15942,15942,0,0.7286413248024087,,,,,21354,< 100 mil aptos,interior
PB,22233,2516102.0,SOLEDADE,False,36,36,0,8647,8647,0,0.7207123857985428,,,,,11156,< 100 mil aptos,interior
PB,22250,2516201.0,SOUSA,False,149,149,0,37317,37317,0,0.7169654581022055,,,,,46507,< 100 mil aptos,interior
PB,22276,2516300.0,SUMÉ,False,45,45,0,10439,10439,0,0.804674777277517,,,,,13494,< 100 mil aptos,interior
PB,22292,2516409.0,TACIMA,False,22,22,0,5666,5666,0,0.768090363572185,,,,,7456,< 100 mil aptos,interior
PB,22314,2516508.0,TAPEROÁ,False,35,35,0,7863,7863,0,0.8016024418161007,,,,,10984,< 100 mil aptos,interior
PB,22330,2516607.0,TAVARES,False,36,36,0,8145,8145,0,0.8859422958870473,,,,,11489,< 100 mil aptos,interior
PB,22357,2516706.0,TEIXEIRA,False,39,39,0,8921,8921,0,0.8187422934648582,,,,,11641,< 100 mil aptos,interior
PB,22373,2516805.0,TRIUNFO,False,25,25,0,5564,5564,0,0.8806613946800863,,,,,7389,< 100 mil aptos,interior
PB,22390,2516904.0,UIRAÚNA,False,40,40,0,9345,9345,0,0.8051364365971108,,,,,11960,< 100 mil aptos,interior
PB,22411,2517001.0,UMBUZEIRO,False,23,23,0,5198,5198,0,0.788764909580608,,,,,6817,< 100 mil aptos,interior
PB,22438,2517100.0,VÁRZEA,False,10,10,0,2105,2105,0,0.838479809976247,,,,,2562,< 100 mil aptos,interior
PE,23000,2611533.0,QUIXABA,False,20,20,0,4811,4811,0,0.9020993556433174,,,,,6105,< 100 mil aptos,interior
PE,23019,2600104.0,AFOGADOS DA INGAZEIRA,False,99,99,0,21611,21611,0,0.7790014344546758,,,,,28490,< 100 mil aptos,interior
PE,23027,2608453.0,LAGOA DO CARRO,False,41,41,0,11844,11844,0,0.7040695710908477,,,,,14319,< 100 mil aptos,interior
PE,23035,2600203.0,AFRÂNIO,False,49,49,0,12942,12942,0,0.7770823674857055,,,,,17220,< 100 mil aptos,interior
PE,23043,2612471.0,SANTA CRUZ DA BAIXA VERDE,False,27,27,0,7219,7219,0,0.8520570716165674,,,,,9131,< 100 mil aptos,interior
PE,23051,2600302.0,AGRESTINA,False,59,59,0,15561,15561,0,0.764860870124028,,,,,19641,< 100 mil aptos,interior
PE,23060,2616506.0,XEXÉU,False,33,33,0,7226,7226,0,0.7034320509272073,,,,,10449,< 100 mil aptos,interior
PE,23078,2600401.0,ÁGUA PRETA,False,69,69,0,14662,14662,0,0.746282908198063,,,,,23264,< 100 mil aptos,interior
PE,23086,2616183.0,VERTENTE DO LÉRIO,False,25,25,0,5918,5918,0,0.8090571138898276,,,,,7742,< 100 mil aptos,interior
PE,23094,2600500.0,ÁGUAS BELAS,False,102,102,0,22599,22599,0,0.7859639807071109,,,,,33200,< 100 mil aptos,interior
PE,23108,2612455.0,SANTA CRUZ,False,37,37,0,9819,9819,0,0.8804358896017924,,,,,12397,< 100 mil aptos,interior
PE,23116,2600609.0,ALAGOINHA,False,42,42,0,9502,9502,0,0.8802357398442433,,,,,12690,< 100 mil aptos,interior
PE,23124,2608255.0,JUCATI,False,32,32,0,7599,7599,0,0.8559020923805764,,,,,9792,< 100 mil aptos,interior
PE,23132,2600708.0,ALIANÇA,False,96,96,0,20908,20908,0,0.7140329060646643,,,,,28697,< 100 mil aptos,interior
PE,23140,2605152.0,DORMENTES,False,45,45,0,12388,12388,0,0.7893122376493381,,,,,16302,< 100 mil aptos,interior
PE,23159,2600807.0,ALTINHO,False,51,51,0,12962,12962,0,0.7691714241629378,,,,,16650,< 100 mil aptos,interior
PE,23167,2603926.0,CARNAUBEIRA DA PENHA,False,37,37,0,8608,8608,0,0.922978624535316,,,,,12150,< 100 mil aptos,interior
PE,23175,2600906.0,AMARAJI,False,50,50,0,12666,12666,0,0.6882204326543502,,,,,16867,< 100 mil aptos,interior
PE,23183,2608750.0,LAGOA GRANDE,False,61,61,0,15283,15283,0,0.8033108682850226,,,,,21214,< 100 mil aptos,interior
PE,23191,2601003.0,ANGELIM,False,25,25,0,6687,6687,0,0.781665918947211,,,,,9370,< 100 mil aptos,interior
PE,23205,2601052.0,ARAÇOIABA,False,45,0,45,13021,0,13021,,0.7033253974349128,,,,16121,< 100 mil aptos,interior
PE,23213,2601102.0,ARARIPINA,False,169,169,0,43416,43416,0,0.7926110189791782,,,,,58676,< 100 mil aptos,interior
PE,23221,2604155.0,CASINHAS,False,38,38,0,8720,8720,0,0.8176605504587156,,,,,11750,< 100 mil aptos,interior
PE,23230,2601201.0,ARCOVERDE,False,166,166,0,38326,38326,0,0.7445598288368209,,,,,48890,< 100 mil aptos,interior
PE,23248,2609154.0,MANARI,False,42,42,0,9208,9208,0,0.8937880104257168,,,,,13335,< 100 mil aptos,interior
PE,23256,2601300.0,BARRA DE GUABIRABA,False,30,30,0,7721,7721,0,0.6373526745240253,,,,,9803,< 100 mil aptos,interior
PE,23264,2608057.0,JATOBÁ,False,36,36,0,7951,7951,0,0.8546094830838888,,,,,10745,< 100 mil aptos,interior
PE,23272,2601409.0,BARREIROS,False,96,96,0,22072,22072,0,0.6459768031895614,,,,,30835,< 100 mil aptos,interior
PE,23280,2614857.0,TAMANDARÉ,False,51,51,0,14012,14012,0,0.668284327719098,,,,,18259,< 100 mil aptos,interior
PE,23299,2601508.0,BELÉM DE MARIA,False,32,32,0,7040,7040,0,0.7454545454545455,,,,,9651,< 100 mil aptos,interior
PE,23302,2607950.0,JAQUEIRA,False,29,29,0,6658,6658,0,0.7451186542505257,,,,,9942,< 100 mil aptos,interior
PE,23310,2601607.0,BELÉM DO SÃO FRANCISCO,False,49,49,0,11383,11383,0,0.84415356232979,,,,,15100,< 100 mil aptos,interior
PE,23329,2612554.0,SANTA FILOMENA,False,34,34,0,9131,9131,0,0.879640784141934,,,,,12428,< 100 mil aptos,interior
PE,23337,2601706.0,BELO JARDIM,False,178,178,0,45650,45650,0,0.7020372398685651,,,,,62291,< 100 mil aptos,interior
PE,23353,2601805.0,BETÂNIA,False,29,29,0,6747,6747,0,0.8875055580257892,,,,,10489,< 100 mil aptos,interior
PE,23370,2601904.0,BEZERROS,False,146,146,0,37147,37147,0,0.7230193555334212,,,,,46442,< 100 mil aptos,interior
PE,23396,2602001.0,BODOCÓ,False,75,75,0,19743,19743,0,0.892316263992301,,,,,25326,< 100 mil aptos,interior
PE,23418,2602100.0,BOM CONSELHO,False,108,108,0,24535,24535,0,0.8012635011208478,,,,,37496,< 100 mil aptos,interior
PE,23434,2602209.0,BOM JARDIM,False,102,102,0,22585,22585,0,0.7662165153863183,,,,,29808,< 100 mil aptos,interior
PE,23450,2602308.0,BONITO,False,92,92,0,23172,23172,0,0.6720179527015363,,,,,30368,< 100 mil aptos,interior
PE,23477,2602407.0,BREJÃO,False,34,34,0,6985,6985,0,0.819899785254116,,,,,9041,< 100 mil aptos,interior
PE,23493,2602506.0,BREJINHO,False,23,23,0,5489,5489,0,0.8511568591728912,,,,,7818,< 100 mil aptos,interior
PE,23515,2602605.0,BREJO DA MADRE DE DEUS,False,94,94,0,25125,25125,0,0.6903084577114428,,,,,33604,< 100 mil aptos,interior
PE,23531,2602704.0,BUENOS AIRES,False,32,32,0,8755,8755,0,0.7716733295259851,,,,,11275,< 100 mil aptos,interior
PE,23558,2602803.0,BUÍQUE,False,112,112,0,26293,26293,0,0.8709162134408398,,,,,39785,< 100 mil aptos,interior
PE,23574,2602902.0,CABO DE SANTO AGOSTINHO,False,478,0,478,127209,0,127209,,0.6809030807568647,,,,160983,≥ 100 mil aptos,interior
PE,23590,2603009.0,CABROBÓ,False,81,81,0,19001,19001,0,0.8317983264038735,,,,,25904,< 100 mil aptos,interior
PE,23612,2603108.0,CACHOEIRINHA,False,50,50,0,12034,12034,0,0.7581020442080771,,,,,15988,< 100 mil aptos,interior
PE,23639,2603207.0,CAETÉS,False,59,59,0,13949,13949,0,0.9081654598895978,,,,,19971,< 100 mil aptos,interior
PE,23655,2603306.0,CALÇADO,False,22,22,0,5914,5914,0,0.877578626986811,,,,,7438,< 100 mil aptos,interior
PE,23671,2603405.0,CALUMBI,False,21,21,0,5039,5039,0,0.884302440960508,,,,,6578,< 100 mil aptos,interior
PE,23698,2603504.0,CAMOCIM DE SÃO FÉLIX,False,44,44,0,11809,11809,0,0.7328308916927767,,,,,14853,< 100 mil aptos,interior
PE,23710,2603603.0,CAMUTANGA,False,21,21,0,5614,5614,0,0.7155325970787317,,,,,7435,< 100 mil aptos,interior
PE,23736,2603702.0,CANHOTINHO,False,60,60,0,12520,12520,0,0.7205271565495208,,,,,16987,< 100 mil aptos,interior
PE,23752,2603801.0,CAPOEIRAS,False,47,47,0,11185,11185,0,0.8818059901654001,,,,,16070,< 100 mil aptos,interior
PE,23779,2603900.0,CARNAÍBA,False,48,48,0,11682,11682,0,0.8686012669063516,,,,,15890,< 100 mil aptos,interior
PE,23795,2604007.0,CARPINA,False,161,161,0,46025,46025,0,0.5603041825095058,,,,,56127,< 100 mil aptos,interior
PE,23817,2604106.0,CARUARU,False,661,661,0,196200,196200,0,0.5768960244648318,,,,,240698,≥ 100 mil aptos,interior
PE,23833,2604205.0,CATENDE,False,84,84,0,18466,18466,0,0.7321022419581934,,,,,25518,< 100 mil aptos,interior
PE,23850,2604304.0,CEDRO,False,27,27,0,6755,6755,0,0.8817172464840859,,,,,9923,< 100 mil aptos,interior
PE,23876,2604403.0,CHÃ DE ALEGRIA,False,36,36,0,8703,8703,0,0.7121682178559118,,,,,11034,< 100 mil aptos,interior
PE,23892,2604502.0,CHÃ GRANDE,False,54,54,0,14833,14833,0,0.6834760331692847,,,,,18868,< 100 mil aptos,interior
PE,23914,2604601.0,CONDADO,False,55,55,0,15209,15209,0,0.7097771056611217,,,,,20793,< 100 mil aptos,interior
PE,23930,2604700.0,CORRENTES,False,41,41,0,9270,9270,0,0.852319309600863,,,,,13849,< 100 mil aptos,interior
PE,23957,2604809.0,CORTÊS,False,37,37,0,7908,7908,0,0.7271117855336369,,,,,10885,< 100 mil aptos,interior
PE,23973,2604908.0,CUMARU,False,50,50,0,11041,11041,0,0.77139751834073,,,,,15315,< 100 mil aptos,interior
PE,23990,2605004.0,CUPIRA,False,61,61,0,14955,14955,0,0.6561685055165496,,,,,19622,< 100 mil aptos,interior
PE,24015,2605103.0,CUSTÓDIA,False,81,81,0,20577,20577,0,0.8741799096078146,,,,,28506,< 100 mil aptos,interior
PE,24031,2605202.0,ESCADA,False,152,152,0,36985,36985,0,0.7026091658780587,,,,,47331,< 100 mil aptos,interior
PE,24058,2605301.0,EXU,False,83,83,0,20471,20471,0,0.8734307068535978,,,,,27574,< 100 mil aptos,interior
PE,24074,2605400.0,FEIRA NOVA,False,55,55,0,13847,13847,0,0.6544377843576226,,,,,18367,< 100 mil aptos,interior
PE,24090,2605509.0,FERREIROS,False,29,29,0,7704,7704,0,0.7267653167185878,,,,,9945,< 100 mil aptos,interior
PE,24112,2605608.0,FLORES,False,56,56,0,11962,11962,0,0.8691690352783815,,,,,16230,< 100 mil aptos,interior
PE,24139,2605707.0,FLORESTA,False,66,66,0,17670,17670,0,0.8574419920769666,,,,,23818,< 100 mil aptos,interior
PE,24155,2605806.0,FREI MIGUELINHO,False,39,39,0,9843,9843,0,0.729553997764909,,,,,11951,< 100 mil aptos,interior
PE,24171,2605905.0,GAMELEIRA,False,46,46,0,10992,10992,0,0.69259461426492,,,,,15305,< 100 mil aptos,interior
PE,24198,2606002.0,GARANHUNS,False,284,284,0,75167,75167,0,0.7375044900022616,,,,,95619,< 100 mil aptos,interior
PE,24210,2606101.0,GLÓRIA DO GOITÁ,False,66,66,0,17718,17718,0,0.7543176430748392,,,,,22600,< 100 mil aptos,interior
PE,24236,2606200.0,GOIANA,False,193,0,193,49381,0,49381,,0.6455721836333813,,,,61024,< 100 mil aptos,interior
PE,24252,2606309.0,GRANITO,False,22,22,0,5396,5396,0,0.8689770200148258,,,,,6728,< 100 mil aptos,interior
PE,24279,2606408.0,GRAVATÁ,False,183,183,0,52096,52096,0,0.6340793918918919,,,,,68851,< 100 mil aptos,interior
PE,24295,2606507.0,IATI,False,48,48,0,10476,10476,0,0.8626384116074838,,,,,15925,< 100 mil aptos,interior
PE,24317,2606606.0,IBIMIRIM,False,64,64,0,14593,14593,0,0.8887137668745289,,,,,20777,< 100 mil aptos,interior
PE,24333,2606705.0,IBIRAJUBA,False,24,24,0,5140,5140,0,0.8124513618677043,,,,,6912,< 100 mil aptos,interior
PE,24350,2606804.0,IGARASSU,False,231,0,231,68504,0,68504,,0.6507211257736775,,,,85793,< 100 mil aptos,interior
PE,24376,2606903.0,IGUARACY,False,33,33,0,6683,6683,0,0.8585964387251235,,,,,8844,< 100 mil aptos,interior
PE,24392,2607000.0,INAJÁ,False,41,41,0,10523,10523,0,0.9029744369476385,,,,,14262,< 100 mil aptos,interior
PE,24414,2607109.0,INGAZEIRA,False,12,12,0,3260,3260,0,0.8769938650306749,,,,,4062,< 100 mil aptos,interior
PE,24430,2607208.0,IPOJUCA,False,228,0,228,63006,0,63006,,0.7219629876519696,,,,80630,< 100 mil aptos,interior
PE,24457,2607307.0,IPUBI,False,62,62,0,15987,15987,0,0.8316131857133922,,,,,22605,< 100 mil aptos,interior
PE,24473,2607406.0,ITACURUBA,False,16,16,0,3241,3241,0,0.8728787411292811,,,,,4318,< 100 mil aptos,interior
PE,24490,2607505.0,ITAÍBA,False,61,61,0,13828,13828,0,0.8409748336708128,,,,,19627,< 100 mil aptos,interior
PE,24511,2607604.0,ILHA DE ITAMARACÁ,False,47,0,47,13419,0,13419,,0.7228556524331172,,,,17527,< 100 mil aptos,interior
PE,24538,2607703.0,ITAPETIM,False,38,38,0,8994,8994,0,0.8227707360462531,,,,,12403,< 100 mil aptos,interior
PE,24554,2607802.0,ITAQUITINGA,False,39,39,0,10037,10037,0,0.6841685762678091,,,,,14004,< 100 mil aptos,interior
PE,24570,2607901.0,JABOATÃO DOS GUARARAPES,False,1283,0,1283,365964,0,365964,,0.5574646686559334,,,,478982,≥ 100 mil aptos,interior
PE,24597,2608008.0,JATAÚBA,False,44,44,0,10868,10868,0,0.8083364004416635,,,,,14795,< 100 mil aptos,interior
PE,24619,2608107.0,JOÃO ALFREDO,False,73,73,0,17928,17928,0,0.8002008032128514,,,,,25308,< 100 mil aptos,interior
PE,24635,2608206.0,JOAQUIM NABUCO,False,42,42,0,10038,10038,0,0.71249252839211,,,,,13552,< 100 mil aptos,interior
PE,24651,2608305.0,JUPI,False,43,43,0,9499,9499,0,0.8425097378671439,,,,,12303,< 100 mil aptos,interior
PE,24678,2608404.0,JUREMA,False,34,34,0,8571,8571,0,0.7913895694784739,,,,,12097,< 100 mil aptos,interior
PE,24694,2608503.0,LAGOA DE ITAENGA,False,54,54,0,13964,13964,0,0.6796046977943283,,,,,18582,< 100 mil aptos,interior
PE,24716,2608602.0,LAGOA DO OURO,False,33,33,0,7957,7957,0,0.8518285786100289,,,,,11098,< 100 mil aptos,interior
PE,24732,2608701.0,LAGOA DOS GATOS,False,41,41,0,8572,8572,0,0.7957302846476901,,,,,12218,< 100 mil aptos,interior
PE,24759,2608800.0,LAJEDO,False,85,85,0,23519,23519,0,0.7019856286406735,,,,,29991,< 100 mil aptos,interior
PE,24775,2608909.0,LIMOEIRO,False,145,145,0,35324,35324,0,0.7209829011436983,,,,,44544,< 100 mil aptos,interior
PE,24791,2609006.0,MACAPARANA,False,62,62,0,14216,14216,0,0.6699493528418683,,,,,19852,< 100 mil aptos,interior
PE,24813,2609105.0,MACHADOS,False,34,34,0,8117,8117,0,0.7724528766785759,,,,,10652,< 100 mil aptos,interior
PE,24830,2609204.0,MARAIAL,False,36,36,0,5679,5679,0,0.7113928508540236,,,,,9408,< 100 mil aptos,interior
PE,24856,2609303.0,MIRANDIBA,False,35,35,0,8460,8460,0,0.8160756501182033,,,,,11604,< 100 mil aptos,interior
PE,24872,2609402.0,MORENO,False,133,133,0,37424,37424,0,0.6509191962377084,,,,,48006,< 100 mil aptos,interior
PE,24899,2609501.0,NAZARÉ DA MATA,False,72,72,0,20168,20168,0,0.632189607298691,,,,,25385,< 100 mil aptos,interior
PE,24910,2609600.0,OLINDA,False,878,0,878,246248,0,246248,,0.5882159449010753,,,,298040,≥ 100 mil aptos,interior
PE,24937,2609709.0,OROBÓ,False,65,65,0,13620,13620,0,0.8033039647577093,,,,,20661,< 100 mil aptos,interior
PE,24953,2609808.0,OROCÓ,False,40,40,0,9011,9011,0,0.8104538896903785,,,,,12532,< 100 mil aptos,interior
PE,24970,2609907.0,OURICURI,False,147,147,0,35487,35487,0,0.8585961056161411,,,,,50668,< 100 mil aptos,interior
PE,24996,2610004.0,PALMARES,False,123,123,0,30232,30232,0,0.698299814765811,,,,,40459,< 100 mil aptos,interior
PE,25011,2610103.0,PALMEIRINA,False,23,23,0,4181,4181,0,0.8387945467591486,,,,,6640,< 100 mil aptos,interior
PE,25038,2610202.0,PANELAS,False,74,74,0,14423,14423,0,0.7707827775081467,,,,,22003,< 100 mil aptos,interior
PE,25054,2610301.0,PARANATAMA,False,44,44,0,8234,8234,0,0.8592421666261841,,,,,10813,< 100 mil aptos,interior
PE,25070,2610400.0,PARNAMIRIM,False,65,65,0,13769,13769,0,0.9055123828890987,,,,,18056,< 100 mil aptos,interior
PE,25097,2610509.0,PASSIRA,False,78,78,0,19531,19531,0,0.75500486406226,,,,,25588,< 100 mil aptos,interior
PE,25119,2610608.0,PAUDALHO,False,137,137,0,34951,34951,0,0.6075934880260937,,,,,46023,< 100 mil aptos,interior
PE,25135,2610707.0,PAULISTA,False,641,0,641,186826,0,186826,,0.5827615000053525,,,,228288,≥ 100 mil aptos,interior
PE,25151,2610806.0,PEDRA,False,59,59,0,13846,13846,0,0.8330203668929654,,,,,19525,< 100 mil aptos,interior
PE,25178,2610905.0,PESQUEIRA,False,166,166,0,35721,35721,0,0.8276364043559811,,,,,50729,< 100 mil aptos,interior
PE,25194,2611002.0,PETROLÂNDIA,False,85,85,0,18458,18458,0,0.8107595622494311,,,,,25323,< 100 mil aptos,interior
PE,25216,2611101.0,PETROLINA,False,673,673,0,182753,182753,0,0.6761640027797081,,,,,231045,≥ 100 mil aptos,interior
PE,25232,2611200.0,POÇÃO,False,30,30,0,7366,7366,0,0.8460494162367636,,,,,10133,< 100 mil aptos,interior
PE,25259,2611309.0,POMBOS,False,59,59,0,15830,15830,0,0.6586860391661402,,,,,19127,< 100 mil aptos,interior
PE,25275,2611408.0,PRIMAVERA,False,32,32,0,8203,8203,0,0.7214433743752285,,,,,11428,< 100 mil aptos,interior
PE,25291,2611507.0,QUIPAPÁ,False,59,59,0,10788,10788,0,0.8176677790137189,,,,,17873,< 100 mil aptos,interior
PE,25313,2611606.0,RECIFE,False,3406,0,3406,992007,0,992007,,0.5631915903819227,,,,1216413,≥ 100 mil aptos,capital
PE,25330,2611705.0,RIACHO DAS ALMAS,False,60,60,0,16297,16297,0,0.7192121249309689,,,,,19634,< 100 mil aptos,interior
PE,25356,2611804.0,RIBEIRÃO,False,91,91,0,21045,21045,0,0.696032311712996,,,,,28192,< 100 mil aptos,interior
PE,25372,2611903.0,RIO FORMOSO,False,54,54,0,12024,12024,0,0.7171490352628077,,,,,16333,< 100 mil aptos,interior
PE,25399,2612000.0,SAIRÉ,False,38,38,0,8875,8875,0,0.7107605633802817,,,,,11011,< 100 mil aptos,interior
PE,25410,2612109.0,SALGADINHO,False,22,22,0,5092,5092,0,0.7700314218381775,,,,,7357,< 100 mil aptos,interior
PE,25437,2612208.0,SALGUEIRO,False,125,125,0,32578,32578,0,0.8069863097796058,,,,,41817,< 100 mil aptos,interior
PE,25453,2612307.0,SALOÁ,False,46,46,0,8802,8802,0,0.8844580777096115,,,,,13494,< 100 mil aptos,interior
PE,25470,2612406.0,SANHARÓ,False,42,42,0,12245,12245,0,0.7960800326663945,,,,,16014,< 100 mil aptos,interior
PE,25496,2612505.0,SANTA CRUZ DO CAPIBARIBE,False,173,173,0,51094,51094,0,0.47876462989783536,,,,,61800,< 100 mil aptos,interior
PE,25518,2612604.0,SANTA MARIA DA BOA VISTA,False,95,95,0,22714,22714,0,0.8278154442194241,,,,,31017,< 100 mil aptos,interior
PE,25534,2612703.0,SANTA MARIA DO CAMBUCÁ,False,31,31,0,8551,8551,0,0.7174599462051222,,,,,11173,< 100 mil aptos,interior
PE,25550,2612802.0,SANTA TEREZINHA,False,27,27,0,6012,6012,0,0.8386560212907518,,,,,7988,< 100 mil aptos,interior
PE,25577,2612901.0,SÃO BENEDITO DO SUL,False,27,27,0,5387,5387,0,0.7887506961202896,,,,,8829,< 100 mil aptos,interior
PE,25593,2613008.0,SÃO BENTO DO UNA,False,107,107,0,26280,26280,0,0.7539573820395739,,,,,36547,< 100 mil aptos,interior
PE,25615,2613107.0,SÃO CAITANO,False,98,98,0,23729,23729,0,0.7791310211134055,,,,,30182,< 100 mil aptos,interior
PE,25631,2613206.0,SÃO JOÃO,False,52,52,0,13578,13578,0,0.862129916040654,,,,,18861,< 100 mil aptos,interior
PE,25658,2613305.0,SÃO JOAQUIM DO MONTE,False,55,55,0,13059,13059,0,0.7371161650968681,,,,,17327,< 100 mil aptos,interior
PE,25674,2613404.0,SÃO JOSÉ DA COROA GRANDE,False,46,46,0,11238,11238,0,0.5805303434774871,,,,,16160,< 100 mil aptos,interior
PE,25690,2613503.0,SÃO JOSÉ DO BELMONTE,False,80,80,0,19304,19304,0,0.8734459179444675,,,,,26468,< 100 mil aptos,interior
PE,25712,2613602.0,SÃO JOSÉ DO EGITO,False,74,74,0,17690,17690,0,0.797456189937818,,,,,23072,< 100 mil aptos,interior
PE,25739,2613701.0,SÃO LOURENÇO DA MATA,False,225,0,225,63800,0,63800,,0.6234796238244514,,,,77580,< 100 mil aptos,interior
PE,25755,2613800.0,SÃO VICENTE FÉRRER,False,42,42,0,10639,10639,0,0.7612557571200301,,,,,14155,< 100 mil aptos,interior
PE,25771,2613909.0,SERRA TALHADA,False,189,189,0,46459,46459,0,0.7738651283927764,,,,,60118,< 100 mil aptos,interior
PE,25798,2614006.0,SERRITA,False,49,49,0,11422,11422,0,0.8947644895815093,,,,,16123,< 100 mil aptos,interior
PE,25810,2614105.0,SERTÂNIA,False,93,93,0,18034,18034,0,0.8573250526782744,,,,,26089,< 100 mil aptos,interior
PE,25836,2614204.0,SIRINHAÉM,False,85,85,0,21112,21112,0,0.6692876089427814,,,,,28375,< 100 mil aptos,interior
PE,25852,2614303.0,MOREILÂNDIA,False,29,29,0,7266,7266,0,0.887420864299477,,,,,9645,< 100 mil aptos,interior
PE,25879,2614402.0,SOLIDÃO,False,16,16,0,4244,4244,0,0.884071630537229,,,,,5562,< 100 mil aptos,interior
PE,25895,2614501.0,SURUBIM,False,140,140,0,36568,36568,0,0.6914241960183767,,,,,46008,< 100 mil aptos,interior
PE,25917,2614600.0,TABIRA,False,66,66,0,15956,15956,0,0.8303459513662572,,,,,20490,< 100 mil aptos,interior
PE,25933,2614709.0,TACAIMBÓ,False,39,39,0,7795,7795,0,0.7728030788967287,,,,,10331,< 100 mil aptos,interior
PE,25950,2614808.0,TACARATU,False,55,55,0,12803,12803,0,0.8748730766226666,,,,,17196,< 100 mil aptos,interior
PE,25976,2607653.0,ITAMBÉ,False,76,76,0,18331,18331,0,0.7205826196061317,,,,,23843,< 100 mil aptos,interior
PE,25992,2615003.0,TAQUARITINGA DO NORTE,False,60,60,0,16719,16719,0,0.5735988994557091,,,,,20663,< 100 mil aptos,interior
PE,26018,2615102.0,TEREZINHA,False,19,19,0,4756,4756,0,0.8355761143818334,,,,,6639,< 100 mil aptos,interior
PE,26034,2615201.0,TERRA NOVA,False,26,26,0,6631,6631,0,0.9232393304177349,,,,,8198,< 100 mil aptos,interior
PE,26050,2615300.0,TIMBAÚBA,False,130,130,0,32058,32058,0,0.6759623182980847,,,,,42386,< 100 mil aptos,interior
PE,26077,2615409.0,TORITAMA,False,90,90,0,26317,26317,0,0.5553444541551089,,,,,32434,< 100 mil aptos,interior
PE,26093,2615508.0,TRACUNHAÉM,False,30,30,0,8917,8917,0,0.7024784120219805,,,,,11144,< 100 mil aptos,interior
PE,26115,2615607.0,TRINDADE,False,68,68,0,16486,16486,0,0.7523353148125682,,,,,22931,< 100 mil aptos,interior
PE,26131,2615706.0,TRIUNFO,False,37,37,0,8950,8950,0,0.8437988826815642,,,,,11449,< 100 mil aptos,interior
PE,26158,2615805.0,TUPANATINGA,False,56,56,0,11656,11656,0,0.8396533973919011,,,,,18348,< 100 mil aptos,interior
PE,26174,2615904.0,TUPARETAMA,False,23,23,0,6288,6288,0,0.8625954198473282,,,,,8064,< 100 mil aptos,interior
PE,26190,2616001.0,VENTUROSA,False,39,39,0,10805,10805,0,0.8244331328088847,,,,,14456,< 100 mil aptos,interior
PE,26212,2616100.0,VERDEJANTE,False,29,29,0,5971,5971,0,0.8852788477641936,,,,,7836,< 100 mil aptos,interior
PE,26239,2616209.0,VERTENTES,False,48,48,0,12625,12625,0,0.7055049504950495,,,,,16517,< 100 mil aptos,interior
PE,26255,2616308.0,VICÊNCIA,False,63,63,0,16250,16250,0,0.6772307692307692,,,,,22096,< 100 mil aptos,interior
PE,26271,2616407.0,VITÓRIA DE SANTO ANTÃO,False,289,289,0,81203,81203,0,0.5885619989409259,,,,,99208,< 100 mil aptos,interior
PE,26298,2603454.0,CAMARAGIBE,False,350,0,350,99150,0,99150,,0.5644377206253152,,,,120640,≥ 100 mil aptos,interior
PE,26310,2600054.0,ABREU E LIMA,False,231,0,231,65420,0,65420,,0.5871598899419138,,,,84033,< 100 mil aptos,interior
PE,26336,2607752.0,ITAPISSUMA,False,56,0,56,15276,0,15276,,0.7204111023828227,,,,18968,< 100 mil aptos,interior
PE,30015,2605459.0,FERNANDO DE NORONHA,False,9,0,9,1990,0,1990,,0.5366834170854271,,,,3306,< 100 mil aptos,interior
PI,10006,2201960.0,BRASILEIRA,False,26,0,26,5728,0,5728,,0.8491620111731844,,,,7620,< 100 mil aptos,interior
PI,10014,2200103.0,AGRICOLÂNDIA,False,17,0,17,3805,0,3805,,0.8318002628120894,,,,5063,< 100 mil aptos,interior
PI,10022,2200277.0,ALEGRETE DO PIAUÍ,False,16,16,0,3220,3220,0,0.8024844720496894,,,,,4337,< 100 mil aptos,interior
PI,10030,2200202.0,ÁGUA BRANCA,False,53,0,53,11927,0,11927,,0.7190408317263353,,,,15272,< 100 mil aptos,interior
PI,10049,2201150.0,BAIXA GRANDE DO RIBEIRO,False,33,33,0,8160,8160,0,0.7013480392156862,,,,,9650,< 100 mil aptos,interior
PI,10057,2200301.0,ALTO LONGÁ,False,45,0,45,9884,0,9884,,0.8369081343585593,,,,12297,< 100 mil aptos,interior
PI,10065,2201919.0,BOM PRINCÍPIO DO PIAUÍ,False,20,20,0,4812,4812,0,0.7874064837905237,,,,,6086,< 100 mil aptos,interior
PI,10073,2200400.0,ALTOS,False,118,0,118,28149,0,28149,,0.829478844719173,,,,33682,< 100 mil aptos,interior
PI,10081,2201929.0,BONFIM DO PIAUÍ,False,21,21,0,3869,3869,0,0.9258206254846213,,,,,4967,< 100 mil aptos,interior
PI,10090,2200509.0,AMARANTE,False,68,0,68,11364,0,11364,,0.8386131643787399,,,,15124,< 100 mil aptos,interior
PI,10103,2202026.0,BURITI DOS MONTES,False,30,30,0,5239,5239,0,0.8791754151555641,,,,,6416,< 100 mil aptos,interior
PI,10111,2200608.0,ANGICAL DO PIAUÍ,False,22,0,22,5141,0,5141,,0.8179342540361797,,,,6794,< 100 mil aptos,interior
PI,10120,2202059.0,CABECEIRAS DO PIAUÍ,False,32,0,32,6833,0,6833,,0.8767744768037465,,,,9208,< 100 mil aptos,interior
PI,10138,2200707.0,ANÍSIO DE ABREU,False,25,25,0,5548,5548,0,0.8855443403028118,,,,,6891,< 100 mil aptos,interior
PI,10146,2202091.0,CALDEIRÃO GRANDE DO PIAUÍ,False,17,17,0,4134,4134,0,0.8381712626995645,,,,,4950,< 100 mil aptos,interior
PI,10154,2200806.0,ANTÔNIO ALMEIDA,False,13,13,0,2244,2244,0,0.7112299465240641,,,,,2940,< 100 mil aptos,interior
PI,10162,,CANAVIEIRA,False,13,13,0,2448,2448,0,0.8472222222222222,,,,,3335,< 100 mil aptos,interior
PI,10170,2200905.0,AROAZES,False,20,20,0,4114,4114,0,0.8614487117160914,,,,,5566,< 100 mil aptos,interior
PI,10189,2202737.0,COIVARAS,False,22,0,22,4191,0,4191,,0.8079217370555953,,,,5038,< 100 mil aptos,interior
PI,10197,2201002.0,ARRAIAL,False,16,16,0,3185,3185,0,0.8508634222919937,,,,,4187,< 100 mil aptos,interior
PI,10200,2202752.0,COLÔNIA DO GURGUÉIA,False,18,18,0,3994,3994,0,0.8109664496745118,,,,,5150,< 100 mil aptos,interior
PI,10219,2201101.0,AVELINO LOPES,False,34,34,0,6825,6825,0,0.7750915750915751,,,,,9236,< 100 mil aptos,interior
PI,10227,2202778.0,COLÔNIA DO PIAUÍ,False,27,27,0,4544,4544,0,0.8672975352112676,,,,,6243,< 100 mil aptos,interior
PI,10235,2201200.0,BARRAS,False,128,0,128,27224,0,27224,,0.7839039083161916,,,,36351,< 100 mil aptos,interior
PI,10243,2202851.0,CORONEL JOSÉ DIAS,False,21,21,0,3912,3912,0,0.9194785276073619,,,,,4718,< 100 mil aptos,interior
PI,10251,2201309.0,BARREIRAS DO PIAUÍ,False,13,13,0,2446,2446,0,0.8058053965658217,,,,,3487,< 100 mil aptos,interior
PI,10260,2203750.0,FARTURA DO PIAUÍ,False,15,15,0,3530,3530,0,0.9252124645892351,,,,,4446,< 100 mil aptos,interior
PI,10278,2201408.0,BARRO DURO,False,21,21,0,4397,4397,0,0.7491471457812144,,,,,5889,< 100 mil aptos,interior
PI,10286,2205151.0,JACOBINA DO PIAUÍ,False,20,20,0,4183,4183,0,0.862060721969878,,,,,4940,< 100 mil aptos,interior
PI,10294,2201507.0,BATALHA,False,81,81,0,15646,15646,0,0.7630704333375943,,,,,22267,< 100 mil aptos,interior
PI,10308,2205250.0,JARDIM DO MULATO,False,16,0,16,3302,0,3302,,0.7867958812840703,,,,4295,< 100 mil aptos,interior
PI,10316,2201606.0,BENEDITINOS,False,36,0,36,7310,0,7310,,0.8625170998632011,,,,9289,< 100 mil aptos,interior
PI,10324,2205557.0,LAGOA ALEGRE,False,30,0,30,6323,0,6323,,0.8663609046338763,,,,7851,< 100 mil aptos,interior
PI,10332,2201705.0,BERTOLÍNIA,False,18,18,0,3542,3542,0,0.7365894974590627,,,,,4510,< 100 mil aptos,interior
PI,10340,2205565.0,LAGOA DO BARRO DO PIAUÍ,False,15,15,0,3509,3509,0,0.8860074095183813,,,,,4290,< 100 mil aptos,interior
PI,10359,2201804.0,BOCAINA,False,19,19,0,4249,4249,0,0.7783007766533302,,,,,5160,< 100 mil aptos,interior
PI,10367,2205953.0,MARCOLÂNDIA,False,26,26,0,6064,6064,0,0.7498350923482849,,,,,7424,< 100 mil aptos,interior
PI,10375,2201903.0,BOM JESUS,False,65,65,0,15177,15177,0,0.6953943467088357,,,,,18633,< 100 mil aptos,interior
PI,10383,2207777.0,PATOS DO PIAUÍ,False,21,21,0,4085,4085,0,0.8778457772337821,,,,,5345,< 100 mil aptos,interior
PI,10391,2202000.0,BURITI DOS LOPES,False,60,60,0,13064,13064,0,0.7436466625842009,,,,,16466,< 100 mil aptos,interior
PI,10405,2207751.0,PASSAGEM FRANCA DO PIAUÍ,False,16,16,0,2764,2764,0,0.774602026049204,,,,,3853,< 100 mil aptos,interior
PI,10413,2202109.0,CAMPINAS DO PIAUÍ,False,21,21,0,3946,3946,0,0.9310694374049671,,,,,5208,< 100 mil aptos,interior
PI,10421,2208650.0,QUEIMADA NOVA,False,24,24,0,5693,5693,0,0.8738802037590023,,,,,6777,< 100 mil aptos,interior
PI,10430,2202208.0,CAMPO MAIOR,False,123,0,123,28107,0,28107,,0.749742057138791,,,,34702,< 100 mil aptos,interior
PI,10448,2209153.0,SANTA CRUZ DOS MILAGRES,False,12,12,0,2509,2509,0,0.8397768035073735,,,,,3481,< 100 mil aptos,interior
PI,10456,2202307.0,CANTO DO BURITI,False,59,59,0,11534,11534,0,0.8027570660655453,,,,,15399,< 100 mil aptos,interior
PI,10464,2209377.0,SANTA ROSA DO PIAUÍ,False,18,18,0,3371,3371,0,0.7789973301690893,,,,,4539,< 100 mil aptos,interior
PI,10472,2202406.0,CAPITÃO DE CAMPOS,False,35,0,35,7661,0,7661,,0.8350084845320455,,,,10131,< 100 mil aptos,interior
PI,10480,2209351.0,SANTANA DO PIAUÍ,False,14,14,0,3309,3309,0,0.8220006044122091,,,,,3993,< 100 mil aptos,interior
PI,10499,2202505.0,CARACOL,False,26,26,0,6324,6324,0,0.868595825426945,,,,,7953,< 100 mil aptos,interior
PI,10502,2209559.0,SÃO BRAZ DO PIAUÍ,False,16,16,0,3163,3163,0,0.9234903572557699,,,,,3962,< 100 mil aptos,interior
PI,10510,2202604.0,CASTELO DO PIAUÍ,False,67,67,0,11724,11724,0,0.7691914022517912,,,,,16074,< 100 mil aptos,interior
PI,10529,2210052.0,SÃO JOSÉ DO DIVINO,False,19,19,0,3918,3918,0,0.8443083205717202,,,,,4925,< 100 mil aptos,interior
PI,10537,2202703.0,COCAL,False,78,78,0,16808,16808,0,0.7837934316991909,,,,,21112,< 100 mil aptos,interior
PI,10545,2210656.0,SIGEFREDO PACHECO,False,32,0,32,6794,0,6794,,0.8470709449514278,,,,8518,< 100 mil aptos,interior
PI,10553,2202802.0,CONCEIÇÃO DO CANINDÉ,False,20,20,0,3485,3485,0,0.8614060258249642,,,,,4591,< 100 mil aptos,interior
PI,10561,2210359.0,SÃO LOURENÇO DO PIAUÍ,False,16,16,0,3978,3978,0,0.9167923579688285,,,,,4912,< 100 mil aptos,interior
PI,10570,2202901.0,CORRENTE,False,68,68,0,15522,15522,0,0.7443628398402268,,,,,20214,< 100 mil aptos,interior
PI,10588,2211357.0,VÁRZEA BRANCA,False,16,16,0,3605,3605,0,0.9029126213592233,,,,,4546,< 100 mil aptos,interior
PI,10596,2203008.0,CRISTALÂNDIA DO PIAUÍ,False,17,17,0,4284,4284,0,0.8223622782446312,,,,,5403,< 100 mil aptos,interior
PI,10600,2201176.0,BARRA D'ALCÂNTARA,False,12,12,0,2553,2553,0,0.8531139835487661,,,,,3392,< 100 mil aptos,interior
PI,10618,2203107.0,CRISTINO CASTRO,False,31,31,0,5863,5863,0,0.809824322019444,,,,,7706,< 100 mil aptos,interior
PI,10626,2201556.0,BELA VISTA DO PIAUÍ,False,12,12,0,2829,2829,0,0.8437610463061153,,,,,3379,< 100 mil aptos,interior
PI,10634,2203206.0,CURIMATÁ,False,34,34,0,6854,6854,0,0.7394222351911293,,,,,8718,< 100 mil aptos,interior
PI,10642,2201988.0,BREJO DO PIAUÍ,False,13,13,0,3036,3036,0,0.9041501976284585,,,,,3744,< 100 mil aptos,interior
PI,10650,2203305.0,DEMERVAL LOBÃO,False,40,0,40,9687,0,9687,,0.7740270465572416,,,,12132,< 100 mil aptos,interior
PI,10669,2201770.0,BOA HORA,False,21,0,21,4779,0,4779,,0.8112575852688847,,,,6383,< 100 mil aptos,interior
PI,10677,2203404.0,DOM EXPEDITO LOPES,False,25,25,0,5207,5207,0,0.806606491261763,,,,,6092,< 100 mil aptos,interior
PI,10685,2203453.0,DOM INOCÊNCIO,False,28,28,0,5814,5814,0,0.9033367733058135,,,,,7070,< 100 mil aptos,interior
PI,10693,2203503.0,ELESBÃO VELOSO,False,46,46,0,9215,9215,0,0.8513293543136191,,,,,12705,< 100 mil aptos,interior
PI,10707,2202455.0,CAPITÃO GERVÁSIO OLIVEIRA,False,14,14,0,2991,2991,0,0.9244399866265463,,,,,3640,< 100 mil aptos,interior
PI,10715,2203602.0,ELISEU MARTINS,False,15,15,0,2756,2756,0,0.8236574746008708,,,,,3679,< 100 mil aptos,interior
PI,10723,2202133.0,CAMPO GRANDE DO PIAUÍ,False,18,18,0,3867,3867,0,0.8769071631755884,,,,,5002,< 100 mil aptos,interior
PI,10731,2203701.0,ESPERANTINA,False,104,104,0,22882,22882,0,0.737522943798619,,,,,30571,< 100 mil aptos,interior
PI,10740,2202174.0,CAMPO LARGO DO PIAUÍ,False,18,0,18,3971,0,3971,,0.8212037270209015,,,,5236,< 100 mil aptos,interior
PI,10758,2203800.0,FLORES DO PIAUÍ,False,16,16,0,3017,3017,0,0.8412330129267485,,,,,4172,< 100 mil aptos,interior
PI,10766,2203230.0,CURRAIS,False,20,20,0,4163,4163,0,0.8335335094883497,,,,,5148,< 100 mil aptos,interior
PI,10774,2203909.0,FLORIANO,False,163,163,0,34627,34627,0,0.7566927542091432,,,,,44346,< 100 mil aptos,interior
PI,10782,2204352.0,GEMINIANO,False,22,22,0,4945,4945,0,0.8546006066734075,,,,,5993,< 100 mil aptos,interior
PI,10790,2204006.0,FRANCINÓPOLIS,False,13,13,0,3176,3176,0,0.8762594458438288,,,,,4344,< 100 mil aptos,interior
PI,10804,2204550.0,GUARIBAS,False,14,14,0,3142,3142,0,0.9385741565881605,,,,,4184,< 100 mil aptos,interior
PI,10812,2204105.0,FRANCISCO AYRES,False,19,19,0,3367,3367,0,0.8485298485298486,,,,,4505,< 100 mil aptos,interior
PI,10820,2204659.0,ILHA GRANDE,False,31,31,0,6749,6749,0,0.813898355311898,,,,,8596,< 100 mil aptos,interior
PI,10839,2204204.0,FRANCISCO SANTOS,False,26,26,0,5483,5483,0,0.8418748860113077,,,,,7197,< 100 mil aptos,interior
PI,10847,2205532.0,JUREMA,False,19,19,0,3732,3732,0,0.8807609860664523,,,,,4671,< 100 mil aptos,interior
PI,10855,2204303.0,FRONTEIRAS,False,30,30,0,7085,7085,0,0.8050811573747354,,,,,9348,< 100 mil aptos,interior
PI,10863,2205573.0,LAGOA DE SÃO FRANCISCO,False,22,0,22,4424,0,4424,,0.845614828209765,,,,5793,< 100 mil aptos,interior
PI,10871,2204402.0,GILBUÉS,False,34,34,0,6162,6162,0,0.8167802661473548,,,,,8081,< 100 mil aptos,interior
PI,10880,2206654.0,MORRO CABEÇA NO TEMPO,False,14,14,0,2685,2685,0,0.7936685288640596,,,,,3571,< 100 mil aptos,interior
PI,10898,2204501.0,GUADALUPE,False,30,30,0,6149,6149,0,0.8038705480565945,,,,,8557,< 100 mil aptos,interior
PI,10901,2206951.0,NOVO SANTO ANTÔNIO,False,15,0,15,3419,0,3419,,0.8789119625621526,,,,4341,< 100 mil aptos,interior
PI,10910,2204600.0,HUGO NAPOLEÃO,False,15,0,15,3128,0,3128,,0.8164961636828645,,,,4165,< 100 mil aptos,interior
PI,10928,2206753.0,NOSSA SENHORA DE NAZARÉ,False,20,0,20,4426,0,4426,,0.8741527338454587,,,,5422,< 100 mil aptos,interior
PI,10936,2204709.0,INHUMA,False,46,46,0,9655,9655,0,0.8295183842568618,,,,,12677,< 100 mil aptos,interior
PI,10944,2207553.0,PAQUETÁ,False,17,17,0,3220,3220,0,0.831055900621118,,,,,3848,< 100 mil aptos,interior
PI,10952,2204808.0,IPIRANGA DO PIAUÍ,False,28,28,0,5834,5834,0,0.8842989372643126,,,,,7403,< 100 mil aptos,interior
PI,10960,2207959.0,NOVA SANTA RITA,False,13,13,0,3188,3188,0,0.9203262233375157,,,,,3817,< 100 mil aptos,interior
PI,10979,2204907.0,ISAÍAS COELHO,False,23,23,0,4853,4853,0,0.920873686379559,,,,,6107,< 100 mil aptos,interior
PI,10987,2209971.0,SÃO JOÃO DO ARRAIAL,False,30,30,0,5513,5513,0,0.7362597496825685,,,,,7092,< 100 mil aptos,interior
PI,10995,2205003.0,ITAINÓPOLIS,False,34,34,0,7570,7570,0,0.8340819022457068,,,,,9376,< 100 mil aptos,interior
PI,11010,2205102.0,ITAUEIRA,False,33,33,0,6622,6622,0,0.7991543340380549,,,,,8845,< 100 mil aptos,interior
PI,11037,2205201.0,JAICÓS,False,53,53,0,9784,9784,0,0.8350367947669665,,,,,13381,< 100 mil aptos,interior
PI,11053,2205300.0,JERUMENHA,False,21,21,0,3442,3442,0,0.8099941894247531,,,,,4609,< 100 mil aptos,interior
PI,11070,2205409.0,JOAQUIM PIRES,False,43,43,0,8852,8852,0,0.7790329868956168,,,,,11440,< 100 mil aptos,interior
PI,11088,2209856.0,SÃO JOÃO DA CANABRAVA,False,17,17,0,3650,3650,0,0.8687671232876713,,,,,4645,< 100 mil aptos,interior
PI,11096,2205508.0,JOSÉ DE FREITAS,False,113,0,113,27441,0,27441,,0.860063408767902,,,,33179,< 100 mil aptos,interior
PI,11118,2205607.0,LANDRI SALES,False,15,15,0,3335,3335,0,0.847976011994003,,,,,4600,< 100 mil aptos,interior
PI,11134,2205706.0,LUIS CORREIA,False,98,98,0,20015,20015,0,0.7819635273544842,,,,,25687,< 100 mil aptos,interior
PI,11150,2205805.0,LUZILÂNDIA,False,71,71,0,14734,14734,0,0.783969051174155,,,,,19602,< 100 mil aptos,interior
PI,11177,2205904.0,MANOEL EMÍDIO,False,17,17,0,3512,3512,0,0.8499430523917996,,,,,4595,< 100 mil aptos,interior
PI,11193,2206001.0,MARCOS PARENTE,False,14,14,0,3002,3002,0,0.7221852098600933,,,,,3985,< 100 mil aptos,interior
PI,11215,2206100.0,MATIAS OLÍMPIO,False,34,34,0,6325,6325,0,0.8022134387351779,,,,,8721,< 100 mil aptos,interior
PI,11231,2206209.0,MIGUEL ALVES,False,96,0,96,18278,0,18278,,0.8363606521501258,,,,25546,< 100 mil aptos,interior
PI,11258,,MIGUEL LEÃO,False,6,0,6,1234,0,1234,,0.6215559157212318,,,,1604,< 100 mil aptos,interior
PI,11274,2206407.0,MONSENHOR GIL,False,38,0,38,8030,0,8030,,0.8141967621419676,,,,10009,< 100 mil aptos,interior
PI,11290,2206506.0,MONSENHOR HIPÓLITO,False,25,25,0,5526,5526,0,0.8566775244299675,,,,,6800,< 100 mil aptos,interior
PI,11312,2206605.0,MONTE ALEGRE DO PIAUÍ,False,37,37,0,6656,6656,0,0.8569711538461539,,,,,8953,< 100 mil aptos,interior
PI,11339,2206704.0,NAZARÉ DO PIAUÍ,False,25,25,0,4954,4954,0,0.9051271699636657,,,,,6538,< 100 mil aptos,interior
PI,11355,2206803.0,NOSSA SENHORA DOS REMÉDIOS,False,28,0,28,6325,0,6325,,0.7996837944664031,,,,8180,< 100 mil aptos,interior
PI,11371,2206902.0,NOVO ORIENTE DO PIAUÍ,False,18,18,0,3810,3810,0,0.8908136482939633,,,,,5132,< 100 mil aptos,interior
PI,11398,2207009.0,OEIRAS,False,121,121,0,22939,22939,0,0.7749683944374209,,,,,29709,< 100 mil aptos,interior
PI,11410,2203420.0,DOMINGOS MOURÃO,False,17,0,17,3207,0,3207,,0.8777673838478328,,,,4170,< 100 mil aptos,interior
PI,11436,2207207.0,PADRE MARCOS,False,23,23,0,4667,4667,0,0.8341547032354831,,,,,5993,< 100 mil aptos,interior
PI,11452,2207306.0,PAES LANDIM,False,15,15,0,2999,2999,0,0.729243081027009,,,,,3816,< 100 mil aptos,interior
PI,11479,2207405.0,PALMEIRA DO PIAUÍ,False,17,17,0,3422,3422,0,0.7857977790765635,,,,,4422,< 100 mil aptos,interior
PI,11495,2207504.0,PALMEIRAIS,False,50,0,50,9490,0,9490,,0.8652265542676502,,,,12301,< 100 mil aptos,interior
PI,11517,2207603.0,PARNAGUÁ,False,30,30,0,5397,5397,0,0.8480637391143228,,,,,7222,< 100 mil aptos,interior
PI,11533,2207702.0,PARNAÍBA,False,362,362,0,87942,87942,0,0.6567624115894567,,,,,110411,≥ 100 mil aptos,interior
PI,11550,2207801.0,PAULISTANA,False,60,60,0,12672,12672,0,0.8507733585858586,,,,,15905,< 100 mil aptos,interior
PI,11576,2207900.0,PEDRO II,False,117,0,117,24184,0,24184,,0.7667466093284816,,,,32776,< 100 mil aptos,interior
PI,11592,2208007.0,PICOS,False,180,180,0,43224,43224,0,0.7324865815287803,,,,,52740,< 100 mil aptos,interior
PI,11614,2208106.0,PIMENTEIRAS,False,37,37,0,6842,6842,0,0.8332358959368605,,,,,8852,< 100 mil aptos,interior
PI,11630,2208205.0,PIO IX,False,48,48,0,11223,11223,0,0.85957408892453,,,,,13896,< 100 mil aptos,interior
PI,11657,2208304.0,PIRACURUCA,False,87,87,0,18740,18740,0,0.7796157950907151,,,,,24191,< 100 mil aptos,interior
PI,11673,2208403.0,PIRIPIRI,False,180,0,180,37560,0,37560,,0.7529552715654952,,,,51578,< 100 mil aptos,interior
PI,11690,2208502.0,PORTO,False,31,0,31,6457,0,6457,,0.7635124670899799,,,,9122,< 100 mil aptos,interior
PI,11711,2208601.0,PRATA DO PIAUÍ,False,12,12,0,2468,2468,0,0.8837115072933549,,,,,3407,< 100 mil aptos,interior
PI,11738,2208700.0,REDENÇÃO DO GURGUÉIA,False,22,22,0,4933,4933,0,0.722886681532536,,,,,6584,< 100 mil aptos,interior
PI,11754,2208809.0,REGENERAÇÃO,False,49,0,49,10048,0,10048,,0.8641520700636943,,,,13993,< 100 mil aptos,interior
PI,11770,2208908.0,RIBEIRO GONÇALVES,False,20,20,0,3968,3968,0,0.7507560483870968,,,,,5169,< 100 mil aptos,interior
PI,11797,2209005.0,RIO GRANDE DO PIAUÍ,False,20,20,0,4045,4045,0,0.8618046971569839,,,,,5179,< 100 mil aptos,interior
PI,11819,2209104.0,SANTA CRUZ DO PIAUÍ,False,18,18,0,4337,4337,0,0.855199446622089,,,,,5258,< 100 mil aptos,interior
PI,11835,2209203.0,SANTA FILOMENA,False,20,20,0,3963,3963,0,0.7385818824123139,,,,,5054,< 100 mil aptos,interior
PI,11851,2209302.0,SANTA LUZ,False,20,20,0,3982,3982,0,0.7591662481165243,,,,,4806,< 100 mil aptos,interior
PI,11878,2209401.0,SANTO ANTÔNIO DE LISBOA,False,19,19,0,4648,4648,0,0.778184165232358,,,,,5701,< 100 mil aptos,interior
PI,11894,2209500.0,SANTO INÁCIO DO PIAUÍ,False,15,15,0,2623,2623,0,0.8627525733892489,,,,,3338,< 100 mil aptos,interior
PI,11916,2209609.0,SÃO FÉLIX DO PIAUÍ,False,13,13,0,2665,2665,0,0.7328330206378987,,,,,3684,< 100 mil aptos,interior
PI,11932,2209708.0,SÃO FRANCISCO DO PIAUÍ,False,27,27,0,4301,4301,0,0.7147175075563822,,,,,5946,< 100 mil aptos,interior
PI,11959,2209807.0,SÃO GONÇALO DO PIAUÍ,False,16,0,16,3482,0,3482,,0.758759333716255,,,,4610,< 100 mil aptos,interior
PI,11975,2209906.0,SÃO JOÃO DA SERRA,False,25,0,25,4864,0,4864,,0.8240131578947368,,,,6597,< 100 mil aptos,interior
PI,11991,2210003.0,SÃO JOÃO DO PIAUÍ,False,58,58,0,11579,11579,0,0.8082735987563693,,,,,14938,< 100 mil aptos,interior
PI,12009,2209872.0,SÃO JOÃO DA FRONTEIRA,False,19,19,0,3691,3691,0,0.823354104578705,,,,,4950,< 100 mil aptos,interior
PI,12017,2210102.0,SÃO JOSÉ DO PEIXE,False,11,11,0,2262,2262,0,0.8589743589743589,,,,,3206,< 100 mil aptos,interior
PI,12025,2209955.0,SÃO JOÃO DA VARJOTA,False,20,20,0,2987,2987,0,0.821560093739538,,,,,3928,< 100 mil aptos,interior
PI,12033,2210201.0,SÃO JOSÉ DO PIAUÍ,False,23,23,0,4613,4613,0,0.8556254064600043,,,,,5794,< 100 mil aptos,interior
PI,12041,2210623.0,SEBASTIÃO BARROS,False,16,16,0,3334,3334,0,0.8398320335932813,,,,,4215,< 100 mil aptos,interior
PI,12050,2210300.0,SÃO JULIÃO,False,17,17,0,4087,4087,0,0.6997797895767066,,,,,5260,< 100 mil aptos,interior
PI,12068,2210631.0,SEBASTIÃO LEAL,False,16,16,0,3328,3328,0,0.6631610576923077,,,,,3885,< 100 mil aptos,interior
PI,12076,2210409.0,SÃO MIGUEL DO TAPUIO,False,58,58,0,11152,11152,0,0.8611908177905309,,,,,15628,< 100 mil aptos,interior
PI,12084,2200459.0,ALVORADA DO GURGUÉIA,False,16,16,0,3454,3454,0,0.8173132599884192,,,,,4386,< 100 mil aptos,interior
PI,12092,2210508.0,SÃO PEDRO DO PIAUÍ,False,41,0,41,8622,0,8622,,0.779053583855254,,,,10976,< 100 mil aptos,interior
PI,12106,2201051.0,ASSUNÇÃO DO PIAUÍ,False,28,28,0,4989,4989,0,0.8937662858288234,,,,,7061,< 100 mil aptos,interior
PI,12114,2210607.0,SÃO RAIMUNDO NONATO,False,85,85,0,20852,20852,0,0.8485037406483791,,,,,25000,< 100 mil aptos,interior
PI,12122,2201739.0,BETÂNIA DO PIAUÍ,False,19,19,0,4332,4332,0,0.9129732225300092,,,,,5316,< 100 mil aptos,interior
PI,12130,2210706.0,SIMÕES,False,36,36,0,9009,9009,0,0.8568098568098568,,,,,11507,< 100 mil aptos,interior
PI,12149,2201945.0,BOQUEIRÃO DO PIAUÍ,False,18,0,18,4007,0,4007,,0.8667332168704767,,,,5471,< 100 mil aptos,interior
PI,12157,2210805.0,SIMPLÍCIO MENDES,False,39,39,0,7673,7673,0,0.8382640427472957,,,,,9481,< 100 mil aptos,interior
PI,12165,2202554.0,CARIDADE DO PIAUÍ,False,17,17,0,3516,3516,0,0.8910693970420933,,,,,4715,< 100 mil aptos,interior
PI,12173,2210904.0,SOCORRO DO PIAUÍ,False,15,15,0,2978,2978,0,0.8277367360644728,,,,,4171,< 100 mil aptos,interior
PI,12181,2203271.0,CURRAL NOVO DO PIAUÍ,False,16,16,0,3684,3684,0,0.9207383279044516,,,,,4549,< 100 mil aptos,interior
PI,12190,2211001.0,TERESINA,False,1678,0,1678,478476,0,478476,,0.6644387597288056,,,,589580,≥ 100 mil aptos,capital
PI,12203,2205524.0,JÚLIO BORGES,False,18,18,0,3458,3458,0,0.8791208791208791,,,,,4556,< 100 mil aptos,interior
PI,12211,2211100.0,UNIÃO,False,138,0,138,28662,0,28662,,0.7879073337520062,,,,35685,< 100 mil aptos,interior
PI,12220,2205599.0,LAGOA DO SÍTIO,False,17,17,0,3505,3505,0,0.859058487874465,,,,,4496,< 100 mil aptos,interior
PI,12238,2211209.0,URUÇUÍ,False,64,64,0,13915,13915,0,0.6968738771110312,,,,,17442,< 100 mil aptos,interior
PI,12246,2206357.0,MILTON BRANDÃO,False,27,0,27,4909,0,4909,,0.6822163373395803,,,,6706,< 100 mil aptos,interior
PI,12254,2211308.0,VALENÇA DO PIAUÍ,False,59,59,0,12903,12903,0,0.7937688909555918,,,,,16239,< 100 mil aptos,interior
PI,12262,2207355.0,PAJEÚ DO PIAUÍ,False,13,13,0,2526,2526,0,0.8456057007125891,,,,,3401,< 100 mil aptos,interior
PI,12270,2211407.0,VÁRZEA GRANDE,False,18,18,0,2819,2819,0,0.822632139056403,,,,,3933,< 100 mil aptos,interior
PI,12289,2207850.0,PAVUSSU,False,14,14,0,2816,2816,0,0.8998579545454546,,,,,3784,< 100 mil aptos,interior
PI,12297,2203354.0,DIRCEU ARCOVERDE,False,21,21,0,4704,4704,0,0.9017857142857143,,,,,5957,< 100 mil aptos,interior
PI,12300,2208858.0,RIACHO FRIO,False,16,16,0,3172,3172,0,0.89281210592686,,,,,4047,< 100 mil aptos,interior
PI,12319,2200251.0,ALAGOINHA DO PIAUÍ,False,23,23,0,4841,4841,0,0.7756661846725883,,,,,5904,< 100 mil aptos,interior
PI,12327,2200053.0,ACAUÃ,False,25,25,0,5229,5229,0,0.8976859820233314,,,,,6077,< 100 mil aptos,interior
PI,12335,2201572.0,BELÉM DO PIAUÍ,False,11,11,0,2441,2441,0,0.8447357640311348,,,,,2960,< 100 mil aptos,interior
PI,12343,2202075.0,CAJAZEIRAS DO PIAUÍ,False,17,17,0,2571,2571,0,0.8568650330610658,,,,,3464,< 100 mil aptos,interior
PI,12351,2202117.0,CAMPO ALEGRE DO FIDALGO,False,17,17,0,3562,3562,0,0.8972487366647951,,,,,4333,< 100 mil aptos,interior
PI,12360,2202711.0,COCAL DE TELHA,False,15,0,15,3357,0,3357,,0.8790586833482276,,,,4513,< 100 mil aptos,interior
PI,12378,2204154.0,FRANCISCO MACEDO,False,11,11,0,2142,2142,0,0.8496732026143791,,,,,2687,< 100 mil aptos,interior
PI,12386,2205359.0,JOÃO COSTA,False,13,13,0,2675,2675,0,0.8639252336448598,,,,,3296,< 100 mil aptos,interior
PI,12394,2205276.0,JATOBÁ DO PIAUÍ,False,23,0,23,5027,0,5027,,0.8541873881042371,,,,6182,< 100 mil aptos,interior
PI,12408,2205458.0,JOCA MARQUES,False,18,18,0,3665,3665,0,0.8136425648021828,,,,,4855,< 100 mil aptos,interior
PI,12416,2205516.0,JUAZEIRO DO PIAUÍ,False,25,25,0,4179,4179,0,0.8183776022972002,,,,,5384,< 100 mil aptos,interior
PI,12424,2205581.0,LAGOA DO PIAUÍ,False,14,0,14,3609,0,3609,,0.7966195622055972,,,,4384,< 100 mil aptos,interior
PI,12432,2205540.0,LAGOINHA DO PIAUÍ,False,13,0,13,2381,0,2381,,0.8231835363292734,,,,3120,< 100 mil aptos,interior
PI,12440,2205854.0,MADEIRO,False,23,23,0,4572,4572,0,0.8307086614173228,,,,,6425,< 100 mil aptos,interior
PI,12459,2206670.0,MORRO DO CHAPÉU DO PIAUÍ,False,22,22,0,4013,4013,0,0.8233241963618241,,,,,5493,< 100 mil aptos,interior
PI,12467,2206050.0,MASSAPÊ DO PIAUÍ,False,23,23,0,4522,4522,0,0.9082264484741265,,,,,5898,< 100 mil aptos,interior
PI,12475,2206696.0,MURICI DOS PORTELAS,False,22,22,0,4424,4424,0,0.8187160940325497,,,,,5798,< 100 mil aptos,interior
PI,12483,2207108.0,OLHO D'ÁGUA DO PIAUÍ,False,10,0,10,1812,0,1812,,0.8178807947019867,,,,2347,< 100 mil aptos,interior
PI,12491,2207934.0,PEDRO LAURENTINO,False,9,9,0,2197,2197,0,0.7023213472917615,,,,,2705,< 100 mil aptos,interior
PI,12505,2209658.0,SÃO FRANCISCO DE ASSIS DO PIAUÍ,False,19,19,0,3743,3743,0,0.7745124231899546,,,,,4500,< 100 mil aptos,interior
PI,12513,2210938.0,SUSSUAPARA,False,21,21,0,5221,5221,0,0.8423673625742195,,,,,6298,< 100 mil aptos,interior
PI,12521,2210979.0,TANQUE DO PIAUÍ,False,9,9,0,1850,1850,0,0.8237837837837838,,,,,2418,< 100 mil aptos,interior
PI,12530,2210953.0,TAMBORIL DO PIAUÍ,False,9,9,0,2069,2069,0,0.8554857419043016,,,,,2637,< 100 mil aptos,interior
PI,12548,2211605.0,VILA NOVA DO PIAUÍ,False,10,10,0,2263,2263,0,0.8170570039770216,,,,,2807,< 100 mil aptos,interior
PI,12556,2211506.0,VERA MENDES,False,13,13,0,2612,2612,0,0.8828483920367535,,,,,3330,< 100 mil aptos,interior
PI,12564,2211704.0,WALL FERRAZ,False,15,15,0,3251,3251,0,0.7923715779760074,,,,,3947,< 100 mil aptos,interior
PI,12572,2202083.0,CAJUEIRO DA PRAIA,False,28,28,0,5513,5513,0,0.8013785597678215,,,,,6809,< 100 mil aptos,interior
PI,12580,2203255.0,CURRALINHOS,False,18,0,18,3867,0,3867,,0.8647530385311611,,,,4804,< 100 mil aptos,interior
PI,12599,2208551.0,PORTO ALEGRE DO PIAUÍ,False,7,7,0,1516,1516,0,0.7941952506596306,,,,,2016,< 100 mil aptos,interior
PI,12602,2208874.0,RIBEIRA DO PIAUÍ,False,15,15,0,2702,2702,0,0.8678756476683938,,,,,3499,< 100 mil aptos,interior
PI,12610,2209757.0,SÃO GONÇALO DO GURGUÉIA,False,11,11,0,1974,1974,0,0.8171225937183384,,,,,2567,< 100 mil aptos,interior
PI,12629,2210375.0,SÃO LUIS DO PIAUÍ,False,9,9,0,2206,2206,0,0.8300090661831369,,,,,2659,< 100 mil aptos,interior
PI,12637,2203859.0,FLORESTA DO PIAUÍ,False,10,10,0,1863,1863,0,0.8776167471819646,,,,,2622,< 100 mil aptos,interior
PI,12653,2209450.0,SANTO ANTÔNIO DOS MILAGRES,False,7,0,7,1467,0,1467,,0.8336741649625086,,,,1892,< 100 mil aptos,interior
PI,12661,2210383.0,SÃO MIGUEL DA BAIXA GRANDE,False,8,8,0,1901,1901,0,0.7974750131509731,,,,,2481,< 100 mil aptos,interior
PI,12670,2202539.0,CARAÚBAS DO PIAUÍ,False,18,18,0,3908,3908,0,0.7768679631525077,,,,,4979,< 100 mil aptos,interior
PI,12688,2202653.0,CAXINGÓ,False,21,21,0,4269,4269,0,0.8528929491684235,,,,,5445,< 100 mil aptos,interior
PI,12696,2202729.0,COCAL DOS ALVES,False,21,21,0,4309,4309,0,0.90786725458343,,,,,5403,< 100 mil aptos,interior
PI,12700,2210391.0,SÃO MIGUEL DO FIDALGO,False,12,12,0,2104,2104,0,0.9077946768060836,,,,,2910,< 100 mil aptos,interior
PI,12718,2207793.0,PAU D'ARCO DO PIAUÍ,False,19,0,19,3931,0,3931,,0.8488934113457136,,,,4864,< 100 mil aptos,interior
PI,12726,2206720.0,NAZÁRIA,False,38,38,0,8834,8834,0,0.8100520715417704,,,,,11209,< 100 mil aptos,interior
PI,12734,2200954.0,AROEIRAS DO ITAIM,False,14,14,0,3187,3187,0,0.8321305302792595,,,,,3679,< 100 mil aptos,interior
PR,74004,4108551.0,GODOY MOREIRA,False,11,11,0,2070,2070,0,0.6043478260869565,,,,,2734,< 100 mil aptos,interior
PR,74012,4100103.0,ABATIÁ,False,16,16,0,4546,4546,0,0.4269687637483502,,,,,5942,< 100 mil aptos,interior
PR,74020,4109757.0,IBEMA,False,20,20,0,3883,3883,0,0.49755343806335306,,,,,5186,< 100 mil aptos,interior
PR,74039,4100202.0,ADRIANÓPOLIS,True,22,1,21,4005,269,3736,0.6617100371747212,0.6129550321199143,4.87550050548069,1.235126445606795,0.21117334994565978,5449,< 100 mil aptos,interior
PR,74047,4113452.0,LINDOESTE,False,15,15,0,3937,3937,0,0.5636271272542545,,,,,4973,< 100 mil aptos,interior
PR,74055,4100301.0,AGUDOS DO SUL,False,24,0,24,6394,0,6394,,0.366437284954645,,,,8005,< 100 mil aptos,interior
PR,74063,4117453.0,OURO VERDE DO OESTE,False,14,14,0,3959,3959,0,0.37105329628694117,,,,,4938,< 100 mil aptos,interior
PR,74071,4100400.0,ALMIRANTE TAMANDARÉ,False,194,0,194,58038,0,58038,,0.42220614080430063,,,,75146,< 100 mil aptos,interior
PR,74080,4124020.0,SANTA TEREZA DO OESTE,False,28,28,0,7438,7438,0,0.39916644259209466,,,,,9420,< 100 mil aptos,interior
PR,74098,4100608.0,ALTO PARANÁ,False,31,31,0,8314,8314,0,0.44876112581188354,,,,,10840,< 100 mil aptos,interior
PR,74101,4101051.0,ANAHY,False,8,8,0,2198,2198,0,0.5059144676979072,,,,,2697,< 100 mil aptos,interior
PR,74110,4100707.0,ALTO PIQUIRI,False,21,21,0,5693,5693,0,0.5148427893904796,,,,,7402,< 100 mil aptos,interior
PR,74128,4101150.0,ÂNGULO,False,8,8,0,2166,2166,0,0.3365650969529086,,,,,2642,< 100 mil aptos,interior
PR,74136,4100806.0,ALVORADA DO SUL,False,25,25,0,5590,5590,0,0.39409660107334527,,,,,7036,< 100 mil aptos,interior
PR,74144,4103024.0,BOA ESPERANÇA DO IGUAÇU,False,8,8,0,1922,1922,0,0.6248699271592092,,,,,2274,< 100 mil aptos,interior
PR,74152,4100905.0,AMAPORÃ,False,13,13,0,3175,3175,0,0.5105511811023622,,,,,3953,< 100 mil aptos,interior
PR,74160,4103222.0,BOM SUCESSO DO SUL,False,11,11,0,2459,2459,0,0.3664091093940626,,,,,2990,< 100 mil aptos,interior
PR,74179,4101002.0,AMPÉRE,False,47,47,0,12095,12095,0,0.5608929309632079,,,,,14919,< 100 mil aptos,interior
PR,74187,4103370.0,BRASILÂNDIA DO SUL,False,9,9,0,2480,2480,0,0.542741935483871,,,,,3080,< 100 mil aptos,interior
PR,74195,4101101.0,ANDIRÁ,False,55,55,0,12537,12537,0,0.41006620403605326,,,,,16525,< 100 mil aptos,interior
PR,74209,4103479.0,CAFEZAL DO SUL,False,12,12,0,3208,3208,0,0.3809226932668329,,,,,4061,< 100 mil aptos,interior
PR,74217,4101200.0,ANTONINA,False,50,0,50,11618,0,11618,,0.34618695128249266,,,,15462,< 100 mil aptos,interior
PR,74225,4104428.0,CANDÓI,False,40,40,0,9169,9169,0,0.5508779583378777,,,,,11621,< 100 mil aptos,interior
PR,74233,4101309.0,ANTONIO OLINTO,False,21,0,21,5294,0,5294,,0.4769550434454099,,,,6659,< 100 mil aptos,interior
PR,74241,4106571.0,CRUZEIRO DO IGUAÇU,False,13,13,0,2866,2866,0,0.5383810188415911,,,,,3617,< 100 mil aptos,interior
PR,74250,4101408.0,APUCARANA,False,281,281,0,73508,73508,0,0.294036023289982,,,,,94482,< 100 mil aptos,interior
PR,74268,4107124.0,DIAMANTE DO SUL,False,9,9,0,2359,2359,0,0.5006358626536668,,,,,3240,< 100 mil aptos,interior
PR,74276,4101507.0,ARAPONGAS,False,239,239,0,66257,66257,0,0.23926528517741522,,,,,82608,< 100 mil aptos,interior
PR,74284,4107538.0,ENTRE RIOS DO OESTE,False,14,14,0,3008,3008,0,0.2553191489361702,,,,,3593,< 100 mil aptos,interior
PR,74292,4101606.0,ARAPOTI,False,64,0,64,14854,0,14854,,0.3258381580718998,,,,19326,< 100 mil aptos,interior
PR,74306,4107553.0,FAROL,False,10,10,0,2230,2230,0,0.484304932735426,,,,,2747,< 100 mil aptos,interior
PR,74314,4101705.0,ARARUNA,False,34,34,0,8795,8795,0,0.4028425241614554,,,,,11237,< 100 mil aptos,interior
PR,74322,4107652.0,FAZENDA RIO GRANDE,False,226,0,226,63624,0,63624,,0.39845027033823716,,,,83573,< 100 mil aptos,interior
PR,74330,4114906.0,MARILÂNDIA DO SUL,False,27,27,0,5607,5607,0,0.3493846976993044,,,,,7238,< 100 mil aptos,interior
PR,74349,4107850.0,FLOR DA SERRA DO SUL,False,17,17,0,3647,3647,0,0.5302988757883191,,,,,4476,< 100 mil aptos,interior
PR,74357,4101804.0,ARAUCÁRIA,False,316,0,316,82982,0,82982,,0.45008556072401246,,,,105010,≥ 100 mil aptos,interior
PR,74365,4109658.0,HONÓRIO SERPA,False,14,14,0,3470,3470,0,0.5861671469740634,,,,,4285,< 100 mil aptos,interior
PR,74373,4101903.0,ASSAÍ,False,43,43,0,9572,9572,0,0.295653990806519,,,,,12512,< 100 mil aptos,interior
PR,74381,4110052.0,IGUATU,False,8,8,0,1638,1638,0,0.5268620268620269,,,,,2005,< 100 mil aptos,interior
PR,74390,4102109.0,ASTORGA,False,62,62,0,16157,16157,0,0.2735037445070248,,,,,20834,< 100 mil aptos,interior
PR,74403,4110656.0,IRACEMA DO OESTE,False,9,9,0,1868,1868,0,0.49036402569593146,,,,,2385,< 100 mil aptos,interior
PR,74411,4102208.0,ATALAIA,False,12,12,0,2911,2911,0,0.4008931638612161,,,,,3561,< 100 mil aptos,interior
PR,74420,4117297.0,NOVO ITACOLOMI,False,8,8,0,2313,2313,0,0.3778642455685257,,,,,2795,< 100 mil aptos,interior
PR,74438,4102307.0,BALSA NOVA,False,37,0,37,9322,0,9322,,0.3741686333404849,,,,11584,< 100 mil aptos,interior
PR,74446,4111258.0,ITAPERUÇU,False,55,0,55,17041,0,17041,,0.6051288069948947,,,,20193,< 100 mil aptos,interior
PR,74454,4102406.0,BANDEIRANTES,False,81,81,0,19312,19312,0,0.28868061309030657,,,,,25032,< 100 mil aptos,interior
PR,74462,4111555.0,IVATÉ,False,18,18,0,4465,4465,0,0.4564389697648376,,,,,5698,< 100 mil aptos,interior
PR,74470,4102505.0,BARBOSA FERRAZ,False,35,35,0,6580,6580,0,0.45303951367781153,,,,,8876,< 100 mil aptos,interior
PR,74489,4113429.0,LIDIANÓPOLIS,False,12,12,0,2679,2679,0,0.3882045539380366,,,,,3526,< 100 mil aptos,interior
PR,74497,4102604.0,BARRACÃO,False,28,28,0,6019,6019,0,0.45007476324970924,,,,,7537,< 100 mil aptos,interior
PR,74500,4115358.0,MARIPÁ,False,16,16,0,4271,4271,0,0.18660735190821823,,,,,5101,< 100 mil aptos,interior
PR,74519,4102703.0,BARRA DO JACARÉ,False,9,9,0,2091,2091,0,0.4811095169775227,,,,,2621,< 100 mil aptos,interior
PR,74527,4115739.0,MATO RICO,False,16,16,0,2568,2568,0,0.625,,,,,3278,< 100 mil aptos,interior
PR,74535,4102802.0,BELA VISTA DO PARAÍSO,False,43,43,0,9757,9757,0,0.3751153018345803,,,,,12527,< 100 mil aptos,interior
PR,74543,4115754.0,MAUÁ DA SERRA,False,23,23,0,5665,5665,0,0.40458958517210947,,,,,7337,< 100 mil aptos,interior
PR,74551,4102901.0,BITURUNA,False,42,42,0,9672,9672,0,0.55479735318445,,,,,12089,< 100 mil aptos,interior
PR,74560,4115853.0,MERCEDES,False,16,16,0,4052,4052,0,0.17620927936821323,,,,,4782,< 100 mil aptos,interior
PR,74578,4103008.0,BOA ESPERANÇA,False,11,11,0,3115,3115,0,0.28186195826645266,,,,,3825,< 100 mil aptos,interior
PR,74586,4117057.0,NOVA LARANJEIRAS,False,25,25,0,6426,6426,0,0.5821661998132587,,,,,7993,< 100 mil aptos,interior
PR,74594,4103107.0,BOCAIÚVA DO SUL,False,30,0,30,7431,0,7431,,0.4229578791548917,,,,9711,< 100 mil aptos,interior
PR,74608,4117214.0,NOVA SANTA BÁRBARA,False,12,12,0,2715,2715,0,0.534438305709024,,,,,3600,< 100 mil aptos,interior
PR,74616,4103206.0,BOM SUCESSO,False,18,18,0,4155,4155,0,0.5412755716004813,,,,,5246,< 100 mil aptos,interior
PR,74624,4118451.0,PATO BRAGADO,False,14,14,0,3680,3680,0,0.22418478260869565,,,,,4436,< 100 mil aptos,interior
PR,74632,4103305.0,BORRAZÓPOLIS,False,27,27,0,5136,5136,0,0.4061526479750779,,,,,6641,< 100 mil aptos,interior
PR,74640,4119251.0,PINHAL DE SÃO BENTO,False,8,8,0,1920,1920,0,0.7177083333333333,,,,,2212,< 100 mil aptos,interior
PR,74659,4103404.0,CAFEARA,False,7,7,0,1819,1819,0,0.5618471687740517,,,,,2181,< 100 mil aptos,interior
PR,74667,4119657.0,PITANGUEIRAS,False,7,7,0,2062,2062,0,0.36372453928225024,,,,,2600,< 100 mil aptos,interior
PR,74675,4103503.0,CALIFÓRNIA,False,25,25,0,5582,5582,0,0.33321390182730204,,,,,6870,< 100 mil aptos,interior
PR,74683,4120853.0,QUATRO PONTES,False,12,12,0,3274,3274,0,0.14783139890042762,,,,,3799,< 100 mil aptos,interior
PR,74691,4103602.0,CAMBARÁ,False,55,55,0,13821,13821,0,0.3821720570146878,,,,,18107,< 100 mil aptos,interior
PR,74705,4121257.0,RAMILÂNDIA,False,10,10,0,2693,2693,0,0.532120311919792,,,,,3597,< 100 mil aptos,interior
PR,74713,4103701.0,CAMBÉ,False,208,208,0,58535,58535,0,0.3077816690868711,,,,,74085,< 100 mil aptos,interior
PR,74721,4121356.0,RANCHO ALEGRE D'OESTE,False,10,10,0,1894,1894,0,0.4424498416050686,,,,,2419,< 100 mil aptos,interior
PR,74730,4103800.0,CAMBIRA,False,17,17,0,5047,5047,0,0.3564493758668516,,,,,6148,< 100 mil aptos,interior
PR,74748,4122156.0,RIO BONITO DO IGUAÇU,False,37,37,0,8568,8568,0,0.6849906629318394,,,,,11038,< 100 mil aptos,interior
PR,74756,4103909.0,CAMPINA DA LAGOA,False,40,40,0,9328,9328,0,0.4183104631217839,,,,,12298,< 100 mil aptos,interior
PR,74764,4123824.0,SANTA LÚCIA,False,13,13,0,2577,2577,0,0.4454792394256888,,,,,3306,< 100 mil aptos,interior
PR,74772,4104006.0,CAMPINA GRANDE DO SUL,False,93,0,93,26496,0,26496,,0.3747735507246377,,,,33379,< 100 mil aptos,interior
PR,74780,4104055.0,CAMPO BONITO,False,12,12,0,2896,2896,0,0.5262430939226519,,,,,3618,< 100 mil aptos,interior
PR,74799,4104105.0,CAMPO DO TENENTE,False,18,0,18,4952,0,4952,,0.3729806138933764,,,,6101,< 100 mil aptos,interior
PR,74802,4123857.0,SANTA MARIA DO OESTE,False,33,33,0,6358,6358,0,0.5953129915067631,,,,,8787,< 100 mil aptos,interior
PR,74810,4104204.0,CAMPO LARGO,False,268,0,268,72563,0,72563,,0.34888303956561884,,,,91183,< 100 mil aptos,interior
PR,74829,4123956.0,SANTA MÔNICA,False,8,8,0,2158,2158,0,0.5500463392029658,,,,,2710,< 100 mil aptos,interior
PR,74837,4104303.0,CAMPO MOURÃO,False,207,207,0,54884,54884,0,0.3832628817141608,,,,,68927,< 100 mil aptos,interior
PR,74845,4125555.0,SÃO MANOEL DO PARANÁ,False,7,7,0,1602,1602,0,0.37890137328339574,,,,,1970,< 100 mil aptos,interior
PR,74853,4104402.0,CÂNDIDO DE ABREU,False,47,0,47,8874,0,8874,,0.45729096236195627,,,,11638,< 100 mil aptos,interior
PR,74861,4125753.0,SÃO PEDRO DO IGUAÇU,False,18,18,0,3982,3982,0,0.4203917629331994,,,,,5042,< 100 mil aptos,interior
PR,74870,4104501.0,CAPANEMA,False,52,52,0,12353,12353,0,0.4768882052942605,,,,,15853,< 100 mil aptos,interior
PR,74888,4127882.0,TUNAS DO PARANÁ,False,16,0,16,4051,0,4051,,0.4793878054801284,,,,5266,< 100 mil aptos,interior
PR,74896,4104600.0,CAPITÃO LEÔNIDAS MARQUES,False,35,35,0,9311,9311,0,0.4548383632262915,,,,,12365,< 100 mil aptos,interior
PR,74900,4128534.0,VENTANIA,False,22,0,22,5921,0,5921,,0.536058098294207,,,,7286,< 100 mil aptos,interior
PR,74918,4104709.0,CARLÓPOLIS,False,37,37,0,9044,9044,0,0.38865546218487396,,,,,11902,< 100 mil aptos,interior
PR,74926,4128625.0,ALTO PARAÍSO,False,11,11,0,2201,2201,0,0.4125397546569741,,,,,2991,< 100 mil aptos,interior
PR,74934,4104808.0,CASCAVEL,False,660,660,0,187441,187441,0,0.33103216478785324,,,,,234353,≥ 100 mil aptos,interior
PR,74942,4128633.0,DOUTOR ULYSSES,False,16,0,16,3890,0,3890,,0.5709511568123393,,,,4873,< 100 mil aptos,interior
PR,74950,4104907.0,CASTRO,False,177,0,177,43328,0,43328,,0.35577455686853765,,,,54399,< 100 mil aptos,interior
PR,74969,4128658.0,VIRMOND,False,12,12,0,2822,2822,0,0.4635010630758327,,,,,3492,< 100 mil aptos,interior
PR,74977,4105003.0,CATANDUVAS,False,27,27,0,5446,5446,0,0.4282041865589423,,,,,7434,< 100 mil aptos,interior
PR,74985,4113254.0,LARANJAL,False,17,17,0,3513,3513,0,0.6621121548534017,,,,,4639,< 100 mil aptos,interior
PR,74993,4105102.0,CENTENÁRIO DO SUL,False,32,32,0,6694,6694,0,0.5748431431132357,,,,,8624,< 100 mil aptos,interior
PR,75000,4110953.0,ITAIPULÂNDIA,False,29,29,0,7605,7605,0,0.3789612097304405,,,,,9318,< 100 mil aptos,interior
PR,75019,4105201.0,CERRO AZUL,False,46,0,46,10262,0,10262,,0.5641200545702592,,,,13221,< 100 mil aptos,interior
PR,75027,4116950.0,NOVA ESPERANÇA DO SUDOESTE,False,16,16,0,3914,3914,0,0.5822687787429739,,,,,4657,< 100 mil aptos,interior
PR,75035,4105409.0,CHOPINZINHO,False,52,52,0,13368,13368,0,0.42227707959305805,,,,,16654,< 100 mil aptos,interior
PR,75043,4119152.0,PINHAIS,False,257,0,257,74614,0,74614,,0.3742595223416517,,,,94857,< 100 mil aptos,interior
PR,75051,4105508.0,CIANORTE,False,183,183,0,45364,45364,0,0.2755048055727008,,,,,57804,< 100 mil aptos,interior
PR,75060,4126272.0,SAUDADE DO IGUAÇU,False,16,16,0,4161,4161,0,0.5609228550829127,,,,,5237,< 100 mil aptos,interior
PR,75078,4105607.0,CIDADE GAÚCHA,False,32,32,0,6927,6927,0,0.44348202685145083,,,,,9289,< 100 mil aptos,interior
PR,75086,4101853.0,ARIRANHA DO IVAÍ,False,7,7,0,1855,1855,0,0.5757412398921833,,,,,2326,< 100 mil aptos,interior
PR,75094,4105706.0,CLEVELÂNDIA,False,48,48,0,10085,10085,0,0.4905304908279623,,,,,13106,< 100 mil aptos,interior
PR,75108,4101655.0,ARAPUÃ,False,13,13,0,2566,2566,0,0.5237724084177708,,,,,3209,< 100 mil aptos,interior
PR,75116,4114401.0,MANGUEIRINHA,False,44,44,0,10734,10734,0,0.5220793739519285,,,,,13447,< 100 mil aptos,interior
PR,75124,4102752.0,BELA VISTA DA CAROBA,False,9,9,0,2451,2451,0,0.5887392900856793,,,,,2959,< 100 mil aptos,interior
PR,75132,4105805.0,COLOMBO,False,453,0,453,123372,0,123372,,0.3883620270401712,,,,156183,≥ 100 mil aptos,interior
PR,75140,4103040.0,BOA VENTURA DE SÃO ROQUE,False,20,20,0,4065,4065,0,0.6078720787207872,,,,,5042,< 100 mil aptos,interior
PR,75159,4105904.0,COLORADO,False,58,58,0,14554,14554,0,0.4620722825340113,,,,,19293,< 100 mil aptos,interior
PR,75167,4103156.0,BOM JESUS DO SUL,False,17,17,0,2914,2914,0,0.5329444063143446,,,,,3492,< 100 mil aptos,interior
PR,75175,4106001.0,CONGONHINHAS,False,21,21,0,5020,5020,0,0.5892430278884462,,,,,6576,< 100 mil aptos,interior
PR,75183,4103958.0,CAMPINA DO SIMÃO,False,11,11,0,2765,2765,0,0.6361663652802894,,,,,3644,< 100 mil aptos,interior
PR,75191,4106100.0,CONSELHEIRO MAIRINCK,False,9,0,9,2326,0,2326,,0.4858125537403267,,,,2980,< 100 mil aptos,interior
PR,75205,4104253.0,CAMPO MAGRO,False,54,0,54,16062,0,16062,,0.41781845349271574,,,,20093,< 100 mil aptos,interior
PR,75213,4106209.0,CONTENDA,False,36,0,36,10484,0,10484,,0.4232163296451736,,,,12822,< 100 mil aptos,interior
PR,75221,4104659.0,CARAMBEÍ,False,46,0,46,13398,0,13398,,0.2793700552321242,,,,16435,< 100 mil aptos,interior
PR,75230,4106308.0,CORBÉLIA,False,43,43,0,11329,11329,0,0.333921793626975,,,,,14338,< 100 mil aptos,interior
PR,75248,4106456.0,CORONEL DOMINGOS SOARES,False,17,17,0,3905,3905,0,0.6087067861715749,,,,,5081,< 100 mil aptos,interior
PR,75256,4106407.0,CORNÉLIO PROCÓPIO,False,112,112,0,27941,27941,0,0.35872016033785475,,,,,35493,< 100 mil aptos,interior
PR,75264,4106852.0,CRUZMALTINA,False,11,11,0,2115,2115,0,0.4099290780141844,,,,,2832,< 100 mil aptos,interior
PR,75272,4106506.0,CORONEL VIVIDA,False,55,55,0,14157,14157,0,0.47524192978738433,,,,,17413,< 100 mil aptos,interior
PR,75280,4106555.0,CORUMBATAÍ DO SUL,False,12,12,0,2735,2735,0,0.5224862888482632,,,,,3583,< 100 mil aptos,interior
PR,75299,4106605.0,CRUZEIRO DO OESTE,False,56,56,0,13018,13018,0,0.3704870179751114,,,,,17309,< 100 mil aptos,interior
PR,75302,4107520.0,ESPERANÇA NOVA,False,7,7,0,1587,1587,0,0.3207309388783869,,,,,2039,< 100 mil aptos,interior
PR,75310,4106704.0,CRUZEIRO DO SUL,False,12,12,0,3187,3187,0,0.5779730153749608,,,,,3998,< 100 mil aptos,interior
PR,75329,4107546.0,ESPIGÃO ALTO DO IGUAÇU,False,15,15,0,3241,3241,0,0.39925948781240356,,,,,4375,< 100 mil aptos,interior
PR,75337,4106803.0,CRUZ MACHADO,False,49,49,0,10817,10817,0,0.4153647037071277,,,,,13616,< 100 mil aptos,interior
PR,75345,4107736.0,FERNANDES PINHEIRO,False,19,0,19,4387,0,4387,,0.47230453612947343,,,,5351,< 100 mil aptos,interior
PR,75353,4106902.0,CURITIBA,False,4001,0,4001,1111997,0,1111997,,0.3522266696762671,,,,1416681,≥ 100 mil aptos,capital
PR,75361,4108452.0,FOZ DO JORDÃO,False,15,15,0,3229,3229,0,0.6376587178693094,,,,,4366,< 100 mil aptos,interior
PR,75370,4107009.0,CURIÚVA,False,33,33,0,8018,8018,0,0.456472935894238,,,,,10792,< 100 mil aptos,interior
PR,75388,4108650.0,GOIOXIM,False,19,19,0,4110,4110,0,0.6411192214111923,,,,,5326,< 100 mil aptos,interior
PR,75396,4107108.0,DIAMANTE DO NORTE,False,19,19,0,3425,3425,0,0.42394160583941604,,,,,4557,< 100 mil aptos,interior
PR,75400,4107157.0,DIAMANTE D'OESTE,False,15,15,0,2955,2955,0,0.5922165820642978,,,,,3806,< 100 mil aptos,interior
PR,75418,4107207.0,DOIS VIZINHOS,False,96,96,0,26441,26441,0,0.47675957792821755,,,,,32628,< 100 mil aptos,interior
PR,75426,4108957.0,GUAMIRANGA,False,21,0,21,5450,0,5450,,0.39431192660550457,,,,6469,< 100 mil aptos,interior
PR,75434,4107306.0,DOUTOR CAMARGO,False,17,17,0,4076,4076,0,0.33783120706575076,,,,,5110,< 100 mil aptos,interior
PR,75442,4110078.0,IMBAÚ,False,27,0,27,6690,0,6690,,0.514050822122571,,,,8337,< 100 mil aptos,interior
PR,75450,4107405.0,ENÉAS MARQUES,False,16,16,0,4404,4404,0,0.5647138964577657,,,,,5434,< 100 mil aptos,interior
PR,75469,4114351.0,MANFRINÓPOLIS,False,11,11,0,2347,2347,0,0.6685129953131658,,,,,2967,< 100 mil aptos,interior
PR,75477,4107504.0,ENGENHEIRO BELTRÃO,False,32,32,0,8221,8221,0,0.38888213112760006,,,,,10827,< 100 mil aptos,interior
PR,75485,4115457.0,MARQUINHO,False,14,14,0,2989,2989,0,0.5741050518568083,,,,,3728,< 100 mil aptos,interior
PR,75493,4107603.0,FAXINAL,False,45,45,0,9503,9503,0,0.29338103756708406,,,,,12655,< 100 mil aptos,interior
PR,75507,4118857.0,PEROBAL,False,15,15,0,4272,4272,0,0.3419943820224719,,,,,5372,< 100 mil aptos,interior
PR,75515,4107702.0,FÊNIX,False,12,12,0,3037,3037,0,0.5060915377016793,,,,,4083,< 100 mil aptos,interior
PR,75523,4119954.0,PONTAL DO PARANÁ,False,59,0,59,15614,0,15614,,0.41411553733828615,,,,21271,< 100 mil aptos,interior
PR,75531,4107801.0,FLORAÍ,False,15,15,0,3687,3687,0,0.4111743965283428,,,,,4437,< 100 mil aptos,interior
PR,75540,4120150.0,PORTO BARREIRO,False,12,12,0,2494,2494,0,0.5236567762630313,,,,,3107,< 100 mil aptos,interior
PR,75558,4107900.0,FLORESTA,False,19,19,0,5590,5590,0,0.36833631484794277,,,,,6964,< 100 mil aptos,interior
PR,75566,4120333.0,PRADO FERREIRA,False,9,9,0,2548,2548,0,0.4803767660910518,,,,,3142,< 100 mil aptos,interior
PR,75574,4108007.0,FLORESTÓPOLIS,False,34,34,0,7627,7627,0,0.5232725842401993,,,,,9267,< 100 mil aptos,interior
PR,75582,4120655.0,QUARTO CENTENÁRIO,False,12,12,0,2882,2882,0,0.4441360166551006,,,,,3655,< 100 mil aptos,interior
PR,75590,4108106.0,FLÓRIDA,False,9,9,0,1924,1924,0,0.48544698544698545,,,,,2300,< 100 mil aptos,interior
PR,75604,4121752.0,RESERVA DO IGUAÇU,False,19,19,0,4058,4058,0,0.6197634302612124,,,,,5381,< 100 mil aptos,interior
PR,75612,4108205.0,FORMOSA DO OESTE,False,19,19,0,4873,4873,0,0.3511184075518161,,,,,6336,< 100 mil aptos,interior
PR,75620,4122172.0,RIO BRANCO DO IVAÍ,False,12,12,0,2533,2533,0,0.4701934465061192,,,,,3582,< 100 mil aptos,interior
PR,75639,4108304.0,FOZ DO IGUAÇU,False,587,587,0,157494,157494,0,0.3381652634386072,,,,,198699,≥ 100 mil aptos,interior
PR,75647,4126355.0,SERRANÓPOLIS DO IGUAÇU,False,17,17,0,3591,3591,0,0.2787524366471735,,,,,4385,< 100 mil aptos,interior
PR,75655,4108403.0,FRANCISCO BELTRÃO,False,204,204,0,54451,54451,0,0.45975280527446694,,,,,68480,< 100 mil aptos,interior
PR,75663,4126678.0,TAMARANA,False,26,26,0,6287,6287,0,0.3998727533004613,,,,,8370,< 100 mil aptos,interior
PR,75671,4108502.0,GENERAL CARNEIRO,False,32,32,0,6553,6553,0,0.5267816267358462,,,,,8620,< 100 mil aptos,interior
PR,75698,4108601.0,GOIOERÊ,False,72,72,0,17123,17123,0,0.35566197512118203,,,,,22589,< 100 mil aptos,interior
PR,75710,4108809.0,GUAÍRA,False,79,79,0,18123,18123,0,0.3104894333167798,,,,,23470,< 100 mil aptos,interior
PR,75736,4108908.0,GUAIRAÇÁ,False,15,15,0,4054,4054,0,0.41267883571780956,,,,,5140,< 100 mil aptos,interior
PR,75744,4122651.0,ROSÁRIO DO IVAÍ,False,18,18,0,3459,3459,0,0.42526741832899684,,,,,4947,< 100 mil aptos,interior
PR,75752,4109005.0,GUAPIRAMA,False,12,12,0,2942,2942,0,0.46566961250849764,,,,,3731,< 100 mil aptos,interior
PR,75760,4117271.0,NOVA TEBAS,False,22,22,0,4524,4524,0,0.6438992042440318,,,,,5755,< 100 mil aptos,interior
PR,75779,4109104.0,GUAPOREMA,False,6,6,0,1567,1567,0,0.43714103382259095,,,,,1981,< 100 mil aptos,interior
PR,75787,4126652.0,SULINA,False,10,10,0,2336,2336,0,0.5196917808219178,,,,,2813,< 100 mil aptos,interior
PR,75795,4109203.0,GUARACI,False,13,13,0,3438,3438,0,0.37783595113438045,,,,,4217,< 100 mil aptos,interior
PR,75809,4113734.0,LUIZIANA,False,19,19,0,4459,4459,0,0.5075128952679973,,,,,5762,< 100 mil aptos,interior
PR,75817,4109302.0,GUARANIAÇU,False,40,40,0,8657,8657,0,0.3735705209656925,,,,,11226,< 100 mil aptos,interior
PR,75833,4109401.0,GUARAPUAVA,False,402,402,0,105475,105475,0,0.4579189381369993,,,,,132461,≥ 100 mil aptos,interior
PR,75850,4109500.0,GUARAQUEÇABA,False,27,0,27,5036,0,5036,,0.45095313741064336,,,,6933,< 100 mil aptos,interior
PR,75876,4109609.0,GUARATUBA,False,79,0,79,21598,0,21598,,0.31697379386980273,,,,28536,< 100 mil aptos,interior
PR,75892,4109708.0,IBAITI,False,70,0,70,16278,0,16278,,0.39525740262931564,,,,21628,< 100 mil aptos,interior
PR,75914,4109807.0,IBIPORÃ,False,112,112,0,30695,30695,0,0.31389477113536407,,,,,39840,< 100 mil aptos,interior
PR,75930,4109906.0,ICARAÍMA,False,21,21,0,5515,5515,0,0.3550317316409791,,,,,7251,< 100 mil aptos,interior
PR,75957,4110003.0,IGUARAÇU,False,11,11,0,3092,3092,0,0.38001293661060803,,,,,3909,< 100 mil aptos,interior
PR,75973,4110102.0,IMBITUVA,False,71,0,71,18679,0,18679,,0.36693613148455484,,,,23269,< 100 mil aptos,interior
PR,75990,4110201.0,INÁCIO MARTINS,False,31,31,0,6427,6427,0,0.5434884082775789,,,,,8144,< 100 mil aptos,interior
PR,76015,4110300.0,INAJÁ,False,8,8,0,1848,1848,0,0.6006493506493507,,,,,2349,< 100 mil aptos,interior
PR,76031,4110508.0,IPIRANGA,False,38,0,38,9286,0,9286,,0.33986646564721085,,,,11156,< 100 mil aptos,interior
PR,76058,4110607.0,IPORÃ,False,43,43,0,9159,9159,0,0.3509116715798668,,,,,11950,< 100 mil aptos,interior
PR,76074,4110706.0,IRATI,False,150,150,0,36753,36753,0,0.3908524474192583,,,,,45676,< 100 mil aptos,interior
PR,76090,4110805.0,IRETAMA,False,25,25,0,5968,5968,0,0.541387399463807,,,,,7977,< 100 mil aptos,interior
PR,76112,4110904.0,ITAGUAJÉ,False,11,11,0,2712,2712,0,0.532448377581121,,,,,3590,< 100 mil aptos,interior
PR,76139,4111001.0,ITAMBARACÁ,False,15,15,0,3866,3866,0,0.3859286083807553,,,,,5120,< 100 mil aptos,interior
PR,76155,4111100.0,ITAMBÉ,False,18,18,0,4092,4092,0,0.4051808406647116,,,,,5213,< 100 mil aptos,interior
PR,76171,4111209.0,ITAPEJARA D'OESTE,False,27,27,0,7449,7449,0,0.5122835279903343,,,,,9227,< 100 mil aptos,interior
PR,76198,4111308.0,ITAÚNA DO SUL,False,9,9,0,2147,2147,0,0.6273870517000466,,,,,3046,< 100 mil aptos,interior
PR,76210,4111407.0,IVAÍ,False,33,0,33,8621,0,8621,,0.39473378958357497,,,,10271,< 100 mil aptos,interior
PR,76236,4111506.0,IVAIPORÃ,False,82,82,0,19315,19315,0,0.42987315557856587,,,,,25494,< 100 mil aptos,interior
PR,76252,4111605.0,IVATUBA,False,10,10,0,2029,2029,0,0.37604731394775753,,,,,2793,< 100 mil aptos,interior
PR,76279,4111704.0,JABOTI,False,12,0,12,3448,0,3448,,0.410092807424594,,,,4207,< 100 mil aptos,interior
PR,76295,4111803.0,JACAREZINHO,False,97,97,0,23369,23369,0,0.4809362831101031,,,,,29836,< 100 mil aptos,interior
PR,76317,4111902.0,JAGUAPITÃ,False,30,30,0,8164,8164,0,0.3719990200881921,,,,,10577,< 100 mil aptos,interior
PR,76333,4112009.0,JAGUARIAÍVA,False,81,0,81,20389,0,20389,,0.3529354063465594,,,,25636,< 100 mil aptos,interior
PR,76350,4112108.0,JANDAIA DO SUL,False,56,56,0,13261,13261,0,0.3026921046678229,,,,,16365,< 100 mil aptos,interior
PR,76376,4112207.0,JANIÓPOLIS,False,16,16,0,3772,3772,0,0.4931071049840933,,,,,4978,< 100 mil aptos,interior
PR,76392,4112306.0,JAPIRA,False,11,0,11,2941,0,2941,,0.49302958177490647,,,,3723,< 100 mil aptos,interior
PR,76414,4112405.0,JAPURÁ,False,23,23,0,5817,5817,0,0.3025614577961148,,,,,7195,< 100 mil aptos,interior
PR,76430,4112504.0,JARDIM ALEGRE,False,31,31,0,7318,7318,0,0.4625580759770429,,,,,9654,< 100 mil aptos,interior
PR,76457,4112603.0,JARDIM OLINDA,False,5,5,0,1026,1026,0,0.6715399610136452,,,,,1232,< 100 mil aptos,interior
PR,76473,4112702.0,JATAIZINHO,False,28,28,0,7466,7466,0,0.37784623627109565,,,,,9455,< 100 mil aptos,interior
PR,76490,4112801.0,JOAQUIM TÁVORA,False,27,27,0,7227,7227,0,0.38591393385913936,,,,,9229,< 100 mil aptos,interior
PR,76511,4112900.0,JUNDIAÍ DO SUL,False,9,9,0,2040,2040,0,0.5803921568627451,,,,,2675,< 100 mil aptos,interior
PR,76538,4113007.0,JUSSARA,False,17,17,0,4381,4381,0,0.4031043140835426,,,,,5510,< 100 mil aptos,interior
PR,76554,4113106.0,KALORÉ,False,13,13,0,3151,3151,0,0.4189146302761028,,,,,3807,< 100 mil aptos,interior
PR,76570,4113205.0,LAPA,False,111,0,111,29226,0,29226,,0.40874563744610964,,,,36399,< 100 mil aptos,interior
PR,76597,4113304.0,LARANJEIRAS DO SUL,False,82,82,0,19067,19067,0,0.5436093774584361,,,,,24231,< 100 mil aptos,interior
PR,76619,4113403.0,LEÓPOLIS,False,12,12,0,2722,2722,0,0.4985304922850845,,,,,3390,< 100 mil aptos,interior
PR,76635,4113502.0,LOANDA,False,54,54,0,12289,12289,0,0.3473024656196599,,,,,15032,< 100 mil aptos,interior
PR,76651,4113601.0,LOBATO,False,13,13,0,3093,3093,0,0.48367280956999675,,,,,3789,< 100 mil aptos,interior
PR,76678,4113700.0,LONDRINA,False,1138,1138,0,309272,309272,0,0.2713566051889599,,,,,394670,≥ 100 mil aptos,interior
PR,76694,4113809.0,LUPIONÓPOLIS,False,14,14,0,3123,3123,0,0.5440281780339418,,,,,3939,< 100 mil aptos,interior
PR,76716,4113908.0,MALLET,False,36,36,0,8572,8572,0,0.3663089127391507,,,,,10665,< 100 mil aptos,interior
PR,76732,4114005.0,MAMBORÊ,False,38,38,0,8708,8708,0,0.31809830041341297,,,,,10820,< 100 mil aptos,interior
PR,76759,4114104.0,MANDAGUAÇU,False,62,62,0,14748,14748,0,0.3795090859777597,,,,,19467,< 100 mil aptos,interior
PR,76775,4114203.0,MANDAGUARI,False,79,79,0,22102,22102,0,0.33924531716586737,,,,,28078,< 100 mil aptos,interior
PR,76791,4114302.0,MANDIRITUBA,False,58,0,58,14980,0,14980,,0.4130841121495327,,,,18933,< 100 mil aptos,interior
PR,76813,4114500.0,MANOEL RIBAS,False,41,41,0,8700,8700,0,0.34770114942528735,,,,,10593,< 100 mil aptos,interior
PR,76830,4114609.0,MARECHAL CÂNDIDO RONDON,False,136,136,0,32344,32344,0,0.24644447192678703,,,,,41247,< 100 mil aptos,interior
PR,76856,4114708.0,MARIA HELENA,False,14,14,0,3827,3827,0,0.46015155474261826,,,,,4725,< 100 mil aptos,interior
PR,76872,4114807.0,MARIALVA,False,96,96,0,23147,23147,0,0.31744934548753617,,,,,30267,< 100 mil aptos,interior
PR,76899,4115101.0,MARILUZ,False,25,25,0,6210,6210,0,0.4972624798711755,,,,,8161,< 100 mil aptos,interior
PR,76910,4115200.0,MARINGÁ,False,938,938,0,231936,231936,0,0.322869239790287,,,,,295684,≥ 100 mil aptos,interior
PR,76937,4115309.0,MARIÓPOLIS,False,18,18,0,4337,4337,0,0.4053493198063177,,,,,5262,< 100 mil aptos,interior
PR,76953,4115408.0,MARMELEIRO,False,37,37,0,9340,9340,0,0.500321199143469,,,,,11492,< 100 mil aptos,interior
PR,76970,4115507.0,MARUMBI,False,13,13,0,3124,3124,0,0.4881562099871959,,,,,3703,< 100 mil aptos,interior
PR,76996,4115606.0,MATELÂNDIA,False,39,39,0,10692,10692,0,0.22512158623269735,,,,,13892,< 100 mil aptos,interior
PR,77011,4115804.0,MEDIANEIRA,False,122,122,0,29910,29910,0,0.31183550651955866,,,,,38591,< 100 mil aptos,interior
PR,77038,4115903.0,MIRADOR,False,7,7,0,1607,1607,0,0.6291225886745488,,,,,2169,< 100 mil aptos,interior
PR,77054,4116000.0,MIRASELVA,False,7,7,0,1477,1477,0,0.45226811103588355,,,,,1755,< 100 mil aptos,interior
PR,77070,4116109.0,MOREIRA SALES,False,36,36,0,7499,7499,0,0.40325376716895583,,,,,9750,< 100 mil aptos,interior
PR,77097,4116208.0,MORRETES,False,44,0,44,10632,0,10632,,0.40378103837471785,,,,13746,< 100 mil aptos,interior
PR,77119,4116307.0,MUNHOZ DE MELO,False,11,11,0,2730,2730,0,0.4307692307692308,,,,,3369,< 100 mil aptos,interior
PR,77135,4116406.0,NOSSA SENHORA DAS GRAÇAS,False,11,11,0,2489,2489,0,0.5757332261952591,,,,,3062,< 100 mil aptos,interior
PR,77151,4116505.0,NOVA ALIANÇA DO IVAÍ,False,5,5,0,1179,1179,0,0.48261238337574214,,,,,1444,< 100 mil aptos,interior
PR,77178,4116604.0,NOVA AMÉRICA DA COLINA,False,12,12,0,2529,2529,0,0.45630684064847765,,,,,3096,< 100 mil aptos,interior
PR,77194,4116802.0,NOVA CANTU,False,21,21,0,4616,4616,0,0.5717071057192374,,,,,5894,< 100 mil aptos,interior
PR,77216,4116901.0,NOVA ESPERANÇA,False,71,71,0,15798,15798,0,0.35820989998734015,,,,,20992,< 100 mil aptos,interior
PR,77232,4117008.0,NOVA FÁTIMA,False,22,22,0,4650,4650,0,0.4425806451612903,,,,,6385,< 100 mil aptos,interior
PR,77259,4117107.0,NOVA LONDRINA,False,32,32,0,7483,7483,0,0.4372577843111052,,,,,10595,< 100 mil aptos,interior
PR,77275,4117305.0,ORTIGUEIRA,False,62,62,0,14130,14130,0,0.5663128096249115,,,,,19008,< 100 mil aptos,interior
PR,77291,4117404.0,OURIZONA,False,10,10,0,2266,2266,0,0.5326566637246248,,,,,2856,< 100 mil aptos,interior
PR,77313,4117503.0,PAIÇANDU,False,95,95,0,22469,22469,0,0.4228492589790378,,,,,29015,< 100 mil aptos,interior
PR,77330,4117602.0,PALMAS,False,99,99,0,23776,23776,0,0.5363391655450875,,,,,32167,< 100 mil aptos,interior
PR,77356,4117701.0,PALMEIRA,False,83,0,83,21771,0,21771,,0.31473060493316796,,,,26576,< 100 mil aptos,interior
PR,77372,4117800.0,PALMITAL,False,41,41,0,8368,8368,0,0.5449330783938815,,,,,10869,< 100 mil aptos,interior
PR,77399,4117909.0,PALOTINA,False,79,79,0,19997,19997,0,0.25728859328899334,,,,,24969,< 100 mil aptos,interior
PR,77410,4118006.0,PARAÍSO DO NORTE,False,28,28,0,7871,7871,0,0.45851861262863675,,,,,9959,< 100 mil aptos,interior
PR,77437,4118105.0,PARANACITY,False,24,24,0,5930,5930,0,0.5279932546374367,,,,,7875,< 100 mil aptos,interior
PR,77453,4118204.0,PARANAGUÁ,False,304,0,304,83002,0,83002,,0.3385099154237247,,,,105430,≥ 100 mil aptos,interior
PR,77470,4118303.0,PARANAPOEMA,False,7,7,0,1701,1701,0,0.5931804820693709,,,,,2081,< 100 mil aptos,interior
PR,77496,4118402.0,PARANAVAÍ,False,193,193,0,50124,50124,0,0.32246029845981966,,,,,63945,< 100 mil aptos,interior
PR,77518,4118501.0,PATO BRANCO,False,197,197,0,50977,50977,0,0.3867822743590247,,,,,65138,< 100 mil aptos,interior
PR,77534,4118600.0,PAULA FREITAS,False,16,16,0,3669,3669,0,0.3832106841101117,,,,,4506,< 100 mil aptos,interior
PR,77550,4118709.0,PAULO FRONTIN,False,17,17,0,4588,4588,0,0.4115082824760244,,,,,5528,< 100 mil aptos,interior
PR,77577,4118808.0,PEABIRU,False,33,33,0,8009,8009,0,0.4278936196778624,,,,,10576,< 100 mil aptos,interior
PR,77593,4119004.0,PÉROLA D'OESTE,False,16,16,0,4390,4390,0,0.41480637813211846,,,,,5381,< 100 mil aptos,interior
PR,77615,4119103.0,PIÊN,False,32,0,32,8567,0,8567,,0.2701062215477997,,,,10004,< 100 mil aptos,interior
PR,77631,4119202.0,PINHALÃO,False,18,0,18,4378,0,4378,,0.43353129282777525,,,,5496,< 100 mil aptos,interior
PR,77658,4119301.0,PINHÃO,False,75,75,0,17767,17767,0,0.6045477570777283,,,,,23760,< 100 mil aptos,interior
PR,77674,4119400.0,PIRAÍ DO SUL,False,63,0,63,14715,0,14715,,0.37709819911654774,,,,18826,< 100 mil aptos,interior
PR,77690,4119509.0,PIRAQUARA,False,184,0,184,53451,0,53451,,0.4297580962002582,,,,69457,< 100 mil aptos,interior
PR,77712,4119608.0,PITANGA,False,99,99,0,20412,20412,0,0.5110719184793259,,,,,27152,< 100 mil aptos,interior
PR,77739,4119707.0,PLANALTINA DO PARANÁ,False,11,11,0,2643,2643,0,0.5274309496783958,,,,,3195,< 100 mil aptos,interior
PR,77755,4119806.0,PLANALTO,False,38,38,0,8423,8423,0,0.5124065059954885,,,,,10673,< 100 mil aptos,interior
PR,77771,4119905.0,PONTA GROSSA,False,723,0,723,200456,0,200456,,0.34907909965279166,,,,252531,≥ 100 mil aptos,interior
PR,77798,4120002.0,PORECATU,False,31,31,0,7546,7546,0,0.4836999734958919,,,,,9801,< 100 mil aptos,interior
PR,77810,4120101.0,PORTO AMAZONAS,False,12,0,12,2949,0,2949,,0.3665649372668701,,,,3777,< 100 mil aptos,interior
PR,77836,4120200.0,PORTO RICO,False,10,10,0,2118,2118,0,0.37582625118035884,,,,,2557,< 100 mil aptos,interior
PR,77852,4120309.0,PORTO VITÓRIA,False,11,11,0,2508,2508,0,0.41148325358851673,,,,,3151,< 100 mil aptos,interior
PR,77879,4120408.0,PRESIDENTE CASTELO BRANCO,False,13,13,0,3092,3092,0,0.5349288486416559,,,,,4024,< 100 mil aptos,interior
PR,77895,4120507.0,PRIMEIRO DE MAIO,False,25,25,0,6980,6980,0,0.34097421203438394,,,,,8769,< 100 mil aptos,interior
PR,77917,4120606.0,PRUDENTÓPOLIS,False,130,130,0,31213,31213,0,0.2662031845705315,,,,,38742,< 100 mil aptos,interior
PR,77933,4120705.0,QUATIGUÁ,False,19,19,0,5334,5334,0,0.34533183352080987,,,,,6662,< 100 mil aptos,interior
PR,77950,4120804.0,QUATRO BARRAS,False,45,0,45,13495,0,13495,,0.31293071507965914,,,,16710,< 100 mil aptos,interior
PR,77976,4121000.0,QUERÊNCIA DO NORTE,False,31,31,0,6446,6446,0,0.5318026683214396,,,,,7855,< 100 mil aptos,interior
PR,77992,4121109.0,QUINTA DO SOL,False,12,12,0,3360,3360,0,0.5008928571428571,,,,,4366,< 100 mil aptos,interior
PR,78018,4121208.0,QUITANDINHA,False,42,0,42,11248,0,11248,,0.3200568990042674,,,,13474,< 100 mil aptos,interior
PR,78034,4121307.0,RANCHO ALEGRE,False,8,8,0,2541,2541,0,0.3923652105470287,,,,,3122,< 100 mil aptos,interior
PR,78050,4121406.0,REALEZA,False,42,42,0,11486,11486,0,0.42242730280341284,,,,,14782,< 100 mil aptos,interior
PR,78077,4121505.0,REBOUÇAS,False,38,0,38,9728,0,9728,,0.4604235197368421,,,,11914,< 100 mil aptos,interior
PR,78093,4121604.0,RENASCENÇA,False,15,15,0,4320,4320,0,0.5041666666666667,,,,,5259,< 100 mil aptos,interior
PR,78115,4121703.0,RESERVA,False,61,0,61,15474,0,15474,,0.44578001809486884,,,,20502,< 100 mil aptos,interior
PR,78131,4121802.0,RIBEIRÃO CLARO,False,29,29,0,7405,7405,0,0.44388926401080353,,,,,9774,< 100 mil aptos,interior
PR,78158,4121901.0,RIBEIRÃO DO PINHAL,False,37,37,0,7733,7733,0,0.5686020949178844,,,,,10429,< 100 mil aptos,interior
PR,78174,4122008.0,RIO AZUL,False,35,0,35,9214,0,9214,,0.33752984588669416,,,,10882,< 100 mil aptos,interior
PR,78190,4122107.0,RIO BOM,False,11,11,0,2336,2336,0,0.4259417808219178,,,,,2969,< 100 mil aptos,interior
PR,78212,4122206.0,RIO BRANCO DO SUL,False,81,0,81,21584,0,21584,,0.5131115641215716,,,,26384,< 100 mil aptos,interior
PR,78239,4122305.0,RIO NEGRO,False,77,0,77,19119,0,19119,,0.2651289293373084,,,,23882,< 100 mil aptos,interior
PR,78255,4122404.0,ROLÂNDIA,False,140,140,0,38355,38355,0,0.2815017598748533,,,,,49234,< 100 mil aptos,interior
PR,78271,4122503.0,RONCADOR,False,28,28,0,6843,6843,0,0.5366067514248137,,,,,8677,< 100 mil aptos,interior
PR,78298,4122602.0,RONDON,False,25,25,0,5790,5790,0,0.3780656303972366,,,,,7421,< 100 mil aptos,interior
PR,78310,4122701.0,SABÁUDIA,False,17,17,0,5037,5037,0,0.2692078618225134,,,,,6059,< 100 mil aptos,interior
PR,78336,4122800.0,SALGADO FILHO,False,16,16,0,2948,2948,0,0.4925373134328358,,,,,3561,< 100 mil aptos,interior
PR,78352,4122909.0,SALTO DO ITARARÉ,False,15,0,15,3322,0,3322,,0.5261890427453342,,,,4289,< 100 mil aptos,interior
PR,78379,4123006.0,SALTO DO LONTRA,False,35,35,0,9020,9020,0,0.6160753880266076,,,,,11164,< 100 mil aptos,interior
PR,78395,4123105.0,SANTA AMÉLIA,False,11,11,0,2337,2337,0,0.45999144201968334,,,,,3037,< 100 mil aptos,interior
PR,78417,4123204.0,SANTA CECÍLIA DO PAVÃO,False,11,11,0,2357,2357,0,0.4705133644463301,,,,,3071,< 100 mil aptos,interior
PR,78433,4123303.0,SANTA CRUZ DE MONTE CASTELO,False,20,20,0,5280,5280,0,0.43522727272727274,,,,,6419,< 100 mil aptos,interior
PR,78450,4123402.0,SANTA FÉ,False,24,24,0,7157,7157,0,0.39401984071538354,,,,,8938,< 100 mil aptos,interior
PR,78476,,SANTA INÊS,False,7,7,0,1392,1392,0,0.5560344827586207,,,,,1704,< 100 mil aptos,interior
PR,78492,4123709.0,SANTA ISABEL DO IVAÍ,False,23,23,0,5440,5440,0,0.3492647058823529,,,,,6921,< 100 mil aptos,interior
PR,78514,4123808.0,SANTA IZABEL DO OESTE,False,28,28,0,7422,7422,0,0.47480463486930746,,,,,9184,< 100 mil aptos,interior
PR,78530,4123907.0,SANTA MARIANA,False,33,33,0,7153,7153,0,0.48399273032294143,,,,,9483,< 100 mil aptos,interior
PR,78557,4124004.0,SANTANA DO ITARARÉ,False,15,0,15,3536,0,3536,,0.5254524886877828,,,,4476,< 100 mil aptos,interior
PR,78573,4124400.0,SANTO ANTÔNIO DO SUDOESTE,False,51,51,0,12108,12108,0,0.49421869838123555,,,,,14976,< 100 mil aptos,interior
PR,78590,4124103.0,SANTO ANTÔNIO DA PLATINA,False,107,107,0,25309,25309,0,0.3622821921055751,,,,,32608,< 100 mil aptos,interior
PR,78611,4124202.0,SANTO ANTONIO DO CAIUÁ,False,6,6,0,1881,1881,0,0.6023391812865497,,,,,2340,< 100 mil aptos,interior
PR,78638,4124301.0,SANTO ANTÔNIO DO PARAÍSO,False,9,9,0,1708,1708,0,0.5046838407494145,,,,,2111,< 100 mil aptos,interior
PR,78654,4124509.0,SANTO INÁCIO,False,14,14,0,3694,3694,0,0.5040606388738494,,,,,4549,< 100 mil aptos,interior
PR,78670,4124608.0,SÃO CARLOS DO IVAÍ,False,17,17,0,4302,4302,0,0.3879590887959089,,,,,5369,< 100 mil aptos,interior
PR,78697,4124707.0,SÃO JERÔNIMO DA SERRA,False,31,31,0,6139,6139,0,0.5587229190421893,,,,,8439,< 100 mil aptos,interior
PR,78719,4124806.0,SÃO JOÃO,False,31,31,0,7412,7412,0,0.4279546681057744,,,,,8978,< 100 mil aptos,interior
PR,78735,4124905.0,SÃO JOÃO DO CAIUÁ,False,16,16,0,3714,3714,0,0.5980075390414648,,,,,4855,< 100 mil aptos,interior
PR,78751,4125001.0,SÃO JOÃO DO IVAÍ,False,25,25,0,6920,6920,0,0.49219653179190753,,,,,9029,< 100 mil aptos,interior
PR,78778,4125100.0,SÃO JOÃO DO TRIUNFO,False,40,0,40,9308,0,9308,,0.5942200257842716,,,,11254,< 100 mil aptos,interior
PR,78794,4125308.0,SÃO JORGE DO IVAÍ,False,18,18,0,3817,3817,0,0.35446685878962536,,,,,4792,< 100 mil aptos,interior
PR,78816,4125209.0,SÃO JORGE D'OESTE,False,27,27,0,6643,6643,0,0.44482914345928043,,,,,7866,< 100 mil aptos,interior
PR,78832,4125407.0,SÃO JOSÉ DA BOA VISTA,False,15,0,15,3622,0,3622,,0.36747653230259525,,,,4612,< 100 mil aptos,interior
PR,78859,4125506.0,SÃO JOSÉ DOS PINHAIS,False,560,0,560,167698,0,167698,,0.33783944948657707,,,,212222,≥ 100 mil aptos,interior
PR,78875,4125605.0,SÃO MATEUS DO SUL,False,101,0,101,27232,0,27232,,0.46287455934195065,,,,33752,< 100 mil aptos,interior
PR,78891,4125704.0,SÃO MIGUEL DO IGUAÇU,False,76,76,0,17539,17539,0,0.361708193169508,,,,,22733,< 100 mil aptos,interior
PR,78913,4125803.0,SÃO PEDRO DO IVAÍ,False,25,25,0,5447,5447,0,0.41876262162658345,,,,,6990,< 100 mil aptos,interior
PR,78930,4125902.0,SÃO PEDRO DO PARANÁ,False,10,10,0,1980,1980,0,0.33181818181818185,,,,,2417,< 100 mil aptos,interior
PR,78956,4126009.0,SÃO SEBASTIÃO DA AMOREIRA,False,22,22,0,5228,5228,0,0.5057383320581484,,,,,6731,< 100 mil aptos,interior
PR,78972,4126108.0,SÃO TOMÉ,False,16,16,0,3644,3644,0,0.3641602634467618,,,,,4596,< 100 mil aptos,interior
PR,78999,4126207.0,SAPOPEMA,False,19,19,0,4090,4090,0,0.517359413202934,,,,,5369,< 100 mil aptos,interior
PR,79014,4126306.0,SENGÉS,False,47,0,47,10432,0,10432,,0.3895705521472393,,,,13635,< 100 mil aptos,interior
PR,79030,4126405.0,SERTANEJA,False,16,16,0,3907,3907,0,0.40209879703097007,,,,,4772,< 100 mil aptos,interior
PR,79057,4126504.0,SERTANÓPOLIS,False,38,38,0,10537,10537,0,0.27398690329315745,,,,,13108,< 100 mil aptos,interior
PR,79073,4126603.0,SIQUEIRA CAMPOS,False,45,0,45,12140,0,12140,,0.47685337726523885,,,,15982,< 100 mil aptos,interior
PR,79090,4126702.0,TAMBOARA,False,14,14,0,3212,3212,0,0.39975093399750933,,,,,4083,< 100 mil aptos,interior
PR,79111,4126801.0,TAPEJARA,False,34,34,0,9396,9396,0,0.3893146019582801,,,,,12372,< 100 mil aptos,interior
PR,79138,4127007.0,TEIXEIRA SOARES,False,27,0,27,6289,0,6289,,0.40849101605978694,,,,7842,< 100 mil aptos,interior
PR,79154,4127106.0,TELÊMACO BORBA,False,156,0,156,40701,0,40701,,0.39976904744355174,,,,50731,< 100 mil aptos,interior
PR,79170,4127205.0,TERRA BOA,False,39,39,0,10501,10501,0,0.3265403294924293,,,,,13306,< 100 mil aptos,interior
PR,79197,4127304.0,TERRA RICA,False,39,39,0,9094,9094,0,0.36144710798328566,,,,,11948,< 100 mil aptos,interior
PR,79219,4127403.0,TERRA ROXA,False,45,45,0,10876,10876,0,0.2979036410445017,,,,,13437,< 100 mil aptos,interior
PR,79235,4127502.0,TIBAGI,False,49,0,49,11159,0,11159,,0.4927860919437226,,,,14513,< 100 mil aptos,interior
PR,79251,4127601.0,TIJUCAS DO SUL,False,37,0,37,9602,0,9602,,0.43074359508435744,,,,11974,< 100 mil aptos,interior
PR,79278,4127700.0,TOLEDO,False,334,334,0,84993,84993,0,0.31235513512877533,,,,,104639,≥ 100 mil aptos,interior
PR,79294,4127809.0,TOMAZINA,False,21,0,21,5075,0,5075,,0.44098522167487686,,,,6473,< 100 mil aptos,interior
PR,79316,4127908.0,TUNEIRAS DO OESTE,False,18,18,0,5352,5352,0,0.3781763826606876,,,,,6920,< 100 mil aptos,interior
PR,79332,4128005.0,UBIRATÃ,False,63,63,0,15141,15141,0,0.34918433392774584,,,,,19536,< 100 mil aptos,interior
PR,79359,4128104.0,UMUARAMA,False,246,246,0,63870,63870,0,0.28341944574917805,,,,,81354,< 100 mil aptos,interior
PR,79375,4128203.0,UNIÃO DA VITÓRIA,False,134,134,0,31149,31149,0,0.3805579633375068,,,,,40368,< 100 mil aptos,interior
PR,79391,4128302.0,UNIFLOR,False,8,8,0,1761,1761,0,0.5275411697898921,,,,,2125,< 100 mil aptos,interior
PR,79413,4128401.0,URAÍ,False,31,31,0,6839,6839,0,0.4108787834478725,,,,,8586,< 100 mil aptos,interior
PR,79430,4128500.0,WENCESLAU BRAZ,False,48,0,48,11090,0,11090,,0.3599639314697926,,,,14679,< 100 mil aptos,interior
PR,79456,4128609.0,VERÊ,False,24,24,0,5882,5882,0,0.5374022441346481,,,,,7019,< 100 mil aptos,interior
PR,79472,4128708.0,VITORINO,False,15,15,0,4538,4538,0,0.3900396650506831,,,,,5720,< 100 mil aptos,interior
PR,79499,4128807.0,XAMBRÊ,False,18,18,0,4197,4197,0,0.40576602335001194,,,,,5219,< 100 mil aptos,interior
PR,79510,4100509.0,ALTÔNIA,False,49,49,0,11445,11445,0,0.3219746614242027,,,,,14789,< 100 mil aptos,interior
PR,79537,4102000.0,ASSIS CHATEAUBRIAND,False,83,83,0,21750,21750,0,0.34363218390804595,,,,,27783,< 100 mil aptos,interior
PR,79553,4120903.0,QUEDAS DO IGUAÇU,False,79,79,0,18068,18068,0,0.3932920079698915,,,,,24620,< 100 mil aptos,interior
PR,79570,4105300.0,CÉU AZUL,False,28,28,0,7178,7178,0,0.24658679297854555,,,,,9008,< 100 mil aptos,interior
PR,79596,4108700.0,GRANDES RIOS,False,18,18,0,3726,3726,0,0.3564143853998926,,,,,5216,< 100 mil aptos,interior
PR,79618,4110409.0,INDIANÓPOLIS,False,14,14,0,3009,3009,0,0.37587238285144564,,,,,3823,< 100 mil aptos,interior
PR,79634,4115705.0,MATINHOS,False,89,0,89,22655,0,22655,,0.4130655484440521,,,,32128,< 100 mil aptos,interior
PR,79650,4116703.0,NOVA AURORA,False,35,35,0,8165,8165,0,0.35039804041641154,,,,,10106,< 100 mil aptos,interior
PR,79677,4117206.0,NOVA OLÍMPIA,False,17,17,0,3892,3892,0,0.3653648509763618,,,,,4894,< 100 mil aptos,interior
PR,79693,4118907.0,PÉROLA,False,30,30,0,7221,7221,0,0.38318792411023406,,,,,9326,< 100 mil aptos,interior
PR,79715,4123501.0,SANTA HELENA,False,70,70,0,16792,16792,0,0.38607670319199616,,,,,21259,< 100 mil aptos,interior
PR,79731,4126900.0,TAPIRA,False,17,17,0,3672,3672,0,0.4482570806100218,,,,,4750,< 100 mil aptos,interior
PR,79758,4115002.0,MARILENA,False,18,18,0,4537,4537,0,0.5677760634780692,,,,,6156,< 100 mil aptos,interior
PR,79774,4108320.0,FRANCISCO ALVES,False,21,21,0,4653,4653,0,0.36793466580700623,,,,,6051,< 100 mil aptos,interior
PR,79790,4117222.0,NOVA SANTA ROSA,False,23,23,0,5905,5905,0,0.14276037256562235,,,,,6895,< 100 mil aptos,interior
PR,79812,4103057.0,BOA VISTA DA APARECIDA,False,20,20,0,5321,5321,0,0.4891937605713212,,,,,7007,< 100 mil aptos,interior
PR,79839,4103354.0,BRAGANEY,False,16,16,0,3579,3579,0,0.4543168482816429,,,,,4606,< 100 mil aptos,interior
PR,79855,4103453.0,CAFELÂNDIA,False,40,40,0,10653,10653,0,0.32741950624237304,,,,,13272,< 100 mil aptos,interior
PR,79871,4127858.0,TRÊS BARRAS DO PARANÁ,False,35,35,0,7289,7289,0,0.42145698998490877,,,,,9175,< 100 mil aptos,interior
PR,79898,4128559.0,VERA CRUZ DO OESTE,False,26,26,0,5346,5346,0,0.38121960344182565,,,,,6926,< 100 mil aptos,interior
PR,79910,4120358.0,PRANCHITA,False,17,17,0,3866,3866,0,0.4014485256078634,,,,,4627,< 100 mil aptos,interior
PR,79936,4127957.0,TUPÃSSI,False,20,20,0,5075,5075,0,0.2717241379310345,,,,,5989,< 100 mil aptos,interior
PR,79952,4117255.0,NOVA PRATA DO IGUAÇU,False,26,26,0,7017,7017,0,0.5423970357702722,,,,,8611,< 100 mil aptos,interior
PR,79979,4112751.0,JESUÍTAS,False,25,25,0,5920,5920,0,0.37787162162162163,,,,,7526,< 100 mil aptos,interior
PR,79995,4125357.0,SÃO JORGE DO PATROCÍNIO,False,14,14,0,4116,4116,0,0.3904275996112731,,,,,5136,< 100 mil aptos,interior
PR,84514,4104451.0,CANTAGALO,False,30,30,0,6886,6886,0,0.5734824281150159,,,,,9165,< 100 mil aptos,interior
PR,84530,4127965.0,TURVO,False,44,44,0,9233,9233,0,0.5868081880212282,,,,,11606,< 100 mil aptos,interior
PR,84557,4100459.0,ALTAMIRA DO PARANÁ,False,10,10,0,2554,2554,0,0.5509005481597494,,,,,3396,< 100 mil aptos,interior
PR,84573,4107751.0,FIGUEIRA,False,23,23,0,4903,4903,0,0.578013461146237,,,,,6478,< 100 mil aptos,interior
PR,84590,4113759.0,LUNARDELLI,False,14,14,0,3220,3220,0,0.44440993788819877,,,,,4223,< 100 mil aptos,interior
PR,84611,4126256.0,SARANDI,False,205,205,0,52223,52223,0,0.43438714742546386,,,,,68553,< 100 mil aptos,interior
PR,84638,4112959.0,JURANDA,False,21,21,0,4962,4962,0,0.37867795243853286,,,,,6284,< 100 mil aptos,interior
PR,84654,4107256.0,DOURADINA,False,19,19,0,5414,5414,0,0.3468784632434429,,,,,6693,< 100 mil aptos,interior
PR,84670,4124053.0,SANTA TEREZINHA DE ITAIPU,False,53,53,0,14580,14580,0,0.2920438957475994,,,,,17955,< 100 mil aptos,interior
PR,84697,4116059.0,MISSAL,False,30,30,0,7616,7616,0,0.32536764705882354,,,,,9315,< 100 mil aptos,interior
PR,84719,4125456.0,SÃO JOSÉ DAS PALMEIRAS,False,11,11,0,2660,2660,0,0.543984962406015,,,,,3313,< 100 mil aptos,interior
RJ,58009,3304151.0,QUISSAMÃ,False,55,55,0,14473,14473,0,0.5213155530988738,,,,,19114,< 100 mil aptos,interior
RJ,58017,3300100.0,ANGRA DOS REIS,False,378,378,0,98537,98537,0,0.33387458518120094,,,,,132935,≥ 100 mil aptos,interior
RJ,58025,3304128.0,QUATIS,False,33,33,0,8528,8528,0,0.5029315196998124,,,,,10844,< 100 mil aptos,interior
RJ,58033,3300209.0,ARARUAMA,False,269,269,0,75558,75558,0,0.3223616294766934,,,,,103879,≥ 100 mil aptos,interior
RJ,58041,3300456.0,BELFORD ROXO,False,902,902,0,257599,257599,0,0.3980139674455258,,,,,338507,≥ 100 mil aptos,interior
RJ,58050,3300308.0,BARRA DO PIRAÍ,False,251,251,0,52015,52015,0,0.5001634143996924,,,,,70418,< 100 mil aptos,interior
RJ,58068,3301157.0,CARDOSO MOREIRA,False,26,26,0,8928,8928,0,0.38810483870967744,,,,,12105,< 100 mil aptos,interior
RJ,58076,3300407.0,BARRA MANSA,False,416,416,0,103705,103705,0,0.45789499059833183,,,,,135908,≥ 100 mil aptos,interior
RJ,58084,3306156.0,VARRE-SAI,False,24,24,0,6675,6675,0,0.3653932584269663,,,,,8658,< 100 mil aptos,interior
RJ,58092,3300506.0,BOM JARDIM,False,65,65,0,16734,16734,0,0.43318991275248,,,,,22336,< 100 mil aptos,interior
RJ,58106,3301850.0,GUAPIMIRIM,False,117,117,0,31677,31677,0,0.3898412097105155,,,,,42174,< 100 mil aptos,interior
RJ,58114,3300605.0,BOM JESUS DO ITABAPOANA,False,86,86,0,22488,22488,0,0.4375222340803984,,,,,30313,< 100 mil aptos,interior
RJ,58122,3304144.0,QUEIMADOS,False,303,303,0,77284,77284,0,0.4110294498214378,,,,,94270,< 100 mil aptos,interior
RJ,58130,3300704.0,CABO FRIO,False,443,443,0,122041,122041,0,0.333232274399587,,,,,163793,≥ 100 mil aptos,interior
RJ,58149,3302270.0,JAPERI,False,211,211,0,56035,56035,0,0.41704291960381906,,,,,75208,< 100 mil aptos,interior
RJ,58157,3300803.0,CACHOEIRAS DE MACACU,False,129,129,0,34263,34263,0,0.3890494119020518,,,,,45691,< 100 mil aptos,interior
RJ,58165,3300951.0,COMENDADOR LEVY GASPARIAN,False,26,26,0,6506,6506,0,0.5888410697817399,,,,,8099,< 100 mil aptos,interior
RJ,58173,3300902.0,CAMBUCI,False,41,41,0,9505,9505,0,0.5042609153077328,,,,,12314,< 100 mil aptos,interior
RJ,58181,3300159.0,APERIBÉ,False,31,31,0,7729,7729,0,0.40910855220597747,,,,,9710,< 100 mil aptos,interior
RJ,58190,3301009.0,CAMPOS DOS GOYTACAZES,False,1090,1090,0,272426,272426,0,0.3686395571641473,,,,,370038,≥ 100 mil aptos,interior
RJ,58203,3304524.0,RIO DAS OSTRAS,False,258,258,0,70995,70995,0,0.35871540249313333,,,,,92258,< 100 mil aptos,interior
RJ,58211,3301108.0,CANTAGALO,False,60,60,0,12043,12043,0,0.46607988042846465,,,,,15970,< 100 mil aptos,interior
RJ,58220,3300225.0,AREAL,False,30,30,0,7561,7561,0,0.4109244808887713,,,,,9803,< 100 mil aptos,interior
RJ,58238,3301207.0,CARMO,False,51,51,0,11364,11364,0,0.5462865188313974,,,,,14716,< 100 mil aptos,interior
RJ,58246,3303955.0,PINHEIRAL,False,53,53,0,13944,13944,0,0.5408777969018933,,,,,18079,< 100 mil aptos,interior
RJ,58254,3301306.0,CASIMIRO DE ABREU,False,104,104,0,25016,25016,0,0.32830988167572756,,,,,33805,< 100 mil aptos,interior
RJ,58262,3301876.0,IGUABA GRANDE,False,79,79,0,20219,20219,0,0.3191552500123646,,,,,27045,< 100 mil aptos,interior
RJ,58270,3301405.0,CONCEIÇÃO DE MACABU,False,70,70,0,13212,13212,0,0.5204359673024523,,,,,17817,< 100 mil aptos,interior
RJ,58289,3304755.0,SÃO FRANCISCO DE ITABAPOANA,False,110,110,0,27160,27160,0,0.3304860088365243,,,,,38784,< 100 mil aptos,interior
RJ,58297,3301504.0,CORDEIRO,False,57,57,0,13106,13106,0,0.4564321684724554,,,,,17196,< 100 mil aptos,interior
RJ,58300,3300936.0,CARAPEBUS,False,36,36,0,9658,9658,0,0.4374611720853179,,,,,12835,< 100 mil aptos,interior
RJ,58319,3301603.0,DUAS BARRAS,False,30,30,0,7705,7705,0,0.509409474367294,,,,,9981,< 100 mil aptos,interior
RJ,58327,3304110.0,PORTO REAL,False,51,51,0,13808,13808,0,0.4323580533024334,,,,,17707,< 100 mil aptos,interior
RJ,58335,3301702.0,DUQUE DE CAXIAS,False,1816,1816,0,513119,513119,0,0.4169052403048805,,,,,671599,≥ 100 mil aptos,interior
RJ,58343,3305133.0,SÃO JOSÉ DE UBÁ,False,23,23,0,5800,5800,0,0.3925862068965517,,,,,7351,< 100 mil aptos,interior
RJ,58351,3301801.0,ENGENHEIRO PAULO DE FRONTIN,False,36,36,0,8612,8612,0,0.4955875522526707,,,,,11066,< 100 mil aptos,interior
RJ,58360,3305752.0,TANGUÁ,False,70,70,0,19771,19771,0,0.4203125790298923,,,,,25407,< 100 mil aptos,interior
RJ,58378,3301900.0,ITABORAÍ,False,490,490,0,132804,132804,0,0.42066504020963225,,,,,176187,≥ 100 mil aptos,interior
RJ,58386,3302452.0,MACUCO,False,27,27,0,5570,5570,0,0.511310592459605,,,,,7135,< 100 mil aptos,interior
RJ,58394,3302007.0,ITAGUAÍ,False,277,277,0,71316,71316,0,0.35663806158505806,,,,,94559,< 100 mil aptos,interior
RJ,58408,3300233.0,ARMAÇÃO DOS BÚZIOS,False,91,91,0,24445,24445,0,0.34035590100224994,,,,,32767,< 100 mil aptos,interior
RJ,58416,3302106.0,ITAOCARA,False,70,70,0,15384,15384,0,0.3469188767550702,,,,,20214,< 100 mil aptos,interior
RJ,58424,3305554.0,SEROPÉDICA,False,153,153,0,44386,44386,0,0.3793989095660794,,,,,57909,< 100 mil aptos,interior
RJ,58432,3302205.0,ITAPERUNA,False,224,224,0,56322,56322,0,0.3474130890238273,,,,,75402,< 100 mil aptos,interior
RJ,58440,3302254.0,ITATIAIA,False,67,67,0,19566,19566,0,0.423080854543596,,,,,25863,< 100 mil aptos,interior
RJ,58459,3302304.0,LAJE DO MURIAÉ,False,23,23,0,5494,5494,0,0.5950127411721878,,,,,7368,< 100 mil aptos,interior
RJ,58467,3302858.0,MESQUITA,False,374,0,374,103472,0,103472,,0.3833210916963043,,,,136190,≥ 100 mil aptos,interior
RJ,58475,3302403.0,MACAÉ,False,471,471,0,127128,127128,0,0.4563432131395129,,,,,173983,≥ 100 mil aptos,interior
RJ,58491,3302502.0,MAGÉ,False,568,568,0,149616,149616,0,0.39990375360923963,,,,,197335,≥ 100 mil aptos,interior
RJ,58513,3302601.0,MANGARATIBA,False,105,105,0,28126,28126,0,0.36059162340894546,,,,,39322,< 100 mil aptos,interior
RJ,58530,3302700.0,MARICÁ,False,364,364,0,112016,112016,0,0.4826185544922154,,,,,143859,≥ 100 mil aptos,interior
RJ,58556,3302809.0,MENDES,False,55,55,0,11692,11692,0,0.4894799863154293,,,,,15755,< 100 mil aptos,interior
RJ,58572,3302908.0,MIGUEL PEREIRA,False,73,73,0,17988,17988,0,0.4190015565932844,,,,,23998,< 100 mil aptos,interior
RJ,58599,3303005.0,MIRACEMA,False,76,76,0,16672,16672,0,0.5361084452975048,,,,,22645,< 100 mil aptos,interior
RJ,58610,3303104.0,NATIVIDADE,False,41,41,0,9521,9521,0,0.4840878059027413,,,,,12828,< 100 mil aptos,interior
RJ,58637,3303203.0,NILÓPOLIS,False,382,0,382,99483,0,99483,,0.39410753596091797,,,,130859,≥ 100 mil aptos,interior
RJ,58653,3303302.0,NITERÓI,False,1170,1170,0,318068,318068,0,0.5120980419281411,,,,,405962,≥ 100 mil aptos,interior
RJ,58670,3303401.0,NOVA FRIBURGO,False,461,461,0,115032,115032,0,0.4056349537519994,,,,,155090,≥ 100 mil aptos,interior
RJ,58696,3303500.0,NOVA IGUAÇU,False,1669,0,1669,463584,0,463584,,0.37032555049354593,,,,611499,≥ 100 mil aptos,interior
RJ,58718,3303609.0,PARACAMBI,False,95,95,0,25788,25788,0,0.39785946952070733,,,,,33891,< 100 mil aptos,interior
RJ,58734,3303708.0,PARAÍBA DO SUL,False,108,108,0,25224,25224,0,0.4415635902315255,,,,,34430,< 100 mil aptos,interior
RJ,58750,3303807.0,PARATY,False,92,92,0,24415,24415,0,0.37214826950645097,,,,,32618,< 100 mil aptos,interior
RJ,58777,3303906.0,PETRÓPOLIS,False,750,750,0,177984,177984,0,0.3774552768788206,,,,,243893,≥ 100 mil aptos,interior
RJ,58793,3304003.0,PIRAÍ,False,72,72,0,17320,17320,0,0.48412240184757505,,,,,22946,< 100 mil aptos,interior
RJ,58815,3304102.0,PORCIÚNCULA,False,47,47,0,10221,10221,0,0.5390861950885432,,,,,14433,< 100 mil aptos,interior
RJ,58831,3304201.0,RESENDE,False,272,272,0,72316,72316,0,0.3814370263842027,,,,,96647,< 100 mil aptos,interior
RJ,58858,3304300.0,RIO BONITO,False,128,128,0,34815,34815,0,0.34824070084733594,,,,,45271,< 100 mil aptos,interior
RJ,58874,3304409.0,RIO CLARO,False,50,50,0,11662,11662,0,0.5135482764534385,,,,,15711,< 100 mil aptos,interior
RJ,58890,3304508.0,RIO DAS FLORES,False,22,22,0,6540,6540,0,0.6469418960244648,,,,,8589,< 100 mil aptos,interior
RJ,58912,3304607.0,SANTA MARIA MADALENA,False,33,33,0,6650,6650,0,0.5148872180451127,,,,,9011,< 100 mil aptos,interior
RJ,58939,3304706.0,SANTO ANTÔNIO DE PÁDUA,False,105,105,0,24609,24609,0,0.39375838108009265,,,,,33224,< 100 mil aptos,interior
RJ,58955,3304805.0,SÃO FIDÉLIS,False,94,94,0,23172,23172,0,0.36781460383221126,,,,,31896,< 100 mil aptos,interior
RJ,58971,3304904.0,SÃO GONÇALO,False,1892,1892,0,499564,499564,0,0.4457767172974834,,,,,669880,≥ 100 mil aptos,interior
RJ,58998,3305000.0,SÃO JOÃO DA BARRA,False,121,121,0,28970,28970,0,0.39326889886089056,,,,,38248,< 100 mil aptos,interior
RJ,59013,3305109.0,SÃO JOÃO DE MERITI,False,993,993,0,281265,281265,0,0.39958402218548345,,,,,376942,≥ 100 mil aptos,interior
RJ,59030,3305208.0,SÃO PEDRO DA ALDEIA,False,204,204,0,52194,52194,0,0.27872935586465875,,,,,69288,< 100 mil aptos,interior
RJ,59056,3305307.0,SÃO SEBASTIÃO DO ALTO,False,28,28,0,5928,5928,0,0.4515856950067476,,,,,7743,< 100 mil aptos,interior
RJ,59072,3305406.0,SAPUCAIA,False,53,53,0,12576,12576,0,0.43193384223918574,,,,,16595,< 100 mil aptos,interior
RJ,59099,3305505.0,SAQUAREMA,False,204,204,0,54724,54724,0,0.3489145530297493,,,,,73485,< 100 mil aptos,interior
RJ,59110,3305604.0,SILVA JARDIM,False,54,54,0,14295,14295,0,0.3813920951381602,,,,,19581,< 100 mil aptos,interior
RJ,59137,3305703.0,SUMIDOURO,False,38,38,0,11426,11426,0,0.35699282338526167,,,,,14510,< 100 mil aptos,interior
RJ,59153,3305802.0,TERESÓPOLIS,False,374,374,0,97495,97495,0,0.3206831119544592,,,,,129565,≥ 100 mil aptos,interior
RJ,59170,3305901.0,TRAJANO DE MORAES,False,27,27,0,6855,6855,0,0.5355215171407731,,,,,8733,< 100 mil aptos,interior
RJ,59196,3306008.0,TRÊS RIOS,False,184,184,0,48014,48014,0,0.5298454617403258,,,,,63077,< 100 mil aptos,interior
RJ,59218,3306107.0,VALENÇA,False,160,160,0,41252,41252,0,0.5735721904392515,,,,,57740,< 100 mil aptos,interior
RJ,59234,3306206.0,VASSOURAS,False,94,94,0,22351,22351,0,0.49004518813475906,,,,,30782,< 100 mil aptos,interior
RJ,59250,3306305.0,VOLTA REDONDA,False,662,662,0,172794,172794,0,0.47119112932161994,,,,,225848,≥ 100 mil aptos,interior
RJ,59277,3300258.0,ARRAIAL DO CABO,False,89,89,0,23490,23490,0,0.3587909748829289,,,,,32968,< 100 mil aptos,interior
RJ,59293,3302056.0,ITALVA,False,32,32,0,8749,8749,0,0.35124014173048346,,,,,11702,< 100 mil aptos,interior
RJ,59315,3303856.0,PATY DO ALFERES,False,70,70,0,17651,17651,0,0.37329329783015125,,,,,23298,< 100 mil aptos,interior
RJ,59331,3305158.0,SÃO JOSÉ DO VALE DO RIO PRETO,False,47,47,0,12950,12950,0,0.21853281853281853,,,,,16975,< 100 mil aptos,interior
RJ,60011,3304557.0,RIO DE JANEIRO,False,11813,0,11813,3663368,0,3663368,,0.47337832289849124,,,,5003062,≥ 100 mil aptos,capital
RN,16004,2414159.0,TENENTE LAURENTINO CRUZ,False,15,15,0,4145,4145,0,0.7346200241254524,,,,,5078,< 100 mil aptos,interior
RN,16012,2400109.0,ACARI,False,29,29,0,7237,7237,0,0.6814978582285477,,,,,9206,< 100 mil aptos,interior
RN,16020,2413359.0,SERRA DO MEL,False,42,42,0,9237,9237,0,0.6419833279203204,,,,,11204,< 100 mil aptos,interior
RN,16039,2400208.0,ASSÚ,False,127,127,0,34741,34741,0,0.74862554330618,,,,,43393,< 100 mil aptos,interior
RN,16047,2401859.0,CAIÇARA DO NORTE,False,18,0,18,4003,0,4003,,0.6732450662003497,,,,5176,< 100 mil aptos,interior
RN,16055,2400307.0,AFONSO BEZERRA,False,33,33,0,7286,7286,0,0.7334614328849849,,,,,9837,< 100 mil aptos,interior
RN,16063,2412559.0,SÃO MIGUEL DO GOSTOSO,False,29,0,29,7034,0,7034,,0.6758601080466307,,,,8758,< 100 mil aptos,interior
RN,16071,2400406.0,ÁGUA NOVA,False,11,11,0,2294,2294,0,0.8875326939843069,,,,,2781,< 100 mil aptos,interior
RN,16080,2404853.0,ITAJÁ,False,20,20,0,5073,5073,0,0.7281687364478612,,,,,6573,< 100 mil aptos,interior
RN,16098,2400505.0,ALEXANDRIA,False,43,43,0,8604,8604,0,0.8498372849837285,,,,,11252,< 100 mil aptos,interior
RN,16101,2401651.0,BODÓ,False,10,10,0,2693,2693,0,0.7991088005941329,,,,,3590,< 100 mil aptos,interior
RN,16110,2400604.0,ALMINO AFONSO,False,21,21,0,3965,3965,0,0.8295081967213115,,,,,5130,< 100 mil aptos,interior
RN,16128,2414456.0,TRIUNFO POTIGUAR,False,17,17,0,3138,3138,0,0.7138304652644997,,,,,3989,< 100 mil aptos,interior
RN,16136,2400703.0,ALTO DO RODRIGUES,False,36,36,0,8921,8921,0,0.8068602174644098,,,,,11343,< 100 mil aptos,interior
RN,16144,2403756.0,FERNANDO PEDROZA,False,11,11,0,2447,2447,0,0.726604004903964,,,,,3131,< 100 mil aptos,interior
RN,16152,2400802.0,ANGICOS,False,31,31,0,7715,7715,0,0.6930654569021387,,,,,9841,< 100 mil aptos,interior
RN,16160,2407252.0,MAJOR SALES,False,8,8,0,2460,2460,0,0.8398373983739837,,,,,3066,< 100 mil aptos,interior
RN,16179,2400901.0,ANTÔNIO MARTINS,False,23,23,0,4513,4513,0,0.8623975182805229,,,,,5653,< 100 mil aptos,interior
RN,16187,2414753.0,VENHA-VER,False,12,12,0,2736,2736,0,0.8918128654970761,,,,,3854,< 100 mil aptos,interior
RN,16195,2401008.0,APODI,False,89,89,0,24104,24104,0,0.7796631264520412,,,,,28905,< 100 mil aptos,interior
RN,16209,2413557.0,SERRINHA DOS PINTOS,False,15,15,0,3333,3333,0,0.8433843384338434,,,,,4043,< 100 mil aptos,interior
RN,16217,2401107.0,AREIA BRANCA,False,69,69,0,16463,16463,0,0.6842616777015125,,,,,21255,< 100 mil aptos,interior
RN,16225,2411056.0,TIBAU,False,17,17,0,5228,5228,0,0.6849655700076511,,,,,6609,< 100 mil aptos,interior
RN,16233,2401206.0,AREZ,False,34,34,0,9022,9022,0,0.6864331633784083,,,,,10920,< 100 mil aptos,interior
RN,16241,2409332.0,SANTA MARIA,False,15,0,15,3568,0,3568,,0.719170403587444,,,,4508,< 100 mil aptos,interior
RN,16250,2401305.0,CAMPO GRANDE,False,31,31,0,6655,6655,0,0.7188580015026296,,,,,8512,< 100 mil aptos,interior
RN,16268,2408953.0,RIO DO FOGO,False,34,0,34,7673,0,7673,,0.6099309266258308,,,,9817,< 100 mil aptos,interior
RN,16276,2401404.0,BAÍA FORMOSA,False,23,23,0,5432,5432,0,0.6389911634756995,,,,,7115,< 100 mil aptos,interior
RN,16284,2410256.0,PORTO DO MANGUE,False,16,16,0,3766,3766,0,0.8037705788635157,,,,,4836,< 100 mil aptos,interior
RN,16292,2401503.0,BARCELONA,False,13,0,13,3587,0,3587,,0.6163925285754112,,,,4629,< 100 mil aptos,interior
RN,16306,2406155.0,JUNDIÁ,False,14,14,0,3192,3192,0,0.681704260651629,,,,,4221,< 100 mil aptos,interior
RN,16314,2401602.0,BENTO FERNANDES,False,19,0,19,3851,0,3851,,0.7904440405089587,,,,4799,< 100 mil aptos,interior
RN,16330,2401701.0,BOM JESUS,False,29,0,29,6921,0,6921,,0.6441265713047247,,,,8692,< 100 mil aptos,interior
RN,16357,2401800.0,BREJINHO,False,29,29,0,7821,7821,0,0.7054085155350979,,,,,10055,< 100 mil aptos,interior
RN,16373,2401909.0,CAIÇARA DO RIO DO VENTO,False,13,13,0,2900,2900,0,0.7479310344827587,,,,,3660,< 100 mil aptos,interior
RN,16390,2402006.0,CAICÓ,False,132,132,0,36607,36607,0,0.6600923320676373,,,,,44498,< 100 mil aptos,interior
RN,16411,2402105.0,CAMPO REDONDO,False,26,0,26,6416,0,6416,,0.8310473815461347,,,,8236,< 100 mil aptos,interior
RN,16438,2402204.0,CANGUARETAMA,False,79,79,0,18518,18518,0,0.7586672426827952,,,,,23993,< 100 mil aptos,interior
RN,16454,2402303.0,CARAÚBAS,False,59,59,0,14952,14952,0,0.7907303370786517,,,,,18973,< 100 mil aptos,interior
RN,16470,2402402.0,CARNAÚBA DOS DANTAS,False,16,16,0,4865,4865,0,0.5741007194244604,,,,,5977,< 100 mil aptos,interior
RN,16497,2402501.0,CARNAUBAIS,False,27,27,0,6942,6942,0,0.780466724286949,,,,,8718,< 100 mil aptos,interior
RN,16519,2402600.0,CEARÁ-MIRIM,False,178,0,178,45207,0,45207,,0.7239144380295087,,,,56369,< 100 mil aptos,interior
RN,16535,2402709.0,CERRO CORÁ,False,27,27,0,6883,6883,0,0.7848321952636932,,,,,9149,< 100 mil aptos,interior
RN,16551,2402808.0,CORONEL EZEQUIEL,False,15,0,15,3435,0,3435,,0.7825327510917031,,,,4753,< 100 mil aptos,interior
RN,16578,2402907.0,CORONEL JOÃO PESSOA,False,13,13,0,3090,3090,0,0.8491909385113269,,,,,4009,< 100 mil aptos,interior
RN,16594,2403004.0,CRUZETA,False,20,20,0,5322,5322,0,0.7638105975197295,,,,,6774,< 100 mil aptos,interior
RN,16616,2403103.0,CURRAIS NOVOS,False,102,102,0,24656,24656,0,0.6334360804672291,,,,,31646,< 100 mil aptos,interior
RN,16632,2403202.0,DOUTOR SEVERIANO,False,23,23,0,4779,4779,0,0.861477296505545,,,,,5881,< 100 mil aptos,interior
RN,16659,2403301.0,ENCANTO,False,15,15,0,3876,3876,0,0.8609391124871001,,,,,4718,< 100 mil aptos,interior
RN,16675,2403400.0,EQUADOR,False,16,16,0,3656,3656,0,0.7097921225382933,,,,,4627,< 100 mil aptos,interior
RN,16691,2403509.0,ESPÍRITO SANTO,False,25,25,0,5930,5930,0,0.5871838111298482,,,,,7534,< 100 mil aptos,interior
RN,16713,2403608.0,EXTREMOZ,False,91,0,91,23116,0,23116,,0.5763540404914345,,,,27999,< 100 mil aptos,interior
RN,16730,2403707.0,FELIPE GUERRA,False,19,19,0,5679,5679,0,0.8397605212185244,,,,,6667,< 100 mil aptos,interior
RN,16756,2403806.0,FLORÂNIA,False,28,28,0,6444,6444,0,0.7558969584109249,,,,,8058,< 100 mil aptos,interior
RN,16772,2403905.0,FRANCISCO DANTAS,False,13,13,0,2248,2248,0,0.8269572953736655,,,,,2777,< 100 mil aptos,interior
RN,16799,2404101.0,GALINHOS,False,10,0,10,1850,0,1850,,0.5805405405405405,,,,2552,< 100 mil aptos,interior
RN,16810,2404200.0,GOIANINHA,False,67,67,0,16810,16810,0,0.6499107674003569,,,,,21043,< 100 mil aptos,interior
RN,16837,2404309.0,GOVERNADOR DIX-SEPT ROSADO,False,39,39,0,9480,9480,0,0.7964135021097046,,,,,11882,< 100 mil aptos,interior
RN,16853,2404408.0,GROSSOS,False,28,28,0,7217,7217,0,0.6919772758764029,,,,,8755,< 100 mil aptos,interior
RN,16870,2404507.0,GUAMARÉ,False,41,41,0,11525,11525,0,0.7030802603036876,,,,,15240,< 100 mil aptos,interior
RN,16896,2404606.0,IELMO MARINHO,False,34,0,34,8701,0,8701,,0.6933685783243305,,,,10965,< 100 mil aptos,interior
RN,16918,2404705.0,IPANGUAÇU,False,37,37,0,10098,10098,0,0.8177857001386413,,,,,12576,< 100 mil aptos,interior
RN,16934,2404804.0,IPUEIRA,False,6,6,0,1657,1657,0,0.7942063971031985,,,,,1997,< 100 mil aptos,interior
RN,16950,2404903.0,ITAÚ,False,15,15,0,3879,3879,0,0.7870585202371745,,,,,4913,< 100 mil aptos,interior
RN,16977,2405009.0,JAÇANÃ,False,19,0,19,4730,0,4730,,0.7678646934460888,,,,6035,< 100 mil aptos,interior
RN,16993,2405108.0,JANDAÍRA,False,19,0,19,4505,0,4505,,0.7256381798002219,,,,5619,< 100 mil aptos,interior
RN,17019,2405207.0,JANDUÍS,False,15,15,0,3423,3423,0,0.8165352030382705,,,,,4338,< 100 mil aptos,interior
RN,17035,2405306.0,BOA SAÚDE,False,25,0,25,5873,0,5873,,0.626596288098076,,,,7494,< 100 mil aptos,interior
RN,17051,2405405.0,JAPI,False,18,0,18,4299,0,4299,,0.8278669458013491,,,,5517,< 100 mil aptos,interior
RN,17078,2405504.0,JARDIM DE ANGICOS,False,10,0,10,2200,0,2200,,0.7890909090909091,,,,2837,< 100 mil aptos,interior
RN,17094,2405603.0,JARDIM DE PIRANHAS,False,34,34,0,8666,8666,0,0.8291022386337411,,,,,10485,< 100 mil aptos,interior
RN,17116,2405702.0,JARDIM DO SERIDÓ,False,32,32,0,8152,8152,0,0.6842492639842983,,,,,9960,< 100 mil aptos,interior
RN,17132,2405801.0,JOÃO CÂMARA,False,88,0,88,20294,0,20294,,0.7225288262540652,,,,25405,< 100 mil aptos,interior
RN,17159,2405900.0,JOÃO DIAS,False,10,10,0,2048,2048,0,0.81640625,,,,,3139,< 100 mil aptos,interior
RN,17175,2406007.0,JOSÉ DA PENHA,False,16,16,0,4129,4129,0,0.8726083797529668,,,,,5196,< 100 mil aptos,interior
RN,17191,2406106.0,JUCURUTU,False,59,59,0,12099,12099,0,0.7418794941730722,,,,,15048,< 100 mil aptos,interior
RN,17213,2407609.0,MESSIAS TARGINO,False,14,14,0,3591,3591,0,0.7039821776663882,,,,,4412,< 100 mil aptos,interior
RN,17230,2406205.0,LAGOA D'ANTA,False,18,0,18,4458,0,4458,,0.7774786899955137,,,,5673,< 100 mil aptos,interior
RN,17256,2406304.0,LAGOA DE PEDRAS,False,22,22,0,5757,5757,0,0.7743616466909848,,,,,7351,< 100 mil aptos,interior
RN,17272,2406403.0,LAGOA DE VELHOS,False,11,0,11,2462,0,2462,,0.6815597075548334,,,,3191,< 100 mil aptos,interior
RN,17299,2406502.0,LAGOA NOVA,False,46,46,0,9437,9437,0,0.7470594468581117,,,,,12200,< 100 mil aptos,interior
RN,17310,2406601.0,LAGOA SALGADA,False,27,27,0,7377,7377,0,0.7195336857801274,,,,,9319,< 100 mil aptos,interior
RN,17337,2406700.0,LAJES,False,28,28,0,6801,6801,0,0.7565063961182179,,,,,8815,< 100 mil aptos,interior
RN,17353,2406809.0,LAJES PINTADAS,False,17,0,17,3990,0,3990,,0.7290726817042607,,,,5071,< 100 mil aptos,interior
RN,17370,2406908.0,LUCRÉCIA,False,12,12,0,2745,2745,0,0.8404371584699454,,,,,3359,< 100 mil aptos,interior
RN,17396,2407005.0,LUÍS GOMES,False,27,27,0,5578,5578,0,0.8797059878092506,,,,,7421,< 100 mil aptos,interior
RN,17418,2407104.0,MACAÍBA,False,167,0,167,42204,0,42204,,0.63982087005971,,,,52303,< 100 mil aptos,interior
RN,17434,2407203.0,MACAU,False,78,78,0,16856,16856,0,0.780671570953963,,,,,22331,< 100 mil aptos,interior
RN,17450,2407302.0,MARCELINO VIEIRA,False,21,21,0,5459,5459,0,0.8708554680344386,,,,,6690,< 100 mil aptos,interior
RN,17477,2407401.0,MARTINS,False,21,21,0,5522,5522,0,0.7721839913074973,,,,,6879,< 100 mil aptos,interior
RN,17493,2407500.0,MAXARANGUAPE,False,30,0,30,7332,0,7332,,0.6659847244953628,,,,9266,< 100 mil aptos,interior
RN,17515,2404002.0,FRUTUOSO GOMES,False,13,13,0,3163,3163,0,0.8327537148276952,,,,,4064,< 100 mil aptos,interior
RN,17531,2407708.0,MONTANHAS,False,34,34,0,7122,7122,0,0.7858747542825049,,,,,9097,< 100 mil aptos,interior
RN,17558,2407807.0,MONTE ALEGRE,False,51,51,0,13674,13674,0,0.636024572180781,,,,,17083,< 100 mil aptos,interior
RN,17574,2407906.0,MONTE DAS GAMELEIRAS,False,9,0,9,2121,0,2121,,0.7147571900047147,,,,2733,< 100 mil aptos,interior
RN,17590,2408003.0,MOSSORÓ,False,540,540,0,150488,150488,0,0.6331468289830419,,,,,183752,≥ 100 mil aptos,interior
RN,17612,2408102.0,NATAL,False,1414,0,1414,466187,0,466187,,0.5295750417750816,,,,584819,≥ 100 mil aptos,capital
RN,17639,2408201.0,NÍSIA FLORESTA,False,64,64,0,16727,16727,0,0.5986130208644707,,,,,21160,< 100 mil aptos,interior
RN,17655,2408300.0,NOVA CRUZ,False,90,90,0,20870,20870,0,0.6873023478677528,,,,,26495,< 100 mil aptos,interior
RN,17671,2408409.0,OLHO D'ÁGUA DO BORGES,False,18,18,0,3392,3392,0,0.8257665094339622,,,,,4319,< 100 mil aptos,interior
RN,17698,2408508.0,OURO BRANCO,False,13,13,0,3498,3498,0,0.7441395082904517,,,,,4215,< 100 mil aptos,interior
RN,17710,2408607.0,PARANÁ,False,13,13,0,3086,3086,0,0.8969539857420609,,,,,4072,< 100 mil aptos,interior
RN,17736,2408706.0,PARAÚ,False,19,19,0,3282,3282,0,0.7407068860450945,,,,,4308,< 100 mil aptos,interior
RN,17752,2408805.0,PARAZINHO,False,16,0,16,4004,0,4004,,0.7137862137862138,,,,5058,< 100 mil aptos,interior
RN,17779,2408904.0,PARELHAS,False,57,57,0,13700,13700,0,0.6072992700729927,,,,,16860,< 100 mil aptos,interior
RN,17795,2403251.0,PARNAMIRIM,False,396,0,396,112525,0,112525,,0.46332814930015553,,,,137497,≥ 100 mil aptos,interior
RN,17817,2409100.0,PASSA E FICA,False,30,30,0,7358,7358,0,0.6581951617287306,,,,,9256,< 100 mil aptos,interior
RN,17833,2409209.0,PASSAGEM,False,12,0,12,2875,0,2875,,0.6643478260869565,,,,3484,< 100 mil aptos,interior
RN,17850,2409308.0,PATU,False,28,28,0,7579,7579,0,0.7643488586884813,,,,,9370,< 100 mil aptos,interior
RN,17876,2409407.0,PAU DOS FERROS,False,63,63,0,16635,16635,0,0.7643522693116922,,,,,20208,< 100 mil aptos,interior
RN,17892,2409506.0,PEDRA GRANDE,False,13,0,13,3033,0,3033,,0.7550280250576986,,,,4024,< 100 mil aptos,interior
RN,17914,2409605.0,PEDRA PRETA,False,10,10,0,2437,2437,0,0.7111202297907263,,,,,3215,< 100 mil aptos,interior
RN,17930,2409704.0,PEDRO AVELINO,False,22,22,0,4468,4468,0,0.7428379588182632,,,,,6605,< 100 mil aptos,interior
RN,17957,,PEDRO VELHO,False,42,42,0,9097,9097,0,0.7471693965043421,,,,,11593,< 100 mil aptos,interior
RN,17973,2409902.0,PENDÊNCIAS,False,38,38,0,8427,8427,0,0.7932834935326926,,,,,10691,< 100 mil aptos,interior
RN,17990,2410009.0,PILÕES,False,12,12,0,2657,2657,0,0.8803161460293564,,,,,3553,< 100 mil aptos,interior
RN,18015,2410108.0,POÇO BRANCO,False,41,0,41,8756,0,8756,,0.8106441297396071,,,,11026,< 100 mil aptos,interior
RN,18031,2410207.0,PORTALEGRE,False,20,20,0,5171,5171,0,0.6967704505898279,,,,,6347,< 100 mil aptos,interior
RN,18058,2410306.0,SERRA CAIADA,False,23,0,23,6678,0,6678,,0.7091943695717281,,,,8340,< 100 mil aptos,interior
RN,18074,2410405.0,PUREZA,False,28,0,28,6052,0,6052,,0.7576007931262393,,,,7873,< 100 mil aptos,interior
RN,18090,2410504.0,RAFAEL FERNANDES,False,14,14,0,4018,4018,0,0.834245893479343,,,,,4791,< 100 mil aptos,interior
RN,18112,2410702.0,RIACHO DA CRUZ,False,8,8,0,2228,2228,0,0.7473070017953322,,,,,2761,< 100 mil aptos,interior
RN,18139,2410801.0,RIACHO DE SANTANA,False,11,11,0,3045,3045,0,0.8591133004926108,,,,,3734,< 100 mil aptos,interior
RN,18155,2410900.0,RIACHUELO,False,20,0,20,5191,0,5191,,0.7224041610479677,,,,6212,< 100 mil aptos,interior
RN,18171,2411007.0,RODOLFO FERNANDES,False,15,15,0,3342,3342,0,0.8081986834231,,,,,4143,< 100 mil aptos,interior
RN,18198,2411106.0,RUY BARBOSA,False,12,0,12,3004,0,3004,,0.5369507323568575,,,,3957,< 100 mil aptos,interior
RN,18210,2411908.0,SÃO FRANCISCO DO OESTE,False,11,11,0,3179,3179,0,0.8081157596728531,,,,,4001,< 100 mil aptos,interior
RN,18236,2411205.0,SANTA CRUZ,False,87,0,87,20957,0,20957,,0.690079686978098,,,,25972,< 100 mil aptos,interior
RN,18252,2411429.0,SANTANA DO SERIDÓ,False,10,10,0,2096,2096,0,0.674618320610687,,,,,2566,< 100 mil aptos,interior
RN,18279,2411403.0,SANTANA DO MATOS,False,40,40,0,8572,8572,0,0.7982967802146523,,,,,11204,< 100 mil aptos,interior
RN,18295,2411502.0,SANTO ANTÔNIO,False,57,0,57,14640,0,14640,,0.730327868852459,,,,17822,< 100 mil aptos,interior
RN,18317,2411601.0,SÃO BENTO DO NORTE,False,12,0,12,2865,0,2865,,0.7636998254799302,,,,3717,< 100 mil aptos,interior
RN,18333,2411700.0,SÃO BENTO DO TRAIRÍ,False,12,0,12,3213,0,3213,,0.7541238717709305,,,,4221,< 100 mil aptos,interior
RN,18350,2411809.0,SÃO FERNANDO,False,11,11,0,2932,2932,0,0.7346521145975443,,,,,3477,< 100 mil aptos,interior
RN,18376,2412005.0,SÃO GONÇALO DO AMARANTE,False,217,0,217,59774,0,59774,,0.5934520025429116,,,,72850,< 100 mil aptos,interior
RN,18392,2412104.0,SÃO JOÃO DO SABUGI,False,17,17,0,4286,4286,0,0.7643490433971069,,,,,5148,< 100 mil aptos,interior
RN,18414,2412203.0,SÃO JOSÉ DE MIPIBU,False,102,102,0,25763,25763,0,0.6310988627100881,,,,,32601,< 100 mil aptos,interior
RN,18430,2412302.0,SÃO JOSÉ DO CAMPESTRE,False,31,0,31,7954,0,7954,,0.6704802615036459,,,,10202,< 100 mil aptos,interior
RN,18457,2412401.0,SÃO JOSÉ DO SERIDÓ,False,12,12,0,3650,3650,0,0.7646575342465753,,,,,4322,< 100 mil aptos,interior
RN,18473,2412500.0,SÃO MIGUEL,False,59,59,0,13327,13327,0,0.8245666691678547,,,,,17885,< 100 mil aptos,interior
RN,18490,2412609.0,SÃO PAULO DO POTENGI,False,43,0,43,11148,0,11148,,0.5702368137782562,,,,13767,< 100 mil aptos,interior
RN,18511,2412708.0,SÃO PEDRO,False,21,0,21,4776,0,4776,,0.7313651591289783,,,,6021,< 100 mil aptos,interior
RN,18538,2412807.0,SÃO RAFAEL,False,23,23,0,5639,5639,0,0.7375421173967015,,,,,7243,< 100 mil aptos,interior
RN,18554,2412906.0,SÃO TOMÉ,False,27,0,27,7198,0,7198,,0.5714087246457349,,,,9625,< 100 mil aptos,interior
RN,18570,2413003.0,SÃO VICENTE,False,20,20,0,4073,4073,0,0.7151976430149767,,,,,5110,< 100 mil aptos,interior
RN,18597,2413102.0,SENADOR ELÓI DE SOUZA,False,15,0,15,4430,0,4430,,0.7246049661399548,,,,5473,< 100 mil aptos,interior
RN,18619,2413201.0,SENADOR GEORGINO AVELINO,False,13,13,0,3110,3110,0,0.6614147909967846,,,,,3811,< 100 mil aptos,interior
RN,18635,2413300.0,SERRA DE SÃO BENTO,False,16,0,16,4263,0,4263,,0.7222613183204316,,,,5545,< 100 mil aptos,interior
RN,18651,2413409.0,SERRA NEGRA DO NORTE,False,22,22,0,4953,4953,0,0.6810014132848778,,,,,6249,< 100 mil aptos,interior
RN,18678,2413508.0,SERRINHA,False,21,0,21,5350,0,5350,,0.7099065420560747,,,,6628,< 100 mil aptos,interior
RN,18694,2413607.0,SEVERIANO MELO,False,27,27,0,5354,5354,0,0.8128502054538662,,,,,6654,< 100 mil aptos,interior
RN,18716,2413706.0,SÍTIO NOVO,False,16,0,16,3771,0,3771,,0.813312118801379,,,,4922,< 100 mil aptos,interior
RN,18732,2413805.0,TABOLEIRO GRANDE,False,10,10,0,2250,2250,0,0.7617777777777778,,,,,2781,< 100 mil aptos,interior
RN,18759,2413904.0,TAIPU,False,34,0,34,8098,0,8098,,0.7885897752531489,,,,10156,< 100 mil aptos,interior
RN,18775,2414001.0,TANGARÁ,False,36,0,36,9034,0,9034,,0.6680318795660837,,,,12156,< 100 mil aptos,interior
RN,18791,2414100.0,TENENTE ANANIAS,False,27,27,0,6025,6025,0,0.7757676348547717,,,,,7768,< 100 mil aptos,interior
RN,18813,2414209.0,TIBAU DO SUL,False,38,38,0,10000,10000,0,0.656,,,,,12504,< 100 mil aptos,interior
RN,18830,2414308.0,TIMBAÚBA DOS BATISTAS,False,7,7,0,2090,2090,0,0.6717703349282297,,,,,2572,< 100 mil aptos,interior
RN,18856,2414407.0,TOUROS,False,83,0,83,20391,0,20391,,0.6401353538325731,,,,26022,< 100 mil aptos,interior
RN,18872,2414506.0,UMARIZAL,False,31,31,0,6756,6756,0,0.8078744819419775,,,,,8585,< 100 mil aptos,interior
RN,18899,2414605.0,UPANEMA,False,38,38,0,9366,9366,0,0.6259876147768525,,,,,11508,< 100 mil aptos,interior
RN,18910,2414704.0,VÁRZEA,False,20,0,20,3861,0,3861,,0.6534576534576535,,,,4755,< 100 mil aptos,interior
RN,18937,2410603.0,RAFAEL GODEIRO,False,11,11,0,2817,2817,0,0.6084487042953497,,,,,3748,< 100 mil aptos,interior
RN,18953,2414803.0,VERA CRUZ,False,31,31,0,8150,8150,0,0.6831901840490797,,,,,10434,< 100 mil aptos,interior
RN,18970,2414902.0,VIÇOSA,False,6,6,0,1400,1400,0,0.805,,,,,1865,< 100 mil aptos,interior
RN,18996,2415008.0,VILA FLOR,False,9,9,0,2405,2405,0,0.7584199584199585,,,,,3101,< 100 mil aptos,interior
RN,30031,2401453.0,BARAÚNA,False,61,61,0,16777,16777,0,0.6911843595398462,,,,,20556,< 100 mil aptos,interior
RO,116,1100189.0,PIMENTA BUENO,False,113,113,0,19859,19859,0,0.24809909864545043,,,,,26480,< 100 mil aptos,interior
RO,132,1100304.0,VILHENA,False,208,208,0,48712,48712,0,0.22569387419937592,,,,,65475,< 100 mil aptos,interior
RO,159,1100114.0,JARU,False,133,133,0,29424,29424,0,0.23154567699836867,,,,,43059,< 100 mil aptos,interior
RO,175,1100155.0,OURO PRETO DO OESTE,False,96,96,0,20503,20503,0,0.2863971126176657,,,,,30340,< 100 mil aptos,interior
RO,19,1100106.0,GUAJARÁ-MIRIM,False,104,104,0,19839,19839,0,0.34467463077776095,,,,,28173,< 100 mil aptos,interior
RO,191,1100254.0,PRESIDENTE MÉDICI,False,56,0,56,11261,0,11261,,0.26720539916526065,,,,15599,< 100 mil aptos,interior
RO,213,1100080.0,COSTA MARQUES,False,36,36,0,6645,6645,0,0.3649360421369451,,,,,9507,< 100 mil aptos,interior
RO,230,1100064.0,COLORADO DO OESTE,False,40,40,0,9859,9859,0,0.2643270108530277,,,,,13745,< 100 mil aptos,interior
RO,256,1100098.0,ESPIGÃO DO OESTE,False,86,86,0,17807,17807,0,0.23653619363171785,,,,,23903,< 100 mil aptos,interior
RO,272,1100056.0,CEREJEIRAS,False,49,49,0,9844,9844,0,0.20215359609914668,,,,,12930,< 100 mil aptos,interior
RO,299,1100288.0,ROLIM DE MOURA,False,136,136,0,29537,29537,0,0.25964045095981314,,,,,40506,< 100 mil aptos,interior
RO,310,1100015.0,ALTA FLORESTA D'OESTE,False,72,72,0,13727,13727,0,0.2884097035040431,,,,,19399,< 100 mil aptos,interior
RO,337,1100346.0,ALVORADA DO OESTE,False,34,34,0,8239,8239,0,0.35598980458793544,,,,,11871,< 100 mil aptos,interior
RO,35,1100205.0,PORTO VELHO,True,1159,124,1035,261935,24707,237228,0.29930788845266526,0.35932099077680546,-6.00131023241402,0.7616384169362062,-0.272283354371424,350722,≥ 100 mil aptos,capital
RO,353,1100296.0,SANTA LUZIA D'OESTE,False,21,21,0,4836,4836,0,0.3416046319272126,,,,,6835,< 100 mil aptos,interior
RO,370,1100148.0,NOVA BRASILÂNDIA D'OESTE,False,47,47,0,10311,10311,0,0.2767917757734458,,,,,14085,< 100 mil aptos,interior
RO,396,1100130.0,MACHADINHO D'OESTE,False,79,79,0,16240,16240,0,0.29248768472906406,,,,,23639,< 100 mil aptos,interior
RO,418,1100320.0,SÃO MIGUEL DO GUAPORÉ,False,57,57,0,12562,12562,0,0.31826142334023244,,,,,17395,< 100 mil aptos,interior
RO,434,1100338.0,NOVA MAMORÉ,False,60,60,0,13123,13123,0,0.22075744875409586,,,,,18003,< 100 mil aptos,interior
RO,450,1100031.0,CABIXI,False,14,14,0,3511,3511,0,0.3150099686698946,,,,,4781,< 100 mil aptos,interior
RO,477,1100809.0,CANDEIAS DO JAMARI,False,60,60,0,12988,12988,0,0.3762704034493379,,,,,18896,< 100 mil aptos,interior
RO,493,1101104.0,ITAPUÃ DO OESTE,False,24,24,0,4378,4378,0,0.3750571037003198,,,,,6447,< 100 mil aptos,interior
RO,51,1100122.0,JI-PARANÁ,False,301,0,301,68126,0,68126,,0.2452954819011831,,,,92356,< 100 mil aptos,interior
RO,515,1100502.0,NOVO HORIZONTE DO OESTE,False,21,21,0,5271,5271,0,0.3507873268829444,,,,,6839,< 100 mil aptos,interior
RO,531,1100908.0,CASTANHEIRAS,False,12,12,0,2218,2218,0,0.3886384129846709,,,,,3076,< 100 mil aptos,interior
RO,558,1101807.0,VALE DO PARAÍSO,False,23,23,0,4335,4335,0,0.3522491349480969,,,,,6178,< 100 mil aptos,interior
RO,566,1101708.0,URUPÁ,False,33,33,0,6624,6624,0,0.33544685990338163,,,,,9543,< 100 mil aptos,interior
RO,574,1101302.0,MIRANTE DA SERRA,False,35,35,0,6339,6339,0,0.3711941946679287,,,,,9138,< 100 mil aptos,interior
RO,582,1101500.0,SERINGUEIRAS,False,36,36,0,7191,7191,0,0.3432067862606035,,,,,10069,< 100 mil aptos,interior
RO,590,1101609.0,THEOBROMA,False,31,31,0,5600,5600,0,0.31857142857142856,,,,,8054,< 100 mil aptos,interior
RO,604,1101203.0,MINISTRO ANDREAZZA,False,19,19,0,4542,4542,0,0.34544253632760896,,,,,6002,< 100 mil aptos,interior
RO,612,1101005.0,GOVERNADOR JORGE TEIXEIRA,False,29,29,0,5165,5165,0,0.29816069699903197,,,,,7422,< 100 mil aptos,interior
RO,620,1100601.0,CACAULÂNDIA,False,16,16,0,2902,2902,0,0.23845623707787733,,,,,3947,< 100 mil aptos,interior
RO,639,1100403.0,ALTO PARAÍSO,False,43,43,0,8405,8405,0,0.23735871505056513,,,,,11746,< 100 mil aptos,interior
RO,647,1100262.0,RIO CRESPO,False,11,11,0,2342,2342,0,0.2519214346712212,,,,,3323,< 100 mil aptos,interior
RO,655,1100072.0,CORUMBIARA,False,24,24,0,4207,4207,0,0.3622533872117899,,,,,5621,< 100 mil aptos,interior
RO,663,1101401.0,MONTE NEGRO,False,38,38,0,7071,7071,0,0.24932824211568377,,,,,10083,< 100 mil aptos,interior
RO,671,1100700.0,CAMPO NOVO DE RONDÔNIA,False,28,28,0,5403,5403,0,0.27743846011475104,,,,,7748,< 100 mil aptos,interior
RO,680,1100940.0,CUJUBIM,False,36,36,0,7547,7547,0,0.2290976546972307,,,,,11120,< 100 mil aptos,interior
RO,698,1101757.0,VALE DO ANARI,False,21,21,0,4543,4543,0,0.28879594981289897,,,,,6382,< 100 mil aptos,interior
RO,701,1101450.0,PARECIS,False,15,15,0,2309,2309,0,0.3915114768297964,,,,,3269,< 100 mil aptos,interior
RO,710,1101484.0,SÃO FELIPE D'OESTE,False,13,13,0,3368,3368,0,0.31918052256532065,,,,,4437,< 100 mil aptos,interior
RO,728,1101476.0,PRIMAVERA DE RONDÔNIA,False,13,13,0,2189,2189,0,0.2553677478300594,,,,,2877,< 100 mil aptos,interior
RO,736,1100379.0,ALTO ALEGRE DOS PARECIS,False,30,30,0,6226,6226,0,0.3194667523289431,,,,,8354,< 100 mil aptos,interior
RO,744,1101435.0,NOVA UNIÃO,False,19,19,0,4039,4039,0,0.4342659074028225,,,,,5566,< 100 mil aptos,interior
RO,752,1101559.0,TEIXEIRÓPOLIS,False,16,16,0,2988,2988,0,0.36813922356091033,,,,,4088,< 100 mil aptos,interior
RO,779,1100452.0,BURITIS,False,76,76,0,15739,15739,0,0.20712878836012452,,,,,22967,< 100 mil aptos,interior
RO,78,1100023.0,ARIQUEMES,False,261,0,261,50414,0,50414,,0.20853334391240527,,,,69784,< 100 mil aptos,interior
RO,787,1101468.0,PIMENTEIRAS DO OESTE,False,8,8,0,1438,1438,0,0.3442280945757997,,,,,1989,< 100 mil aptos,interior
RO,795,1101492.0,SÃO FRANCISCO DO GUAPORÉ,False,45,45,0,9104,9104,0,0.2827328646748682,,,,,12557,< 100 mil aptos,interior
RO,809,1100924.0,CHUPINGUAIA,False,26,26,0,4938,4938,0,0.32118266504657755,,,,,7344,< 100 mil aptos,interior
RO,94,1100049.0,CACOAL,False,235,235,0,50417,50417,0,0.24668266656088225,,,,,66503,< 100 mil aptos,interior
RR,3000,1400233.0,CAROEBE,True,26,9,17,5154,1532,3622,0.2597911227154047,0.1714522363335174,8.833888638188734,1.6960725006887112,0.5283152845036287,6482,< 100 mil aptos,interior
RR,3018,1400100.0,BOA VISTA,False,741,0,741,182211,0,182211,,0.2053224009527416,,,,233102,≥ 100 mil aptos,capital
RR,3026,1400282.0,IRACEMA,True,23,7,16,4238,1230,3008,0.23658536585365852,0.3214760638297872,-8.489069797612869,0.6540996659739453,-0.42449554468021994,5760,< 100 mil aptos,interior
RR,3034,1400209.0,CARACARAÍ,True,55,17,38,9806,2901,6905,0.37469837986901067,0.23779869659666908,13.689968327234158,1.9206687866868462,0.6526734517875329,14136,< 100 mil aptos,interior
RR,3042,1400027.0,AMAJARI,True,27,17,10,4676,2779,1897,0.2533285354444045,0.1908276225619399,6.250091288246456,1.4386474073087931,0.36370337168877015,6495,< 100 mil aptos,interior
RR,3050,1400050.0,ALTO ALEGRE,True,43,20,23,8153,3626,4527,0.29398786541643684,0.23348796112215595,6.04999042942809,1.3670101111636708,0.31262595432284895,10907,< 100 mil aptos,interior
RR,3069,1400175.0,CANTÁ,True,53,39,14,9767,7286,2481,0.29206697776557783,0.21442966545747683,7.7637312308101,1.51143854207057,0.41306187418616136,13345,< 100 mil aptos,interior
RR,3077,1400159.0,BONFIM,True,41,25,16,7581,4427,3154,0.4187937655297041,0.16740646797717185,25.138729755253227,3.583692541426704,1.2763937050005363,10200,< 100 mil aptos,interior
RR,3085,1400472.0,RORAINÓPOLIS,True,80,26,54,14789,4265,10524,0.32145369284876907,0.24467882934245533,7.677486350631374,1.4624269831791252,0.38009737284616135,20467,< 100 mil aptos,interior
RR,3093,1400308.0,MUCAJAÍ,True,44,12,32,9403,2516,6887,0.20786963434022257,0.21315521997967185,-0.5285585639449281,0.9686959535485917,-0.03180448975621851,12439,< 100 mil aptos,interior
RR,3107,1400704.0,UIRAMUTÃ,False,26,26,0,5176,5176,0,0.6819938176197836,,,,,6329,< 100 mil aptos,interior
RR,3115,1400407.0,NORMANDIA,True,30,17,13,6043,3285,2758,0.523896499238965,0.2918781725888325,23.20183266501325,2.6696263760702768,0.9819385285643986,7644,< 100 mil aptos,interior
RR,3123,1400456.0,PACARAIMA,True,36,15,21,6003,2684,3319,0.5126676602086438,0.2377222054835794,27.49454547250645,3.3732941089832287,1.2158897473518366,8428,< 100 mil aptos,interior
RR,3131,1400506.0,SÃO JOÃO DA BALIZA,False,21,0,21,3694,0,3694,,0.3310774228478614,,,,4936,< 100 mil aptos,interior
RR,3158,1400605.0,SÃO LUIZ,True,22,7,15,3952,1050,2902,0.4266666666666667,0.22398345968297725,20.268320698368942,2.578318425760286,0.9471374134760623,5971,< 100 mil aptos,interior
RS,84735,4301552.0,ÁUREA,False,11,11,0,2718,2718,0,0.398822663723326,,,,,3104,< 100 mil aptos,interior
RS,84743,4321634.0,TRÊS ARROIOS,False,8,8,0,2054,2054,0,0.31791626095423564,,,,,2456,< 100 mil aptos,interior
RS,84751,4313359.0,NOVA ROMA DO SUL,False,11,11,0,2629,2629,0,0.22365918600228224,,,,,3061,< 100 mil aptos,interior
RS,84760,4315156.0,PROGRESSO,False,24,24,0,4222,4222,0,0.47063003315963997,,,,,4931,< 100 mil aptos,interior
RS,84778,4314555.0,PIRAPÓ,False,11,11,0,1684,1684,0,0.5795724465558195,,,,,2285,< 100 mil aptos,interior
RS,84786,4310850.0,JABOTICABA,False,13,13,0,2611,2611,0,0.5013404825737265,,,,,3240,< 100 mil aptos,interior
RS,84794,4318440.0,SÃO JORGE,False,7,7,0,2141,2141,0,0.20270901447921533,,,,,2453,< 100 mil aptos,interior
RS,84808,4300554.0,ALTO ALEGRE,False,7,7,0,1464,1464,0,0.4426229508196721,,,,,1765,< 100 mil aptos,interior
RS,84816,4313060.0,NOVA HARTZ,False,44,44,0,11969,11969,0,0.3844932742919208,,,,,14448,< 100 mil aptos,interior
RS,84824,4306452.0,DOIS LAJEADOS,False,9,9,0,2488,2488,0,0.2335209003215434,,,,,2996,< 100 mil aptos,interior
RS,84832,4318051.0,SÃO DOMINGOS DO SUL,False,9,9,0,2200,2200,0,0.35909090909090907,,,,,2624,< 100 mil aptos,interior
RS,84840,4322152.0,TUNAS,False,14,14,0,2686,2686,0,0.6291883842144452,,,,,3343,< 100 mil aptos,interior
RS,84859,4318424.0,SÃO JOÃO DA URTIGA,False,14,14,0,3463,3463,0,0.36326884204447013,,,,,4127,< 100 mil aptos,interior
RS,84867,4309258.0,GUABIJU,False,4,4,0,1168,1168,0,0.2482876712328767,,,,,1401,< 100 mil aptos,interior
RS,84875,4315354.0,QUINZE DE NOVEMBRO,False,11,11,0,2994,2994,0,0.2942551770207081,,,,,3610,< 100 mil aptos,interior
RS,84883,4306734.0,DOUTOR MAURÍCIO CARDOSO,False,17,17,0,3244,3244,0,0.35172626387176326,,,,,3937,< 100 mil aptos,interior
RS,84891,4304689.0,CAPELA DE SANTANA,False,25,25,0,6338,6338,0,0.4521931208583149,,,,,7757,< 100 mil aptos,interior
RS,84905,4311122.0,JAQUIRANA,False,14,14,0,2639,2639,0,0.46949602122015915,,,,,3491,< 100 mil aptos,interior
RS,84913,4322558.0,VANINI,False,6,6,0,1668,1668,0,0.33573141486810554,,,,,2027,< 100 mil aptos,interior
RS,84921,4302451.0,BOQUEIRÃO DO LEÃO,False,23,23,0,4487,4487,0,0.45286382883886783,,,,,5439,< 100 mil aptos,interior
RS,84930,4307864.0,FAGUNDES VARELA,False,8,8,0,2063,2063,0,0.2084343189529811,,,,,2350,< 100 mil aptos,interior
RS,84948,4300059.0,ÁGUA SANTA,False,13,13,0,2683,2683,0,0.30376444278792397,,,,,3097,< 100 mil aptos,interior
RS,84956,4320651.0,SILVEIRA MARTINS,False,9,0,9,1788,0,1788,,0.4021252796420582,,,,2230,< 100 mil aptos,interior
RS,84964,4309951.0,IBIRAPUITÃ,False,14,14,0,2879,2879,0,0.4511983327544286,,,,,3511,< 100 mil aptos,interior
RS,84972,4309753.0,IBARAMA,False,16,16,0,2907,2907,0,0.4740282077743378,,,,,3566,< 100 mil aptos,interior
RS,84980,4313953.0,PANTANO GRANDE,False,29,29,0,6368,6368,0,0.5849560301507538,,,,,8243,< 100 mil aptos,interior
RS,84999,4310439.0,IPÊ,False,19,19,0,4526,4526,0,0.2247017233760495,,,,,5469,< 100 mil aptos,interior
RS,85006,4321956.0,TRINDADE DO SUL,False,15,15,0,4233,4233,0,0.5206709189699976,,,,,5125,< 100 mil aptos,interior
RS,85014,4300109.0,AGUDO,False,48,48,0,10564,10564,0,0.4182127981825066,,,,,12418,< 100 mil aptos,interior
RS,85022,4307054.0,ERNESTINA,False,10,0,10,2340,0,2340,,0.44529914529914527,,,,2822,< 100 mil aptos,interior
RS,85030,4300208.0,AJURICABA,False,21,21,0,4929,4929,0,0.33678230878474336,,,,,5900,< 100 mil aptos,interior
RS,85049,4306353.0,DEZESSEIS DE NOVEMBRO,False,12,12,0,1991,1991,0,0.5549974886991461,,,,,2562,< 100 mil aptos,interior
RS,85057,4300307.0,ALECRIM,False,28,28,0,4542,4542,0,0.46917657419638925,,,,,5475,< 100 mil aptos,interior
RS,85065,4302659.0,BROCHIER,False,15,15,0,3222,3222,0,0.38361266294227186,,,,,3875,< 100 mil aptos,interior
RS,85073,4300406.0,ALEGRETE,False,193,193,0,41201,41201,0,0.528797844712507,,,,,58207,< 100 mil aptos,interior
RS,85081,4306973.0,EREBANGO,False,8,8,0,2052,2052,0,0.3913255360623782,,,,,2532,< 100 mil aptos,interior
RS,85090,4300505.0,ALPESTRE,False,22,22,0,4947,4947,0,0.5055589246007681,,,,,6225,< 100 mil aptos,interior
RS,85103,4306932.0,ENTRE-IJUÍS,False,26,26,0,5871,5871,0,0.457162323283938,,,,,7274,< 100 mil aptos,interior
RS,85111,4300604.0,ALVORADA,False,419,419,0,103187,103187,0,0.4964869605667381,,,,,138031,≥ 100 mil aptos,interior
RS,85120,4313037.0,NOVA ESPERANÇA DO SUL,False,13,13,0,3342,3342,0,0.46618791143028127,,,,,4242,< 100 mil aptos,interior
RS,85138,4300703.0,ANTA GORDA,False,16,16,0,4043,4043,0,0.17759089784813256,,,,,4781,< 100 mil aptos,interior
RS,85146,4314159.0,PAVERAMA,False,21,21,0,4646,4646,0,0.39991390443392166,,,,,5848,< 100 mil aptos,interior
RS,85154,4300802.0,ANTÔNIO PRADO,False,40,40,0,9015,9015,0,0.19678313921242374,,,,,10541,< 100 mil aptos,interior
RS,85162,4321436.0,TERRA DE AREIA,False,25,25,0,5978,5978,0,0.39979926396788223,,,,,7604,< 100 mil aptos,interior
RS,85170,4300901.0,ARATIBA,False,20,20,0,5253,5253,0,0.42547115933752144,,,,,6274,< 100 mil aptos,interior
RS,85189,4309555.0,HARMONIA,False,12,12,0,3382,3382,0,0.28503843879361324,,,,,3911,< 100 mil aptos,interior
RS,85197,4301008.0,ARROIO DO MEIO,False,53,53,0,13631,13631,0,0.3206661286772797,,,,,16610,< 100 mil aptos,interior
RS,85200,4304101.0,CAMPOS BORGES,False,11,11,0,2524,2524,0,0.46077654516640254,,,,,3163,< 100 mil aptos,interior
RS,85219,4301107.0,ARROIO DOS RATOS,False,36,36,0,7727,7727,0,0.5374660282127605,,,,,10307,< 100 mil aptos,interior
RS,85227,4305157.0,CERRO GRANDE,False,8,8,0,2245,2245,0,0.5732739420935412,,,,,2575,< 100 mil aptos,interior
RS,85235,4301206.0,ARROIO DO TIGRE,False,39,39,0,8291,8291,0,0.42310939573031,,,,,10354,< 100 mil aptos,interior
RS,85243,4310462.0,IPIRANGA DO SUL,False,7,7,0,1678,1678,0,0.2133492252681764,,,,,1963,< 100 mil aptos,interior
RS,85251,4301305.0,ARROIO GRANDE,False,52,52,0,11312,11312,0,0.626060820367751,,,,,14744,< 100 mil aptos,interior
RS,85260,4311254.0,LAGOÃO,False,20,20,0,3615,3615,0,0.6567081604426003,,,,,4591,< 100 mil aptos,interior
RS,85278,4301404.0,ARVOREZINHA,False,29,29,0,7108,7108,0,0.33680360157568934,,,,,8653,< 100 mil aptos,interior
RS,85286,4307559.0,ESTAÇÃO,False,16,16,0,4025,4025,0,0.31229813664596273,,,,,4854,< 100 mil aptos,interior
RS,85294,4301503.0,AUGUSTO PESTANA,False,26,26,0,5014,5014,0,0.3155165536497806,,,,,5769,< 100 mil aptos,interior
RS,85308,4301057.0,ARROIO DO SAL,False,25,25,0,6007,6007,0,0.3647411353421009,,,,,7848,< 100 mil aptos,interior
RS,85316,4301602.0,BAGÉ,False,273,273,0,65752,65752,0,0.5369114247475362,,,,,91075,< 100 mil aptos,interior
RS,85324,4318481.0,SÃO JOSÉ DO HORTÊNCIO,False,11,11,0,3120,3120,0,0.20416666666666666,,,,,3525,< 100 mil aptos,interior
RS,85332,4301701.0,BARÃO DE COTEGIPE,False,20,20,0,4527,4527,0,0.39231278992710406,,,,,5401,< 100 mil aptos,interior
RS,85340,4314456.0,PINHAL,False,6,6,0,1919,1919,0,0.42365815528921313,,,,,2315,< 100 mil aptos,interior
RS,85359,4301800.0,BARRACÃO,False,16,16,0,3407,3407,0,0.4878191957734077,,,,,4358,< 100 mil aptos,interior
RS,85367,4321667.0,TRÊS CACHOEIRAS,False,27,27,0,6742,6742,0,0.2794423019875408,,,,,7870,< 100 mil aptos,interior
RS,85375,4301909.0,BARRA DO RIBEIRO,False,33,33,0,7686,7686,0,0.4679937548790008,,,,,10330,< 100 mil aptos,interior
RS,85383,4319752.0,SÃO VENDELINO,False,7,7,0,1922,1922,0,0.2861602497398543,,,,,2282,< 100 mil aptos,interior
RS,85391,4302006.0,BARROS CASSAL,False,29,29,0,6437,6437,0,0.5392263476774896,,,,,8418,< 100 mil aptos,interior
RS,85405,4315172.0,PROTÁSIO ALVES,False,6,6,0,1615,1615,0,0.19195046439628483,,,,,1879,< 100 mil aptos,interior
RS,85413,4302105.0,BENTO GONÇALVES,False,265,0,265,73844,0,73844,,0.24203726775364282,,,,91497,< 100 mil aptos,interior
RS,85421,4315131.0,POUSO NOVO,False,6,6,0,1378,1378,0,0.4397677793904209,,,,,1631,< 100 mil aptos,interior
RS,85430,4302204.0,BOA VISTA DO BURICÁ,False,19,19,0,4720,4720,0,0.35233050847457625,,,,,5521,< 100 mil aptos,interior
RS,85448,4307831.0,EUGÊNIO DE CASTRO,False,8,8,0,1971,1971,0,0.40081177067478435,,,,,2458,< 100 mil aptos,interior
RS,85456,4302303.0,BOM JESUS,False,34,34,0,6308,6308,0,0.48319594166138236,,,,,8352,< 100 mil aptos,interior
RS,85464,4306056.0,CRISTAL,False,19,19,0,4766,4766,0,0.47733948804028536,,,,,6346,< 100 mil aptos,interior
RS,85472,4302402.0,BOM RETIRO DO SUL,False,34,34,0,7821,7821,0,0.36184631121339983,,,,,9785,< 100 mil aptos,interior
RS,85480,4319158.0,SÃO MIGUEL DAS MISSÕES,False,20,20,0,4684,4684,0,0.5247651579846285,,,,,5823,< 100 mil aptos,interior
RS,85499,4302501.0,BOSSOROCA,False,23,23,0,3862,3862,0,0.5771620921802175,,,,,5106,< 100 mil aptos,interior
RS,85502,4309050.0,GLORINHA,False,19,0,19,5096,0,5096,,0.3237833594976452,,,,6526,< 100 mil aptos,interior
RS,85510,4302600.0,BRAGA,False,12,12,0,2181,2181,0,0.597890875745071,,,,,2844,< 100 mil aptos,interior
RS,85529,4320263.0,SEGREDO,False,28,28,0,4472,4472,0,0.47741502683363146,,,,,5553,< 100 mil aptos,interior
RS,85537,4302709.0,BUTIÁ,False,46,46,0,11301,11301,0,0.5615432262631626,,,,,14836,< 100 mil aptos,interior
RS,85545,4300455.0,ALEGRIA,False,14,14,0,2680,2680,0,0.4873134328358209,,,,,3285,< 100 mil aptos,interior
RS,85553,4302808.0,CAÇAPAVA DO SUL,False,92,92,0,19061,19061,0,0.6277215256282461,,,,,25191,< 100 mil aptos,interior
RS,85561,4316436.0,SALDANHA MARINHO,False,9,9,0,2263,2263,0,0.3698630136986301,,,,,2664,< 100 mil aptos,interior
RS,85570,4302907.0,CACEQUI,False,32,32,0,6425,6425,0,0.5491050583657587,,,,,8561,< 100 mil aptos,interior
RS,85588,4318465.0,SÃO JOSÉ DO HERVAL,False,7,7,0,1514,1514,0,0.5184940554821664,,,,,2070,< 100 mil aptos,interior
RS,85596,4303004.0,CACHOEIRA DO SUL,False,216,216,0,47512,47512,0,0.39899393837346353,,,,,66730,< 100 mil aptos,interior
RS,85600,4323507.0,VISTA ALEGRE,False,9,9,0,2102,2102,0,0.549476688867745,,,,,2475,< 100 mil aptos,interior
RS,85618,4303103.0,CACHOEIRINHA,False,276,0,276,78990,0,78990,,0.4144068869477149,,,,104373,≥ 100 mil aptos,interior
RS,85626,4310751.0,IVORÁ,False,8,8,0,1434,1434,0,0.4909344490934449,,,,,1864,< 100 mil aptos,interior
RS,85634,4303202.0,CACIQUE DOBLE,False,14,14,0,3288,3288,0,0.39233576642335766,,,,,3980,< 100 mil aptos,interior
RS,85642,4323408.0,VILA MARIA,False,14,14,0,3020,3020,0,0.31920529801324504,,,,,3568,< 100 mil aptos,interior
RS,85650,4303301.0,CAIBATÉ,False,16,16,0,3244,3244,0,0.531442663378545,,,,,4000,< 100 mil aptos,interior
RS,85669,4321329.0,TAQUARUÇU DO SUL,False,10,10,0,2327,2327,0,0.4658358401375161,,,,,2717,< 100 mil aptos,interior
RS,85677,4303400.0,CAIÇARA,False,16,16,0,3534,3534,0,0.40633842671194115,,,,,4264,< 100 mil aptos,interior
RS,85685,4310330.0,IMBÉ,False,56,56,0,14917,14917,0,0.4218006301535161,,,,,20732,< 100 mil aptos,interior
RS,85693,4303509.0,CAMAQUÃ,False,165,165,0,38396,38396,0,0.406969475987082,,,,,50612,< 100 mil aptos,interior
RS,85707,4320230.0,SEDE NOVA,False,11,11,0,2010,2010,0,0.4835820895522388,,,,,2409,< 100 mil aptos,interior
RS,85715,4303608.0,CAMBARÁ DO SUL,False,19,19,0,3920,3920,0,0.34183673469387754,,,,,4933,< 100 mil aptos,interior
RS,85723,4322251.0,TUPANDI,False,13,13,0,3630,3630,0,0.2115702479338843,,,,,4238,< 100 mil aptos,interior
RS,85731,4303707.0,CAMPINA DAS MISSÕES,False,27,27,0,4243,4243,0,0.44049021918453923,,,,,5133,< 100 mil aptos,interior
RS,85740,4315750.0,RIOZINHO,False,14,14,0,3289,3289,0,0.44816053511705684,,,,,4016,< 100 mil aptos,interior
RS,85758,4303806.0,CAMPINAS DO SUL,False,18,18,0,3885,3885,0,0.26151866151866154,,,,,4595,< 100 mil aptos,interior
RS,85766,4315453.0,RELVADO,False,8,8,0,1641,1641,0,0.2870201096892139,,,,,2041,< 100 mil aptos,interior
RS,85774,4303905.0,CAMPO BOM,False,162,162,0,41702,41702,0,0.32039230732338975,,,,,52775,< 100 mil aptos,interior
RS,85782,4310363.0,IMIGRANTE,False,8,8,0,2081,2081,0,0.33493512734262376,,,,,2684,< 100 mil aptos,interior
RS,85790,4304002.0,CAMPO NOVO,False,16,16,0,3157,3157,0,0.5137789040228065,,,,,4095,< 100 mil aptos,interior
RS,85804,4305454.0,CIDREIRA,False,38,38,0,7807,7807,0,0.49750224157807094,,,,,11224,< 100 mil aptos,interior
RS,85812,4304200.0,CANDELÁRIA,False,85,85,0,17573,17573,0,0.4125078245034997,,,,,22402,< 100 mil aptos,interior
RS,85820,4312351.0,MONTAURI,False,5,5,0,1238,1238,0,0.23424878836833601,,,,,1475,< 100 mil aptos,interior
RS,85839,4304309.0,CÂNDIDO GODÓI,False,26,26,0,4862,4862,0,0.30522418757712877,,,,,5526,< 100 mil aptos,interior
RS,85847,4323705.0,VISTA GAÚCHA,False,13,13,0,2090,2090,0,0.47416267942583734,,,,,2647,< 100 mil aptos,interior
RS,85855,4304408.0,CANELA,False,97,0,97,25417,0,25417,,0.33363496872172166,,,,34291,< 100 mil aptos,interior
RS,85863,4323606.0,VISTA ALEGRE DO PRATA,False,5,5,0,1355,1355,0,0.2523985239852399,,,,,1598,< 100 mil aptos,interior
RS,85871,4304507.0,CANGUÇU,False,156,156,0,32906,32906,0,0.4143925120038899,,,,,44235,< 100 mil aptos,interior
RS,85880,4304952.0,CASEIROS,False,10,10,0,2511,2511,0,0.40183193946634804,,,,,3086,< 100 mil aptos,interior
RS,85898,4304606.0,CANOAS,False,753,0,753,196994,0,196994,,0.45103404164593847,,,,258563,≥ 100 mil aptos,interior
RS,85901,4310553.0,ITACURUBI,False,12,12,0,2043,2043,0,0.5066079295154186,,,,,2676,< 100 mil aptos,interior
RS,85910,4304705.0,CARAZINHO,False,149,149,0,36846,36846,0,0.39575530586766544,,,,,47127,< 100 mil aptos,interior
RS,85928,4306957.0,ENTRE RIOS DO SUL,False,9,9,0,2081,2081,0,0.4944738106679481,,,,,2652,< 100 mil aptos,interior
RS,85936,4304804.0,CARLOS BARBOSA,False,72,72,0,19409,19409,0,0.2540573960533773,,,,,22754,< 100 mil aptos,interior
RS,85944,4305173.0,CERRO GRANDE DO SUL,False,23,23,0,5552,5552,0,0.47496397694524495,,,,,6925,< 100 mil aptos,interior
RS,85952,4304903.0,CASCA,False,22,22,0,6305,6305,0,0.2772402854877082,,,,,7624,< 100 mil aptos,interior
RS,85960,4303558.0,CAMARGO,False,11,11,0,2105,2105,0,0.3548693586698337,,,,,2494,< 100 mil aptos,interior
RS,85979,4305009.0,CATUÍPE,False,33,33,0,6260,6260,0,0.4282747603833866,,,,,7499,< 100 mil aptos,interior
RS,85987,4314027.0,PARAÍSO DO SUL,False,21,21,0,4420,4420,0,0.3760180995475113,,,,,5327,< 100 mil aptos,interior
RS,85995,4305108.0,CAXIAS DO SUL,False,1094,0,1094,271854,0,271854,,0.3357022519440582,,,,344640,≥ 100 mil aptos,interior
RS,86010,4305207.0,CERRO LARGO,False,39,39,0,8196,8196,0,0.5001220107369448,,,,,10032,< 100 mil aptos,interior
RS,86029,4308052.0,FAXINALZINHO,False,8,8,0,1873,1873,0,0.398825413774693,,,,,2332,< 100 mil aptos,interior
RS,86037,4305306.0,CHAPADA,False,29,29,0,6523,6523,0,0.3757473555112678,,,,,7770,< 100 mil aptos,interior
RS,86045,4300638.0,AMARAL FERRADOR,False,15,15,0,3503,3503,0,0.49842991721381674,,,,,4624,< 100 mil aptos,interior
RS,86053,4305405.0,CHIAPETTA,False,13,13,0,2836,2836,0,0.443935119887165,,,,,3493,< 100 mil aptos,interior
RS,86061,4323309.0,VILA FLORES,False,12,12,0,2857,2857,0,0.21876093804690233,,,,,3286,< 100 mil aptos,interior
RS,86070,4305504.0,CIRÍACO,False,14,14,0,3048,3048,0,0.4094488188976378,,,,,3688,< 100 mil aptos,interior
RS,86088,4305132.0,CERRO BRANCO,False,19,19,0,2838,2838,0,0.39323467230443976,,,,,3656,< 100 mil aptos,interior
RS,86096,4305603.0,COLORADO,False,11,11,0,2522,2522,0,0.2934179222839017,,,,,3031,< 100 mil aptos,interior
RS,86100,4300661.0,ANDRÉ DA ROCHA,False,4,4,0,1053,1053,0,0.30389363722697055,,,,,1321,< 100 mil aptos,interior
RS,86118,4305702.0,CONDOR,False,19,19,0,4607,4607,0,0.3768178858259171,,,,,5887,< 100 mil aptos,interior
RS,86126,4314753.0,POÇO DAS ANTAS,False,7,7,0,1627,1627,0,0.281499692685925,,,,,1996,< 100 mil aptos,interior
RS,86134,4305801.0,CONSTANTINA,False,25,25,0,6752,6752,0,0.44075829383886256,,,,,8235,< 100 mil aptos,interior
RS,86142,4321857.0,TRÊS PALMEIRAS,False,12,12,0,3218,3218,0,0.5484773151025482,,,,,3883,< 100 mil aptos,interior
RS,86150,4305900.0,CORONEL BICACO,False,24,24,0,4685,4685,0,0.5186766275346851,,,,,6012,< 100 mil aptos,interior
RS,86169,4312757.0,NOVA ALVORADA,False,10,10,0,2339,2339,0,0.2689183411714408,,,,,2742,< 100 mil aptos,interior
RS,86177,4306007.0,CRISSIUMAL,False,45,45,0,8434,8434,0,0.44937159117856296,,,,,10745,< 100 mil aptos,interior
RS,86185,4312450.0,MORRO REDONDO,False,22,0,22,4047,0,4047,,0.41191005683222137,,,,5276,< 100 mil aptos,interior
RS,86193,4306106.0,CRUZ ALTA,False,156,156,0,35549,35549,0,0.46004107007229456,,,,,47449,< 100 mil aptos,interior
RS,86207,4316956.0,SANTA MARIA DO HERVAL,False,19,19,0,4454,4454,0,0.3464301751234845,,,,,5169,< 100 mil aptos,interior
RS,86215,4306205.0,CRUZEIRO DO SUL,False,39,39,0,7756,7756,0,0.35263022176379577,,,,,9468,< 100 mil aptos,interior
RS,86223,4301651.0,BARÃO,False,17,17,0,4218,4218,0,0.2773826458036984,,,,,4943,< 100 mil aptos,interior
RS,86231,4306304.0,DAVID CANABARRO,False,12,12,0,3325,3325,0,0.3921804511278196,,,,,3983,< 100 mil aptos,interior
RS,86240,4306767.0,ELDORADO DO SUL,False,75,0,75,20346,0,20346,,0.487073626265605,,,,25997,< 100 mil aptos,interior
RS,86258,4306403.0,DOIS IRMÃOS,False,83,83,0,20404,20404,0,0.3286610468535581,,,,,24722,< 100 mil aptos,interior
RS,86274,4306502.0,DOM FELICIANO,False,36,36,0,8018,8018,0,0.5328011973060613,,,,,10420,< 100 mil aptos,interior
RS,86282,4300570.0,ALTO FELIZ,False,8,8,0,2253,2253,0,0.24545051043053706,,,,,2751,< 100 mil aptos,interior
RS,86290,4306601.0,DOM PEDRITO,False,110,110,0,21197,21197,0,0.5339906590555267,,,,,29742,< 100 mil aptos,interior
RS,86304,4300646.0,AMETISTA DO SUL,False,19,19,0,4918,4918,0,0.431272875152501,,,,,5762,< 100 mil aptos,interior
RS,86312,4306700.0,DONA FRANCISCA,False,11,11,0,2408,2408,0,0.45348837209302323,,,,,3018,< 100 mil aptos,interior
RS,86320,4300851.0,ARAMBARÉ,False,13,13,0,2605,2605,0,0.46679462571976965,,,,,3505,< 100 mil aptos,interior
RS,86339,4306809.0,ENCANTADO,False,58,58,0,13762,13762,0,0.30649614881557913,,,,,17650,< 100 mil aptos,interior
RS,86347,4301750.0,BARÃO DO TRIUNFO,False,15,15,0,3622,3622,0,0.3801766979569299,,,,,4469,< 100 mil aptos,interior
RS,86355,4306908.0,ENCRUZILHADA DO SUL,False,72,72,0,14253,14253,0,0.5902616992913773,,,,,18804,< 100 mil aptos,interior
RS,86363,4301859.0,BARRA DO GUARITA,False,10,10,0,2039,2039,0,0.5350662089259441,,,,,2548,< 100 mil aptos,interior
RS,86371,4307005.0,ERECHIM,False,244,244,0,64057,64057,0,0.3303932435174922,,,,,80189,< 100 mil aptos,interior
RS,86380,4301925.0,BARRA DO RIO AZUL,False,6,6,0,1450,1450,0,0.4606896551724138,,,,,1735,< 100 mil aptos,interior
RS,86398,4307104.0,HERVAL,False,19,19,0,3788,3788,0,0.6824181626187962,,,,,5217,< 100 mil aptos,interior
RS,86401,4301958.0,BARRA FUNDA,False,11,11,0,2266,2266,0,0.4165931156222418,,,,,2671,< 100 mil aptos,interior
RS,86410,4307203.0,ERVAL GRANDE,False,16,16,0,3417,3417,0,0.5317529997073456,,,,,4222,< 100 mil aptos,interior
RS,86428,4302154.0,BOA VISTA DAS MISSÕES,False,6,6,0,1573,1573,0,0.5187539732994279,,,,,1946,< 100 mil aptos,interior
RS,86436,4307302.0,ERVAL SECO,False,25,25,0,4436,4436,0,0.5353922452660054,,,,,5519,< 100 mil aptos,interior
RS,86444,4302378.0,BOM PROGRESSO,False,7,7,0,1781,1781,0,0.5171252105558675,,,,,2333,< 100 mil aptos,interior
RS,86452,4307401.0,ESMERALDA,False,11,11,0,2103,2103,0,0.45173561578697097,,,,,2708,< 100 mil aptos,interior
RS,86460,4303673.0,CAMPESTRE DA SERRA,False,11,11,0,2209,2209,0,0.1955636034404708,,,,,2706,< 100 mil aptos,interior
RS,86479,4307500.0,ESPUMOSO,False,42,42,0,10313,10313,0,0.4203432560845535,,,,,12596,< 100 mil aptos,interior
RS,86487,4304358.0,CANDIOTA,False,26,26,0,6064,6064,0,0.6744722955145118,,,,,7892,< 100 mil aptos,interior
RS,86495,4307609.0,ESTÂNCIA VELHA,False,107,107,0,29351,29351,0,0.28711117168069233,,,,,37035,< 100 mil aptos,interior
RS,86509,4304697.0,CAPITÃO,False,12,12,0,2272,2272,0,0.3855633802816901,,,,,2758,< 100 mil aptos,interior
RS,86517,4307708.0,ESTEIO,False,215,0,215,51284,0,51284,,0.49036736604009046,,,,68282,< 100 mil aptos,interior
RS,86525,4304853.0,CARLOS GOMES,False,5,5,0,1177,1177,0,0.5021240441801189,,,,,1377,< 100 mil aptos,interior
RS,86533,4307807.0,ESTRELA,False,81,81,0,20001,20001,0,0.27808609569521525,,,,,25856,< 100 mil aptos,interior
RS,86541,4305116.0,CENTENÁRIO,False,9,9,0,2291,2291,0,0.471846355303361,,,,,2601,< 100 mil aptos,interior
RS,86550,4307906.0,FARROUPILHA,False,176,176,0,46087,46087,0,0.25447523162714,,,,,57229,< 100 mil aptos,interior
RS,86568,4305371.0,CHARRUA,False,16,16,0,2019,2019,0,0.48538880633977216,,,,,2451,< 100 mil aptos,interior
RS,86576,4308003.0,FAXINAL DO SOTURNO,False,21,21,0,4577,4577,0,0.40069914791348044,,,,,5758,< 100 mil aptos,interior
RS,86584,4305587.0,COLINAS,False,9,9,0,1839,1839,0,0.3295269168026101,,,,,2274,< 100 mil aptos,interior
RS,86592,4308102.0,FELIZ,False,35,35,0,8970,8970,0,0.31460423634336676,,,,,10792,< 100 mil aptos,interior
RS,86606,4305850.0,COQUEIROS DO SUL,False,10,10,0,1975,1975,0,0.3392405063291139,,,,,2333,< 100 mil aptos,interior
RS,86614,4308201.0,FLORES DA CUNHA,False,78,78,0,20601,20601,0,0.17916605990000486,,,,,24577,< 100 mil aptos,interior
RS,86622,4305871.0,CORONEL BARROS,False,10,10,0,2135,2135,0,0.34613583138173304,,,,,2550,< 100 mil aptos,interior
RS,86630,4308300.0,FONTOURA XAVIER,False,32,32,0,6404,6404,0,0.5752654590880699,,,,,8354,< 100 mil aptos,interior
RS,86649,4305975.0,COXILHA,False,10,0,10,2252,0,2252,,0.43650088809946713,,,,2664,< 100 mil aptos,interior
RS,86657,4308409.0,FORMIGUEIRO,False,20,20,0,4320,4320,0,0.5226851851851851,,,,,5669,< 100 mil aptos,interior
RS,86665,4306320.0,DERRUBADAS,False,15,15,0,2164,2164,0,0.477818853974122,,,,,2745,< 100 mil aptos,interior
RS,86673,4308508.0,FREDERICO WESTPHALEN,False,81,81,0,20152,20152,0,0.3929138547042477,,,,,25537,< 100 mil aptos,interior
RS,86681,4306429.0,DOIS IRMÃOS DAS MISSÕES,False,8,8,0,1584,1584,0,0.5271464646464646,,,,,1928,< 100 mil aptos,interior
RS,86690,4308607.0,GARIBALDI,False,79,79,0,21705,21705,0,0.24187975120939875,,,,,25767,< 100 mil aptos,interior
RS,86703,4306924.0,ENGENHO VELHO,False,4,4,0,953,953,0,0.5603357817418678,,,,,1211,< 100 mil aptos,interior
RS,86711,4308706.0,GAURAMA,False,19,19,0,4339,4339,0,0.3168932933855727,,,,,5165,< 100 mil aptos,interior
RS,86720,4308656.0,GARRUCHOS,False,12,12,0,1951,1951,0,0.6248077908764736,,,,,2573,< 100 mil aptos,interior
RS,86738,4308805.0,GENERAL CÂMARA,False,23,23,0,4832,4832,0,0.5217301324503312,,,,,6195,< 100 mil aptos,interior
RS,86746,4308854.0,GENTIL,False,7,7,0,1337,1337,0,0.2550486163051608,,,,,1624,< 100 mil aptos,interior
RS,86754,4319802.0,SÃO VICENTE DO SUL,False,22,22,0,5365,5365,0,0.5166821994408202,,,,,7206,< 100 mil aptos,interior
RS,86762,4309126.0,GRAMADO DOS LOUREIROS,False,6,6,0,1785,1785,0,0.584873949579832,,,,,2214,< 100 mil aptos,interior
RS,86770,4308904.0,GETÚLIO VARGAS,False,42,42,0,10242,10242,0,0.2827572739699277,,,,,13196,< 100 mil aptos,interior
RS,86789,4309159.0,GRAMADO XAVIER,False,15,0,15,2388,0,2388,,0.5422948073701842,,,,3015,< 100 mil aptos,interior
RS,86797,4309001.0,GIRUÁ,False,48,48,0,10404,10404,0,0.3551518646674356,,,,,12778,< 100 mil aptos,interior
RS,86800,4309654.0,HULHA NEGRA,False,17,17,0,3731,3731,0,0.6143125167515412,,,,,4769,< 100 mil aptos,interior
RS,86819,4309100.0,GRAMADO,False,98,0,98,25604,0,25604,,0.2516794250898297,,,,33383,< 100 mil aptos,interior
RS,86827,4310413.0,INHACORÁ,False,9,9,0,1537,1537,0,0.5042290175666884,,,,,1978,< 100 mil aptos,interior
RS,86835,4309209.0,GRAVATAÍ,False,536,0,536,144949,0,144949,,0.39827801502597465,,,,191612,≥ 100 mil aptos,interior
RS,86843,4310579.0,ITAPUCA,False,6,6,0,1427,1427,0,0.3875262789067975,,,,,1783,< 100 mil aptos,interior
RS,86851,4309308.0,GUAÍBA,False,228,0,228,57074,0,57074,,0.49891369099765215,,,,75549,< 100 mil aptos,interior
RS,86860,4311429.0,LAJEADO DO BUGRE,False,6,6,0,1586,1586,0,0.5825977301387137,,,,,1999,< 100 mil aptos,interior
RS,86878,4309407.0,GUAPORÉ,False,56,56,0,15643,15643,0,0.2472671482452215,,,,,18662,< 100 mil aptos,interior
RS,86886,4311270.0,LAGOA DOS TRÊS CANTOS,False,5,5,0,1354,1354,0,0.25258493353028066,,,,,1601,< 100 mil aptos,interior
RS,86894,4309506.0,GUARANI DAS MISSÕES,False,26,26,0,4937,4937,0,0.45472959287016407,,,,,5905,< 100 mil aptos,interior
RS,86908,4311627.0,LINDOLFO COLLOR,False,15,15,0,3769,3769,0,0.4279649774475988,,,,,4562,< 100 mil aptos,interior
RS,86916,4309605.0,HORIZONTINA,False,57,57,0,11769,11769,0,0.30393406406661566,,,,,14643,< 100 mil aptos,interior
RS,86924,4311643.0,LINHA NOVA,False,4,4,0,1156,1156,0,0.3217993079584775,,,,,1446,< 100 mil aptos,interior
RS,86932,4305355.0,CHARQUEADAS,False,81,81,0,19570,19570,0,0.5467552376085846,,,,,25317,< 100 mil aptos,interior
RS,86940,4311759.0,MANOEL VIANA,False,18,18,0,4257,4257,0,0.5334742776603242,,,,,5494,< 100 mil aptos,interior
RS,86959,4309704.0,HUMAITÁ,False,19,19,0,3420,3420,0,0.4154970760233918,,,,,4096,< 100 mil aptos,interior
RS,86967,4311775.0,MAQUINÉ,False,20,20,0,4724,4724,0,0.5226502963590178,,,,,5822,< 100 mil aptos,interior
RS,86975,4309803.0,IBIAÇÁ,False,16,16,0,3282,3282,0,0.33577087141986595,,,,,3926,< 100 mil aptos,interior
RS,86983,4311791.0,MARATÁ,False,9,9,0,1940,1940,0,0.2881443298969072,,,,,2321,< 100 mil aptos,interior
RS,86991,4309902.0,IBIRAIARAS,False,19,19,0,4548,4548,0,0.28100263852242746,,,,,5383,< 100 mil aptos,interior
RS,87009,4311981.0,MARIANA PIMENTEL,False,13,13,0,2789,2789,0,0.4051631409107207,,,,,3541,< 100 mil aptos,interior
RS,87017,4310009.0,IBIRUBÁ,False,55,55,0,13550,13550,0,0.3157933579335793,,,,,16230,< 100 mil aptos,interior
RS,87025,4312138.0,MATO CASTELHANO,False,8,0,8,2316,0,2316,,0.23834196891191708,,,,2742,< 100 mil aptos,interior
RS,87033,4310108.0,IGREJINHA,False,80,80,0,22149,22149,0,0.3255225969569732,,,,,27501,< 100 mil aptos,interior
RS,87041,4312153.0,MATO LEITÃO,False,14,14,0,3208,3208,0,0.34756857855361595,,,,,3925,< 100 mil aptos,interior
RS,87050,4310207.0,IJUÍ,False,230,230,0,51489,51489,0,0.4137000135951368,,,,,64777,< 100 mil aptos,interior
RS,87068,4312252.0,MINAS DO LEÃO,False,20,20,0,4876,4876,0,0.5244052502050861,,,,,6256,< 100 mil aptos,interior
RS,87076,4310306.0,ILÓPOLIS,False,14,14,0,2890,2890,0,0.22802768166089965,,,,,3578,< 100 mil aptos,interior
RS,87084,4312385.0,MONTE BELO DO SUL,False,13,0,13,2581,0,2581,,0.1743510267338241,,,,3011,< 100 mil aptos,interior
RS,87092,4310405.0,INDEPENDÊNCIA,False,22,22,0,4549,4549,0,0.3853594196526709,,,,,5475,< 100 mil aptos,interior
RS,87106,4312427.0,MORMAÇO,False,8,8,0,2176,2176,0,0.41222426470588236,,,,,2696,< 100 mil aptos,interior
RS,87114,4310504.0,IRAÍ,False,23,23,0,4707,4707,0,0.5024431697471851,,,,,6485,< 100 mil aptos,interior
RS,87122,4312443.0,MORRINHOS DO SUL,False,11,11,0,2617,2617,0,0.33167749331295376,,,,,3070,< 100 mil aptos,interior
RS,87130,4310603.0,ITAQUI,False,80,80,0,19424,19424,0,0.458247528830313,,,,,27908,< 100 mil aptos,interior
RS,87149,4312476.0,MORRO REUTER,False,19,19,0,4549,4549,0,0.24576830072543415,,,,,5353,< 100 mil aptos,interior
RS,87157,4310702.0,ITATIBA DO SUL,False,13,13,0,2869,2869,0,0.5866155454862322,,,,,3488,< 100 mil aptos,interior
RS,87165,4312625.0,MULITERNO,False,7,7,0,1680,1680,0,0.48154761904761906,,,,,2099,< 100 mil aptos,interior
RS,87173,4310801.0,IVOTI,False,52,52,0,14119,14119,0,0.28394362206955165,,,,,16282,< 100 mil aptos,interior
RS,87181,4312674.0,NICOLAU VERGUEIRO,False,8,8,0,1743,1743,0,0.3539873780837636,,,,,2195,< 100 mil aptos,interior
RS,87190,4310900.0,JACUTINGA,False,11,11,0,2451,2451,0,0.3594451244390045,,,,,2928,< 100 mil aptos,interior
RS,87203,4312955.0,NOVA BOA VISTA,False,11,11,0,1712,1712,0,0.3282710280373832,,,,,1991,< 100 mil aptos,interior
RS,87211,4311007.0,JAGUARÃO,False,65,65,0,15129,15129,0,0.5760460043624827,,,,,20850,< 100 mil aptos,interior
RS,87220,4313086.0,NOVA PÁDUA,False,7,7,0,2044,2044,0,0.11007827788649706,,,,,2401,< 100 mil aptos,interior
RS,87238,4311106.0,JAGUARI,False,36,36,0,6973,6973,0,0.4365409436397533,,,,,8626,< 100 mil aptos,interior
RS,87246,4313375.0,NOVA SANTA RITA,False,56,0,56,14625,0,14625,,0.4425982905982906,,,,18849,< 100 mil aptos,interior
RS,87254,4311205.0,JÚLIO DE CASTILHOS,False,55,55,0,11954,11954,0,0.5584741509118287,,,,,15083,< 100 mil aptos,interior
RS,87262,4313490.0,NOVO BARREIRO,False,12,12,0,3066,3066,0,0.5202217873450751,,,,,3609,< 100 mil aptos,interior
RS,87270,4311304.0,LAGOA VERMELHA,False,74,74,0,16114,16114,0,0.40585825989822516,,,,,20153,< 100 mil aptos,interior
RS,87289,4313425.0,NOVO MACHADO,False,13,13,0,2631,2631,0,0.3565184340554922,,,,,3143,< 100 mil aptos,interior
RS,87297,4311403.0,LAJEADO,False,177,177,0,48258,48258,0,0.33716689460814786,,,,,63216,< 100 mil aptos,interior
RS,87300,4313441.0,NOVO TIRADENTES,False,8,8,0,1501,1501,0,0.5429713524317122,,,,,1847,< 100 mil aptos,interior
RS,87319,4311502.0,LAVRAS DO SUL,False,20,20,0,4253,4253,0,0.6075711262638138,,,,,5468,< 100 mil aptos,interior
RS,87327,4314035.0,PARECI NOVO,False,10,10,0,2787,2787,0,0.24398995335486187,,,,,3301,< 100 mil aptos,interior
RS,87335,4311601.0,LIBERATO SALZANO,False,16,16,0,3406,3406,0,0.5783910745742806,,,,,4406,< 100 mil aptos,interior
RS,87343,4314076.0,PASSO DO SOBRADO,False,18,0,18,4200,0,4200,,0.44666666666666666,,,,4960,< 100 mil aptos,interior
RS,87351,4311700.0,MACHADINHO,False,16,16,0,3907,3907,0,0.40005119017148705,,,,,4671,< 100 mil aptos,interior
RS,87360,4314423.0,PICADA CAFÉ,False,14,14,0,3634,3634,0,0.27682993946064943,,,,,4461,< 100 mil aptos,interior
RS,87378,4311809.0,MARAU,False,107,107,0,25952,25952,0,0.30228884093711467,,,,,31928,< 100 mil aptos,interior
RS,87386,4314472.0,PINHAL GRANDE,False,14,14,0,2859,2859,0,0.5386498775795733,,,,,3594,< 100 mil aptos,interior
RS,87394,4311908.0,MARCELINO RAMOS,False,17,17,0,3164,3164,0,0.4225663716814159,,,,,3838,< 100 mil aptos,interior
RS,87408,4314498.0,PINHEIRINHO DO VALE,False,14,14,0,2990,2990,0,0.47525083612040137,,,,,3668,< 100 mil aptos,interior
RS,87416,4312005.0,MARIANO MORO,False,8,8,0,1773,1773,0,0.4884376762549351,,,,,2155,< 100 mil aptos,interior
RS,87424,4314779.0,PONTÃO,False,11,0,11,2798,0,2798,,0.4896354538956397,,,,3321,< 100 mil aptos,interior
RS,87432,4312104.0,MATA,False,15,15,0,3142,3142,0,0.48408656906429026,,,,,4064,< 100 mil aptos,interior
RS,87440,4314787.0,PONTE PRETA,False,8,8,0,1525,1525,0,0.33114754098360655,,,,,1784,< 100 mil aptos,interior
RS,87459,4312203.0,MAXIMILIANO DE ALMEIDA,False,18,18,0,3243,3243,0,0.3330249768732655,,,,,4005,< 100 mil aptos,interior
RS,87467,4315057.0,PORTO MAUÁ,False,9,9,0,1845,1845,0,0.35555555555555557,,,,,2248,< 100 mil aptos,interior
RS,87475,4312302.0,MIRAGUAÍ,False,17,17,0,3412,3412,0,0.5671160609613131,,,,,4193,< 100 mil aptos,interior
RS,87483,4315073.0,PORTO VERA CRUZ,False,9,9,0,1382,1382,0,0.47395079594790157,,,,,1692,< 100 mil aptos,interior
RS,87491,4312401.0,MONTENEGRO,False,147,147,0,35897,35897,0,0.40240131487310915,,,,,48428,< 100 mil aptos,interior
RS,87505,4315149.0,PRESIDENTE LUCENA,False,8,8,0,2200,2200,0,0.24,,,,,2520,< 100 mil aptos,interior
RS,87513,4312500.0,MOSTARDAS,False,31,31,0,6787,6787,0,0.44010608516281124,,,,,8930,< 100 mil aptos,interior
RS,87521,4315321.0,QUEVEDOS,False,11,11,0,1827,1827,0,0.5571975916803503,,,,,2343,< 100 mil aptos,interior
RS,87530,4312609.0,MUÇUM,False,17,17,0,3361,3361,0,0.27938113656649805,,,,,4116,< 100 mil aptos,interior
RS,87548,4315552.0,RIO DOS ÍNDIOS,False,9,9,0,2271,2271,0,0.5812417437252312,,,,,2911,< 100 mil aptos,interior
RS,87556,4312658.0,NÃO-ME-TOQUE,False,40,40,0,10837,10837,0,0.3058964658115715,,,,,13117,< 100 mil aptos,interior
RS,87564,4316428.0,SAGRADA FAMÍLIA,False,7,7,0,1804,1804,0,0.5194013303769401,,,,,2250,< 100 mil aptos,interior
RS,87572,4312708.0,NONOAI,False,27,27,0,7513,7513,0,0.4927459070943698,,,,,9464,< 100 mil aptos,interior
RS,87580,4316477.0,SALVADOR DAS MISSÕES,False,10,10,0,2222,2222,0,0.3852385238523852,,,,,2621,< 100 mil aptos,interior
RS,87599,4312807.0,NOVA ARAÇÁ,False,13,13,0,3263,3263,0,0.2178976402083972,,,,,3996,< 100 mil aptos,interior
RS,87602,4316758.0,SANTA CLARA DO SUL,False,18,18,0,4349,4349,0,0.2908714647045298,,,,,5346,< 100 mil aptos,interior
RS,87610,4312906.0,NOVA BASSANO,False,20,20,0,6144,6144,0,0.16162109375,,,,,7105,< 100 mil aptos,interior
RS,87629,4317251.0,SANTA TEREZA,False,6,0,6,1440,0,1440,,0.2701388888888889,,,,1724,< 100 mil aptos,interior
RS,87637,4313003.0,NOVA BRÉSCIA,False,11,11,0,2296,2296,0,0.22430313588850173,,,,,2723,< 100 mil aptos,interior
RS,87645,4317558.0,SANTO ANTÔNIO DO PALMA,False,7,7,0,1602,1602,0,0.4556803995006242,,,,,1923,< 100 mil aptos,interior
RS,87653,4313102.0,NOVA PALMA,False,19,19,0,4228,4228,0,0.44654683065279094,,,,,5166,< 100 mil aptos,interior
RS,87661,4317756.0,SANTO ANTÔNIO DO PLANALTO,False,8,8,0,1742,1742,0,0.2893226176808266,,,,,2040,< 100 mil aptos,interior
RS,87670,4313201.0,NOVA PETRÓPOLIS,False,56,56,0,13767,13767,0,0.2405026512675238,,,,,17067,< 100 mil aptos,interior
RS,87688,4317954.0,SANTO EXPEDITO DO SUL,False,9,9,0,1849,1849,0,0.3812871822606814,,,,,2210,< 100 mil aptos,interior
RS,87696,4313300.0,NOVA PRATA,False,53,53,0,15529,15529,0,0.2300212505634619,,,,,18436,< 100 mil aptos,interior
RS,87700,4318432.0,SÃO JOÃO DO POLÊSINE,False,10,10,0,2033,2033,0,0.34579439252336447,,,,,2569,< 100 mil aptos,interior
RS,87718,4313409.0,NOVO HAMBURGO,False,549,0,549,139933,0,139933,,0.31539379560218106,,,,180892,≥ 100 mil aptos,interior
RS,87726,4318622.0,SÃO JOSÉ DOS AUSENTES,False,11,11,0,2357,2357,0,0.3529910903691133,,,,,3120,< 100 mil aptos,interior
RS,87734,4313508.0,OSÓRIO,False,111,111,0,28241,28241,0,0.4819942636592189,,,,,37204,< 100 mil aptos,interior
RS,87742,4318499.0,SÃO JOSÉ DO INHACORÁ,False,9,9,0,1912,1912,0,0.36976987447698745,,,,,2222,< 100 mil aptos,interior
RS,87750,4313607.0,PAIM FILHO,False,17,17,0,3204,3204,0,0.4631710362047441,,,,,3832,< 100 mil aptos,interior
RS,87769,4318457.0,SÃO JOSÉ DAS MISSÕES,False,8,8,0,1807,1807,0,0.6037631433314886,,,,,2191,< 100 mil aptos,interior
RS,87777,4313706.0,PALMEIRA DAS MISSÕES,False,76,76,0,19316,19316,0,0.4648477945744461,,,,,23999,< 100 mil aptos,interior
RS,87785,4319125.0,SÃO MARTINHO DA SERRA,False,13,0,13,2390,0,2390,,0.4125523012552301,,,,3078,< 100 mil aptos,interior
RS,87793,4313805.0,PALMITINHO,False,20,20,0,4907,4907,0,0.5486040350519665,,,,,5912,< 100 mil aptos,interior
RS,87807,4319356.0,SÃO PEDRO DA SERRA,False,10,10,0,2691,2691,0,0.2552954292084727,,,,,3125,< 100 mil aptos,interior
RS,87815,4313904.0,PANAMBI,False,99,99,0,26174,26174,0,0.2960571559562925,,,,,31805,< 100 mil aptos,interior
RS,87823,4319372.0,SÃO PEDRO DO BUTIÁ,False,9,9,0,2159,2159,0,0.38212135247799905,,,,,2541,< 100 mil aptos,interior
RS,87831,4314001.0,PARAÍ,False,19,19,0,5121,5121,0,0.24077328646748683,,,,,6117,< 100 mil aptos,interior
RS,87840,4319711.0,SÃO VALENTIM DO SUL,False,8,8,0,1823,1823,0,0.23916620954470652,,,,,2209,< 100 mil aptos,interior
RS,87858,4314100.0,PASSO FUNDO,False,436,0,436,117992,0,117992,,0.43282595430198656,,,,150360,≥ 100 mil aptos,interior
RS,87866,4319737.0,SÃO VALÉRIO DO SUL,False,9,9,0,1733,1733,0,0.6053087132140796,,,,,2254,< 100 mil aptos,interior
RS,87874,4314209.0,PEDRO OSÓRIO,False,27,27,0,5079,5079,0,0.6641071076983658,,,,,6966,< 100 mil aptos,interior
RS,87882,4320354.0,SENTINELA DO SUL,False,14,14,0,3208,3208,0,0.5028054862842892,,,,,4197,< 100 mil aptos,interior
RS,87890,4314308.0,PEJUÇARA,False,13,13,0,2550,2550,0,0.3854901960784314,,,,,3091,< 100 mil aptos,interior
RS,87904,4320453.0,SÉRIO,False,12,12,0,1626,1626,0,0.45571955719557194,,,,,2007,< 100 mil aptos,interior
RS,87912,4314407.0,PELOTAS,False,755,0,755,191816,0,191816,,0.5622784334987696,,,,248748,≥ 100 mil aptos,interior
RS,87920,4320552.0,SERTÃO SANTANA,False,18,18,0,4225,4225,0,0.3424852071005917,,,,,5335,< 100 mil aptos,interior
RS,87939,4314506.0,PINHEIRO MACHADO,False,37,37,0,7109,7109,0,0.6715431143620763,,,,,10127,< 100 mil aptos,interior
RS,87947,4320677.0,SINIMBU,False,32,0,32,5721,0,5721,,0.46303093864708966,,,,6802,< 100 mil aptos,interior
RS,87955,4314605.0,PIRATINI,False,56,56,0,11285,11285,0,0.6295968099246788,,,,,14781,< 100 mil aptos,interior
RS,87963,4321477.0,TIRADENTES DO SUL,False,16,16,0,3538,3538,0,0.5466365178066704,,,,,4581,< 100 mil aptos,interior
RS,87971,4314704.0,PLANALTO,False,27,27,0,6227,6227,0,0.4462823189336759,,,,,8020,< 100 mil aptos,interior
RS,87980,4321626.0,TRAVESSEIRO,False,9,9,0,1653,1653,0,0.4240774349667272,,,,,1957,< 100 mil aptos,interior
RS,87998,4314803.0,PORTÃO,False,75,75,0,20023,20023,0,0.3841582180492434,,,,,25400,< 100 mil aptos,interior
RS,88005,4321832.0,TRÊS FORQUILHAS,False,10,10,0,2319,2319,0,0.46097455799913756,,,,,2874,< 100 mil aptos,interior
RS,88013,4314902.0,PORTO ALEGRE,False,3045,0,3045,818297,0,818297,,0.5350111267669319,,,,1104493,≥ 100 mil aptos,capital
RS,88021,4322186.0,TUPANCI DO SUL,False,5,5,0,1181,1181,0,0.3691786621507197,,,,,1461,< 100 mil aptos,interior
RS,88030,4315008.0,PORTO LUCENA,False,23,23,0,3153,3153,0,0.4668569616238503,,,,,3930,< 100 mil aptos,interior
RS,88048,4322350.0,UNIÃO DA SERRA,False,6,6,0,1267,1267,0,0.2107340173638516,,,,,1505,< 100 mil aptos,interior
RS,88056,4315107.0,PORTO XAVIER,False,30,30,0,6329,6329,0,0.4755885605940907,,,,,7724,< 100 mil aptos,interior
RS,88064,4322533.0,VALE DO SOL,False,29,0,29,6774,0,6774,,0.45630351343371717,,,,8236,< 100 mil aptos,interior
RS,88072,4315206.0,PUTINGA,False,18,18,0,2953,2953,0,0.21909922113105318,,,,,3880,< 100 mil aptos,interior
RS,88080,4322541.0,VALE REAL,False,16,16,0,3999,3999,0,0.33708427106776695,,,,,4812,< 100 mil aptos,interior
RS,88099,4315305.0,QUARAÍ,False,59,59,0,13325,13325,0,0.5128705440900563,,,,,17687,< 100 mil aptos,interior
RS,88102,4323457.0,VILA NOVA DO SUL,False,14,14,0,2871,2871,0,0.5764541971438523,,,,,3784,< 100 mil aptos,interior
RS,88110,4315404.0,REDENTORA,False,24,24,0,4909,4909,0,0.6235485842330414,,,,,6739,< 100 mil aptos,interior
RS,88129,4323754.0,VITÓRIA DAS MISSÕES,False,14,14,0,2736,2736,0,0.5226608187134503,,,,,3334,< 100 mil aptos,interior
RS,88137,4315503.0,RESTINGA SÊCA,False,51,51,0,9804,9804,0,0.43951448388412895,,,,,12412,< 100 mil aptos,interior
RS,88145,4323804.0,XANGRI-LÁ,False,33,33,0,9758,9758,0,0.32650133224021316,,,,,12267,< 100 mil aptos,interior
RS,88153,4315602.0,RIO GRANDE,False,474,474,0,112254,112254,0,0.6437008926185258,,,,,156181,≥ 100 mil aptos,interior
RS,88161,4302253.0,BOA VISTA DO SUL,False,10,10,0,2039,2039,0,0.2491417361451692,,,,,2493,< 100 mil aptos,interior
RS,88170,4315701.0,RIO PARDO,False,101,101,0,22009,22009,0,0.5824435458221636,,,,,29799,< 100 mil aptos,interior
RS,88188,4306379.0,DILERMANDO DE AGUIAR,False,13,13,0,2358,2358,0,0.4626802374893978,,,,,3065,< 100 mil aptos,interior
RS,88196,4315800.0,ROCA SALES,False,31,31,0,6378,6378,0,0.3408592035120728,,,,,7732,< 100 mil aptos,interior
RS,88200,4304671.0,CAPIVARI DO SUL,False,11,11,0,2863,2863,0,0.4132029339853301,,,,,3703,< 100 mil aptos,interior
RS,88218,4315909.0,RODEIO BONITO,False,17,17,0,4228,4228,0,0.46759697256385996,,,,,5095,< 100 mil aptos,interior
RS,88226,4313011.0,NOVA CANDELÁRIA,False,11,11,0,2236,2236,0,0.33810375670840787,,,,,2535,< 100 mil aptos,interior
RS,88234,4316006.0,ROLANTE,False,52,52,0,13426,13426,0,0.3507373752420676,,,,,16219,< 100 mil aptos,interior
RS,88242,4308250.0,FLORIANO PEIXOTO,False,7,7,0,1520,1520,0,0.4519736842105263,,,,,1880,< 100 mil aptos,interior
RS,88250,4316105.0,RONDA ALTA,False,25,25,0,6134,6134,0,0.5288555591783501,,,,,7303,< 100 mil aptos,interior
RS,88269,4305447.0,CHUVISCA,False,14,14,0,3511,3511,0,0.3289661065223583,,,,,4231,< 100 mil aptos,interior
RS,88277,4316204.0,RONDINHA,False,19,19,0,3880,3880,0,0.4268041237113402,,,,,4616,< 100 mil aptos,interior
RS,88285,4307450.0,ESPERANÇA DO SUL,False,12,12,0,2417,2417,0,0.5544062887877534,,,,,3010,< 100 mil aptos,interior
RS,88293,4316303.0,ROQUE GONZALES,False,25,25,0,4467,4467,0,0.47436758450861877,,,,,5386,< 100 mil aptos,interior
RS,88307,4306759.0,DOUTOR RICARDO,False,8,8,0,1703,1703,0,0.2947739283617146,,,,,2092,< 100 mil aptos,interior
RS,88315,4316402.0,ROSÁRIO DO SUL,False,104,104,0,22757,22757,0,0.5310014501032649,,,,,32087,< 100 mil aptos,interior
RS,88323,4309571.0,HERVEIRAS,False,10,0,10,2062,0,2062,,0.6294859359844811,,,,2541,< 100 mil aptos,interior
RS,88331,4316501.0,SALVADOR DO SUL,False,17,17,0,4632,4632,0,0.28389464594127806,,,,,5478,< 100 mil aptos,interior
RS,88340,4304713.0,CARAÁ,False,20,20,0,4733,4733,0,0.4555250369744348,,,,,6406,< 100 mil aptos,interior
RS,88358,4316600.0,SANANDUVA,False,49,49,0,10958,10958,0,0.29868589158605585,,,,,13243,< 100 mil aptos,interior
RS,88366,4308078.0,FAZENDA VILANOVA,False,13,13,0,2725,2725,0,0.41541284403669726,,,,,3455,< 100 mil aptos,interior
RS,88374,4316709.0,SANTA BÁRBARA DO SUL,False,23,23,0,5629,5629,0,0.3705809202344999,,,,,6953,< 100 mil aptos,interior
RS,88382,4310538.0,ITAARA,False,14,0,14,3478,0,3478,,0.4347326049453709,,,,4265,< 100 mil aptos,interior
RS,88390,4316808.0,SANTA CRUZ DO SUL,False,325,0,325,82907,0,82907,,0.3985188222948605,,,,105597,≥ 100 mil aptos,interior
RS,88404,4307815.0,ESTRELA VELHA,False,15,15,0,2378,2378,0,0.44070647603027757,,,,,2931,< 100 mil aptos,interior
RS,88412,4316907.0,SANTA MARIA,False,630,0,630,159384,0,159384,,0.47711188074085226,,,,209634,≥ 100 mil aptos,interior
RS,88420,4302055.0,BENJAMIN CONSTANT DO SUL,False,8,8,0,1656,1656,0,0.6099033816425121,,,,,2071,< 100 mil aptos,interior
RS,88439,4317004.0,SANTANA DA BOA VISTA,False,22,22,0,4692,4692,0,0.5296248934356351,,,,,6442,< 100 mil aptos,interior
RS,88447,4311718.0,MAÇAMBARÁ,False,14,14,0,2939,2939,0,0.477713507995917,,,,,3955,< 100 mil aptos,interior
RS,88455,4317103.0,SANT'ANA DO LIVRAMENTO,False,208,208,0,50002,50002,0,0.5750369985200592,,,,,73654,< 100 mil aptos,interior
RS,88463,4306551.0,DOM PEDRO DE ALCÂNTARA,False,11,11,0,2032,2032,0,0.3735236220472441,,,,,2450,< 100 mil aptos,interior
RS,88471,4317202.0,SANTA ROSA,False,184,184,0,45768,45768,0,0.3254894249257123,,,,,57632,< 100 mil aptos,interior
RS,88480,4322376.0,UNISTALDA,False,10,10,0,2025,2025,0,0.45580246913580247,,,,,2637,< 100 mil aptos,interior
RS,88498,4317301.0,SANTA VITÓRIA DO PALMAR,False,78,78,0,16585,16585,0,0.6253843834790473,,,,,24538,< 100 mil aptos,interior
RS,88501,4322327.0,TURUÇU,False,10,0,10,2648,0,2648,,0.3319486404833837,,,,3402,< 100 mil aptos,interior
RS,88510,4317400.0,SANTIAGO,False,136,136,0,29962,29962,0,0.4499032107335959,,,,,40968,< 100 mil aptos,interior
RS,88528,4306072.0,CRISTAL DO SUL,False,11,11,0,2062,2062,0,0.5514064015518914,,,,,2502,< 100 mil aptos,interior
RS,88536,4317509.0,SANTO ÂNGELO,False,197,197,0,45837,45837,0,0.4532582847917621,,,,,60975,< 100 mil aptos,interior
RS,88544,4312617.0,MUITOS CAPÕES,False,9,9,0,2103,2103,0,0.3048026628625773,,,,,2719,< 100 mil aptos,interior
RS,88552,4317608.0,SANTO ANTÔNIO DA PATRULHA,False,108,108,0,25614,25614,0,0.4280081205590693,,,,,34023,< 100 mil aptos,interior
RS,88560,4313334.0,NOVA RAMADA,False,9,9,0,1711,1711,0,0.38457042665108127,,,,,2029,< 100 mil aptos,interior
RS,88579,4317707.0,SANTO ANTÔNIO DAS MISSÕES,False,34,34,0,6537,6537,0,0.6106776808933762,,,,,8658,< 100 mil aptos,interior
RS,88587,4311130.0,JARI,False,12,12,0,2267,2267,0,0.5690339655932951,,,,,2823,< 100 mil aptos,interior
RS,88595,4317806.0,SANTO AUGUSTO,False,43,43,0,8983,8983,0,0.4699988867861516,,,,,11218,< 100 mil aptos,interior
RS,88609,4322343.0,UBIRETAMA,False,8,8,0,1603,1603,0,0.3231441048034934,,,,,1864,< 100 mil aptos,interior
RS,88617,4317905.0,SANTO CRISTO,False,53,53,0,10732,10732,0,0.4234998136414461,,,,,12933,< 100 mil aptos,interior
RS,88625,4301875.0,BARRA DO QUARAÍ,False,11,11,0,2220,2220,0,0.5495495495495496,,,,,3079,< 100 mil aptos,interior
RS,88633,4318002.0,SÃO BORJA,False,146,146,0,35307,35307,0,0.5529498399750757,,,,,48451,< 100 mil aptos,interior
RS,88641,4305124.0,CERRITO,False,22,22,0,4134,4134,0,0.6042573778422835,,,,,5460,< 100 mil aptos,interior
RS,88650,4318101.0,SÃO FRANCISCO DE ASSIS,False,61,61,0,11284,11284,0,0.5613257710031904,,,,,14508,< 100 mil aptos,interior
RS,88668,4322525.0,VALE VERDE,False,11,0,11,2381,0,2381,,0.49601007979840406,,,,3094,< 100 mil aptos,interior
RS,88676,4318200.0,SÃO FRANCISCO DE PAULA,False,61,61,0,12163,12163,0,0.48294006412891555,,,,,15636,< 100 mil aptos,interior
RS,88684,4313391.0,NOVO CABRAIS,False,15,15,0,2938,2938,0,0.40742001361470387,,,,,3665,< 100 mil aptos,interior
RS,88692,4318309.0,SÃO GABRIEL,False,162,162,0,32875,32875,0,0.5147072243346008,,,,,45630,< 100 mil aptos,interior
RS,88706,4320578.0,SETE DE SETEMBRO,False,7,7,0,1490,1490,0,0.5067114093959731,,,,,1793,< 100 mil aptos,interior
RS,88714,4318408.0,SÃO JERÔNIMO,False,52,52,0,12051,12051,0,0.5358891378308854,,,,,15430,< 100 mil aptos,interior
RS,88722,4320859.0,TABAÍ,False,11,11,0,3130,3130,0,0.4383386581469649,,,,,3861,< 100 mil aptos,interior
RS,88730,4318507.0,SÃO JOSÉ DO NORTE,False,78,78,0,15644,15644,0,0.5591920225006393,,,,,20378,< 100 mil aptos,interior
RS,88749,4323358.0,VILA LÂNGARO,False,10,10,0,1859,1859,0,0.27218934911242604,,,,,2135,< 100 mil aptos,interior
RS,88757,4318606.0,SÃO JOSÉ DO OURO,False,19,19,0,4861,4861,0,0.316190084344785,,,,,5766,< 100 mil aptos,interior
RS,88765,4320321.0,SENADOR SALGADO FILHO,False,9,9,0,2238,2238,0,0.2828418230563003,,,,,2618,< 100 mil aptos,interior
RS,88773,4318705.0,SÃO LEOPOLDO,False,477,0,477,126969,0,126969,,0.44058786002882594,,,,167873,≥ 100 mil aptos,interior
RS,88781,4322855.0,VESPASIANO CORRÊA,False,10,10,0,1871,1871,0,0.16461785141635488,,,,,2234,< 100 mil aptos,interior
RS,88790,4318804.0,SÃO LOURENÇO DO SUL,False,114,114,0,27208,27208,0,0.4465598353425463,,,,,35905,< 100 mil aptos,interior
RS,88803,4312377.0,MONTE ALEGRE DOS CAMPOS,False,12,12,0,2510,2510,0,0.36215139442231076,,,,,3258,< 100 mil aptos,interior
RS,88811,4318903.0,SÃO LUIZ GONZAGA,False,97,97,0,19595,19595,0,0.4914008675682572,,,,,26946,< 100 mil aptos,interior
RS,88820,4312054.0,MARQUES DE SOUZA,False,16,16,0,2803,2803,0,0.3489118801284338,,,,,3479,< 100 mil aptos,interior
RS,88838,4319000.0,SÃO MARCOS,False,54,54,0,13480,13480,0,0.23345697329376855,,,,,16133,< 100 mil aptos,interior
RS,88846,4305439.0,CHUÍ,False,12,12,0,3041,3041,0,0.6487997369286419,,,,,4564,< 100 mil aptos,interior
RS,88854,4319109.0,SÃO MARTINHO,False,22,22,0,4076,4076,0,0.3500981354268891,,,,,4859,< 100 mil aptos,interior
RS,88862,4300877.0,ARARICÁ,False,16,16,0,4675,4675,0,0.3332620320855615,,,,,5751,< 100 mil aptos,interior
RS,88870,4319208.0,SÃO NICOLAU,False,19,19,0,3168,3168,0,0.5902777777777778,,,,,4090,< 100 mil aptos,interior
RS,88889,4314068.0,PASSA SETE,False,19,19,0,3030,3030,0,0.5026402640264026,,,,,3759,< 100 mil aptos,interior
RS,88897,4319307.0,SÃO PAULO DAS MISSÕES,False,21,21,0,4243,4243,0,0.45133160499646474,,,,,5223,< 100 mil aptos,interior
RS,88900,4321493.0,TOROPI,False,15,15,0,2160,2160,0,0.3990740740740741,,,,,2676,< 100 mil aptos,interior
RS,88919,4319406.0,SÃO PEDRO DO SUL,False,56,56,0,10073,10073,0,0.4478308349051921,,,,,12753,< 100 mil aptos,interior
RS,88927,4301636.0,BALNEÁRIO PINHAL,False,28,28,0,6821,6821,0,0.46884621023310363,,,,,9822,< 100 mil aptos,interior
RS,88935,4319505.0,SÃO SEBASTIÃO DO CAÍ,False,57,57,0,13972,13972,0,0.3640853134841111,,,,,17126,< 100 mil aptos,interior
RS,88943,4311734.0,MAMPITUBA,False,11,11,0,2337,2337,0,0.5331621737270005,,,,,2848,< 100 mil aptos,interior
RS,88951,4319604.0,SÃO SEPÉ,False,63,63,0,13322,13322,0,0.5714607416303858,,,,,17047,< 100 mil aptos,interior
RS,88978,4319703.0,SÃO VALENTIM,False,10,10,0,2564,2564,0,0.3880655226209048,,,,,3092,< 100 mil aptos,interior
RS,88986,4300034.0,ACEGUÁ,False,12,12,0,2961,2961,0,0.40797028031070587,,,,,3833,< 100 mil aptos,interior
RS,88994,4319901.0,SAPIRANGA,False,175,175,0,49755,49755,0,0.36245603456939,,,,,62190,< 100 mil aptos,interior
RS,89001,4300471.0,ALMIRANTE TAMANDARÉ DO SUL,False,8,8,0,1616,1616,0,0.3849009900990099,,,,,1894,< 100 mil aptos,interior
RS,89010,4320008.0,SAPUCAIA DO SUL,False,300,300,0,78811,78811,0,0.5114768243011762,,,,,105646,≥ 100 mil aptos,interior
RS,89028,4301073.0,ARROIO DO PADRE,False,10,0,10,2311,0,2311,,0.16832540025962786,,,,2697,< 100 mil aptos,interior
RS,89036,4320107.0,SARANDI,False,57,57,0,13943,13943,0,0.3563078247149107,,,,,16719,< 100 mil aptos,interior
RS,89044,4302220.0,BOA VISTA DO CADEADO,False,10,10,0,1696,1696,0,0.3290094339622642,,,,,2098,< 100 mil aptos,interior
RS,89052,4320206.0,SEBERI,False,36,36,0,7487,7487,0,0.43502070255108855,,,,,9012,< 100 mil aptos,interior
RS,89060,4302238.0,BOA VISTA DO INCRA,False,9,9,0,1801,1801,0,0.39866740699611325,,,,,2137,< 100 mil aptos,interior
RS,89079,4320305.0,SELBACH,False,13,13,0,3675,3675,0,0.2965986394557823,,,,,4377,< 100 mil aptos,interior
RS,89087,4302584.0,BOZANO,False,10,10,0,2025,2025,0,0.3466666666666667,,,,,2360,< 100 mil aptos,interior
RS,89095,4320404.0,SERAFINA CORRÊA,False,40,40,0,10415,10415,0,0.26048967834853576,,,,,12518,< 100 mil aptos,interior
RS,89109,4304614.0,CANUDOS DO VALE,False,10,10,0,1535,1535,0,0.5739413680781759,,,,,1819,< 100 mil aptos,interior
RS,89117,4320503.0,SERTÃO,False,20,20,0,4123,4123,0,0.3378607809847199,,,,,4901,< 100 mil aptos,interior
RS,89125,4304622.0,CAPÃO BONITO DO SUL,False,8,8,0,1662,1662,0,0.5174488567990373,,,,,2036,< 100 mil aptos,interior
RS,89133,4320602.0,SEVERIANO DE ALMEIDA,False,11,11,0,2808,2808,0,0.39672364672364674,,,,,3439,< 100 mil aptos,interior
RS,89141,4304655.0,CAPÃO DO CIPÓ,False,13,13,0,2274,2274,0,0.5650835532102023,,,,,2890,< 100 mil aptos,interior
RS,89150,4304630.0,CAPÃO DA CANOA,False,111,111,0,31801,31801,0,0.35542907455740386,,,,,42277,< 100 mil aptos,interior
RS,89168,4305835.0,COQUEIRO BAIXO,False,9,9,0,1102,1102,0,0.21052631578947367,,,,,1380,< 100 mil aptos,interior
RS,89176,4320701.0,SOBRADINHO,False,44,44,0,8702,8702,0,0.42714318547460356,,,,,11391,< 100 mil aptos,interior
RS,89184,4305934.0,CORONEL PILAR,False,6,6,0,1250,1250,0,0.22,,,,,1512,< 100 mil aptos,interior
RS,89192,4320800.0,SOLEDADE,False,72,72,0,17359,17359,0,0.47980874474336077,,,,,21523,< 100 mil aptos,interior
RS,89206,4306130.0,CRUZALTENSE,False,11,11,0,1683,1683,0,0.3214497920380273,,,,,1987,< 100 mil aptos,interior
RS,89214,4320909.0,TAPEJARA,False,63,63,0,14348,14348,0,0.22574574853638138,,,,,17052,< 100 mil aptos,interior
RS,89222,4308433.0,FORQUETINHA,False,12,12,0,2005,2005,0,0.3172069825436409,,,,,2384,< 100 mil aptos,interior
RS,89230,4321006.0,TAPERA,False,27,27,0,6614,6614,0,0.41911097671605685,,,,,7975,< 100 mil aptos,interior
RS,89247,4316733.0,SANTA CECÍLIA DO SUL,False,10,10,0,1564,1564,0,0.30562659846547313,,,,,1821,< 100 mil aptos,interior
RS,89249,4310652.0,ITATI,False,11,11,0,2621,2621,0,0.42998855398702784,,,,,3275,< 100 mil aptos,interior
RS,89257,4321105.0,TAPES,False,38,38,0,8740,8740,0,0.4923340961098398,,,,,11425,< 100 mil aptos,interior
RS,89265,4310876.0,JACUIZINHO,False,10,10,0,1627,1627,0,0.5519360786724032,,,,,1965,< 100 mil aptos,interior
RS,89273,4321204.0,TAQUARA,False,133,133,0,32345,32345,0,0.3292008038336683,,,,,41939,< 100 mil aptos,interior
RS,89281,4311239.0,LAGOA BONITA DO SUL,False,14,14,0,1879,1879,0,0.5242150079829697,,,,,2336,< 100 mil aptos,interior
RS,89290,4321303.0,TAQUARI,False,68,68,0,15458,15458,0,0.4375080864277397,,,,,19462,< 100 mil aptos,interior
RS,89303,4312179.0,MATO QUEIMADO,False,7,7,0,1313,1313,0,0.46534653465346537,,,,,1615,< 100 mil aptos,interior
RS,89311,4321402.0,TENENTE PORTELA,False,41,41,0,8266,8266,0,0.5359303169610452,,,,,10408,< 100 mil aptos,interior
RS,89320,4313466.0,NOVO XINGU,False,6,6,0,1314,1314,0,0.4939117199391172,,,,,1587,< 100 mil aptos,interior
RS,89338,4321501.0,TORRES,False,87,87,0,23463,23463,0,0.3919362400375059,,,,,31442,< 100 mil aptos,interior
RS,89346,4314134.0,PAULO BENTO,False,8,8,0,1791,1791,0,0.3405918481295366,,,,,2052,< 100 mil aptos,interior
RS,89354,4321600.0,TRAMANDAÍ,False,105,105,0,26384,26384,0,0.4342025469981807,,,,,37291,< 100 mil aptos,interior
RS,89362,4314464.0,PINHAL DA SERRA,False,12,12,0,1870,1870,0,0.439572192513369,,,,,2471,< 100 mil aptos,interior
RS,89370,4321709.0,TRÊS COROAS,False,59,59,0,14419,14419,0,0.3197863929537416,,,,,17505,< 100 mil aptos,interior
RS,89389,4315313.0,QUATRO IRMÃOS,False,7,7,0,1371,1371,0,0.37490882567469,,,,,1635,< 100 mil aptos,interior
RS,89397,4321808.0,TRÊS DE MAIO,False,67,67,0,14846,14846,0,0.33389465175804933,,,,,17903,< 100 mil aptos,interior
RS,89400,4315958.0,ROLADOR,False,12,12,0,1880,1880,0,0.551063829787234,,,,,2341,< 100 mil aptos,interior
RS,89419,4321907.0,TRÊS PASSOS,False,65,65,0,15124,15124,0,0.46059243586352816,,,,,18422,< 100 mil aptos,interior
RS,89435,4322004.0,TRIUNFO,False,70,70,0,16897,16897,0,0.4039770373439072,,,,,21953,< 100 mil aptos,interior
RS,89443,4316972.0,SANTA MARGARIDA DO SUL,False,11,11,0,2064,2064,0,0.499515503875969,,,,,2627,< 100 mil aptos,interior
RS,89451,4322103.0,TUCUNDUVA,False,22,22,0,3941,3941,0,0.3146409540725704,,,,,4757,< 100 mil aptos,interior
RS,89460,4318614.0,SÃO JOSÉ DO SUL,False,8,8,0,1648,1648,0,0.2663834951456311,,,,,1948,< 100 mil aptos,interior
RS,89478,4322202.0,TUPANCIRETÃ,False,51,51,0,12617,12617,0,0.48402948402948404,,,,,16278,< 100 mil aptos,interior
RS,89486,4319364.0,SÃO PEDRO DAS MISSÕES,False,5,5,0,1275,1275,0,0.5325490196078432,,,,,1589,< 100 mil aptos,interior
RS,89494,4322301.0,TUPARENDI,False,25,25,0,5865,5865,0,0.26837169650468884,,,,,7106,< 100 mil aptos,interior
RS,89508,4321469.0,TIO HUGO,False,8,8,0,2120,2120,0,0.41462264150943395,,,,,2526,< 100 mil aptos,interior
RS,89516,4322400.0,URUGUAIANA,False,261,261,0,61683,61683,0,0.3696804630124994,,,,,87699,< 100 mil aptos,interior
RS,89524,4323770.0,WESTFALIA,False,8,8,0,2169,2169,0,0.29691101890272015,,,,,2604,< 100 mil aptos,interior
RS,89532,4322509.0,VACARIA,False,147,147,0,36083,36083,0,0.3142199927943907,,,,,47211,< 100 mil aptos,interior
RS,89540,4314548.0,PINTO BANDEIRA,False,8,0,8,2009,0,2009,,0.16525634644101542,,,,2404,< 100 mil aptos,interior
RS,89559,4322608.0,VENÂNCIO AIRES,False,176,176,0,42802,42802,0,0.3624596981449465,,,,,53512,< 100 mil aptos,interior
RS,89567,4314175.0,PEDRAS ALTAS,False,8,8,0,1505,1505,0,0.6624584717607973,,,,,2000,< 100 mil aptos,interior
RS,89575,4322707.0,VERA CRUZ,False,66,0,66,15905,0,15905,,0.43357434768940584,,,,18542,< 100 mil aptos,interior
RS,89591,4322806.0,VERANÓPOLIS,False,58,58,0,15256,15256,0,0.20844257996853696,,,,,18145,< 100 mil aptos,interior
RS,89613,4322905.0,VIADUTOS,False,15,15,0,3510,3510,0,0.32336182336182334,,,,,4167,< 100 mil aptos,interior
RS,89630,4323002.0,VIAMÃO,False,481,0,481,123343,0,123343,,0.534671606820006,,,,162846,≥ 100 mil aptos,interior
RS,89656,4323101.0,VICENTE DUTRA,False,15,15,0,3046,3046,0,0.41989494418910045,,,,,3795,< 100 mil aptos,interior
RS,89672,4313656.0,PALMARES DO SUL,False,34,34,0,7816,7816,0,0.4475435005117707,,,,,10859,< 100 mil aptos,interior
RS,89699,4323200.0,VICTOR GRAEFF,False,7,7,0,2076,2076,0,0.3338150289017341,,,,,2507,< 100 mil aptos,interior
RS,89710,4321352.0,TAVARES,False,16,16,0,3397,3397,0,0.49602590521047984,,,,,4540,< 100 mil aptos,interior
RS,89737,4304663.0,CAPÃO DO LEÃO,False,57,0,57,13899,0,13899,,0.5714799625872365,,,,17881,< 100 mil aptos,interior
RS,89753,4316451.0,SALTO DO JACUÍ,False,28,28,0,6216,6216,0,0.5292792792792793,,,,,8005,< 100 mil aptos,interior
RS,89770,4305959.0,COTIPORÃ,False,12,12,0,2929,2929,0,0.2280641857289177,,,,,3504,< 100 mil aptos,interior
RS,98213,4321451.0,TEUTÔNIA,False,76,76,0,19852,19852,0,0.35895627644569816,,,,,25023,< 100 mil aptos,interior
RS,98230,4302352.0,BOM PRINCÍPIO,False,29,29,0,8700,8700,0,0.22333333333333333,,,,,10263,< 100 mil aptos,interior
RS,98256,4314050.0,PAROBÉ,False,120,120,0,31321,31321,0,0.3611634366718815,,,,,39493,< 100 mil aptos,interior
RS,98272,4308458.0,FORTALEZA DOS VALOS,False,13,13,0,3148,3148,0,0.4310673443456163,,,,,3707,< 100 mil aptos,interior
RS,98299,4311155.0,JÓIA,False,27,27,0,5128,5128,0,0.547386895475819,,,,,6157,< 100 mil aptos,interior
SC,80004,4211058.0,MONTE CARLO,False,22,22,0,5568,5568,0,0.5021551724137931,,,,,7150,< 100 mil aptos,interior
SC,80012,4200101.0,ABELARDO LUZ,False,40,40,0,9629,9629,0,0.4095960120469415,,,,,12788,< 100 mil aptos,interior
SC,80020,4207650.0,IPORÃ DO OESTE,False,29,29,0,6092,6092,0,0.3104070912672357,,,,,7274,< 100 mil aptos,interior
SC,80039,4200200.0,AGROLÂNDIA,False,25,25,0,6785,6785,0,0.19528371407516582,,,,,8000,< 100 mil aptos,interior
SC,80047,4209854.0,LINDÓIA DO SUL,False,13,13,0,2953,2953,0,0.33830003386386726,,,,,3636,< 100 mil aptos,interior
SC,80055,4200309.0,AGRONÔMICA,False,16,16,0,3731,3731,0,0.17636022514071295,,,,,4339,< 100 mil aptos,interior
SC,80063,4201257.0,APIÚNA,False,32,32,0,6587,6587,0,0.25823591923485656,,,,,8192,< 100 mil aptos,interior
SC,80071,4200408.0,ÁGUA DOCE,False,18,18,0,4428,4428,0,0.29494128274616077,,,,,5447,< 100 mil aptos,interior
SC,80080,4205159.0,DOUTOR PEDRINHO,False,9,9,0,2460,2460,0,0.19227642276422766,,,,,3009,< 100 mil aptos,interior
SC,80098,4200507.0,ÁGUAS DE CHAPECÓ,False,13,13,0,3887,3887,0,0.5320298430666324,,,,,4758,< 100 mil aptos,interior
SC,80101,4209151.0,JOSÉ BOITEUX,False,14,14,0,3522,3522,0,0.37791027825099377,,,,,4293,< 100 mil aptos,interior
SC,80110,4200606.0,ÁGUAS MORNAS,False,21,0,21,5082,0,5082,,0.2733175914994097,,,,6051,< 100 mil aptos,interior
SC,80128,4219358.0,VITOR MEIRELES,False,16,16,0,3615,3615,0,0.301521438450899,,,,,4470,< 100 mil aptos,interior
SC,80136,4200705.0,ALFREDO WAGNER,False,26,26,0,6556,6556,0,0.2780658938377059,,,,,7658,< 100 mil aptos,interior
SC,80144,4218855.0,UNIÃO DO OESTE,False,10,10,0,2083,2083,0,0.3845415266442631,,,,,2469,< 100 mil aptos,interior
SC,80152,4200804.0,ANCHIETA,False,15,15,0,4143,4143,0,0.44919140719285544,,,,,4952,< 100 mil aptos,interior
SC,80160,4218954.0,URUPEMA,False,8,8,0,1933,1933,0,0.396792550439731,,,,,2357,< 100 mil aptos,interior
SC,80179,4200903.0,ANGELINA,False,18,0,18,4228,0,4228,,0.4176915799432356,,,,4980,< 100 mil aptos,interior
SC,80187,4207759.0,IRACEMINHA,False,13,13,0,3057,3057,0,0.2859012103369316,,,,,3666,< 100 mil aptos,interior
SC,80195,4201000.0,ANITA GARIBALDI,False,26,26,0,5615,5615,0,0.47996438112199463,,,,,7462,< 100 mil aptos,interior
SC,80209,4218251.0,TIMBÓ GRANDE,False,18,18,0,4242,4242,0,0.48797736916548795,,,,,5726,< 100 mil aptos,interior
SC,80217,4201109.0,ANITÁPOLIS,False,13,0,13,2563,0,2563,,0.3550526726492392,,,,3143,< 100 mil aptos,interior
SC,80225,4200051.0,ABDON BATISTA,False,10,10,0,2131,2131,0,0.36320976067573907,,,,,2503,< 100 mil aptos,interior
SC,80233,4201208.0,ANTÔNIO CARLOS,False,23,23,0,7172,7172,0,0.1772169548243168,,,,,8329,< 100 mil aptos,interior
SC,80241,4215653.0,SANTA ROSA DO SUL,False,23,23,0,6019,6019,0,0.2862601761089882,,,,,7420,< 100 mil aptos,interior
SC,80250,4201307.0,ARAQUARI,False,65,65,0,18329,18329,0,0.29456053248949754,,,,,23905,< 100 mil aptos,interior
SC,80268,4204152.0,CELSO RAMOS,False,9,9,0,2125,2125,0,0.41976470588235293,,,,,2580,< 100 mil aptos,interior
SC,80276,4201406.0,ARARANGUÁ,False,148,148,0,41153,41153,0,0.3042791534031541,,,,,52833,< 100 mil aptos,interior
SC,80284,4217550.0,SERRA ALTA,False,10,10,0,2431,2431,0,0.33689839572192515,,,,,2812,< 100 mil aptos,interior
SC,80292,4201505.0,ARMAZÉM,False,19,19,0,5571,5571,0,0.25237838808113444,,,,,6537,< 100 mil aptos,interior
SC,80306,4204251.0,COCAL DO SUL,False,46,46,0,11259,11259,0,0.24709121591615596,,,,,14341,< 100 mil aptos,interior
SC,80314,4201604.0,ARROIO TRINTA,False,11,11,0,2627,2627,0,0.24248191853825657,,,,,3173,< 100 mil aptos,interior
SC,80322,4211454.0,NOVA ITABERABA,False,16,16,0,3386,3386,0,0.48789131718842293,,,,,3942,< 100 mil aptos,interior
SC,80330,4201703.0,ASCURRA,False,20,20,0,5062,5062,0,0.17502963255630186,,,,,6347,< 100 mil aptos,interior
SC,80349,4215679.0,SANTA TEREZINHA,False,22,22,0,5426,5426,0,0.2996682639144858,,,,,6569,< 100 mil aptos,interior
SC,80357,4201802.0,ATALANTA,False,12,12,0,2471,2471,0,0.19951436665317684,,,,,2897,< 100 mil aptos,interior
SC,80365,4210852.0,MIRIM DOCE,False,9,9,0,1939,1939,0,0.3037648272305312,,,,,2319,< 100 mil aptos,interior
SC,80373,4201901.0,AURORA,False,20,20,0,4455,4455,0,0.1961840628507295,,,,,5111,< 100 mil aptos,interior
SC,80381,4204178.0,CERRO NEGRO,False,13,13,0,2581,2581,0,0.6079039132119334,,,,,3209,< 100 mil aptos,interior
SC,80390,4202008.0,BALNEÁRIO CAMBORIÚ,False,290,290,0,81846,81846,0,0.2542702147936368,,,,,104610,≥ 100 mil aptos,interior
SC,80403,4212254.0,PASSO DE TORRES,False,21,21,0,5681,5681,0,0.3606759373349762,,,,,7273,< 100 mil aptos,interior
SC,80411,4202107.0,BARRA VELHA,False,73,73,0,19897,19897,0,0.252701412273207,,,,,26946,< 100 mil aptos,interior
SC,80420,4202859.0,BRAÇO DO TROMBUDO,False,10,10,0,2720,2720,0,0.1875,,,,,3086,< 100 mil aptos,interior
SC,80438,4202206.0,BENEDITO NOVO,False,26,26,0,6689,6689,0,0.16280460457467483,,,,,8241,< 100 mil aptos,interior
SC,80446,4217758.0,SUL BRASIL,False,11,11,0,2093,2093,0,0.46392737697085523,,,,,2424,< 100 mil aptos,interior
SC,80454,4202305.0,BIGUAÇU,False,149,149,0,41696,41696,0,0.34048829623944743,,,,,52995,< 100 mil aptos,interior
SC,80462,4219150.0,VARGEM,False,11,11,0,2024,2024,0,0.4792490118577075,,,,,2574,< 100 mil aptos,interior
SC,80470,4202404.0,BLUMENAU,False,716,0,716,211548,0,211548,,0.24718739954998392,,,,263075,≥ 100 mil aptos,interior
SC,80489,4201273.0,ARABUTÃ,False,13,13,0,3152,3152,0,0.3245558375634518,,,,,3837,< 100 mil aptos,interior
SC,80497,4202602.0,BOM RETIRO,False,25,25,0,5128,5128,0,0.36895475819032764,,,,,6487,< 100 mil aptos,interior
SC,80500,4200556.0,ÁGUAS FRIAS,False,10,10,0,2159,2159,0,0.42843909217230197,,,,,2493,< 100 mil aptos,interior
SC,80519,4202701.0,BOTUVERÁ,False,17,17,0,3735,3735,0,0.20856760374832664,,,,,4311,< 100 mil aptos,interior
SC,80527,4206652.0,GUATAMBÚ,False,17,0,17,4904,0,4904,,0.543026101141925,,,,5843,< 100 mil aptos,interior
SC,80535,4202800.0,BRAÇO DO NORTE,False,73,73,0,20436,20436,0,0.1917204932472108,,,,,24780,< 100 mil aptos,interior
SC,80543,4213153.0,PLANALTO ALEGRE,False,11,11,0,2349,2349,0,0.5185185185185185,,,,,2756,< 100 mil aptos,interior
SC,80551,4202909.0,BRUSQUE,False,271,271,0,78869,78869,0,0.2139877518416615,,,,,94776,< 100 mil aptos,interior
SC,80560,4215075.0,RIQUEZA,False,19,19,0,3350,3350,0,0.4098507462686567,,,,,4081,< 100 mil aptos,interior
SC,80578,4203006.0,CAÇADOR,False,171,171,0,40755,40755,0,0.40399950926266714,,,,,53679,< 100 mil aptos,interior
SC,80586,4209458.0,LAJEADO GRANDE,False,6,6,0,1282,1282,0,0.3783151326053042,,,,,1469,< 100 mil aptos,interior
SC,80594,4203105.0,CAIBI,False,19,19,0,4133,4133,0,0.28453907573191384,,,,,4922,< 100 mil aptos,interior
SC,80608,4215059.0,RIO RUFINO,False,10,10,0,1870,1870,0,0.37219251336898396,,,,,2309,< 100 mil aptos,interior
SC,80616,4203204.0,CAMBORIÚ,False,157,157,0,44379,44379,0,0.2745667996124293,,,,,56905,< 100 mil aptos,interior
SC,80624,4212270.0,PASSOS MAIA,False,11,11,0,2722,2722,0,0.5488611315209405,,,,,3326,< 100 mil aptos,interior
SC,80632,4203303.0,CAMPO ALEGRE,False,28,28,0,7953,7953,0,0.20093046649063245,,,,,9798,< 100 mil aptos,interior
SC,80640,4216255.0,SÃO JOÃO DO OESTE,False,19,19,0,4319,4319,0,0.23500810372771475,,,,,5121,< 100 mil aptos,interior
SC,80659,4203402.0,CAMPO BELO DO SUL,False,22,22,0,4803,4803,0,0.4803247970018738,,,,,5974,< 100 mil aptos,interior
SC,80667,4203154.0,CALMON,False,12,12,0,2310,2310,0,0.6571428571428571,,,,,3202,< 100 mil aptos,interior
SC,80675,4203501.0,CAMPO ERÊ,False,25,25,0,5718,5718,0,0.5419727177334732,,,,,7224,< 100 mil aptos,interior
SC,80683,4202057.0,BALNEÁRIO BARRA DO SUL,False,30,30,0,8112,8112,0,0.2839003944773176,,,,,10843,< 100 mil aptos,interior
SC,80691,4203600.0,CAMPOS NOVOS,False,81,81,0,20762,20762,0,0.3360466236393411,,,,,26647,< 100 mil aptos,interior
SC,80705,4212239.0,PARAÍSO,False,11,11,0,2963,2963,0,0.4984812689841377,,,,,3715,< 100 mil aptos,interior
SC,80713,4203709.0,CANELINHA,False,29,29,0,7460,7460,0,0.2521447721179625,,,,,9202,< 100 mil aptos,interior
SC,80721,4215554.0,SANTA HELENA,False,7,7,0,1898,1898,0,0.43730242360379346,,,,,2262,< 100 mil aptos,interior
SC,80730,4203808.0,CANOINHAS,False,127,127,0,33033,33033,0,0.30257621166712073,,,,,42833,< 100 mil aptos,interior
SC,80748,4202156.0,BELMONTE,False,8,8,0,1931,1931,0,0.39668565510098397,,,,,2404,< 100 mil aptos,interior
SC,80756,4203907.0,CAPINZAL,False,52,52,0,13934,13934,0,0.3632122864934692,,,,,17185,< 100 mil aptos,interior
SC,80764,4211652.0,NOVO HORIZONTE,False,10,10,0,2116,2116,0,0.4229678638941399,,,,,2468,< 100 mil aptos,interior
SC,80772,4204004.0,CATANDUVAS,False,25,25,0,6832,6832,0,0.3716334894613583,,,,,8208,< 100 mil aptos,interior
SC,80780,4217154.0,SÃO MIGUEL DA BOA VISTA,False,5,5,0,1407,1407,0,0.509594882729211,,,,,1716,< 100 mil aptos,interior
SC,80799,4204103.0,CAXAMBU DO SUL,False,16,16,0,3684,3684,0,0.510043431053203,,,,,4364,< 100 mil aptos,interior
SC,80802,4201653.0,ARVOREDO,False,9,9,0,2085,2085,0,0.40863309352517985,,,,,2445,< 100 mil aptos,interior
SC,80810,4204202.0,CHAPECÓ,False,439,0,439,129937,0,129937,,0.37149541700978167,,,,160200,≥ 100 mil aptos,interior
SC,80829,4207684.0,IPUAÇU,False,19,19,0,4509,4509,0,0.6675537813262364,,,,,5565,< 100 mil aptos,interior
SC,80837,4204301.0,CONCÓRDIA,False,184,184,0,48222,48222,0,0.29480320185807307,,,,,59511,< 100 mil aptos,interior
SC,80845,4211850.0,OURO VERDE,False,6,6,0,1649,1649,0,0.3644633110976349,,,,,2012,< 100 mil aptos,interior
SC,80853,4204400.0,CORONEL FREITAS,False,26,0,26,6823,0,6823,,0.38663344569837316,,,,8147,< 100 mil aptos,interior
SC,80861,4207858.0,IRATI,False,6,6,0,1692,1692,0,0.5,,,,,2046,< 100 mil aptos,interior
SC,80870,4204509.0,CORUPÁ,False,39,0,39,9761,0,9761,,0.2159614793566233,,,,11457,< 100 mil aptos,interior
SC,80888,4205431.0,FORMOSA DO SUL,False,8,8,0,2019,2019,0,0.49975235264982665,,,,,2403,< 100 mil aptos,interior
SC,80896,4204608.0,CRICIÚMA,False,437,0,437,118702,0,118702,,0.2796920018196829,,,,152992,≥ 100 mil aptos,interior
SC,80900,4210050.0,MACIEIRA,False,5,5,0,1439,1439,0,0.4739402362751911,,,,,1770,< 100 mil aptos,interior
SC,80918,4204707.0,CUNHA PORÃ,False,27,27,0,7400,7400,0,0.16324324324324324,,,,,8545,< 100 mil aptos,interior
SC,80926,4213351.0,PONTE ALTA DO NORTE,False,8,8,0,2011,2011,0,0.44107409249129786,,,,,2614,< 100 mil aptos,interior
SC,80934,4204806.0,CURITIBANOS,False,103,103,0,23644,23644,0,0.3842412451361868,,,,,31411,< 100 mil aptos,interior
SC,80942,4216057.0,SÃO CRISTÓVÃO DO SUL,False,13,13,0,2589,2589,0,0.417921977597528,,,,,3495,< 100 mil aptos,interior
SC,80950,4204905.0,DESCANSO,False,21,21,0,5876,5876,0,0.3613002042205582,,,,,7016,< 100 mil aptos,interior
SC,80969,4219176.0,VARGEM BONITA,False,13,13,0,3314,3314,0,0.4143029571514786,,,,,4057,< 100 mil aptos,interior
SC,80977,4205001.0,DIONÍSIO CERQUEIRA,False,41,41,0,8553,8553,0,0.44475622588565417,,,,,11651,< 100 mil aptos,interior
SC,80985,4202453.0,BOMBINHAS,False,49,49,0,12990,12990,0,0.2822170900692841,,,,,16883,< 100 mil aptos,interior
SC,80993,4205100.0,DONA EMMA,False,11,11,0,2675,2675,0,0.27813084112149533,,,,,3222,< 100 mil aptos,interior
SC,81000,4215455.0,SANGÃO,False,23,23,0,6969,6969,0,0.2014636246233319,,,,,8437,< 100 mil aptos,interior
SC,81019,4205209.0,ERVAL VELHO,False,12,12,0,3247,3247,0,0.28826609177702495,,,,,3963,< 100 mil aptos,interior
SC,81027,4203956.0,CAPIVARI DE BAIXO,False,57,57,0,14150,14150,0,0.3396466431095406,,,,,17721,< 100 mil aptos,interior
SC,81035,4205308.0,FAXINAL DOS GUEDES,False,27,27,0,7273,7273,0,0.4971813556991613,,,,,8854,< 100 mil aptos,interior
SC,81043,4204350.0,CORDILHEIRA ALTA,False,11,0,11,3398,0,3398,,0.3431430253090053,,,,4009,< 100 mil aptos,interior
SC,81051,4205407.0,FLORIANÓPOLIS,False,1102,0,1102,317839,0,317839,,0.46672686485925263,,,,403452,≥ 100 mil aptos,capital
SC,81060,4205456.0,FORQUILHINHA,False,60,0,60,16993,0,16993,,0.26663920437827343,,,,20781,< 100 mil aptos,interior
SC,81078,4205506.0,FRAIBURGO,False,86,86,0,21265,21265,0,0.3534916529508582,,,,,27889,< 100 mil aptos,interior
SC,81086,4211256.0,MORRO GRANDE,False,8,8,0,2281,2281,0,0.21569487067075843,,,,,2785,< 100 mil aptos,interior
SC,81094,4205605.0,GALVÃO,False,10,10,0,2244,2244,0,0.4229055258467023,,,,,2711,< 100 mil aptos,interior
SC,81108,4204459.0,CORONEL MARTINS,False,7,7,0,1656,1656,0,0.46557971014492755,,,,,1967,< 100 mil aptos,interior
SC,81116,4206009.0,GOVERNADOR CELSO RAMOS,False,43,43,0,12062,12062,0,0.23089039960205604,,,,,14663,< 100 mil aptos,interior
SC,81124,4216354.0,SÃO JOÃO DO ITAPERIÚ,False,14,14,0,3075,3075,0,0.1856910569105691,,,,,3745,< 100 mil aptos,interior
SC,81132,4205704.0,GAROPABA,False,62,62,0,16817,16817,0,0.3936492834631623,,,,,21218,< 100 mil aptos,interior
SC,81140,4208955.0,JARDINÓPOLIS,False,7,7,0,1405,1405,0,0.39359430604982204,,,,,1602,< 100 mil aptos,interior
SC,81159,4205803.0,GARUVA,False,34,0,34,9578,0,9578,,0.2644602213405721,,,,11746,< 100 mil aptos,interior
SC,81167,4205191.0,ERMO,False,8,8,0,1933,1933,0,0.2576306259699948,,,,,2207,< 100 mil aptos,interior
SC,81175,4205902.0,GASPAR,False,142,142,0,39439,39439,0,0.2505388067648774,,,,,49329,< 100 mil aptos,interior
SC,81183,4217253.0,SÃO PEDRO DE ALCÂNTARA,False,12,0,12,3495,0,3495,,0.2766809728183119,,,,4139,< 100 mil aptos,interior
SC,81191,4206108.0,GRÃO-PARÁ,False,21,21,0,4768,4768,0,0.2156040268456376,,,,,5599,< 100 mil aptos,interior
SC,81205,4215695.0,SANTIAGO DO SUL,False,6,6,0,1242,1242,0,0.4758454106280193,,,,,1442,< 100 mil aptos,interior
SC,81213,4206207.0,GRAVATAL,False,27,27,0,7425,7425,0,0.23340067340067341,,,,,8989,< 100 mil aptos,interior
SC,81221,4202131.0,BELA VISTA DO TOLDO,False,19,19,0,4183,4183,0,0.35309586421228784,,,,,5115,< 100 mil aptos,interior
SC,81230,4206306.0,GUABIRUBA,False,46,46,0,13811,13811,0,0.20309897907465063,,,,,16014,< 100 mil aptos,interior
SC,81248,4203253.0,CAPÃO ALTO,False,11,0,11,2303,0,2303,,0.36083369518019975,,,,2920,< 100 mil aptos,interior
SC,81256,4206405.0,GUARACIABA,False,30,30,0,7487,7487,0,0.40216375050086817,,,,,9043,< 100 mil aptos,interior
SC,81264,4211892.0,PAINEL,False,8,0,8,1957,0,1957,,0.44455799693408277,,,,2499,< 100 mil aptos,interior
SC,81272,4206504.0,GUARAMIRIM,False,86,86,0,25910,25910,0,0.24554226167502893,,,,,32139,< 100 mil aptos,interior
SC,81280,4202438.0,BOCAINA DO SUL,False,10,0,10,2581,0,2581,,0.3897714064316157,,,,3127,< 100 mil aptos,interior
SC,81299,4206603.0,GUARUJÁ DO SUL,False,13,13,0,3264,3264,0,0.37346813725490197,,,,,4005,< 100 mil aptos,interior
SC,81302,4200754.0,ALTO BELA VISTA,False,7,7,0,1489,1489,0,0.3371390194761585,,,,,1845,< 100 mil aptos,interior
SC,81310,4206702.0,HERVAL D'OESTE,False,50,50,0,13466,13466,0,0.32890242091192634,,,,,16822,< 100 mil aptos,interior
SC,81329,4205555.0,FREI ROGÉRIO,False,9,9,0,1819,1819,0,0.39362286970863114,,,,,2272,< 100 mil aptos,interior
SC,81337,4206801.0,IBICARÉ,False,14,14,0,2451,2451,0,0.2647898816809465,,,,,2984,< 100 mil aptos,interior
SC,81345,4218350.0,TREVISO,False,12,0,12,3131,0,3131,,0.35867135100606834,,,,3991,< 100 mil aptos,interior
SC,81353,4206900.0,IBIRAMA,False,43,43,0,11862,11862,0,0.22997808126791436,,,,,15207,< 100 mil aptos,interior
SC,81361,4207577.0,IOMERÊ,False,9,9,0,2323,2323,0,0.23417993973310375,,,,,2766,< 100 mil aptos,interior
SC,81370,4207007.0,IÇARA,False,124,124,0,33499,33499,0,0.2593808770411057,,,,,42206,< 100 mil aptos,interior
SC,81388,4202537.0,BOM JESUS,False,7,7,0,2075,2075,0,0.4742168674698795,,,,,2501,< 100 mil aptos,interior
SC,81396,4207106.0,ILHOTA,False,33,33,0,8977,8977,0,0.2282499721510527,,,,,11346,< 100 mil aptos,interior
SC,81400,4206751.0,IBIAM,False,6,6,0,1572,1572,0,0.34987277353689566,,,,,1825,< 100 mil aptos,interior
SC,81418,4207205.0,IMARUÍ,False,31,31,0,7532,7532,0,0.4593733404142326,,,,,9540,< 100 mil aptos,interior
SC,81426,4205175.0,ENTRE RIOS,False,9,9,0,2378,2378,0,0.6925988225399495,,,,,2973,< 100 mil aptos,interior
SC,81434,4207304.0,IMBITUBA,False,117,117,0,29455,29455,0,0.41344423697165167,,,,,39447,< 100 mil aptos,interior
SC,81442,4211876.0,PAIAL,False,7,0,7,1569,0,1569,,0.5124282982791587,,,,1937,< 100 mil aptos,interior
SC,81450,4207403.0,IMBUIA,False,17,17,0,4219,4219,0,0.2557478075373311,,,,,4901,< 100 mil aptos,interior
SC,81469,4202578.0,BOM JESUS DO OESTE,False,7,7,0,1623,1623,0,0.34688847812692547,,,,,1888,< 100 mil aptos,interior
SC,81477,4207502.0,INDAIAL,False,130,130,0,38101,38101,0,0.21096559145429253,,,,,48458,< 100 mil aptos,interior
SC,81485,4215752.0,SÃO BERNARDINO,False,9,9,0,2029,2029,0,0.5298176441596846,,,,,2458,< 100 mil aptos,interior
SC,81493,4207601.0,IPIRA,False,12,12,0,3163,3163,0,0.4091052797976604,,,,,3840,< 100 mil aptos,interior
SC,81507,4215687.0,SANTA TEREZINHA DO PROGRESSO,False,6,6,0,1926,1926,0,0.5726895119418484,,,,,2453,< 100 mil aptos,interior
SC,81515,4207700.0,IPUMIRIM,False,17,17,0,5007,5007,0,0.44317954863191533,,,,,6043,< 100 mil aptos,interior
SC,81523,4215356.0,SALTINHO,False,11,11,0,2593,2593,0,0.610104126494408,,,,,3284,< 100 mil aptos,interior
SC,81531,4207809.0,IRANI,False,24,24,0,6252,6252,0,0.3704414587332054,,,,,7513,< 100 mil aptos,interior
SC,81540,4209177.0,JUPIÁ,False,8,8,0,1854,1854,0,0.44606256742179073,,,,,2136,< 100 mil aptos,interior
SC,81558,4207908.0,IRINEÓPOLIS,False,29,29,0,6479,6479,0,0.3526778823892576,,,,,8020,< 100 mil aptos,interior
SC,81566,4212056.0,PALMEIRA,False,10,0,10,2296,0,2296,,0.3719512195121951,,,,2839,< 100 mil aptos,interior
SC,81574,4208005.0,ITÁ,False,22,22,0,4820,4820,0,0.44854771784232367,,,,,5999,< 100 mil aptos,interior
SC,81582,4202081.0,BANDEIRANTE,False,9,9,0,2371,2371,0,0.4732180514550822,,,,,2893,< 100 mil aptos,interior
SC,81590,4208104.0,ITAIÓPOLIS,False,52,52,0,13376,13376,0,0.2543361244019139,,,,,16990,< 100 mil aptos,interior
SC,81604,4205357.0,FLOR DO SERTÃO,False,6,6,0,1394,1394,0,0.49856527977044474,,,,,1731,< 100 mil aptos,interior
SC,81612,4208203.0,ITAJAÍ,False,473,0,473,133669,0,133669,,0.2703543828411973,,,,165908,≥ 100 mil aptos,interior
SC,81620,4204756.0,CUNHATAÍ,False,5,5,0,1509,1509,0,0.31875414181577205,,,,,1761,< 100 mil aptos,interior
SC,81639,4208302.0,ITAPEMA,False,134,134,0,39137,39137,0,0.23683470884329408,,,,,50360,< 100 mil aptos,interior
SC,81647,4214151.0,PRINCESA,False,9,9,0,2115,2115,0,0.3735224586288416,,,,,2559,< 100 mil aptos,interior
SC,81655,4208401.0,ITAPIRANGA,False,41,41,0,10079,10079,0,0.28574263319773785,,,,,12340,< 100 mil aptos,interior
SC,81663,4208450.0,ITAPOÁ,False,52,0,52,13446,0,13446,,0.30291536516436113,,,,17515,< 100 mil aptos,interior
SC,81671,4208500.0,ITUPORANGA,False,55,55,0,16017,16017,0,0.21065118311793718,,,,,19054,< 100 mil aptos,interior
SC,81680,4217956.0,TIGRINHOS,False,6,6,0,1645,1645,0,0.46808510638297873,,,,,1997,< 100 mil aptos,interior
SC,81698,4208609.0,JABORÁ,False,13,13,0,3237,3237,0,0.2842137781896818,,,,,3800,< 100 mil aptos,interior
SC,81701,4204194.0,CHAPADÃO DO LAGEADO,False,8,8,0,2264,2264,0,0.31934628975265017,,,,,2560,< 100 mil aptos,interior
SC,81710,4208708.0,JACINTO MACHADO,False,27,27,0,7418,7418,0,0.2487193313561607,,,,,9100,< 100 mil aptos,interior
SC,81728,4201950.0,BALNEÁRIO ARROIO DO SILVA,False,32,32,0,8530,8530,0,0.3786635404454865,,,,,11546,< 100 mil aptos,interior
SC,81736,4208807.0,JAGUARUNA,False,46,46,0,12168,12168,0,0.26914858645627876,,,,,15182,< 100 mil aptos,interior
SC,81744,4202073.0,BALNEÁRIO GAIVOTA,False,32,32,0,7953,7953,0,0.3533257890104363,,,,,10503,< 100 mil aptos,interior
SC,81752,4208906.0,JARAGUÁ DO SUL,False,355,0,355,104007,0,104007,,0.22924418548751527,,,,122929,≥ 100 mil aptos,interior
SC,81760,4202099.0,BARRA BONITA,False,6,6,0,1473,1473,0,0.4487440597420231,,,,,1843,< 100 mil aptos,interior
SC,81779,4209003.0,JOAÇABA,False,76,76,0,18063,18063,0,0.27453911310413553,,,,,22554,< 100 mil aptos,interior
SC,81787,4202875.0,BRUNÓPOLIS,False,12,12,0,2258,2258,0,0.4526129317980514,,,,,2771,< 100 mil aptos,interior
SC,81795,4209102.0,JOINVILLE,False,1191,0,1191,349965,0,349965,,0.23398339833983398,,,,430150,≥ 100 mil aptos,interior
SC,81809,4210035.0,LUZERNA,False,19,19,0,4252,4252,0,0.20884289746001883,,,,,5009,< 100 mil aptos,interior
SC,81817,4209201.0,LACERDÓPOLIS,False,7,7,0,1722,1722,0,0.25435540069686413,,,,,2024,< 100 mil aptos,interior
SC,81825,4219853.0,ZORTÉA,False,8,8,0,2526,2526,0,0.4168646080760095,,,,,2995,< 100 mil aptos,interior
SC,81833,4209300.0,LAGES,False,380,0,380,98414,0,98414,,0.3305525636596419,,,,126269,≥ 100 mil aptos,interior
SC,81850,4209409.0,LAGUNA,False,109,109,0,27445,27445,0,0.386554928037894,,,,,35849,< 100 mil aptos,interior
SC,81876,4209508.0,LAURENTINO,False,19,19,0,5077,5077,0,0.22375418554264329,,,,,5979,< 100 mil aptos,interior
SC,81892,4209607.0,LAURO MÜLLER,False,44,44,0,9816,9816,0,0.3474938875305624,,,,,12281,< 100 mil aptos,interior
SC,81914,4209706.0,LEBON RÉGIS,False,30,30,0,6654,6654,0,0.5446348061316502,,,,,8896,< 100 mil aptos,interior
SC,81930,4209805.0,LEOBERTO LEAL,False,9,9,0,2656,2656,0,0.3121234939759036,,,,,3177,< 100 mil aptos,interior
SC,81957,4209904.0,LONTRAS,False,30,30,0,7319,7319,0,0.23705424238283918,,,,,8996,< 100 mil aptos,interior
SC,81973,4210001.0,LUIZ ALVES,False,30,30,0,8364,8364,0,0.19332855093256815,,,,,9927,< 100 mil aptos,interior
SC,81990,4210100.0,MAFRA,False,130,130,0,34096,34096,0,0.25231698732989205,,,,,41449,< 100 mil aptos,interior
SC,82015,4210209.0,MAJOR GERCINO,False,11,11,0,2531,2531,0,0.2749901224812327,,,,,3109,< 100 mil aptos,interior
SC,82031,4210308.0,MAJOR VIEIRA,False,20,20,0,4791,4791,0,0.4113963681903569,,,,,5905,< 100 mil aptos,interior
SC,82058,4210506.0,MARAVILHA,False,56,56,0,16020,16020,0,0.2955680399500624,,,,,20256,< 100 mil aptos,interior
SC,82066,4210555.0,MAREMA,False,9,9,0,1717,1717,0,0.34129295282469424,,,,,2003,< 100 mil aptos,interior
SC,82074,4210605.0,MASSARANDUBA,False,42,42,0,10926,10926,0,0.18552077613033133,,,,,13027,< 100 mil aptos,interior
SC,82090,4210704.0,MATOS COSTA,False,10,10,0,1797,1797,0,0.533667223149694,,,,,2462,< 100 mil aptos,interior
SC,82112,4210803.0,MELEIRO,False,18,18,0,5094,5094,0,0.2006281900274833,,,,,6048,< 100 mil aptos,interior
SC,82139,4210902.0,MODELO,False,11,11,0,2883,2883,0,0.36767256330211584,,,,,3391,< 100 mil aptos,interior
SC,82155,4211009.0,MONDAÍ,False,29,29,0,6227,6227,0,0.38863015898506503,,,,,7678,< 100 mil aptos,interior
SC,82171,4211108.0,MONTE CASTELO,False,22,22,0,5477,5477,0,0.41281723571298157,,,,,7159,< 100 mil aptos,interior
SC,82198,4211207.0,MORRO DA FUMAÇA,False,40,40,0,11062,11062,0,0.2007774362683059,,,,,13471,< 100 mil aptos,interior
SC,82210,4211306.0,NAVEGANTES,False,157,157,0,45461,45461,0,0.2989375508677768,,,,,60960,< 100 mil aptos,interior
SC,82236,4211405.0,NOVA ERECHIM,False,13,13,0,3297,3297,0,0.39854413102820746,,,,,3860,< 100 mil aptos,interior
SC,82252,4211504.0,NOVA TRENTO,False,33,33,0,9004,9004,0,0.21523767214571302,,,,,10757,< 100 mil aptos,interior
SC,82279,4211603.0,NOVA VENEZA,False,36,0,36,10215,0,10215,,0.22770435633871758,,,,12189,< 100 mil aptos,interior
SC,82295,4211702.0,ORLEANS,False,58,58,0,15450,15450,0,0.2062135922330097,,,,,19161,< 100 mil aptos,interior
SC,82317,4211801.0,OURO,False,19,19,0,4831,4831,0,0.2887600910784517,,,,,5816,< 100 mil aptos,interior
SC,82333,4211900.0,PALHOÇA,False,373,0,373,110918,0,110918,,0.34302818298202276,,,,141022,≥ 100 mil aptos,interior
SC,82350,4212007.0,PALMA SOLA,False,18,18,0,4442,4442,0,0.519585772174696,,,,,5712,< 100 mil aptos,interior
SC,82376,4212106.0,PALMITOS,False,42,42,0,10024,10024,0,0.2954908220271349,,,,,12204,< 100 mil aptos,interior
SC,82392,4212205.0,PAPANDUVA,False,52,52,0,12010,12010,0,0.42689425478767695,,,,,14303,< 100 mil aptos,interior
SC,82414,4212304.0,PAULO LOPES,False,21,0,21,5482,0,5482,,0.34549434512951477,,,,6607,< 100 mil aptos,interior
SC,82430,4212403.0,PEDRAS GRANDES,False,13,13,0,3332,3332,0,0.2262905162064826,,,,,4152,< 100 mil aptos,interior
SC,82457,4212502.0,PENHA,False,61,61,0,17465,17465,0,0.2487832808474091,,,,,22145,< 100 mil aptos,interior
SC,82473,4212601.0,PERITIBA,False,9,9,0,2334,2334,0,0.26735218508997427,,,,,2740,< 100 mil aptos,interior
SC,82490,4212700.0,PETROLÂNDIA,False,20,20,0,4595,4595,0,0.22110990206746464,,,,,5393,< 100 mil aptos,interior
SC,82511,4212809.0,BALNEÁRIO PIÇARRAS,False,51,51,0,14365,14365,0,0.26682909850330666,,,,,18446,< 100 mil aptos,interior
SC,82538,4212908.0,PINHALZINHO,False,41,41,0,12697,12697,0,0.38930456013231474,,,,,15036,< 100 mil aptos,interior
SC,82554,4213005.0,PINHEIRO PRETO,False,8,8,0,2371,2371,0,0.3584985238296078,,,,,2796,< 100 mil aptos,interior
SC,82570,4213104.0,PIRATUBA,False,16,16,0,4273,4273,0,0.33161713082143696,,,,,5072,< 100 mil aptos,interior
SC,82597,4213203.0,POMERODE,False,74,74,0,20577,20577,0,0.1947319823103465,,,,,25901,< 100 mil aptos,interior
SC,82619,4213302.0,PONTE ALTA,False,17,17,0,3227,3227,0,0.39820266501394486,,,,,4147,< 100 mil aptos,interior
SC,82635,4213401.0,PONTE SERRADA,False,28,28,0,6483,6483,0,0.4878914082986272,,,,,7951,< 100 mil aptos,interior
SC,82651,4213500.0,PORTO BELO,False,45,45,0,12728,12728,0,0.257149591451917,,,,,16784,< 100 mil aptos,interior
SC,82678,4213609.0,PORTO UNIÃO,False,84,84,0,19565,19565,0,0.32256580628673653,,,,,25723,< 100 mil aptos,interior
SC,82694,4213708.0,POUSO REDONDO,False,34,34,0,9718,9718,0,0.2264869314673801,,,,,11808,< 100 mil aptos,interior
SC,82716,4213807.0,PRAIA GRANDE,False,19,19,0,5137,5137,0,0.4099669067549153,,,,,6348,< 100 mil aptos,interior
SC,82732,4213906.0,PRESIDENTE CASTELLO BRANCO,False,6,6,0,1400,1400,0,0.21285714285714286,,,,,1626,< 100 mil aptos,interior
SC,82759,4214003.0,PRESIDENTE GETÚLIO,False,39,39,0,11190,11190,0,0.21376228775692582,,,,,13599,< 100 mil aptos,interior
SC,82775,4214102.0,PRESIDENTE NEREU,False,10,10,0,1766,1766,0,0.2882219705549264,,,,,2195,< 100 mil aptos,interior
SC,82791,4214201.0,QUILOMBO,False,29,29,0,6914,6914,0,0.4487995371709575,,,,,8177,< 100 mil aptos,interior
SC,82813,4214300.0,RANCHO QUEIMADO,False,10,0,10,2619,0,2619,,0.2836960672012218,,,,3137,< 100 mil aptos,interior
SC,82830,4214409.0,RIO DAS ANTAS,False,20,20,0,4146,4146,0,0.2945007235890014,,,,,5292,< 100 mil aptos,interior
SC,82856,4214508.0,RIO DO CAMPO,False,17,17,0,4534,4534,0,0.24217026907807676,,,,,5285,< 100 mil aptos,interior
SC,82872,4214607.0,RIO DO OESTE,False,25,25,0,5074,5074,0,0.278281434765471,,,,,5979,< 100 mil aptos,interior
SC,82899,4214706.0,RIO DOS CEDROS,False,30,30,0,7182,7182,0,0.20941241993873572,,,,,8798,< 100 mil aptos,interior
SC,82910,4214805.0,RIO DO SUL,False,147,147,0,40860,40860,0,0.23499755261869798,,,,,51301,< 100 mil aptos,interior
SC,82937,4214904.0,RIO FORTUNA,False,16,16,0,3864,3864,0,0.15113871635610765,,,,,4343,< 100 mil aptos,interior
SC,82953,4215000.0,RIO NEGRINHO,False,99,99,0,24785,24785,0,0.2422029453298366,,,,,32155,< 100 mil aptos,interior
SC,82970,4215109.0,RODEIO,False,29,29,0,7901,7901,0,0.20225287938235667,,,,,9775,< 100 mil aptos,interior
SC,82996,4215208.0,ROMELÂNDIA,False,14,14,0,3295,3295,0,0.4473444613050076,,,,,3926,< 100 mil aptos,interior
SC,83011,4215307.0,SALETE,False,19,19,0,5019,5019,0,0.24765889619446105,,,,,6056,< 100 mil aptos,interior
SC,83038,4215406.0,SALTO VELOSO,False,11,11,0,2857,2857,0,0.30591529576478826,,,,,3461,< 100 mil aptos,interior
SC,83054,4215505.0,SANTA CECÍLIA,False,37,37,0,9379,9379,0,0.4120908412410705,,,,,13009,< 100 mil aptos,interior
SC,83070,4215604.0,SANTA ROSA DE LIMA,False,8,8,0,1668,1668,0,0.31115107913669066,,,,,1978,< 100 mil aptos,interior
SC,83097,4215703.0,SANTO AMARO DA IMPERATRIZ,False,60,0,60,15798,0,15798,,0.3102924420812761,,,,19042,< 100 mil aptos,interior
SC,83119,4215802.0,SÃO BENTO DO SUL,False,181,181,0,50473,50473,0,0.22411982644186002,,,,,63018,< 100 mil aptos,interior
SC,83135,4215901.0,SÃO BONIFÁCIO,False,8,0,8,2342,0,2342,,0.18616567036720752,,,,2775,< 100 mil aptos,interior
SC,83151,4216008.0,SÃO CARLOS,False,29,29,0,6898,6898,0,0.36793273412583355,,,,,8248,< 100 mil aptos,interior
SC,83178,4216107.0,SÃO DOMINGOS,False,24,24,0,6134,6134,0,0.428268666449299,,,,,7262,< 100 mil aptos,interior
SC,83194,4216206.0,SÃO FRANCISCO DO SUL,False,115,115,0,29536,29536,0,0.3020381906825569,,,,,39557,< 100 mil aptos,interior
SC,83216,4216305.0,SÃO JOÃO BATISTA,False,64,64,0,18102,18102,0,0.21246271130261848,,,,,22745,< 100 mil aptos,interior
SC,83232,4216404.0,SÃO JOÃO DO SUL,False,20,20,0,5557,5557,0,0.282886449523124,,,,,6683,< 100 mil aptos,interior
SC,83259,4216503.0,SÃO JOAQUIM,False,64,64,0,14821,14821,0,0.3961271169286823,,,,,19311,< 100 mil aptos,interior
SC,83275,4216602.0,SÃO JOSÉ,False,524,0,524,148341,0,148341,,0.36830006538987875,,,,187620,≥ 100 mil aptos,interior
SC,83291,4216701.0,SÃO JOSÉ DO CEDRO,False,35,35,0,9227,9227,0,0.2934865069903544,,,,,11342,< 100 mil aptos,interior
SC,83313,4216800.0,SÃO JOSÉ DO CERRITO,False,33,0,33,6165,0,6165,,0.5357664233576642,,,,7440,< 100 mil aptos,interior
SC,83330,4216909.0,SÃO LOURENÇO DO OESTE,False,56,56,0,15090,15090,0,0.36355202120609675,,,,,19112,< 100 mil aptos,interior
SC,83356,4217006.0,SÃO LUDGERO,False,30,30,0,7789,7789,0,0.20349210424958275,,,,,9199,< 100 mil aptos,interior
SC,83372,4217105.0,SÃO MARTINHO,False,11,11,0,2795,2795,0,0.19033989266547405,,,,,3234,< 100 mil aptos,interior
SC,83399,4217204.0,SÃO MIGUEL DO OESTE,False,90,90,0,25192,25192,0,0.3412988250238171,,,,,31776,< 100 mil aptos,interior
SC,83410,4217303.0,SAUDADES,False,25,25,0,6551,6551,0,0.35307586627995724,,,,,7514,< 100 mil aptos,interior
SC,83437,4217402.0,SCHROEDER,False,38,0,38,11441,0,11441,,0.22690324272353815,,,,13813,< 100 mil aptos,interior
SC,83453,4217501.0,SEARA,False,49,49,0,11628,11628,0,0.4315445476436188,,,,,14522,< 100 mil aptos,interior
SC,83470,4217600.0,SIDERÓPOLIS,False,33,0,33,8626,0,8626,,0.3243681891954556,,,,11088,< 100 mil aptos,interior
SC,83496,4217709.0,SOMBRIO,False,69,69,0,17913,17913,0,0.29280410874783674,,,,,22659,< 100 mil aptos,interior
SC,83518,4217808.0,TAIÓ,False,45,45,0,11895,11895,0,0.19756200084068937,,,,,14514,< 100 mil aptos,interior
SC,83534,4217907.0,TANGARÁ,False,26,26,0,5450,5450,0,0.2763302752293578,,,,,6590,< 100 mil aptos,interior
SC,83550,4218004.0,TIJUCAS,False,90,90,0,24525,24525,0,0.2829765545361876,,,,,31748,< 100 mil aptos,interior
SC,83577,4218202.0,TIMBÓ,False,96,96,0,27639,27639,0,0.17667064655016462,,,,,34113,< 100 mil aptos,interior
SC,83593,4218301.0,TRÊS BARRAS,False,45,45,0,11406,11406,0,0.37699456426442224,,,,,14929,< 100 mil aptos,interior
SC,83615,4218400.0,TREZE DE MAIO,False,20,20,0,5534,5534,0,0.1698590531261294,,,,,6581,< 100 mil aptos,interior
SC,83631,4218509.0,TREZE TÍLIAS,False,20,20,0,5135,5135,0,0.21947419668938656,,,,,6150,< 100 mil aptos,interior
SC,83658,4218608.0,TROMBUDO CENTRAL,False,16,16,0,4439,4439,0,0.2007208830817752,,,,,5229,< 100 mil aptos,interior
SC,83674,4218707.0,TUBARÃO,False,238,238,0,63764,63764,0,0.25069004453923843,,,,,80939,< 100 mil aptos,interior
SC,83682,4218756.0,TUNÁPOLIS,False,15,15,0,3403,3403,0,0.24449015574493094,,,,,4028,< 100 mil aptos,interior
SC,83690,4218806.0,TURVO,False,29,29,0,8543,8543,0,0.17663584220999648,,,,,9947,< 100 mil aptos,interior
SC,83712,4218905.0,URUBICI,False,28,28,0,6487,6487,0,0.2793278865423154,,,,,8394,< 100 mil aptos,interior
SC,83739,4219002.0,URUSSANGA,False,53,53,0,13229,13229,0,0.22405321641847456,,,,,17458,< 100 mil aptos,interior
SC,83755,4219101.0,VARGEÃO,False,10,10,0,2468,2468,0,0.45786061588330634,,,,,2930,< 100 mil aptos,interior
SC,83771,4219200.0,VIDAL RAMOS,False,17,17,0,4514,4514,0,0.27226406734603453,,,,,5338,< 100 mil aptos,interior
SC,83798,4219309.0,VIDEIRA,False,113,113,0,30429,30429,0,0.2793716520424595,,,,,38567,< 100 mil aptos,interior
SC,83810,4219408.0,WITMARSUM,False,11,11,0,2809,2809,0,0.2805268778924884,,,,,3467,< 100 mil aptos,interior
SC,83836,4219507.0,XANXERÊ,False,114,114,0,28907,28907,0,0.38706887605078355,,,,,36008,< 100 mil aptos,interior
SC,83852,4219606.0,XAVANTINA,False,15,15,0,3067,3067,0,0.42875774372350833,,,,,3515,< 100 mil aptos,interior
SC,83879,4219705.0,XAXIM,False,70,70,0,18605,18605,0,0.33265251276538566,,,,,22550,< 100 mil aptos,interior
SC,83895,4202503.0,BOM JARDIM DA SERRA,False,14,14,0,2860,2860,0,0.4416083916083916,,,,,3615,< 100 mil aptos,interior
SC,83909,4220000.0,BALNEÁRIO RINCÃO,False,38,38,0,9371,9371,0,0.34585423113861913,,,,,12418,< 100 mil aptos,interior
SC,83917,4210407.0,MARACAJÁ,False,19,19,0,5144,5144,0,0.33378693623639194,,,,,6309,< 100 mil aptos,interior
SC,83925,4212650.0,PESCARIA BRAVA,False,26,26,0,6513,6513,0,0.4015046829418087,,,,,7663,< 100 mil aptos,interior
SC,83933,4218103.0,TIMBÉ DO SUL,False,14,14,0,3656,3656,0,0.27297592997811815,,,,,4527,< 100 mil aptos,interior
SC,83950,4204558.0,CORREIA PINTO,False,44,0,44,9726,0,9726,,0.43203783672630064,,,,11868,< 100 mil aptos,interior
SC,83976,4211751.0,OTACÍLIO COSTA,False,46,0,46,10749,0,10749,,0.34245046050795425,,,,13341,< 100 mil aptos,interior
SE,31003,2806404.0,SANTANA DO SÃO FRANCISCO,False,20,20,0,4326,4326,0,0.7369394359685622,,,,,5920,< 100 mil aptos,interior
SE,31011,2800100.0,AMPARO DE SÃO FRANCISCO,False,9,9,0,2004,2004,0,0.7210578842315369,,,,,2680,< 100 mil aptos,interior
SE,31038,2800209.0,AQUIDABÃ,False,63,63,0,12354,12354,0,0.7684150882305326,,,,,16717,< 100 mil aptos,interior
SE,31054,2800308.0,ARACAJU,False,1297,0,1297,333364,0,333364,,0.5725723233462522,,,,423579,≥ 100 mil aptos,capital
SE,31070,2800407.0,ARAUÁ,False,28,28,0,7062,7062,0,0.7902860379495894,,,,,9366,< 100 mil aptos,interior
SE,31097,2800506.0,AREIA BRANCA,False,45,0,45,10972,0,10972,,0.7169157856361648,,,,14073,< 100 mil aptos,interior
SE,31119,2800605.0,BARRA DOS COQUEIROS,False,85,0,85,18783,0,18783,,0.6194431134536549,,,,25157,< 100 mil aptos,interior
SE,31135,2800704.0,BREJO GRANDE,False,22,22,0,5147,5147,0,0.7921119098503983,,,,,7225,< 100 mil aptos,interior
SE,31151,2800670.0,BOQUIM,False,73,73,0,16003,16003,0,0.7177404236705618,,,,,21505,< 100 mil aptos,interior
SE,31194,2801009.0,CAMPO DO BRITO,False,41,41,0,11298,11298,0,0.7542042839440609,,,,,14824,< 100 mil aptos,interior
SE,31216,2801108.0,CANHOBA,False,14,14,0,3328,3328,0,0.7983774038461539,,,,,4354,< 100 mil aptos,interior
SE,31232,2801207.0,CANINDÉ DE SÃO FRANCISCO,False,72,72,0,16747,16747,0,0.781931092135905,,,,,23623,< 100 mil aptos,interior
SE,31259,2801306.0,CAPELA,False,83,83,0,18676,18676,0,0.7059327479117584,,,,,26096,< 100 mil aptos,interior
SE,31275,2801405.0,CARIRA,False,58,58,0,12554,12554,0,0.7388880038234825,,,,,16929,< 100 mil aptos,interior
SE,31291,2801504.0,CARMÓPOLIS,False,42,0,42,9251,0,9251,,0.6744135769106042,,,,13016,< 100 mil aptos,interior
SE,31313,2801603.0,CEDRO DE SÃO JOÃO,False,17,17,0,4263,4263,0,0.6826178747361014,,,,,5230,< 100 mil aptos,interior
SE,31330,2801702.0,CRISTINÁPOLIS,False,48,48,0,10280,10280,0,0.8031128404669261,,,,,14078,< 100 mil aptos,interior
SE,31356,2804458.0,NOSSA SENHORA APARECIDA,False,33,33,0,5797,5797,0,0.6634466103156805,,,,,7305,< 100 mil aptos,interior
SE,31372,2801900.0,CUMBE,False,15,15,0,3342,3342,0,0.6418312387791741,,,,,4284,< 100 mil aptos,interior
SE,31399,2802007.0,DIVINA PASTORA,False,13,0,13,3028,0,3028,,0.7912813738441216,,,,4035,< 100 mil aptos,interior
SE,31410,2802106.0,ESTÂNCIA,False,160,160,0,36750,36750,0,0.7320544217687075,,,,,49228,< 100 mil aptos,interior
SE,31437,2802205.0,FEIRA NOVA,False,21,21,0,4513,4513,0,0.7766452470640373,,,,,5784,< 100 mil aptos,interior
SE,31453,2802304.0,FREI PAULO,False,36,36,0,10167,10167,0,0.6218156781744861,,,,,13137,< 100 mil aptos,interior
SE,31470,2802502.0,GENERAL MAYNARD,False,10,0,10,2185,0,2185,,0.7533180778032037,,,,2921,< 100 mil aptos,interior
SE,31496,2802403.0,GARARU,False,28,28,0,7190,7190,0,0.8414464534075105,,,,,9177,< 100 mil aptos,interior
SE,31518,2802601.0,GRACCHO CARDOSO,False,27,27,0,4860,4860,0,0.8148148148148148,,,,,6042,< 100 mil aptos,interior
SE,31534,2802700.0,ILHA DAS FLORES,False,27,27,0,5021,5021,0,0.7787293367855009,,,,,7495,< 100 mil aptos,interior
SE,31550,2802809.0,INDIAROBA,False,46,46,0,9402,9402,0,0.8132312273984259,,,,,13038,< 100 mil aptos,interior
SE,31577,2802908.0,ITABAIANA,False,247,247,0,56993,56993,0,0.6251995859140597,,,,,72228,< 100 mil aptos,interior
SE,31593,2803005.0,ITABAIANINHA,False,95,95,0,24473,24473,0,0.6436889633473624,,,,,30688,< 100 mil aptos,interior
SE,31615,2803104.0,ITABI,False,16,16,0,3458,3458,0,0.7417582417582418,,,,,4540,< 100 mil aptos,interior
SE,31631,2803203.0,ITAPORANGA D'AJUDA,False,94,0,94,20907,0,20907,,0.706796766633185,,,,28104,< 100 mil aptos,interior
SE,31658,2803302.0,JAPARATUBA,False,45,45,0,10482,10482,0,0.7558672009158558,,,,,14451,< 100 mil aptos,interior
SE,31674,2803401.0,JAPOATÃ,False,45,45,0,8289,8289,0,0.7648691036313187,,,,,11139,< 100 mil aptos,interior
SE,31690,2803500.0,LAGARTO,False,287,287,0,61177,61177,0,0.708370792945061,,,,,77236,< 100 mil aptos,interior
SE,31712,2803609.0,LARANJEIRAS,False,76,0,76,16403,0,16403,,0.669694568066817,,,,22162,< 100 mil aptos,interior
SE,31739,2803708.0,MACAMBIRA,False,17,17,0,5099,5099,0,0.7195528535006864,,,,,6459,< 100 mil aptos,interior
SE,31755,2803807.0,MALHADA DOS BOIS,False,14,14,0,2945,2945,0,0.7704584040747029,,,,,3895,< 100 mil aptos,interior
SE,31771,2803906.0,MALHADOR,False,39,39,0,7828,7828,0,0.7451456310679612,,,,,9965,< 100 mil aptos,interior
SE,31798,2804003.0,MARUIM,False,46,0,46,9612,0,9612,,0.7794423637120267,,,,12872,< 100 mil aptos,interior
SE,31810,2804102.0,MOITA BONITA,False,42,42,0,7108,7108,0,0.6684018007878447,,,,,9388,< 100 mil aptos,interior
SE,31836,2804201.0,MONTE ALEGRE DE SERGIPE,False,36,36,0,8966,8966,0,0.743921481151015,,,,,11875,< 100 mil aptos,interior
SE,31852,2804300.0,MURIBECA,False,27,27,0,5347,5347,0,0.7291939405273985,,,,,7183,< 100 mil aptos,interior
SE,31879,2804409.0,NEÓPOLIS,False,48,48,0,9978,9978,0,0.752355181399078,,,,,14076,< 100 mil aptos,interior
SE,31895,2804508.0,NOSSA SENHORA DA GLÓRIA,False,93,93,0,22468,22468,0,0.776971693074595,,,,,28125,< 100 mil aptos,interior
SE,31917,2804607.0,NOSSA SENHORA DAS DORES,False,75,75,0,15976,15976,0,0.6448422633950927,,,,,20871,< 100 mil aptos,interior
SE,31933,2804706.0,NOSSA SENHORA DE LOURDES,False,16,16,0,4524,4524,0,0.8034924845269673,,,,,5724,< 100 mil aptos,interior
SE,31950,2804805.0,NOSSA SENHORA DO SOCORRO,False,349,0,349,89961,0,89961,,0.5801513989395405,,,,113439,≥ 100 mil aptos,interior
SE,31976,2804904.0,PACATUBA,False,37,37,0,8004,8004,0,0.8203398300849575,,,,,11633,< 100 mil aptos,interior
SE,31992,2805000.0,PEDRA MOLE,False,12,12,0,2503,2503,0,0.7331202556931682,,,,,3201,< 100 mil aptos,interior
SE,32018,2805109.0,PEDRINHAS,False,22,22,0,5444,5444,0,0.7391623806024982,,,,,7453,< 100 mil aptos,interior
SE,32034,2805208.0,PINHÃO,False,19,19,0,4149,4149,0,0.7893468305615811,,,,,5477,< 100 mil aptos,interior
SE,32050,2805307.0,PIRAMBU,False,27,27,0,5888,5888,0,0.7218070652173914,,,,,8340,< 100 mil aptos,interior
SE,32077,2805406.0,POÇO REDONDO,False,67,67,0,15590,15590,0,0.7782552918537524,,,,,21570,< 100 mil aptos,interior
SE,32093,2805505.0,POÇO VERDE,False,66,66,0,14421,14421,0,0.7799043062200957,,,,,19118,< 100 mil aptos,interior
SE,32115,2805604.0,PORTO DA FOLHA,False,79,79,0,17513,17513,0,0.7890138754068406,,,,,23442,< 100 mil aptos,interior
SE,32131,2805703.0,PROPRIÁ,False,74,74,0,15116,15116,0,0.6442842021698862,,,,,19722,< 100 mil aptos,interior
SE,32158,2805802.0,RIACHÃO DO DANTAS,False,59,59,0,13395,13395,0,0.8164986935423666,,,,,17289,< 100 mil aptos,interior
SE,32174,2805901.0,RIACHUELO,False,26,0,26,6095,0,6095,,0.7494667760459393,,,,8101,< 100 mil aptos,interior
SE,32190,2806008.0,RIBEIRÓPOLIS,False,57,57,0,11135,11135,0,0.6976201167489897,,,,,14388,< 100 mil aptos,interior
SE,32212,2806107.0,ROSÁRIO DO CATETE,False,31,0,31,6352,0,6352,,0.756926952141058,,,,8616,< 100 mil aptos,interior
SE,32239,2806206.0,SALGADO,False,55,0,55,13186,0,13186,,0.7840891854997725,,,,16837,< 100 mil aptos,interior
SE,32255,2806305.0,SANTA LUZIA DO ITANHY,False,42,42,0,7960,7960,0,0.807286432160804,,,,,11444,< 100 mil aptos,interior
SE,32298,2806503.0,SANTA ROSA DE LIMA,False,17,17,0,3150,3150,0,0.7333333333333333,,,,,4124,< 100 mil aptos,interior
SE,32310,2806602.0,SANTO AMARO DAS BROTAS,False,31,31,0,6898,6898,0,0.8289359234560743,,,,,9811,< 100 mil aptos,interior
SE,32336,2806701.0,SÃO CRISTÓVÃO,False,188,0,188,46222,0,46222,,0.6440223270304184,,,,58638,< 100 mil aptos,interior
SE,32352,2806800.0,SÃO DOMINGOS,False,21,21,0,6015,6015,0,0.686616791354946,,,,,8243,< 100 mil aptos,interior
SE,32379,2806909.0,SÃO FRANCISCO,False,13,13,0,2717,2717,0,0.749723960250276,,,,,3519,< 100 mil aptos,interior
SE,32395,2807006.0,SÃO MIGUEL DO ALEIXO,False,16,16,0,2974,2974,0,0.7642905178211163,,,,,3972,< 100 mil aptos,interior
SE,32417,2807105.0,SIMÃO DIAS,False,129,129,0,27486,27486,0,0.756385068762279,,,,,35446,< 100 mil aptos,interior
SE,32433,2807204.0,SIRIRI,False,25,25,0,5098,5098,0,0.7561788936837975,,,,,6670,< 100 mil aptos,interior
SE,32450,2807303.0,TELHA,False,13,13,0,2825,2825,0,0.6814159292035398,,,,,3522,< 100 mil aptos,interior
SE,32476,2807402.0,TOBIAS BARRETO,False,132,132,0,32116,32116,0,0.6971602939344875,,,,,40740,< 100 mil aptos,interior
SE,32492,2807501.0,TOMAR DO GERU,False,38,38,0,7079,7079,0,0.7053256109620003,,,,,9873,< 100 mil aptos,interior
SE,32514,2807600.0,UMBAÚBA,False,62,62,0,14045,14045,0,0.7070131719473122,,,,,18814,< 100 mil aptos,interior
SP,61000,3515350.0,EUCLIDES DA CUNHA PAULISTA,True,21,11,10,4726,2371,2355,0.6528890763390974,0.6237791932059448,2.910988313315266,1.1344439601087521,0.1261426279038062,7114,< 100 mil aptos,interior
SP,61018,3500105.0,ADAMANTINA,True,83,37,46,20059,9064,10995,0.2699691085613416,0.2432924056389268,2.667670292241481,1.150197381708683,0.1399335639157596,27651,< 100 mil aptos,interior
SP,61026,3507456.0,BOREBI,False,8,8,0,1678,1678,0,0.41775923718712754,,,,,2222,< 100 mil aptos,interior
SP,61034,3500204.0,ADOLFO,False,14,14,0,3118,3118,0,0.35695958948043616,,,,,4301,< 100 mil aptos,interior
SP,61042,3553955.0,TARUMÃ,False,35,35,0,9038,9038,0,0.38979862801504755,,,,,11706,< 100 mil aptos,interior
SP,61050,3500303.0,AGUAÍ,True,68,43,25,17333,10735,6598,0.39245458779692594,0.40785086389815095,-1.5396276101225015,0.937865106478362,-0.06414915004208312,24074,< 100 mil aptos,interior
SP,61069,3532058.0,MOTUCA,False,11,11,0,2675,2675,0,0.5110280373831776,,,,,3578,< 100 mil aptos,interior
SP,61077,3500402.0,ÁGUAS DA PRATA,False,19,19,0,4652,4652,0,0.3761822871883061,,,,,6320,< 100 mil aptos,interior
SP,61085,3519253.0,IARAS,False,18,18,0,2975,2975,0,0.5364705882352941,,,,,4573,< 100 mil aptos,interior
SP,61093,3500501.0,ÁGUAS DE LINDÓIA,False,48,48,0,11133,11133,0,0.28222401868319413,,,,,14902,< 100 mil aptos,interior
SP,61107,3518859.0,GUATAPARÁ,False,18,18,0,4331,4331,0,0.5407527129993073,,,,,5900,< 100 mil aptos,interior
SP,61115,3500600.0,ÁGUAS DE SÃO PEDRO,False,13,13,0,2985,2985,0,0.3219430485762144,,,,,3973,< 100 mil aptos,interior
SP,61123,3513850.0,DIRCE REIS,False,6,6,0,1232,1232,0,0.4788961038961039,,,,,1626,< 100 mil aptos,interior
SP,61131,3500709.0,AGUDOS,True,92,52,40,21947,12475,9472,0.3191182364729459,0.3502956081081081,-3.117737163516221,0.8692826890676154,-0.14008690274130195,30496,< 100 mil aptos,interior
SP,61140,3515194.0,ESPÍRITO SANTO DO TURVO,False,10,10,0,2542,2542,0,0.47128245476003144,,,,,3530,< 100 mil aptos,interior
SP,61158,3500808.0,ALFREDO MARCONDES,False,11,0,11,3104,0,3104,,0.38337628865979384,,,,4047,< 100 mil aptos,interior
SP,61166,3544251.0,ROSANA,False,51,51,0,10038,10038,0,0.5491133691970512,,,,,15323,< 100 mil aptos,interior
SP,61174,3500907.0,ALTAIR,False,10,10,0,2364,2364,0,0.438663282571912,,,,,3195,< 100 mil aptos,interior
SP,61182,3514957.0,EMBAÚBA,False,8,8,0,1851,1851,0,0.41112911939492164,,,,,2375,< 100 mil aptos,interior
SP,61190,3501004.0,ALTINÓPOLIS,True,48,30,18,9533,6012,3521,0.48952095808383234,0.4129508662311843,7.657009185264801,1.3632309696781455,0.30985759520204026,12385,< 100 mil aptos,interior
SP,61204,3520442.0,ILHA SOLTEIRA,True,61,55,6,14647,13679,968,0.43884786899627165,0.4535123966942149,-1.4664527697943242,0.9423766768236589,-0.059350215092619375,21612,< 100 mil aptos,interior
SP,61212,3501103.0,ALTO ALEGRE,False,14,0,14,2772,0,2772,,0.32395382395382394,,,,3643,< 100 mil aptos,interior
SP,61220,3501152.0,ALUMÍNIO,False,44,0,44,10883,0,10883,,0.4711017182762106,,,,14511,< 100 mil aptos,interior
SP,61239,3501202.0,ÁLVARES FLORENCE,False,13,13,0,2856,2856,0,0.3445378151260504,,,,,3800,< 100 mil aptos,interior
SP,61247,3537156.0,PEDRINHAS PAULISTA,False,9,9,0,2146,2146,0,0.33504193849021435,,,,,2779,< 100 mil aptos,interior
SP,61255,3501301.0,ÁLVARES MACHADO,True,57,54,3,14389,13904,485,0.3980149597238205,0.3917525773195876,0.626238240423288,1.0265547380997295,0.026208281042683808,19225,< 100 mil aptos,interior
SP,61263,3502754.0,ARAÇARIGUAMA,False,49,49,0,12551,12551,0,0.42649988048761056,,,,,17245,< 100 mil aptos,interior
SP,61271,3501400.0,ÁLVARO DE CARVALHO,False,11,11,0,2111,2111,0,0.4817621980104216,,,,,3009,< 100 mil aptos,interior
SP,61280,3506359.0,BERTIOGA,False,131,131,0,34598,34598,0,0.4336666859356032,,,,,48180,< 100 mil aptos,interior
SP,61298,3501509.0,ALVINLÂNDIA,False,10,10,0,2031,2031,0,0.4711964549483013,,,,,2717,< 100 mil aptos,interior
SP,61301,3552551.0,SUZANÁPOLIS,False,9,9,0,2170,2170,0,0.5456221198156682,,,,,2948,< 100 mil aptos,interior
SP,61310,3501608.0,AMERICANA,True,512,312,200,137936,83787,54149,0.33185339014405574,0.3205968715950433,1.125651854901244,1.0525500389196856,0.05121582836083666,180473,≥ 100 mil aptos,interior
SP,61328,3548054.0,SANTO ANTÔNIO DO ARACANGUÁ,False,24,24,0,5553,5553,0,0.40716729695660003,,,,,6996,< 100 mil aptos,interior
SP,61336,3501707.0,AMÉRICO BRASILIENSE,True,98,35,63,21278,6679,14599,0.5744871986824375,0.5370915816151791,3.7395617067258358,1.163628793631627,0.15154339263321967,28579,< 100 mil aptos,interior
SP,61344,3510153.0,CANITAR,False,12,0,12,2965,0,2965,,0.4677908937605396,,,,3907,< 100 mil aptos,interior
SP,61352,3501806.0,AMÉRICO DE CAMPOS,False,15,15,0,3892,3892,0,0.3625385405960945,,,,,4940,< 100 mil aptos,interior
SP,61360,3505351.0,BARRA DO CHAPÉU,False,16,16,0,3465,3465,0,0.5015873015873016,,,,,4797,< 100 mil aptos,interior
SP,61379,3501905.0,AMPARO,True,166,92,74,41476,23484,17992,0.33282234712996084,0.3078034682080925,2.501887892186833,1.1218296075491327,0.11496093063838685,57384,< 100 mil aptos,interior
SP,61387,3515129.0,EMILIANÓPOLIS,False,8,8,0,2152,2152,0,0.4846654275092937,,,,,2725,< 100 mil aptos,interior
SP,61395,3502002.0,ANALÂNDIA,False,16,16,0,2976,2976,0,0.3333333333333333,,,,,4542,< 100 mil aptos,interior
SP,61409,3533254.0,NOVAIS,False,12,0,12,2789,0,2789,,0.38723556830405165,,,,3670,< 100 mil aptos,interior
SP,61417,3502101.0,ANDRADINA,True,142,130,12,33529,30327,3202,0.37052791242127475,0.32604622111180515,4.448169130946961,1.2167333000166582,0.19616964456360494,45538,< 100 mil aptos,interior
SP,61425,3532843.0,NOVA CANAÃ PAULISTA,False,7,7,0,1449,1449,0,0.484472049689441,,,,,2037,< 100 mil aptos,interior
SP,61433,3502200.0,ANGATUBA,True,56,27,29,13109,6270,6839,0.43891547049441787,0.4455329726568212,-0.661750216240331,0.9735280491925533,-0.02682864185506586,18374,< 100 mil aptos,interior
SP,61441,3545159.0,SALTINHO,False,19,0,19,5578,0,5578,,0.18788096091789172,,,,6863,< 100 mil aptos,interior
SP,61450,3502309.0,ANHEMBI,False,19,0,19,3813,0,3813,,0.3928665093102544,,,,5904,< 100 mil aptos,interior
SP,61468,3555356.0,UBARANA,False,14,14,0,3417,3417,0,0.45449224465905763,,,,,4636,< 100 mil aptos,interior
SP,61476,3502408.0,ANHUMAS,False,10,0,10,2598,0,2598,,0.40454195535026943,,,,3398,< 100 mil aptos,interior
SP,61484,3509254.0,CAJATI,True,79,4,75,16431,700,15731,0.29285714285714287,0.3361515478990528,-4.329440504190996,0.8178666391601339,-0.2010559884822557,24122,< 100 mil aptos,interior
SP,61492,3502507.0,APARECIDA,True,85,22,63,21880,6171,15709,0.36396046021714473,0.37386211725762303,-0.9901657040478296,0.9583598482096087,-0.04253194710455657,28544,< 100 mil aptos,interior
SP,61506,3509452.0,CAMPINA DO MONTE ALEGRE,False,16,16,0,3672,3672,0,0.39760348583877997,,,,,4951,< 100 mil aptos,interior
SP,61514,3502606.0,APARECIDA D'OESTE,False,12,0,12,2953,0,2953,,0.4771418896037928,,,,3998,< 100 mil aptos,interior
SP,61522,3503950.0,ASPÁSIA,False,7,7,0,1473,1473,0,0.4175152749490835,,,,,1896,< 100 mil aptos,interior
SP,61530,3502705.0,APIAÍ,True,71,23,48,13837,4954,8883,0.48344771901493744,0.45772824496228753,2.57194740526499,1.1087777540069126,0.10325828612715571,20460,< 100 mil aptos,interior
SP,61549,3556354.0,VARGEM,False,20,20,0,4732,4732,0,0.35777683854606934,,,,,6934,< 100 mil aptos,interior
SP,61557,3502804.0,ARAÇATUBA,True,488,283,205,115093,70535,44558,0.3143829304600553,0.2966470667444679,1.7735863715587386,1.0872028468085164,0.0836082023286649,153805,≥ 100 mil aptos,interior
SP,61565,3540754.0,POTIM,False,42,42,0,10004,10004,0,0.406937225109956,,,,,13086,< 100 mil aptos,interior
SP,61573,3502903.0,ARAÇOIABA DA SERRA,False,72,72,0,19119,19119,0,0.340865108007741,,,,,24769,< 100 mil aptos,interior
SP,61581,3500758.0,ALAMBARI,False,20,20,0,3819,3819,0,0.34223618748363444,,,,,4930,< 100 mil aptos,interior
SP,61590,3503000.0,ARAMINA,False,14,14,0,3442,3442,0,0.5113306217315514,,,,,4608,< 100 mil aptos,interior
SP,61603,3522158.0,ITAOCA,False,12,12,0,2103,2103,0,0.5606276747503567,,,,,3092,< 100 mil aptos,interior
SP,61611,3503109.0,ARANDU,False,16,0,16,4265,0,4265,,0.4084407971864009,,,,5810,< 100 mil aptos,interior
SP,61620,3554953.0,TUIUTI,False,16,16,0,4052,4052,0,0.33316880552813427,,,,,5506,< 100 mil aptos,interior
SP,61638,3503208.0,ARARAQUARA,True,578,335,243,131457,80880,50577,0.49679772502472797,0.518022025822014,-2.122430079728599,0.9185778492222458,-0.08492862100817342,181417,≥ 100 mil aptos,interior
SP,61646,3503158.0,ARAPEÍ,False,8,8,0,1794,1794,0,0.5139353400222966,,,,,2479,< 100 mil aptos,interior
SP,61654,3503307.0,ARARAS,True,282,170,112,76212,48766,27446,0.3354591313620145,0.28342927931210377,5.202985204991073,1.276239757230608,0.2439180647882212,101579,≥ 100 mil aptos,interior
SP,61662,3557303.0,ESTIVA GERBI,False,27,27,0,7202,7202,0,0.340460983060261,,,,,9437,< 100 mil aptos,interior
SP,61670,3503406.0,AREALVA,False,21,21,0,4775,4775,0,0.34471204188481674,,,,,6381,< 100 mil aptos,interior
SP,61689,3515152.0,ENGENHEIRO COELHO,False,49,49,0,11168,11168,0,0.3641654727793696,,,,,14925,< 100 mil aptos,interior
SP,61697,3503505.0,AREIAS,False,11,11,0,2533,2533,0,0.6265298065534939,,,,,3258,< 100 mil aptos,interior
SP,61700,3543253.0,RIBEIRÃO GRANDE,True,22,20,2,4950,4358,592,0.5672326755392382,0.47466216216216217,9.257051337707601,1.450644003577588,0.372007598229667,6704,< 100 mil aptos,interior
SP,61719,3503604.0,AREIÓPOLIS,False,32,0,32,6383,0,6383,,0.4493185022716591,,,,8556,< 100 mil aptos,interior
SP,61727,3519071.0,HORTOLÂNDIA,True,451,273,178,127205,75489,51716,0.47242644623720015,0.42596101786681106,4.646542837038909,1.206765022062687,0.18794324384451275,165592,≥ 100 mil aptos,interior
SP,61735,3503703.0,ARIRANHA,True,23,14,9,5208,3061,2147,0.3711205488402483,0.35631113181183044,1.480941702841787,1.0660908242084712,0.0639985230602914,6959,< 100 mil aptos,interior
SP,61743,3519055.0,HOLAMBRA,False,35,35,0,9646,9646,0,0.32697491188057226,,,,,12272,< 100 mil aptos,interior
SP,61751,3503802.0,ARTUR NOGUEIRA,False,113,113,0,29911,29911,0,0.365484270001003,,,,,38410,< 100 mil aptos,interior
SP,61760,3514924.0,ELISIÁRIO,False,8,0,8,2137,0,2137,,0.32615816565278427,,,,2726,< 100 mil aptos,interior
SP,61778,3503901.0,ARUJÁ,True,203,123,80,53512,32697,20815,0.43563629690797323,0.4133077107854912,2.232858612248201,1.095725720024507,0.09141690175461066,71035,< 100 mil aptos,interior
SP,61786,3507159.0,BOM SUCESSO DE ITARARÉ,False,11,11,0,2505,2505,0,0.55249500998004,,,,,3335,< 100 mil aptos,interior
SP,61794,3504008.0,ASSIS,True,218,127,91,54231,32113,22118,0.3861675956777629,0.3610633872863731,2.510420839138977,1.1132695742305527,0.10730124802539515,73871,< 100 mil aptos,interior
SP,61808,3540259.0,PONTALINDA,False,12,12,0,2439,2439,0,0.5112751127511275,,,,,3289,< 100 mil aptos,interior
SP,61816,3504107.0,ATIBAIA,True,351,151,200,88269,40369,47900,0.38712873739750797,0.34208768267223383,4.5041054725274146,1.2148334272663228,0.1946069704937269,120163,≥ 100 mil aptos,interior
SP,61824,3536257.0,PARISI,False,8,8,0,2088,2088,0,0.38984674329501917,,,,,2729,< 100 mil aptos,interior
SP,61832,3504206.0,AURIFLAMA,True,33,15,18,8617,4036,4581,0.3129335976214073,0.3479589609255621,-3.502536330415479,0.8534938312215706,-0.15841696439933745,10942,< 100 mil aptos,interior
SP,61840,3553856.0,TAQUARIVAÍ,False,16,16,0,3733,3733,0,0.45754085186177335,,,,,5030,< 100 mil aptos,interior
SP,61859,3504305.0,AVAÍ,False,17,17,0,3027,3027,0,0.5044598612487612,,,,,4141,< 100 mil aptos,interior
SP,61867,3528858.0,MARAPOAMA,False,9,9,0,2115,2115,0,0.23829787234042554,,,,,2770,< 100 mil aptos,interior
SP,61875,3504404.0,AVANHANDAVA,False,27,0,27,5793,0,5793,,0.4921456930778526,,,,7903,< 100 mil aptos,interior
SP,61883,3549250.0,SÃO JOÃO DE IRACEMA,False,5,5,0,1334,1334,0,0.5652173913043478,,,,,1720,< 100 mil aptos,interior
SP,61891,3504503.0,AVARÉ,True,214,130,84,48419,29737,18682,0.3854793691360931,0.3308532277058131,5.4626141430279995,1.268675880749412,0.23797374298773363,68659,< 100 mil aptos,interior
SP,61905,3549953.0,SÃO LOURENÇO DA SERRA,False,38,38,0,8795,8795,0,0.4830017055144969,,,,,12457,< 100 mil aptos,interior
SP,61913,3504602.0,BADY BASSITT,False,37,37,0,11048,11048,0,0.30865314989138304,,,,,14322,< 100 mil aptos,interior
SP,61921,3557154.0,ZACARIAS,False,8,8,0,1836,1836,0,0.39215686274509803,,,,,2460,< 100 mil aptos,interior
SP,61930,3504701.0,BALBINOS,False,7,7,0,1081,1081,0,0.40888066604995377,,,,,1532,< 100 mil aptos,interior
SP,61948,3522653.0,ITAPIRAPUÃ PAULISTA,False,10,10,0,2504,2504,0,0.5654952076677316,,,,,3332,< 100 mil aptos,interior
SP,61956,3504800.0,BÁLSAMO,False,20,20,0,5802,5802,0,0.3307480179248535,,,,,7479,< 100 mil aptos,interior
SP,61964,3529658.0,MESÓPOLIS,False,7,7,0,1339,1339,0,0.43315907393577296,,,,,1782,< 100 mil aptos,interior
SP,61972,3504909.0,BANANAL,True,27,8,19,6348,1809,4539,0.5765616362631288,0.5437320995814056,3.282953668172328,1.1425901671949252,0.1332977616304868,8777,< 100 mil aptos,interior
SP,61980,3532827.0,NOVA CAMPINA,False,23,23,0,5348,5348,0,0.4674644727000748,,,,,7129,< 100 mil aptos,interior
SP,61999,3505104.0,BARBOSA,False,21,21,0,3881,3881,0,0.423602164390621,,,,,5259,< 100 mil aptos,interior
SP,62006,3520426.0,ILHA COMPRIDA,False,34,34,0,8302,8302,0,0.4327872801734522,,,,,12791,< 100 mil aptos,interior
SP,62014,3505005.0,BARÃO DE ANTONINA,False,10,0,10,2024,0,2024,,0.5093873517786561,,,,2786,< 100 mil aptos,interior
SP,62022,3527256.0,LOURDES,False,7,7,0,1441,1441,0,0.3837612768910479,,,,,1953,< 100 mil aptos,interior
SP,62030,3505203.0,BARIRI,True,67,35,32,17807,9126,8681,0.26736795967565197,0.3003110240755673,-3.2943064399915345,0.8502706936994339,-0.16220051702060406,25216,< 100 mil aptos,interior
SP,62049,3554656.0,TORRE DE PEDRA,False,9,9,0,1836,1836,0,0.32080610021786493,,,,,2587,< 100 mil aptos,interior
SP,62057,3505302.0,BARRA BONITA,True,93,41,52,22342,10809,11533,0.38995281709686375,0.298534639729472,9.141817736739178,1.5019661155270931,0.4067749935182931,30112,< 100 mil aptos,interior
SP,62065,3503356.0,ARCO-ÍRIS,False,6,6,0,1697,1697,0,0.37242192103712435,,,,,2249,< 100 mil aptos,interior
SP,62073,3505401.0,BARRA DO TURVO,False,24,24,0,4401,4401,0,0.5087480118154964,,,,,7233,< 100 mil aptos,interior
SP,62081,3507753.0,BREJO ALEGRE,False,9,9,0,1942,1942,0,0.537590113285273,,,,,2573,< 100 mil aptos,interior
SP,62090,3505500.0,BARRETOS,True,256,145,111,64305,35651,28654,0.3792880985105607,0.36291617226216233,1.6371926248398394,1.072678069905697,0.07015839058426172,90900,< 100 mil aptos,interior
SP,62103,3509957.0,CANAS,False,12,12,0,2961,2961,0,0.4008780817291456,,,,,3935,< 100 mil aptos,interior
SP,62111,3505609.0,BARRINHA,False,83,83,0,18647,18647,0,0.5151498900627447,,,,,24531,< 100 mil aptos,interior
SP,62120,3540853.0,PRACINHA,False,5,5,0,1061,1061,0,0.44863336475023563,,,,,1356,< 100 mil aptos,interior
SP,62138,3505708.0,BARUERI,True,749,457,292,212684,128848,83836,0.5091891220663107,0.44259029533851807,6.659882672779266,1.306584724052237,0.26741665198332043,279705,≥ 100 mil aptos,interior
SP,62146,3541059.0,PRATÂNIA,False,16,0,16,3454,0,3454,,0.44122756224667053,,,,4899,< 100 mil aptos,interior
SP,62154,3505807.0,BASTOS,False,49,49,0,13263,13263,0,0.2853803815124783,,,,,18083,< 100 mil aptos,interior
SP,62162,3541653.0,QUADRA,False,11,11,0,2735,2735,0,0.40877513711151736,,,,,3805,< 100 mil aptos,interior
SP,62170,3505906.0,BATATAIS,True,143,87,56,32748,21184,11564,0.43801925981873113,0.42701487374610864,1.1004386072622496,1.0458565506697157,0.04483621538693258,45000,< 100 mil aptos,interior
SP,62189,3546256.0,SANTA CRUZ DA ESPERANÇA,False,7,7,0,1567,1567,0,0.42182514358647094,,,,,2189,< 100 mil aptos,interior
SP,62197,3506003.0,BAURU,True,834,483,351,205714,123759,81955,0.39695698898665954,0.37847599292294554,1.8480996063714006,1.0809727238796147,0.07786130603495214,280616,≥ 100 mil aptos,interior
SP,62200,3547650.0,SANTA SALETE,False,6,6,0,1356,1356,0,0.3148967551622419,,,,,1716,< 100 mil aptos,interior
SP,62219,3506102.0,BEBEDOURO,True,179,110,69,43436,27879,15557,0.3260159977043653,0.2851449508259947,4.087104687837057,1.2126671876672117,0.19282222105984373,59974,< 100 mil aptos,interior
SP,62227,3556958.0,VITÓRIA BRASIL,False,7,0,7,1313,0,1313,,0.43183549124143183,,,,1627,< 100 mil aptos,interior
SP,62235,3506201.0,BENTO DE ABREU,False,7,7,0,1672,1672,0,0.41208133971291866,,,,,2160,< 100 mil aptos,interior
SP,62243,3521150.0,IPIGUÁ,False,14,0,14,3321,0,3321,,0.30412526347485697,,,,4378,< 100 mil aptos,interior
SP,62251,3506300.0,BERNARDINO DE CAMPOS,False,23,0,23,6135,0,6135,,0.37489812550937246,,,,8449,< 100 mil aptos,interior
SP,62260,3553658.0,TAQUARAL,False,7,7,0,1772,1772,0,0.41196388261851014,,,,,2298,< 100 mil aptos,interior
SP,62278,3506409.0,BILAC,False,20,0,20,4901,0,4901,,0.3029993878800245,,,,6410,< 100 mil aptos,interior
SP,62286,3515657.0,FERNÃO,False,6,6,0,1178,1178,0,0.34465195246179964,,,,,1586,< 100 mil aptos,interior
SP,62294,3506508.0,BIRIGUI,True,263,135,128,67146,36857,30289,0.287163903736061,0.24418105582884875,4.298284790721224,1.2469411899768494,0.22069350438036134,89216,< 100 mil aptos,interior
SP,62308,3516853.0,GAVIÃO PEIXOTO,False,14,14,0,3057,3057,0,0.5773634281975794,,,,,4125,< 100 mil aptos,interior
SP,62316,3506607.0,BIRITIBA MIRIM,False,68,68,0,17355,17355,0,0.39815615096513973,,,,,23965,< 100 mil aptos,interior
SP,62324,3525854.0,JUMIRIM,False,7,0,7,1798,0,1798,,0.3409343715239155,,,,2435,< 100 mil aptos,interior
SP,62332,3506706.0,BOA ESPERANÇA DO SUL,False,32,0,32,7673,0,7673,,0.5774794734784309,,,,10487,< 100 mil aptos,interior
SP,62340,3532157.0,NANTES,False,7,7,0,1739,1739,0,0.49511213341000576,,,,,2337,< 100 mil aptos,interior
SP,62359,3506805.0,BOCAINA,False,31,31,0,6722,6722,0,0.3280273728057126,,,,,9127,< 100 mil aptos,interior
SP,62367,3532868.0,NOVA CASTILHO,False,4,4,0,984,984,0,0.37296747967479676,,,,,1283,< 100 mil aptos,interior
SP,62375,3506904.0,BOFETE,False,24,24,0,5809,5809,0,0.39352728524703046,,,,,8598,< 100 mil aptos,interior
SP,62383,3534757.0,OUROESTE,False,22,22,0,5762,5762,0,0.4170426935091982,,,,,7499,< 100 mil aptos,interior
SP,62391,3507001.0,BOITUVA,True,118,105,13,33856,30121,3735,0.32173566614654225,0.46398929049531457,-14.225362434877232,0.5479812987869858,-0.6015141189175579,46401,< 100 mil aptos,interior
SP,62405,3536570.0,PAULISTÂNIA,False,6,6,0,1403,1403,0,0.3670705630791162,,,,,1907,< 100 mil aptos,interior
SP,62413,3507100.0,BOM JESUS DOS PERDÕES,True,56,51,5,13716,12612,1104,0.37702188392007613,0.3713768115942029,0.5645072325873246,1.0243995567103437,0.024106642612120033,18380,< 100 mil aptos,interior
SP,62421,3543238.0,RIBEIRÃO DOS ÍNDIOS,False,7,7,0,1465,1465,0,0.5221843003412969,,,,,1876,< 100 mil aptos,interior
SP,62430,3507209.0,BORÁ,False,4,4,0,790,790,0,0.4177215189873418,,,,,1039,< 100 mil aptos,interior
SP,62448,3554755.0,TRABIJU,False,5,0,5,1202,0,1202,,0.5482529118136439,,,,1585,< 100 mil aptos,interior
SP,62456,3507308.0,BORACÉIA,False,11,11,0,2950,2950,0,0.41559322033898305,,,,,3991,< 100 mil aptos,interior
SP,62472,3507407.0,BORBOREMA,False,32,32,0,8451,8451,0,0.31972547627499703,,,,,11542,< 100 mil aptos,interior
SP,62499,3507506.0,BOTUCATU,True,317,165,152,81376,42868,38508,0.43370346178967994,0.3953464215228005,3.835704026687947,1.1713260371379859,0.15813647211153273,107506,≥ 100 mil aptos,interior
SP,62510,3507605.0,BRAGANÇA PAULISTA,True,364,198,166,99835,56402,43433,0.3303606255097337,0.33085441945064814,-0.04937939409144221,0.9977712167543485,-0.0022312706796843115,135540,≥ 100 mil aptos,interior
SP,62553,3507704.0,BRAÚNA,False,15,15,0,3305,3305,0,0.31164901664145234,,,,,4269,< 100 mil aptos,interior
SP,62570,3507803.0,BRODOWSKI,False,51,51,0,13710,13710,0,0.3202042304886944,,,,,18149,< 100 mil aptos,interior
SP,62596,3507902.0,BROTAS,True,57,25,32,13259,5829,7430,0.31240349974266596,0.3028263795423957,0.9577120200270239,1.0459946773120425,0.04496827701797012,18924,< 100 mil aptos,interior
SP,62618,3508009.0,BURI,False,47,47,0,11514,11514,0,0.3952579468473163,,,,,15829,< 100 mil aptos,interior
SP,62634,3508108.0,BURITAMA,True,38,10,28,9871,2416,7455,0.42177152317880795,0.33869885982562037,8.307266335318758,1.424174858430725,0.3535925992930386,13666,< 100 mil aptos,interior
SP,62650,3508207.0,BURITIZAL,False,13,13,0,2941,2941,0,0.3117987079224753,,,,,3823,< 100 mil aptos,interior
SP,62677,3508306.0,CABRÁLIA PAULISTA,False,11,11,0,2557,2557,0,0.48025029331247554,,,,,3393,< 100 mil aptos,interior
SP,62693,3508405.0,CABREÚVA,False,102,102,0,26650,26650,0,0.37422138836772983,,,,,35416,< 100 mil aptos,interior
SP,62715,3508504.0,CAÇAPAVA,True,232,154,78,55619,37804,17815,0.33967305047084967,0.33118158854897556,0.849146192187411,1.0388290941780276,0.038094207901766104,74798,< 100 mil aptos,interior
SP,62731,3508603.0,CACHOEIRA PAULISTA,True,76,37,39,18588,9106,9482,0.41675818141884474,0.40508331575616957,1.1674865662675171,1.0494150091832903,0.048232874801402426,25488,< 100 mil aptos,interior
SP,62758,3508702.0,CACONDE,True,41,21,20,10320,5059,5261,0.4530539632338407,0.4284356586200342,2.4618304613806483,1.1050577393792795,0.09989758643651166,14578,< 100 mil aptos,interior
SP,62774,3508801.0,CAFELÂNDIA,True,40,13,27,9457,3179,6278,0.41333752752437875,0.35536795157693535,5.79695759474434,1.2780568230022242,0.24534081740997288,13207,< 100 mil aptos,interior
SP,62790,3508900.0,CAIABU,False,12,12,0,2705,2705,0,0.49463955637707946,,,,,3316,< 100 mil aptos,interior
SP,62812,3509007.0,CAIEIRAS,False,187,187,0,53908,53908,0,0.4852897529123692,,,,,70847,< 100 mil aptos,interior
SP,62839,3509106.0,CAIUÁ,False,15,15,0,2903,2903,0,0.5645883568722012,,,,,3939,< 100 mil aptos,interior
SP,62855,3509205.0,CAJAMAR,True,188,114,74,51212,32630,18582,0.48804780876494025,0.4965558066946507,-0.8507997929710465,0.966531988888978,-0.03404088322085861,67972,< 100 mil aptos,interior
SP,62871,3509304.0,CAJOBI,False,24,24,0,5896,5896,0,0.3858548168249661,,,,,7845,< 100 mil aptos,interior
SP,62898,3509403.0,CAJURU,True,60,30,30,13889,6562,7327,0.4969521487351417,0.4585778626996042,3.8374286035537497,1.1663481304366643,0.15387761149320642,19307,< 100 mil aptos,interior
SP,62910,3509502.0,CAMPINAS,True,2487,1510,977,655030,406267,248763,0.4611573177245506,0.3996816246789113,6.147569304563932,1.285448169313442,0.2511074274348308,881208,≥ 100 mil aptos,interior
SP,62936,3509601.0,CAMPO LIMPO PAULISTA,True,210,130,80,45359,31376,13983,0.4211817950025497,0.4120718014732175,0.9109993529332228,1.0381946900530508,0.037483329827550704,61520,< 100 mil aptos,interior
SP,62952,3509700.0,CAMPOS DO JORDÃO,True,130,81,49,28051,17881,10170,0.37738381522286224,0.36823992133726646,0.9143893885595777,1.0398822730435995,0.039107507749252375,39858,< 100 mil aptos,interior
SP,62979,3509809.0,CAMPOS NOVOS PAULISTA,False,11,11,0,2828,2828,0,0.3787128712871287,,,,,3795,< 100 mil aptos,interior
SP,62995,3509908.0,CANANÉIA,True,37,20,17,7247,4364,2883,0.41498625114573784,0.44606312868539716,-3.1076877539659318,0.8809100871782595,-0.1267997159406227,9934,< 100 mil aptos,interior
SP,63010,3510005.0,CÂNDIDO MOTA,True,75,46,29,18007,10954,7053,0.32627350739455907,0.27988090174393876,4.639260565062031,1.246032157889968,0.21996422893267334,24684,< 100 mil aptos,interior
SP,63037,3510104.0,CÂNDIDO RODRIGUES,False,8,8,0,1928,1928,0,0.32987551867219916,,,,,2573,< 100 mil aptos,interior
SP,63053,3510203.0,CAPÃO BONITO,True,122,46,76,26069,11409,14660,0.3915330002629503,0.3860845839017735,0.5448416361176767,1.0231926726546967,0.022927810051514914,36479,< 100 mil aptos,interior
SP,63070,3510302.0,CAPELA DO ALTO,False,39,39,0,11183,11183,0,0.325404632030761,,,,,14894,< 100 mil aptos,interior
SP,63096,3510401.0,CAPIVARI,True,118,58,60,29458,16449,13009,0.3213569213933978,0.31032362210777154,1.1033299285626241,1.0523900893355649,0.05106385293666046,39227,< 100 mil aptos,interior
SP,63118,3510500.0,CARAGUATATUBA,True,357,214,143,75911,44898,31013,0.405920085527195,0.4060877696449876,-0.016768411779261028,0.9993049322296198,-0.0006953094419748215,105324,≥ 100 mil aptos,interior
SP,63134,3510609.0,CARAPICUÍBA,True,823,506,317,222280,138859,83421,0.5344990241900057,0.5353208424737177,-0.08218182837119725,0.9967020729056445,-0.0033033772420074194,300524,≥ 100 mil aptos,interior
SP,63150,3510708.0,CARDOSO,True,35,16,19,6978,3336,3642,0.43225419664268583,0.4681493684788578,-3.589517183617197,0.8649490442112304,-0.14508468221175044,10224,< 100 mil aptos,interior
SP,63177,3510807.0,CASA BRANCA,True,65,31,34,14690,7699,6991,0.34952591245616316,0.3161207266485481,3.340518580761503,1.1624541909415524,0.1505334520612763,20838,< 100 mil aptos,interior
SP,63193,3510906.0,CÁSSIA DOS COQUEIROS,False,10,10,0,2002,2002,0,0.47152847152847155,,,,,2813,< 100 mil aptos,interior
SP,63215,3511003.0,CASTILHO,False,47,0,47,11678,0,11678,,0.5583147799280699,,,,15727,< 100 mil aptos,interior
SP,63231,3511102.0,CATANDUVA,True,259,158,101,66511,40758,25753,0.2898081358260955,0.32963149924280666,-3.9823363416711164,0.8298885531055398,-0.18646386057378855,87997,< 100 mil aptos,interior
SP,63258,3511201.0,CATIGUÁ,False,18,0,18,4442,0,4442,,0.3370103556956326,,,,5823,< 100 mil aptos,interior
SP,63274,3511300.0,CEDRAL,False,21,21,0,5971,5971,0,0.2842070005024284,,,,,7697,< 100 mil aptos,interior
SP,63290,3511409.0,CERQUEIRA CÉSAR,True,44,12,32,10918,2353,8565,0.3858903527411815,0.404553415061296,-1.8663062320114499,0.9248790425261013,-0.07809231485682575,16032,< 100 mil aptos,interior
SP,63312,3511508.0,CERQUILHO,True,123,52,71,26955,10160,16795,0.30275590551181103,0.2638880619231914,3.886784358861961,1.2112447178468997,0.1916485233026178,36773,< 100 mil aptos,interior
SP,63339,3511607.0,CESÁRIO LANGE,False,48,48,0,9773,9773,0,0.3000102322725877,,,,,13965,< 100 mil aptos,interior
SP,63355,3511706.0,CHARQUEADA,False,44,44,0,10043,10043,0,0.3021009658468585,,,,,13297,< 100 mil aptos,interior
SP,63371,3557204.0,CHAVANTES,True,31,26,5,6960,5940,1020,0.3675084175084175,0.5598039215686275,-19.229550406020994,0.4569016994313475,-0.783287010937781,8771,< 100 mil aptos,interior
SP,63398,3511904.0,CLEMENTINA,False,17,17,0,4271,4271,0,0.357761648325919,,,,,5523,< 100 mil aptos,interior
SP,63410,3512001.0,COLINA,True,39,9,30,10819,2551,8268,0.45707565660525284,0.46673923560716013,-0.9663579001907285,0.9618649450906176,-0.03888122789068227,15009,< 100 mil aptos,interior
SP,63436,3512100.0,COLÔMBIA,False,17,17,0,4153,4153,0,0.4770045750060197,,,,,5830,< 100 mil aptos,interior
SP,63452,3512209.0,CONCHAL,False,70,70,0,17043,17043,0,0.27424749163879597,,,,,22056,< 100 mil aptos,interior
SP,63479,3512308.0,CONCHAS,False,38,38,0,9586,9586,0,0.30043813895263927,,,,,13765,< 100 mil aptos,interior
SP,63495,3512407.0,CORDEIRÓPOLIS,True,66,36,30,15104,8313,6791,0.3389871285937688,0.33603298483286703,0.29541437609017507,1.0132996373884633,0.013211973619967055,19840,< 100 mil aptos,interior
SP,63517,3512506.0,COROADOS,False,13,13,0,3252,3252,0,0.31150061500615006,,,,,4179,< 100 mil aptos,interior
SP,63533,3512605.0,CORONEL MACEDO,False,14,14,0,2984,2984,0,0.6166219839142091,,,,,3831,< 100 mil aptos,interior
SP,63550,3512704.0,CORUMBATAÍ,False,15,0,15,2589,0,2589,,0.294708381614523,,,,3516,< 100 mil aptos,interior
SP,63576,3512803.0,COSMÓPOLIS,True,136,83,53,34029,20977,13052,0.4447728464508748,0.37863928899785476,6.613355745302002,1.314575946263859,0.2735141392996408,46424,< 100 mil aptos,interior
SP,63592,3512902.0,COSMORAMA,False,20,20,0,5503,5503,0,0.37434126839905507,,,,,7127,< 100 mil aptos,interior
SP,63614,3513009.0,COTIA,True,530,320,210,140668,84657,56011,0.5042465478342015,0.5152380782346325,-1.0991530400430993,0.9569686999938178,-0.04398459444459374,185146,≥ 100 mil aptos,interior
SP,63630,3513108.0,CRAVINHOS,True,79,49,30,19657,12068,7589,0.3430560159098442,0.3103175648965608,3.2738451013283374,1.1605918232243053,0.14893006744910914,27324,< 100 mil aptos,interior
SP,63657,3513207.0,CRISTAIS PAULISTA,True,22,13,9,5613,3653,1960,0.425403777716945,0.39387755102040817,3.152622669653682,1.1392990000172794,0.1304131610047738,7453,< 100 mil aptos,interior
SP,63673,3513306.0,CRUZÁLIA,False,8,8,0,1602,1602,0,0.35518102372034954,,,,,2013,< 100 mil aptos,interior
SP,63690,3513405.0,CRUZEIRO,True,172,79,93,43893,19420,24473,0.4114315139031926,0.39995096637110283,1.1480547532089769,1.0487706839056234,0.04761870104162226,60216,< 100 mil aptos,interior
SP,63711,3513504.0,CUBATÃO,True,290,171,119,70191,45117,25074,0.5399073519959218,0.48743718592964824,5.247016606627353,1.2339637034734092,0.21023151133375595,94231,< 100 mil aptos,interior
SP,63738,3513603.0,CUNHA,True,57,35,22,13687,7960,5727,0.4624371859296482,0.43879867295268027,2.363851297696795,1.1002133611925164,0.09550412571607007,17421,< 100 mil aptos,interior
SP,63754,3513702.0,DESCALVADO,True,71,44,27,18197,11848,6349,0.31684672518568535,0.3065049614112459,1.034176377443946,1.04938999134273,0.048209034720446624,25208,< 100 mil aptos,interior
SP,63770,3513801.0,DIADEMA,True,927,563,364,257228,155680,101548,0.6040017985611511,0.5943593177610588,0.9642480800092335,1.0409681632893988,0.04015120634998912,339301,≥ 100 mil aptos,interior
SP,63797,3513900.0,DIVINOLÂNDIA,False,35,35,0,7328,7328,0,0.3247816593886463,,,,,9525,< 100 mil aptos,interior
SP,63819,3514007.0,DOBRADA,False,19,19,0,4976,4976,0,0.557475884244373,,,,,6536,< 100 mil aptos,interior
SP,63835,3514106.0,DOIS CÓRREGOS,True,68,8,60,13853,1567,12286,0.34652201659221443,0.3377014488035162,0.8820567788698219,1.0399698628434562,0.03919173469827162,19955,< 100 mil aptos,interior
SP,63851,3514205.0,DOLCINÓPOLIS,False,7,7,0,1680,1680,0,0.6077380952380952,,,,,2182,< 100 mil aptos,interior
SP,63878,3514304.0,DOURADO,False,22,22,0,5202,5202,0,0.43079584775086505,,,,,7314,< 100 mil aptos,interior
SP,63894,3514403.0,DRACENA,True,97,53,44,25943,13886,12057,0.2720005761198329,0.314506096043792,-4.2505519923959065,0.8143541567797088,-0.20535992556138857,35299,< 100 mil aptos,interior
SP,63916,3514502.0,DUARTINA,True,28,5,23,7634,1409,6225,0.44428672817601134,0.40481927710843374,3.94674510675776,1.1754393967037646,0.16164203233401378,10506,< 100 mil aptos,interior
SP,63932,3514601.0,DUMONT,True,22,6,16,5547,1425,4122,0.36912280701754385,0.35662299854439594,1.249980847314791,1.0555583301173639,0.054069849799060654,7142,< 100 mil aptos,interior
SP,63959,3514700.0,ECHAPORÃ,False,17,17,0,3897,3897,0,0.3687451886066205,,,,,5288,< 100 mil aptos,interior
SP,63975,3514809.0,ELDORADO,True,47,23,24,8035,3509,4526,0.5628384155029923,0.3773751657092355,18.54632497937568,2.1241973503018237,0.7533940135181311,11783,< 100 mil aptos,interior
SP,63991,3514908.0,ELIAS FAUSTO,False,42,42,0,10618,10618,0,0.3222829158033528,,,,,14085,< 100 mil aptos,interior
SP,64017,3515004.0,EMBU DAS ARTES,True,623,380,243,154307,92648,61659,0.5970447284345048,0.5349259637684685,6.211876466603639,1.2881856097475448,0.2532347242466048,199632,≥ 100 mil aptos,interior
SP,64033,3515103.0,EMBU-GUAÇU,True,146,88,58,39489,23762,15727,0.5156973318744213,0.497551980670185,1.8145351204236326,1.075302614877718,0.0726021241771434,56349,< 100 mil aptos,interior
SP,64050,3515202.0,ESTRELA D'OESTE,False,23,23,0,5377,5377,0,0.3360610005579319,,,,,7307,< 100 mil aptos,interior
SP,64076,3515301.0,ESTRELA DO NORTE,True,8,6,2,1925,1469,456,0.5500340367597005,0.5570175438596491,-0.6983507099948549,0.9721371817932744,-0.028258350947922704,2563,< 100 mil aptos,interior
SP,64092,3515400.0,FARTURA,True,39,7,32,9621,2001,7620,0.5417291354322838,0.44514435695538057,9.658477847690328,1.4734624801958807,0.38761505982146116,13242,< 100 mil aptos,interior
SP,64114,3515509.0,FERNANDÓPOLIS,True,153,92,61,39197,22466,16731,0.3892993857384492,0.3517422748191979,3.755711091925129,1.1748393776736328,0.16113143839961847,54240,< 100 mil aptos,interior
SP,64130,3515608.0,FERNANDO PRESTES,False,16,16,0,3739,3739,0,0.3383257555496122,,,,,5091,< 100 mil aptos,interior
SP,64157,3515707.0,FERRAZ DE VASCONCELOS,True,430,261,169,99669,63505,36164,0.5602236044405953,0.5445747151863732,1.5648889254222031,1.0653422565771922,0.06329611521197154,133757,≥ 100 mil aptos,interior
SP,64173,3515806.0,FLORA RICA,False,6,6,0,1131,1131,0,0.4907161803713528,,,,,1582,< 100 mil aptos,interior
SP,64190,3515905.0,FLOREAL,False,8,8,0,2053,2053,0,0.44227959084266927,,,,,2659,< 100 mil aptos,interior
SP,64211,3516002.0,FLÓRIDA PAULISTA,False,24,24,0,5986,5986,0,0.3752088205813565,,,,,8066,< 100 mil aptos,interior
SP,64238,3516101.0,FLORÍNEA,False,8,8,0,2018,2018,0,0.5034687809712587,,,,,2704,< 100 mil aptos,interior
SP,64254,3516200.0,FRANCA,True,722,418,304,187399,111994,75405,0.3707252174223619,0.34701942841986605,2.370578900249587,1.1085576157063481,0.10305972500348033,247647,≥ 100 mil aptos,interior
SP,64270,3516309.0,FRANCISCO MORATO,True,344,208,136,96364,56810,39554,0.5839464882943144,0.6169034737321131,-3.295698543779868,0.8715952551098599,-0.1374301198114605,131236,≥ 100 mil aptos,interior
SP,64297,3516408.0,FRANCO DA ROCHA,True,289,104,185,77459,28219,49240,0.5691909706226301,0.5303005686433794,3.8890401979250755,1.1702297816798843,0.15720012412496207,105104,≥ 100 mil aptos,interior
SP,64319,3516507.0,GABRIEL MONTEIRO,False,8,8,0,2028,2028,0,0.3032544378698225,,,,,2552,< 100 mil aptos,interior
SP,64335,3516606.0,GÁLIA,False,19,19,0,3736,3736,0,0.5064239828693791,,,,,5261,< 100 mil aptos,interior
SP,64351,3516705.0,GARÇA,True,121,57,64,25053,11866,13187,0.32681611326479015,0.32114961704709183,0.5666496217698325,1.026210389965113,0.02587278417249765,35490,< 100 mil aptos,interior
SP,64378,3516804.0,GASTÃO VIDIGAL,False,10,10,0,2250,2250,0,0.5631111111111111,,,,,2863,< 100 mil aptos,interior
SP,64394,3516903.0,GENERAL SALGADO,True,26,13,13,6305,3073,3232,0.3709729905629678,0.34529702970297027,2.5675960859997513,1.1182128175603134,0.11173171221714392,8372,< 100 mil aptos,interior
SP,64416,3517000.0,GETULINA,True,26,11,15,5402,2231,3171,0.43836844464365754,0.4326710816777042,0.5697362965953356,1.023445770966008,0.023175140803451576,8073,< 100 mil aptos,interior
SP,64432,3517109.0,GLICÉRIO,False,15,15,0,2894,2894,0,0.4201796821008984,,,,,3869,< 100 mil aptos,interior
SP,64459,3517208.0,GUAIÇARA,True,29,12,17,6159,2555,3604,0.4215264187866928,0.38235294117647056,3.9173477610222216,1.177110440303945,0.16306265591012767,8688,< 100 mil aptos,interior
SP,64475,3517307.0,GUAIMBÊ,False,14,14,0,3361,3361,0,0.4763463254983636,,,,,4723,< 100 mil aptos,interior
SP,64491,3517406.0,GUAÍRA,True,83,50,33,20811,12330,8481,0.372992700729927,0.373305034783634,-0.03123340537070085,0.9986656096461457,-0.0013352814454601011,30903,< 100 mil aptos,interior
SP,64513,3517505.0,GUAPIAÇU,False,44,44,0,11803,11803,0,0.3638905363043294,,,,,15549,< 100 mil aptos,interior
SP,64530,3517604.0,GUAPIARA,False,51,51,0,10572,10572,0,0.5839954597048809,,,,,15058,< 100 mil aptos,interior
SP,64556,3517703.0,GUARÁ,True,47,27,20,11058,6353,4705,0.5131433968203998,0.4822529224229543,3.0890474397445464,1.1315675068897668,0.12360384572562971,14112,< 100 mil aptos,interior
SP,64572,3517802.0,GUARAÇAÍ,False,21,21,0,4868,4868,0,0.35312243221035333,,,,,6646,< 100 mil aptos,interior
SP,64599,3517901.0,GUARACI,False,27,27,0,6196,6196,0,0.5090380890897354,,,,,8551,< 100 mil aptos,interior
SP,64610,3518008.0,GUARANI D'OESTE,False,5,0,5,1322,0,1322,,0.5196671709531013,,,,1631,< 100 mil aptos,interior
SP,64637,3518107.0,GUARANTÃ,False,16,16,0,3762,3762,0,0.39606592238171184,,,,,5177,< 100 mil aptos,interior
SP,64653,3518206.0,GUARARAPES,True,78,44,34,18104,10694,7410,0.32074060220684497,0.34385964912280703,-2.3119046915962063,0.9010187224669604,-0.10422924193712892,23378,< 100 mil aptos,interior
SP,64670,3518305.0,GUARAREMA,False,73,73,0,19187,19187,0,0.3635273883358524,,,,,25645,< 100 mil aptos,interior
SP,64696,3518404.0,GUARATINGUETÁ,True,298,183,115,72350,44457,27893,0.35038351665654455,0.34051554153371816,0.9867975122826389,1.0446101898402287,0.043643791749650815,95467,< 100 mil aptos,interior
SP,64718,3518503.0,GUAREÍ,False,28,28,0,6948,6948,0,0.3549222797927461,,,,,9533,< 100 mil aptos,interior
SP,64734,3518602.0,GUARIBA,True,96,42,54,21961,10136,11825,0.507991318074191,0.42080338266384776,8.71879354103432,1.4211185819465013,0.3514442952789086,29548,< 100 mil aptos,interior
SP,64750,3518701.0,GUARUJÁ,True,678,417,261,176041,108814,67227,0.4365706618633632,0.43027355080547997,0.629711105788322,1.0259751010019806,0.025643478424845767,236009,≥ 100 mil aptos,interior
SP,64777,3518800.0,GUARULHOS,True,2773,1694,1079,728923,454953,273970,0.46168285515207064,0.46590867613242326,-0.42258209803526237,0.9831510793431902,-0.01699247853534871,928597,≥ 100 mil aptos,interior
SP,64793,3518909.0,GUZOLÂNDIA,False,12,12,0,2679,2679,0,0.5259425158641284,,,,,3547,< 100 mil aptos,interior
SP,64815,3519006.0,HERCULÂNDIA,True,20,2,18,5324,272,5052,0.41911764705882354,0.3919239904988123,2.7193656560011217,1.1194476409666283,0.11283538594651052,7222,< 100 mil aptos,interior
SP,64831,3519105.0,IACANGA,False,31,31,0,6528,6528,0,0.3483455882352941,,,,,8592,< 100 mil aptos,interior
SP,64858,3519204.0,IACRI,False,16,0,16,3782,0,3782,,0.33765203595980964,,,,5130,< 100 mil aptos,interior
SP,64874,3519303.0,IBATÉ,True,98,54,44,19061,10352,8709,0.44445517774343124,0.4886898610632679,-4.423468331983665,0.8370664614718852,-0.17785180725806354,26294,< 100 mil aptos,interior
SP,64890,3519402.0,IBIRÁ,True,31,28,3,7065,6404,661,0.31761399125546536,0.3101361573373676,0.7477833918097754,1.0353340402969247,0.034724118894847285,9337,< 100 mil aptos,interior
SP,64912,3519501.0,IBIRAREMA,False,14,14,0,3919,3919,0,0.31360040826741514,,,,,5242,< 100 mil aptos,interior
SP,64939,3519600.0,IBITINGA,True,144,58,86,32487,12967,19520,0.41135189326752525,0.3137295081967213,9.762238507080395,1.5286135530149734,0.42436115008001,44187,< 100 mil aptos,interior
SP,64955,3519709.0,IBIÚNA,True,184,111,73,45280,28114,17166,0.3373763961015864,0.3318769660957707,0.5499430005815653,1.0250076950863753,0.024700119963532906,63365,< 100 mil aptos,interior
SP,64971,3519808.0,ICÉM,False,22,22,0,4704,4704,0,0.4723639455782313,,,,,6328,< 100 mil aptos,interior
SP,64998,3519907.0,IEPÊ,False,18,18,0,4865,4865,0,0.39033915724563206,,,,,6338,< 100 mil aptos,interior
SP,65013,3520004.0,IGARAÇU DO TIETÊ,True,59,47,12,13501,10571,2930,0.403367704096112,0.4228668941979522,-1.9499190101840203,0.9227130570808432,-0.08043697354853295,18742,< 100 mil aptos,interior
SP,65030,3520103.0,IGARAPAVA,True,62,26,36,14872,6350,8522,0.5028346456692914,0.4967143862942971,0.6120259374994275,1.0247834768240638,0.02448134815274707,21421,< 100 mil aptos,interior
SP,65056,3520202.0,IGARATÁ,False,27,27,0,6652,6652,0,0.38334335538184006,,,,,9096,< 100 mil aptos,interior
SP,65072,3520301.0,IGUAPE,True,71,28,43,16025,6211,9814,0.417485107068105,0.4053393111880986,1.214579588000636,1.0514399123315326,0.0501605698121826,23676,< 100 mil aptos,interior
SP,65099,3520400.0,ILHABELA,False,86,86,0,21672,21672,0,0.44278331487633815,,,,,29367,< 100 mil aptos,interior
SP,65110,3520509.0,INDAIATUBA,True,554,332,222,143282,91728,51554,0.3643162393162393,0.34773247468673624,1.6583764629503062,1.0750234025668057,0.07234243117225354,189115,≥ 100 mil aptos,interior
SP,65137,3520608.0,INDIANA,False,14,14,0,3215,3215,0,0.3704510108864697,,,,,3937,< 100 mil aptos,interior
SP,65153,3520707.0,INDIAPORÃ,False,10,0,10,2403,0,2403,,0.49479816895547235,,,,2985,< 100 mil aptos,interior
SP,65170,3520806.0,INÚBIA PAULISTA,False,10,10,0,2421,2421,0,0.27591904171829823,,,,,3030,< 100 mil aptos,interior
SP,65196,3520905.0,IPAUSSU,False,28,0,28,7897,0,7897,,0.3810307711789287,,,,10748,< 100 mil aptos,interior
SP,65218,3521002.0,IPERÓ,False,56,0,56,15466,0,15466,,0.48021466442519073,,,,21406,< 100 mil aptos,interior
SP,65234,3521101.0,IPEÚNA,False,21,0,21,4233,0,4233,,0.2978974722419088,,,,5646,< 100 mil aptos,interior
SP,65250,3521200.0,IPORANGA,False,12,12,0,2353,2353,0,0.5716107097322567,,,,,3440,< 100 mil aptos,interior
SP,65277,3521309.0,IPUÃ,False,32,32,0,8885,8885,0,0.5423747889701744,,,,,11489,< 100 mil aptos,interior
SP,65293,3521408.0,IRACEMÁPOLIS,True,59,36,23,14244,8828,5416,0.3066379700951518,0.32256277695716395,-1.5924806862012142,0.9287967413879251,-0.07386535701554313,18049,< 100 mil aptos,interior
SP,65315,3521507.0,IRAPUÃ,False,17,17,0,4193,4193,0,0.28046744574290483,,,,,5690,< 100 mil aptos,interior
SP,65331,3521606.0,IRAPURU,False,17,17,0,3578,3578,0,0.393236444941308,,,,,5028,< 100 mil aptos,interior
SP,65358,3521705.0,ITABERÁ,False,45,45,0,10777,10777,0,0.4660851814048437,,,,,14313,< 100 mil aptos,interior
SP,65374,3521804.0,ITAÍ,True,45,21,24,12962,5829,7133,0.5054040144107051,0.5163325389036871,-1.0928524492981984,0.9572061413310813,-0.04373650703548651,17509,< 100 mil aptos,interior
SP,65390,3521903.0,ITAJOBI,False,39,39,0,9642,9642,0,0.25897116780750884,,,,,12706,< 100 mil aptos,interior
SP,65412,3522000.0,ITAJU,False,9,9,0,2291,2291,0,0.37058053251855083,,,,,3174,< 100 mil aptos,interior
SP,65439,3522109.0,ITANHAÉM,True,234,143,91,57648,34868,22780,0.44880692898933117,0.45210711150131694,-0.3300182511985772,0.9867568020470163,-0.013331671078580742,84756,< 100 mil aptos,interior
SP,65455,3522208.0,ITAPECERICA DA SERRA,True,340,168,172,92414,46134,46280,0.6071010534529848,0.5440795159896283,6.302153746335648,1.2948124052995198,0.25836582388559437,123801,≥ 100 mil aptos,interior
SP,65471,3522307.0,ITAPETININGA,True,368,207,161,86668,48269,38399,0.33508048644057264,0.3176384801687544,1.7442006271818244,1.0825836836082843,0.07935048378026652,117917,≥ 100 mil aptos,interior
SP,65498,3522406.0,ITAPEVA,True,223,53,170,52225,13631,38594,0.39410167999413104,0.3601855210654506,3.391615892868044,1.1554106090829153,0.14445578649607219,71963,< 100 mil aptos,interior
SP,65510,3522505.0,ITAPEVI,True,465,282,183,122212,75593,46619,0.5687828238064371,0.551062871361462,1.771995244497504,1.0745702072204344,0.0719207743985987,164041,≥ 100 mil aptos,interior
SP,65536,3522604.0,ITAPIRA,True,160,95,65,41757,24523,17234,0.33054683358479797,0.3207032609957062,0.9843572589091798,1.045848926563489,0.044828925540145066,57426,< 100 mil aptos,interior
SP,65552,3522703.0,ITÁPOLIS,True,88,40,48,22661,9624,13037,0.32034497090606817,0.2892536626524507,3.1091308253617447,1.158150873479812,0.1468246586431742,31350,< 100 mil aptos,interior
SP,65579,3522802.0,ITAPORANGA,False,36,36,0,8347,8347,0,0.4177548819935306,,,,,11618,< 100 mil aptos,interior
SP,65595,3522901.0,ITAPUÍ,False,34,34,0,7452,7452,0,0.41492216854535696,,,,,10184,< 100 mil aptos,interior
SP,65617,3523008.0,ITAPURA,False,11,11,0,2499,2499,0,0.7230892356942777,,,,,3778,< 100 mil aptos,interior
SP,65633,3523107.0,ITAQUAQUECETUBA,True,700,428,272,186528,117772,68756,0.5362480046190945,0.5266304031648147,0.9617601454279812,1.0393799406313007,0.03862432441742612,251442,≥ 100 mil aptos,interior
SP,65650,3523206.0,ITARARÉ,True,113,66,47,25376,14835,10541,0.3796427367711493,0.3445593397210891,3.508339705006019,1.164132936922982,0.15197654976663252,36473,< 100 mil aptos,interior
SP,65676,3523305.0,ITARIRI,False,29,29,0,6615,6615,0,0.3889644746787604,,,,,9764,< 100 mil aptos,interior
SP,65692,3523404.0,ITATIBA,True,234,129,105,64637,35538,29099,0.33777927851876866,0.329530224406337,0.8249054112431653,1.0378012474865346,0.03710428999985912,85609,< 100 mil aptos,interior
SP,65714,3523503.0,ITATINGA,False,43,43,0,10380,10380,0,0.4060693641618497,,,,,13877,< 100 mil aptos,interior
SP,65730,3523602.0,ITIRAPINA,False,35,35,0,7551,7551,0,0.40921732220897894,,,,,10160,< 100 mil aptos,interior
SP,65757,3523701.0,ITIRAPUÃ,False,15,15,0,3756,3756,0,0.5436634717784877,,,,,5088,< 100 mil aptos,interior
SP,65773,3523800.0,ITOBI,False,18,18,0,4623,4623,0,0.4399740428293316,,,,,6293,< 100 mil aptos,interior
SP,65790,3523909.0,ITU,True,364,183,181,93655,45826,47829,0.37229956793086894,0.346296180141755,2.600338778911393,1.1196271631729087,0.11299573986263083,127124,≥ 100 mil aptos,interior
SP,65811,3524006.0,ITUPEVA,False,128,0,128,34037,0,34037,,0.36798190204777154,,,,45126,< 100 mil aptos,interior
SP,65838,3524105.0,ITUVERAVA,True,105,62,43,21158,12770,8388,0.4499608457321848,0.31628516928946115,13.367567644272366,1.7683869080174848,0.5700677796500137,29977,< 100 mil aptos,interior
SP,65854,3524204.0,JABORANDI,False,14,14,0,4060,4060,0,0.48226600985221674,,,,,5223,< 100 mil aptos,interior
SP,65870,3524303.0,JABOTICABAL,True,155,80,75,39317,21470,17847,0.38444340940847693,0.32672157785622236,5.772183155225457,1.2870081965681464,0.25232029733352773,55033,< 100 mil aptos,interior
SP,65897,3524402.0,JACAREÍ,True,546,329,217,132579,83613,48966,0.3823089710930119,0.35957603234897684,2.2732938744035036,1.1023513444642423,0.09744548429474632,176960,≥ 100 mil aptos,interior
SP,65919,3524501.0,JACI,False,15,15,0,4414,4414,0,0.4025826914363389,,,,,5767,< 100 mil aptos,interior
SP,65935,3524600.0,JACUPIRANGA,True,44,41,3,9255,8626,629,0.32749826107118013,0.2480127186009539,7.948554247022624,1.4765635014299037,0.38971742935687287,13562,< 100 mil aptos,interior
SP,65951,3524709.0,JAGUARIÚNA,True,135,126,9,33379,31010,2369,0.35166075459529184,0.3824398480371465,-3.077909344185464,0.8758661069122208,-0.13254204571849998,44930,< 100 mil aptos,interior
SP,65978,3524808.0,JALES,True,118,64,54,28422,16139,12283,0.32932647623768513,0.3030204347472116,2.6306041490473553,1.1294411676164537,0.12172296846571401,38436,< 100 mil aptos,interior
SP,65994,3524907.0,JAMBEIRO,False,15,0,15,3770,0,3770,,0.3870026525198939,,,,4962,< 100 mil aptos,interior
SP,66010,3525003.0,JANDIRA,True,224,135,89,60890,37872,23018,0.5123046049852134,0.5013467720914068,1.0957832893806585,1.0448164853962443,0.04384125793416057,81076,< 100 mil aptos,interior
SP,66036,3525102.0,JARDINÓPOLIS,True,77,28,49,21672,8053,13619,0.3226126909226375,0.3600117482928262,-3.739905737018867,0.8466418266898453,-0.1664775466233491,30540,< 100 mil aptos,interior
SP,66052,3525201.0,JARINU,False,70,70,0,19012,19012,0,0.36482221754681254,,,,,26387,< 100 mil aptos,interior
SP,66079,3525300.0,JAÚ,True,323,197,126,78807,48537,30270,0.2893256690771988,0.2682523951106706,2.1073273966528197,1.110539571242632,0.10484599743439241,104987,≥ 100 mil aptos,interior
SP,66095,3525409.0,JERIQUARA,False,10,10,0,2397,2397,0,0.5244055068836045,,,,,3041,< 100 mil aptos,interior
SP,66117,3525508.0,JOANÓPOLIS,False,30,30,0,7370,7370,0,0.33188602442333787,,,,,9959,< 100 mil aptos,interior
SP,66133,3525607.0,JOÃO RAMALHO,False,13,13,0,2598,2598,0,0.4591993841416474,,,,,3437,< 100 mil aptos,interior
SP,66150,3525706.0,JOSÉ BONIFÁCIO,True,80,30,50,21233,7547,13686,0.41857691798065455,0.3038871839836329,11.468973399702165,1.6491123795404328,0.500237191370832,28356,< 100 mil aptos,interior
SP,66176,3525805.0,JÚLIO MESQUITA,False,12,12,0,2853,2853,0,0.5492464072905713,,,,,3790,< 100 mil aptos,interior
SP,66192,3525904.0,JUNDIAÍ,True,953,662,291,251435,169201,82234,0.36715504045484365,0.3554977260014106,1.1657314453433043,1.0518160566889223,0.05051824797113256,331774,≥ 100 mil aptos,interior
SP,66214,3526001.0,JUNQUEIRÓPOLIS,True,41,8,33,10464,1864,8600,0.3449570815450644,0.33,1.4957081545064366,1.069193160102251,0.06690430805140059,13889,< 100 mil aptos,interior
SP,66230,3526100.0,JUQUIÁ,True,64,35,29,10779,5239,5540,0.4021759877839282,0.3707581227436823,3.1417865040245907,1.1417465966789406,0.132559192284958,17109,< 100 mil aptos,interior
SP,66257,3526209.0,JUQUITIBA,False,74,74,0,17087,17087,0,0.4955229121554398,,,,,23901,< 100 mil aptos,interior
SP,66273,3526308.0,LAGOINHA,False,16,16,0,3973,3973,0,0.44701736722879437,,,,,5296,< 100 mil aptos,interior
SP,66290,3526407.0,LARANJAL PAULISTA,True,61,38,23,15911,10517,5394,0.2735570980317581,0.29588431590656283,-2.232721787480474,0.8961249655552493,-0.1096754052465412,22070,< 100 mil aptos,interior
SP,66311,3526506.0,LAVÍNIA,False,13,13,0,2927,2927,0,0.46293132900580797,,,,,3956,< 100 mil aptos,interior
SP,66338,3526605.0,LAVRINHAS,False,22,22,0,4786,4786,0,0.4862097785206853,,,,,6283,< 100 mil aptos,interior
SP,66354,3526704.0,LEME,True,209,125,84,56004,34675,21329,0.37571737563085794,0.30418678794130055,7.153058768955739,1.3766779505502396,0.3196733147968381,75658,< 100 mil aptos,interior
SP,66370,3526803.0,LENÇÓIS PAULISTA,True,191,111,80,38944,27245,11699,0.2621031381904937,0.2421574493546457,1.9945688835847992,1.1116234760326429,0.10582153780016411,51354,< 100 mil aptos,interior
SP,66397,3526902.0,LIMEIRA,True,715,453,262,176126,112286,63840,0.2729191528774736,0.2523182957393484,2.0600857138125206,1.1122932996093202,0.10642391969167041,230567,≥ 100 mil aptos,interior
SP,66419,3527009.0,LINDÓIA,False,20,0,20,4472,0,4472,,0.29293381037567084,,,,5914,< 100 mil aptos,interior
SP,66435,3527108.0,LINS,True,185,117,68,41387,26991,14396,0.29984068763661964,0.24777716032231176,5.206352731430789,1.3001065315064126,0.26244620842261857,57967,< 100 mil aptos,interior
SP,66451,3527207.0,LORENA,True,196,115,81,48459,30958,17501,0.3462432973706312,0.3467801839894863,-0.05368866188550925,0.9976318339393433,-0.0023709746008379775,64982,< 100 mil aptos,interior
SP,66478,3527306.0,LOUVEIRA,False,99,99,0,29376,29376,0,0.3627450980392157,,,,,37271,< 100 mil aptos,interior
SP,66494,3527405.0,LUCÉLIA,True,48,19,29,10103,4140,5963,0.3471014492753623,0.3749790373972832,-2.7877588121920924,0.8861317875785005,-0.12088959499315405,13544,< 100 mil aptos,interior
SP,66516,3527504.0,LUCIANÓPOLIS,False,7,7,0,1594,1594,0,0.4874529485570891,,,,,2126,< 100 mil aptos,interior
SP,66532,3527603.0,LUÍS ANTÔNIO,False,27,27,0,7312,7312,0,0.4671772428884026,,,,,10202,< 100 mil aptos,interior
SP,66559,3527702.0,LUIZIÂNIA,False,15,15,0,2967,2967,0,0.435793731041456,,,,,3919,< 100 mil aptos,interior
SP,66575,3527801.0,LUPÉRCIO,False,15,15,0,2567,2567,0,0.46941955590183093,,,,,3468,< 100 mil aptos,interior
SP,66591,3527900.0,LUTÉCIA,False,8,8,0,1879,1879,0,0.4725918041511442,,,,,2455,< 100 mil aptos,interior
SP,66613,3528007.0,MACATUBA,False,43,43,0,10006,10006,0,0.3133120127923246,,,,,13272,< 100 mil aptos,interior
SP,66630,3528106.0,MACAUBAL,False,18,18,0,4690,4690,0,0.3053304904051173,,,,,6157,< 100 mil aptos,interior
SP,66656,3528205.0,MACEDÔNIA,False,10,10,0,2751,2751,0,0.39331152308251544,,,,,3601,< 100 mil aptos,interior
SP,66672,3528304.0,MAGDA,False,9,9,0,2171,2171,0,0.4200829111008752,,,,,2660,< 100 mil aptos,interior
SP,66699,3528403.0,MAIRINQUE,True,116,13,103,29296,3501,25795,0.43444730077120824,0.44725722039154875,-1.2809919620340504,0.9493574034529222,-0.051969940679004005,40224,< 100 mil aptos,interior
SP,66710,3528502.0,MAIRIPORÃ,True,205,124,81,48702,30597,18105,0.4051377586037847,0.37381938690969346,3.131837169409124,1.1408383570227028,0.13176339302877077,65766,< 100 mil aptos,interior
SP,66737,3528601.0,MANDURI,False,22,22,0,5422,5422,0,0.4083364072298045,,,,,7446,< 100 mil aptos,interior
SP,66753,3528700.0,MARABÁ PAULISTA,False,10,10,0,2228,2228,0,0.5960502692998204,,,,,3097,< 100 mil aptos,interior
SP,66770,3528809.0,MARACAÍ,False,41,0,41,8334,0,8334,,0.3714902807775378,,,,10916,< 100 mil aptos,interior
SP,66796,3528908.0,MARIÁPOLIS,False,10,10,0,2285,2285,0,0.424945295404814,,,,,3060,< 100 mil aptos,interior
SP,66818,3529005.0,MARÍLIA,True,608,370,238,134203,85294,48909,0.3165873332239079,0.28681837698583085,2.976895623807707,1.1518705653659829,0.1413871995081005,181966,≥ 100 mil aptos,interior
SP,66834,3529104.0,MARINÓPOLIS,False,7,0,7,1369,0,1369,,0.4660336011687363,,,,1798,< 100 mil aptos,interior
SP,66850,3529203.0,MARTINÓPOLIS,True,59,30,29,14064,6857,7207,0.4354674055709494,0.32773692243652003,10.773048313442935,1.5822697314383798,0.45886035508904666,17922,< 100 mil aptos,interior
SP,66877,3529302.0,MATÃO,True,213,119,94,49942,27967,21975,0.41259341366610647,0.36050056882821385,5.209284483789261,1.245998981609529,0.2199376030371015,66206,< 100 mil aptos,interior
SP,66893,3529401.0,MAUÁ,True,921,560,361,237590,145280,92310,0.5306993392070485,0.5342649767089156,-0.3565637501867114,0.9857790268056525,-0.014323060240841555,315821,≥ 100 mil aptos,interior
SP,66915,3529500.0,MENDONÇA,False,13,13,0,3838,3838,0,0.4043772798332465,,,,,5041,< 100 mil aptos,interior
SP,66931,3529609.0,MERIDIANO,False,11,0,11,2819,0,2819,,0.4171692089393402,,,,3644,< 100 mil aptos,interior
SP,66958,3529708.0,MIGUELÓPOLIS,True,52,33,19,11477,7328,4149,0.5085971615720524,0.4201012292118583,8.849593236019409,1.4286784938779198,0.3567498868449865,14752,< 100 mil aptos,interior
SP,66974,3529807.0,MINEIROS DO TIETÊ,False,30,30,0,6734,6734,0,0.30694980694980695,,,,,9349,< 100 mil aptos,interior
SP,66990,3529906.0,MIRACATU,True,54,31,23,10994,6787,4207,0.37129806983939884,0.3979082481578322,-2.6610178318433375,0.8936297819474789,-0.11246370373027641,16723,< 100 mil aptos,interior
SP,67016,3530003.0,MIRA ESTRELA,False,8,8,0,1994,1994,0,0.44884653961885657,,,,,2754,< 100 mil aptos,interior
SP,67032,3530102.0,MIRANDÓPOLIS,True,62,28,34,13827,6469,7358,0.34441181017158756,0.2870345202500679,5.737728992151964,1.3049121848048988,0.26613574717325084,20003,< 100 mil aptos,interior
SP,67059,3530201.0,MIRANTE DO PARANAPANEMA,True,42,26,16,9742,5428,4314,0.6081429624170965,0.5623551228558182,4.57878395612783,1.207783877140413,0.1887871738544063,13226,< 100 mil aptos,interior
SP,67075,3530300.0,MIRASSOL,True,127,47,80,33970,11739,22231,0.2857994718459835,0.3382663847780127,-5.246691293202921,0.7828266638835878,-0.24484398184871492,45085,< 100 mil aptos,interior
SP,67091,3530409.0,MIRASSOLÂNDIA,False,11,11,0,3136,3136,0,0.36033163265306123,,,,,4084,< 100 mil aptos,interior
SP,67113,3530508.0,MOCOCA,True,153,91,62,36968,24170,12798,0.3573024410426148,0.34138146585403967,1.592097518857516,1.072564311045584,0.07005233370115169,53333,< 100 mil aptos,interior
SP,67130,3530607.0,MOGI DAS CRUZES,True,952,530,422,245153,137344,107809,0.43851933830382106,0.4232206958602714,1.529864244354967,1.064380032937751,0.0623925009617464,333140,≥ 100 mil aptos,interior
SP,67156,3530706.0,MOGI GUAÇU,True,343,196,147,89451,51314,38137,0.2944030868768757,0.29889608516663607,-0.44929982897603526,0.9786960882558512,-0.02153411543599336,120164,≥ 100 mil aptos,interior
SP,67172,3530805.0,MOGI MIRIM,True,212,23,189,52563,5282,47281,0.2572889057175312,0.30143186480827394,-4.414295909074273,0.8028247633060467,-0.21961881636472733,71218,< 100 mil aptos,interior
SP,67199,3530904.0,MOMBUCA,False,11,11,0,2407,2407,0,0.3223930203572912,,,,,3246,< 100 mil aptos,interior
SP,67210,3531001.0,MONÇÕES,False,7,7,0,1550,1550,0,0.3935483870967742,,,,,2044,< 100 mil aptos,interior
SP,67237,3531100.0,MONGAGUÁ,True,137,83,54,33414,19458,13956,0.4558022407236098,0.5232158211521926,-6.741358042858275,0.7632392120534379,-0.2701837816911622,49842,< 100 mil aptos,interior
SP,67253,3531209.0,MONTE ALEGRE DO SUL,False,22,22,0,4840,4840,0,0.32355371900826446,,,,,6586,< 100 mil aptos,interior
SP,67270,3531308.0,MONTE ALTO,True,114,47,67,27661,11137,16524,0.2919098500493849,0.31082062454611475,-1.8910774496729843,0.9140767028283886,-0.08984079110553612,38217,< 100 mil aptos,interior
SP,67296,3531407.0,MONTE APRAZÍVEL,True,51,5,46,13171,915,12256,0.2907103825136612,0.36316906005221933,-7.245867753855811,0.7187076258204819,-0.3303006439887127,17836,< 100 mil aptos,interior
SP,67318,3531506.0,MONTE AZUL PAULISTA,True,44,24,20,10860,6007,4853,0.3252871649741968,0.3562744694003709,-3.098730442617409,0.8710919244247384,-0.13800776874929435,14198,< 100 mil aptos,interior
SP,67334,3531605.0,MONTE CASTELO,False,11,0,11,2735,0,2735,,0.48080438756855576,,,,3488,< 100 mil aptos,interior
SP,67350,3531704.0,MONTEIRO LOBATO,False,13,13,0,2964,2964,0,0.4642375168690958,,,,,3958,< 100 mil aptos,interior
SP,67377,3531803.0,MONTE MOR,True,142,68,74,34569,17231,17338,0.4932969647727932,0.40938977967470297,8.390718509809025,1.4044908012468342,0.33967481805465727,47446,< 100 mil aptos,interior
SP,67393,3531902.0,MORRO AGUDO,True,61,38,23,15450,9927,5523,0.4550216581041604,0.38982437081296395,6.519728729119645,1.3068889818016043,0.26764948979612135,21175,< 100 mil aptos,interior
SP,67415,3532009.0,MORUNGABA,False,31,31,0,8254,8254,0,0.3266295129634117,,,,,10761,< 100 mil aptos,interior
SP,67431,3532108.0,MURUTINGA DO SUL,False,13,0,13,2666,0,2666,,0.3803450862715679,,,,3494,< 100 mil aptos,interior
SP,67458,3532207.0,NARANDIBA,True,13,9,4,3453,2314,1139,0.5211754537597234,0.5267778753292361,-0.5602421569512739,0.9777888086642599,-0.022461574327247633,4462,< 100 mil aptos,interior
SP,67474,3532306.0,NATIVIDADE DA SERRA,False,21,21,0,4118,4118,0,0.4062651772705197,,,,,5995,< 100 mil aptos,interior
SP,67490,3532405.0,NAZARÉ PAULISTA,False,46,46,0,10650,10650,0,0.3813145539906103,,,,,15044,< 100 mil aptos,interior
SP,67512,3532504.0,NEVES PAULISTA,False,22,22,0,5742,5742,0,0.39045628700801116,,,,,7687,< 100 mil aptos,interior
SP,67539,3532603.0,NHANDEARA,False,25,0,25,5968,0,5968,,0.31467828418230565,,,,7759,< 100 mil aptos,interior
SP,67555,3532702.0,NIPOÃ,False,12,12,0,2915,2915,0,0.41406518010291593,,,,,3948,< 100 mil aptos,interior
SP,67571,3532801.0,NOVA ALIANÇA,False,16,16,0,3981,3981,0,0.35393117307209243,,,,,5213,< 100 mil aptos,interior
SP,67598,3532900.0,NOVA EUROPA,False,26,26,0,5752,5752,0,0.5554589707927677,,,,,7777,< 100 mil aptos,interior
SP,67610,3533007.0,NOVA GRANADA,True,51,17,34,11583,3538,8045,0.49236856981345395,0.4438781852082039,4.849038460525007,1.215200523394656,0.19490910300592965,15931,< 100 mil aptos,interior
SP,67636,3533106.0,NOVA GUATAPORANGA,False,6,6,0,1500,1500,0,0.5153333333333333,,,,,1985,< 100 mil aptos,interior
SP,67652,3533205.0,NOVA INDEPENDÊNCIA,True,13,1,12,2522,21,2501,0.38095238095238093,0.4566173530587765,-7.566497210639556,0.7323184696214469,-0.3115397918465126,3249,< 100 mil aptos,interior
SP,67679,3533304.0,NOVA LUZITÂNIA,False,8,8,0,2070,2070,0,0.5144927536231884,,,,,2672,< 100 mil aptos,interior
SP,67695,3533403.0,NOVA ODESSA,True,137,83,54,36585,23067,13518,0.39207525902804874,0.346500961680722,4.557429734732676,1.2163543935049246,0.19585818311007358,47846,< 100 mil aptos,interior
SP,67717,3533502.0,NOVO HORIZONTE,True,89,33,56,21798,8827,12971,0.32910388580491673,0.292961221185722,3.614266461919474,1.1838885778275476,0.16880442546894212,30235,< 100 mil aptos,interior
SP,67733,3533601.0,NUPORANGA,True,23,2,21,4518,382,4136,0.36649214659685864,0.37475822050290136,-0.8266073906042726,0.9651826179685418,-0.03543795412887157,5942,< 100 mil aptos,interior
SP,67750,3533700.0,OCAUÇU,False,13,13,0,2590,2590,0,0.44324324324324327,,,,,3292,< 100 mil aptos,interior
SP,67776,3533809.0,ÓLEO,False,10,10,0,1834,1834,0,0.3658669574700109,,,,,2541,< 100 mil aptos,interior
SP,67792,3533908.0,OLÍMPIA,True,138,55,83,31710,12374,19336,0.3847583643122677,0.32369673148531236,6.106163282695531,1.306608634623544,0.267434951870107,43519,< 100 mil aptos,interior
SP,67814,3534005.0,ONDA VERDE,False,13,13,0,3142,3142,0,0.4261616804583068,,,,,4138,< 100 mil aptos,interior
SP,67830,3534104.0,ORIENTE,False,16,16,0,3959,3959,0,0.36776963879767616,,,,,5017,< 100 mil aptos,interior
SP,67857,3534203.0,ORINDIÚVA,False,17,17,0,3809,3809,0,0.4812286689419795,,,,,5007,< 100 mil aptos,interior
SP,67873,3534302.0,ORLÂNDIA,True,94,59,35,23014,15434,7580,0.3820137359077362,0.39353562005277043,-1.1521884145034245,0.9526237552041424,-0.048535253697517614,31701,< 100 mil aptos,interior
SP,67890,3534401.0,OSASCO,True,1623,986,637,441041,268734,172307,0.5056301026293658,0.5014596040787664,0.41704985505993664,1.0168228666669836,0.01668292949446927,588531,≥ 100 mil aptos,interior
SP,67911,3534500.0,OSCAR BRESSANE,False,8,8,0,1874,1874,0,0.31696905016008536,,,,,2520,< 100 mil aptos,interior
SP,67938,3534609.0,OSVALDO CRUZ,True,80,34,46,17751,7775,9976,0.3064951768488746,0.2930032076984763,1.3491969150398297,1.0663977677297927,0.06428639660353241,24698,< 100 mil aptos,interior
SP,67954,3534708.0,OURINHOS,True,245,146,99,58830,35783,23047,0.39342704636279796,0.3454679567839632,4.795908957883476,1.2288653874852797,0.2060912944672819,80877,< 100 mil aptos,interior
SP,67970,3534807.0,OURO VERDE,False,16,16,0,4601,4601,0,0.4946750706368181,,,,,6147,< 100 mil aptos,interior
SP,67997,3534906.0,PACAEMBU,False,26,26,0,6081,6081,0,0.3410623252754481,,,,,8621,< 100 mil aptos,interior
SP,68012,3535002.0,PALESTINA,True,29,18,11,6734,4159,2575,0.4034623707622024,0.3763106796116505,2.7151691150551938,1.1209518449608147,0.11417818595129123,9194,< 100 mil aptos,interior
SP,68039,3535101.0,PALMARES PAULISTA,False,24,24,0,6085,6085,0,0.4658997534921939,,,,,7852,< 100 mil aptos,interior
SP,68055,3535200.0,PALMEIRA D'OESTE,False,21,21,0,5742,5742,0,0.3986415882967607,,,,,7937,< 100 mil aptos,interior
SP,68071,3535309.0,PALMITAL,True,48,14,34,12685,3890,8795,0.32673521850899745,0.3586128482092098,-3.187762970021235,0.8679694966034028,-0.14159870710126543,17265,< 100 mil aptos,interior
SP,68098,3535408.0,PANORAMA,False,38,38,0,7957,7957,0,0.3986427045368858,,,,,10775,< 100 mil aptos,interior
SP,68110,3535507.0,PARAGUAÇU PAULISTA,True,93,50,43,23303,12745,10558,0.4349941153393488,0.38075393066868723,5.424018467066155,1.2521295757015505,0.22484576229196146,32520,< 100 mil aptos,interior
SP,68136,3535606.0,PARAIBUNA,True,42,18,24,10574,4345,6229,0.4727272727272727,0.4934981537967571,-2.0770881069484384,0.9201758912346039,-0.08319044108821967,14262,< 100 mil aptos,interior
SP,68152,3535705.0,PARAÍSO,False,15,0,15,3578,0,3578,,0.3613750698714366,,,,4507,< 100 mil aptos,interior
SP,68179,3535804.0,PARANAPANEMA,False,41,41,0,10645,10645,0,0.43203381869422264,,,,,14259,< 100 mil aptos,interior
SP,68195,3535903.0,PARANAPUÃ,False,11,0,11,2756,0,2756,,0.4288824383164006,,,,3425,< 100 mil aptos,interior
SP,68217,3536000.0,PARAPUÃ,False,28,28,0,5950,5950,0,0.35126050420168065,,,,,8259,< 100 mil aptos,interior
SP,68233,3536109.0,PARDINHO,False,18,18,0,4158,4158,0,0.3917748917748918,,,,,5720,< 100 mil aptos,interior
SP,68250,3536208.0,PARIQUERA-AÇU,False,48,48,0,10960,10960,0,0.3280109489051095,,,,,15596,< 100 mil aptos,interior
SP,68276,3536307.0,PATROCÍNIO PAULISTA,False,32,32,0,8023,8023,0,0.3908762308363455,,,,,10843,< 100 mil aptos,interior
SP,68292,3536406.0,PAULICÉIA,False,18,18,0,4424,4424,0,0.37748643761301987,,,,,5951,< 100 mil aptos,interior
SP,68314,3536505.0,PAULÍNIA,True,227,138,89,64616,40041,24575,0.4278364676206888,0.37562563580874875,5.221083181194003,1.2429322731212238,0.21747332441598527,84113,< 100 mil aptos,interior
SP,68330,3536604.0,PAULO DE FARIA,False,20,20,0,4589,4589,0,0.5160165613423404,,,,,6419,< 100 mil aptos,interior
SP,68357,3536703.0,PEDERNEIRAS,True,103,41,62,25803,10301,15502,0.34210270847490537,0.292607405496065,4.949530297884036,1.2571109513217624,0.22881619247636295,34573,< 100 mil aptos,interior
SP,68373,3536802.0,PEDRA BELA,False,14,14,0,3853,3853,0,0.41214637944458865,,,,,5213,< 100 mil aptos,interior
SP,68390,3536901.0,PEDRANÓPOLIS,False,8,8,0,1869,1869,0,0.4419475655430712,,,,,2332,< 100 mil aptos,interior
SP,68411,3537008.0,PEDREGULHO,True,40,14,26,9059,3117,5942,0.5235803657362849,0.5523392797038035,-2.875891396751862,0.8907108870545799,-0.11573538558703915,11866,< 100 mil aptos,interior
SP,68438,3537107.0,PEDREIRA,False,107,0,107,25818,0,25818,,0.28131536137578433,,,,35310,< 100 mil aptos,interior
SP,68454,3537206.0,PEDRO DE TOLEDO,False,27,27,0,5383,5383,0,0.45309307077837635,,,,,8428,< 100 mil aptos,interior
SP,68470,3537305.0,PENÁPOLIS,True,148,90,58,34303,21086,13217,0.3569667077681874,0.3235983960051449,3.3368311763042504,1.1603593974414643,0.148729782512874,47411,< 100 mil aptos,interior
SP,68497,3537404.0,PEREIRA BARRETO,True,75,32,43,14175,6254,7921,0.4624240486088903,0.40070698144173716,6.171706716715314,1.2865091779692752,0.2519324867750581,20484,< 100 mil aptos,interior
SP,68519,3537503.0,PEREIRAS,False,19,0,19,4770,0,4770,,0.41153039832285115,,,,6830,< 100 mil aptos,interior
SP,68535,3537602.0,PERUÍBE,True,173,82,91,41455,19597,21858,0.3927131703832219,0.44697593558422544,-5.4262765201003536,0.8000948803404271,-0.22302495792115035,61581,< 100 mil aptos,interior
SP,68551,3537701.0,PIACATU,True,14,10,4,3592,2615,977,0.37323135755258124,0.38485158648925283,-1.1620228936671584,0.951825840873392,-0.049373201185424105,4678,< 100 mil aptos,interior
SP,68578,3537800.0,PIEDADE,True,115,59,56,30739,15971,14768,0.362970383820675,0.3702600216684724,-0.7289637847797403,0.9690942343529824,-0.03139342274547029,43429,< 100 mil aptos,interior
SP,68594,3537909.0,PILAR DO SUL,False,62,62,0,17253,17253,0,0.35837245696400627,,,,,23378,< 100 mil aptos,interior
SP,68616,3538006.0,PINDAMONHANGABA,True,386,232,154,90628,52951,37677,0.363260372797492,0.35629163680760145,0.6968735989890562,1.030717545091291,0.030255205416253858,122417,≥ 100 mil aptos,interior
SP,68632,3538105.0,PINDORAMA,True,38,37,1,8481,8241,240,0.3385511467054969,0.31666666666666665,2.1884480038830256,1.1044810705906207,0.09937560528899776,11407,< 100 mil aptos,interior
SP,68659,3515186.0,ESPÍRITO SANTO DO PINHAL,True,111,62,49,23752,11381,12371,0.3722871452420701,0.3644814485490259,0.7805696693044206,1.0341173445072032,0.03354825563094577,33761,< 100 mil aptos,interior
SP,68675,3538204.0,PINHALZINHO,False,35,35,0,8218,8218,0,0.33317108785592603,,,,,11743,< 100 mil aptos,interior
SP,68691,3538303.0,PIQUEROBI,False,9,9,0,2321,2321,0,0.5045239121068505,,,,,2966,< 100 mil aptos,interior
SP,68713,3538501.0,PIQUETE,True,31,17,14,7626,4245,3381,0.3363957597173145,0.3599526767228631,-2.355691700554857,0.9013802511981924,-0.10382807799799797,10064,< 100 mil aptos,interior
SP,68730,3538600.0,PIRACAIA,True,62,25,37,16449,6268,10181,0.33551372048500316,0.3308122974167567,0.47014230682464464,1.0213875811607303,0.021162076513207458,22617,< 100 mil aptos,interior
SP,68756,3538709.0,PIRACICABA,True,869,501,368,229328,133627,95701,0.3205040897423425,0.3216685301094033,-0.11644403670607595,0.9946725199653371,-0.0053417216602600365,308001,≥ 100 mil aptos,interior
SP,68772,3538808.0,PIRAJU,True,68,21,47,16789,5070,11719,0.4078895463510848,0.4119805444150525,-0.4090998063967677,0.9832293522076141,-0.016912867425301743,23946,< 100 mil aptos,interior
SP,68799,3538907.0,PIRAJUÍ,True,56,15,41,11430,2926,8504,0.37218045112781956,0.3396048918156162,3.257555931220335,1.1527858410602618,0.14218148341076509,16220,< 100 mil aptos,interior
SP,68810,3539004.0,PIRANGI,False,28,28,0,6310,6310,0,0.31521394611727416,,,,,8539,< 100 mil aptos,interior
SP,68837,3539103.0,PIRAPORA DO BOM JESUS,False,38,38,0,10131,10131,0,0.5446648899417629,,,,,13267,< 100 mil aptos,interior
SP,68853,3539202.0,PIRAPOZINHO,True,66,42,24,15440,9570,5870,0.39895506792058516,0.40988074957410564,-1.092568165352048,0.9556509745571167,-0.04536252196748815,21178,< 100 mil aptos,interior
SP,68870,3539301.0,PIRASSUNUNGA,True,186,112,74,43040,26818,16222,0.3161309568200462,0.2825175687338183,3.3613388086227936,1.1739778199790558,0.16039782853497883,59136,< 100 mil aptos,interior
SP,68896,3539400.0,PIRATININGA,False,29,29,0,7502,7502,0,0.3139162889896028,,,,,9606,< 100 mil aptos,interior
SP,68918,3539509.0,PITANGUEIRAS,True,83,49,34,19396,12779,6617,0.4893966664058221,0.39111379779356203,9.828286861226005,1.4921426921778678,0.4002131353974485,26822,< 100 mil aptos,interior
SP,68934,3539608.0,PLANALTO,False,12,12,0,3078,3078,0,0.47823261858349575,,,,,4144,< 100 mil aptos,interior
SP,68950,3539707.0,PLATINA,False,8,8,0,2043,2043,0,0.3607440039158101,,,,,2712,< 100 mil aptos,interior
SP,68977,3539806.0,POÁ,True,272,171,101,71072,47210,23862,0.49216267739885616,0.4771603386136954,1.5002338785160774,1.0619113130718496,0.06007040998410645,94816,< 100 mil aptos,interior
SP,68993,3539905.0,POLONI,False,15,15,0,3384,3384,0,0.36495271867612294,,,,,4543,< 100 mil aptos,interior
SP,69019,3540002.0,POMPÉIA,True,48,19,29,12662,5262,7400,0.3274420372481946,0.2618918918918919,6.555014535630272,1.3721533109905226,0.3163812657654051,16833,< 100 mil aptos,interior
SP,69035,3540101.0,PONGAÍ,False,10,10,0,2330,2330,0,0.3240343347639485,,,,,3068,< 100 mil aptos,interior
SP,69051,3540200.0,PONTAL,False,100,100,0,22322,22322,0,0.4731654869635337,,,,,29982,< 100 mil aptos,interior
SP,69078,3540309.0,PONTES GESTAL,False,8,8,0,1750,1750,0,0.42742857142857144,,,,,2365,< 100 mil aptos,interior
SP,69094,3540408.0,POPULINA,False,12,0,12,2812,0,2812,,0.5668563300142248,,,,3773,< 100 mil aptos,interior
SP,69116,3540507.0,PORANGABA,False,19,19,0,5368,5368,0,0.4128166915052161,,,,,7420,< 100 mil aptos,interior
SP,69132,3540606.0,PORTO FELIZ,True,116,73,43,31293,20680,10613,0.3216634429400387,0.3159332893621031,0.5730153577935604,1.0267377987410633,0.026386590405362793,42574,< 100 mil aptos,interior
SP,69159,3540705.0,PORTO FERREIRA,True,123,75,48,30687,19281,11406,0.33416316581090194,0.29405576012624934,4.01074056846526,1.204845799631628,0.18635159164344683,42480,< 100 mil aptos,interior
SP,69175,3540804.0,POTIRENDABA,True,39,3,36,10597,868,9729,0.4377880184331797,0.34093945934834,9.68485590848397,1.505261024923766,0.4089663216496755,13675,< 100 mil aptos,interior
SP,69191,3540903.0,PRADÓPOLIS,False,42,42,0,10393,10393,0,0.41951313384008465,,,,,13884,< 100 mil aptos,interior
SP,69213,3541000.0,PRAIA GRANDE,True,676,414,262,180208,110064,70144,0.421000508794883,0.4111969662408759,0.9803542554007061,1.0411770238932223,0.04035182694629506,249393,≥ 100 mil aptos,interior
SP,69230,3541109.0,PRESIDENTE ALVES,False,11,11,0,2553,2553,0,0.4073638856247552,,,,,3451,< 100 mil aptos,interior
SP,69256,3541208.0,PRESIDENTE BERNARDES,True,34,16,18,8143,3868,4275,0.43562564632885215,0.35789473684210527,7.773090948674688,1.3848319905149418,0.32557882579366815,11215,< 100 mil aptos,interior
SP,69272,3541307.0,PRESIDENTE EPITÁCIO,True,91,57,34,21922,13820,8102,0.418451519536903,0.4007652431498395,1.7686276387063493,1.0758857852496877,0.07314430856807916,32017,< 100 mil aptos,interior
SP,69299,3541406.0,PRESIDENTE PRUDENTE,True,562,339,223,131674,88690,42984,0.32094937422482805,0.31790898939140144,0.30403848334266126,1.0140839214817832,0.013985664546887136,181278,≥ 100 mil aptos,interior
SP,69310,3541505.0,PRESIDENTE VENCESLAU,True,90,43,47,20673,10001,10672,0.35526447355264473,0.2857946026986507,6.946987085399403,1.3770169426026115,0.31991952366691107,28919,< 100 mil aptos,interior
SP,69337,3541604.0,PROMISSÃO,True,81,49,32,19959,12091,7868,0.41005706724009594,0.39044229791560753,1.9614769324488412,1.0851562134912847,0.08172395219693979,28435,< 100 mil aptos,interior
SP,69353,3541703.0,QUATÁ,True,33,23,10,7725,5479,2246,0.37835371418141994,0.354853072128228,2.350064205319197,1.1065338972998422,0.10123251474361342,10125,< 100 mil aptos,interior
SP,69370,3541802.0,QUEIROZ,False,11,11,0,2329,2329,0,0.44525547445255476,,,,,3288,< 100 mil aptos,interior
SP,69396,3541901.0,QUELUZ,False,25,25,0,5436,5436,0,0.5349521707137601,,,,,7171,< 100 mil aptos,interior
SP,69418,3542008.0,QUINTANA,False,15,15,0,4119,4119,0,0.39281378975479486,,,,,5472,< 100 mil aptos,interior
SP,69434,3542107.0,RAFARD,False,24,24,0,5745,5745,0,0.3072236727589208,,,,,7412,< 100 mil aptos,interior
SP,69450,3542206.0,RANCHARIA,True,79,29,50,17441,6696,10745,0.43608124253285546,0.41675197766402977,1.932926486882569,1.0822472010052915,0.07903962106291154,24483,< 100 mil aptos,interior
SP,69477,3542305.0,REDENÇÃO DA SERRA,False,13,13,0,3057,3057,0,0.4625449787373242,,,,,4235,< 100 mil aptos,interior
SP,69493,3542404.0,REGENTE FEIJÓ,True,66,27,39,12103,4818,7285,0.38875051888750517,0.3626630061770762,2.6087512710428973,1.1176822364083392,0.11125710929605259,15243,< 100 mil aptos,interior
SP,69515,3542503.0,REGINÓPOLIS,False,14,14,0,3634,3634,0,0.3076499724821134,,,,,4975,< 100 mil aptos,interior
SP,69531,3542602.0,REGISTRO,True,154,80,74,33472,18496,14976,0.3905709342560554,0.35743856837606836,3.3132365879987025,1.1520995304265484,0.14158595648132466,48244,< 100 mil aptos,interior
SP,69558,3542701.0,RESTINGA,False,20,0,20,5039,0,5039,,0.4909704306410002,,,,6737,< 100 mil aptos,interior
SP,69574,3542800.0,RIBEIRA,False,12,12,0,2252,2252,0,0.5901420959147424,,,,,3028,< 100 mil aptos,interior
SP,69590,3542909.0,RIBEIRÃO BONITO,False,25,25,0,6303,6303,0,0.45454545454545453,,,,,9210,< 100 mil aptos,interior
SP,69612,3543006.0,RIBEIRÃO BRANCO,False,50,50,0,10870,10870,0,0.5136154553817848,,,,,15077,< 100 mil aptos,interior
SP,69639,3543105.0,RIBEIRÃO CORRENTE,False,11,11,0,3259,3259,0,0.4568886161399202,,,,,4288,< 100 mil aptos,interior
SP,69655,3543204.0,RIBEIRÃO DO SUL,False,11,0,11,3105,0,3105,,0.4859903381642512,,,,3804,< 100 mil aptos,interior
SP,69671,3543303.0,RIBEIRÃO PIRES,True,261,122,139,67518,31577,35941,0.48205972701649935,0.4909156673437022,-0.8855940327202827,0.9651704304176608,-0.03545058140541178,90834,< 100 mil aptos,interior
SP,69698,3543402.0,RIBEIRÃO PRETO,True,1391,861,530,346147,217323,128824,0.412979758240039,0.3883903620443396,2.4589396195699442,1.1078515381616096,0.10242258851864684,469473,≥ 100 mil aptos,interior
SP,69710,3543501.0,RIVERSUL,False,16,0,16,3403,0,3403,,0.48104613576256244,,,,4636,< 100 mil aptos,interior
SP,69736,3543600.0,RIFAINA,False,14,14,0,3349,3349,0,0.46103314422215586,,,,,4506,< 100 mil aptos,interior
SP,69752,3543709.0,RINCÃO,False,27,27,0,5508,5508,0,0.5354030501089324,,,,,7697,< 100 mil aptos,interior
SP,69779,3543808.0,RINÓPOLIS,False,22,22,0,5680,5680,0,0.31672535211267605,,,,,7698,< 100 mil aptos,interior
SP,69795,3543907.0,RIO CLARO,True,443,267,176,116390,70353,46037,0.3292965474109135,0.3150292156309056,1.4267331780007941,1.0675245015201964,0.06534241810098755,156604,≥ 100 mil aptos,interior
SP,69817,3544004.0,RIO DAS PEDRAS,False,76,76,0,19382,19382,0,0.3307192240222887,,,,,25076,< 100 mil aptos,interior
SP,69833,3544103.0,RIO GRANDE DA SERRA,True,113,93,20,26283,20880,5403,0.5516283524904214,0.5702387562465298,-1.861040375610834,0.9272118096587606,-0.07557325013222928,35718,< 100 mil aptos,interior
SP,69850,3544202.0,RIOLÂNDIA,False,22,0,22,5405,0,5405,,0.5108233117483811,,,,7323,< 100 mil aptos,interior
SP,69876,3544301.0,ROSEIRA,False,30,30,0,6616,6616,0,0.3762091898428053,,,,,8568,< 100 mil aptos,interior
SP,69892,3544400.0,RUBIÁCEA,False,8,8,0,1771,1771,0,0.4025974025974026,,,,,2282,< 100 mil aptos,interior
SP,69914,3544509.0,RUBINÉIA,False,11,11,0,2347,2347,0,0.3885811674478057,,,,,3267,< 100 mil aptos,interior
SP,69930,3544608.0,SABINO,False,14,14,0,3222,3222,0,0.4158907510862818,,,,,4609,< 100 mil aptos,interior
SP,69957,3544707.0,SAGRES,False,7,7,0,1552,1552,0,0.4793814432989691,,,,,2094,< 100 mil aptos,interior
SP,69973,3544806.0,SALES,False,15,15,0,3839,3839,0,0.2784579317530607,,,,,5140,< 100 mil aptos,interior
SP,69990,3544905.0,SALES OLIVEIRA,False,30,30,0,6429,6429,0,0.3614870119769793,,,,,8322,< 100 mil aptos,interior
SP,70017,3545001.0,SALESÓPOLIS,False,49,49,0,11340,11340,0,0.39735449735449735,,,,,15403,< 100 mil aptos,interior
SP,70033,3545100.0,SALMOURÃO,False,12,12,0,2994,2994,0,0.4168336673346693,,,,,4043,< 100 mil aptos,interior
SP,70050,3545209.0,SALTO,True,264,162,102,73071,44475,28596,0.39109612141652617,0.3822562596167296,0.8839861799796567,1.0379788778897554,0.03727543568285597,97030,< 100 mil aptos,interior
SP,70076,3545308.0,SALTO DE PIRAPORA,True,85,23,62,22949,5650,17299,0.39893805309734515,0.4162668362333083,-1.7328783135963144,0.9307408717772315,-0.07177437366152217,30705,< 100 mil aptos,interior
SP,70092,3545407.0,SALTO GRANDE,False,19,19,0,4906,4906,0,0.41683652670199756,,,,,6365,< 100 mil aptos,interior
SP,70114,3545506.0,SANDOVALINA,True,12,9,3,2558,1920,638,0.6447916666666667,0.5830721003134797,6.171956635318699,1.298000819853057,0.2608252499096318,3496,< 100 mil aptos,interior
SP,70130,3545605.0,SANTA ADÉLIA,False,38,0,38,8349,0,8349,,0.38040483890286264,,,,11754,< 100 mil aptos,interior
SP,70157,3545704.0,SANTA ALBERTINA,False,17,0,17,3925,0,3925,,0.38802547770700635,,,,5212,< 100 mil aptos,interior
SP,70173,3545803.0,SANTA BÁRBARA D'OESTE,True,392,237,155,110889,67169,43720,0.34643957778141704,0.3214089661482159,2.5030611633201136,1.1191592413107625,0.11257772600653218,146263,≥ 100 mil aptos,interior
SP,70190,3500550.0,ÁGUAS DE SANTA BÁRBARA,False,15,15,0,3747,3747,0,0.34240725914064585,,,,,5359,< 100 mil aptos,interior
SP,70211,3546009.0,SANTA BRANCA,True,41,8,33,8816,1760,7056,0.41420454545454544,0.39058956916099774,2.3614976293547696,1.1032097854746685,0.0982239175398029,12358,< 100 mil aptos,interior
SP,70238,3546108.0,SANTA CLARA D'OESTE,False,7,7,0,1762,1762,0,0.4279228149829739,,,,,2381,< 100 mil aptos,interior
SP,70254,3546207.0,SANTA CRUZ DA CONCEIÇÃO,False,11,11,0,3085,3085,0,0.2985413290113452,,,,,4076,< 100 mil aptos,interior
SP,70270,3546306.0,SANTA CRUZ DAS PALMEIRAS,True,65,39,26,16125,10065,6060,0.388474913065077,0.36171617161716174,2.6758741447915235,1.1209716152673928,0.11419582286613629,21220,< 100 mil aptos,interior
SP,70297,3546405.0,SANTA CRUZ DO RIO PARDO,False,96,96,0,25813,25813,0,0.2768759927168481,,,,,35833,< 100 mil aptos,interior
SP,70319,3546504.0,SANTA ERNESTINA,False,15,15,0,3935,3935,0,0.4663278271918678,,,,,5013,< 100 mil aptos,interior
SP,70335,3546603.0,SANTA FÉ DO SUL,True,76,26,50,19409,6577,12832,0.32081496122852365,0.31491583541147133,0.589912581705232,1.0275806850390172,0.027207189890698456,27036,< 100 mil aptos,interior
SP,70351,3546702.0,SANTA GERTRUDES,True,58,40,18,14646,10113,4533,0.3373875210125581,0.32803882638429294,0.9348694628265153,1.0430096703389782,0.04211044763335104,18853,< 100 mil aptos,interior
SP,70378,3546801.0,SANTA ISABEL,True,129,69,60,31656,16957,14699,0.3753612077608067,0.39662562079053,-2.126441302972326,0.9141690968425634,-0.08973971715336831,43158,< 100 mil aptos,interior
SP,70394,3546900.0,SANTA LÚCIA,False,29,29,0,4975,4975,0,0.577286432160804,,,,,6813,< 100 mil aptos,interior
SP,70416,3547007.0,SANTA MARIA DA SERRA,False,13,13,0,3209,3209,0,0.3627298223745715,,,,,4310,< 100 mil aptos,interior
SP,70432,3547106.0,SANTA MERCEDES,False,9,9,0,1875,1875,0,0.48,,,,,2743,< 100 mil aptos,interior
SP,70459,3547205.0,SANTANA DA PONTE PENSA,False,6,6,0,1198,1198,0,0.40984974958263776,,,,,1595,< 100 mil aptos,interior
SP,70475,3547304.0,SANTANA DE PARNAÍBA,True,260,144,116,77577,42473,35104,0.526875897629082,0.36089904284412033,16.59768547849617,1.9720457984805813,0.6790714802923954,100574,≥ 100 mil aptos,interior
SP,70491,3547403.0,SANTA RITA D'OESTE,False,7,7,0,1864,1864,0,0.4302575107296137,,,,,2482,< 100 mil aptos,interior
SP,70513,3547502.0,SANTA RITA DO PASSA QUATRO,True,60,36,24,14922,8915,6007,0.3055524397083567,0.30447810887298155,0.10743308353751702,1.0050809218023058,0.005068057475816206,19995,< 100 mil aptos,interior
SP,70530,3547601.0,SANTA ROSA DE VITERBO,True,58,34,24,13759,8499,5260,0.4461701376632545,0.41577946768060836,3.0390669982646115,1.1319777945056293,0.12396636342748693,19799,< 100 mil aptos,interior
SP,70556,3547700.0,SANTO ANASTÁCIO,True,47,21,26,11612,5260,6352,0.3956273764258555,0.4063287153652393,-1.0701338939383798,0.9564231513008107,-0.04455483697742499,15266,< 100 mil aptos,interior
SP,70572,3547809.0,SANTO ANDRÉ,True,1700,1036,664,433097,263755,169342,0.4832780421224242,0.4716077523591312,1.1670289763292985,1.0478898841850903,0.046778508035894076,583219,≥ 100 mil aptos,interior
SP,70599,3547908.0,SANTO ANTÔNIO DA ALEGRIA,True,18,10,8,4215,2238,1977,0.4258266309204647,0.47698533131006576,-5.115870038960107,0.8132023387565969,-0.2067753212402011,5366,< 100 mil aptos,interior
SP,70610,3548005.0,SANTO ANTÔNIO DE POSSE,False,53,53,0,12843,12843,0,0.3305302499416024,,,,,17067,< 100 mil aptos,interior
SP,70637,3548104.0,SANTO ANTÔNIO DO JARDIM,False,18,18,0,4007,4007,0,0.3603693536311455,,,,,5441,< 100 mil aptos,interior
SP,70653,3548203.0,SANTO ANTÔNIO DO PINHAL,False,20,20,0,4742,4742,0,0.4276676507802615,,,,,6382,< 100 mil aptos,interior
SP,70670,3548302.0,SANTO EXPEDITO,False,9,0,9,2088,0,2088,,0.4774904214559387,,,,2762,< 100 mil aptos,interior
SP,70696,3548401.0,SANTÓPOLIS DO AGUAPEÍ,False,11,11,0,2461,2461,0,0.3961804144656644,,,,,3244,< 100 mil aptos,interior
SP,70718,3548500.0,SANTOS,True,1024,566,458,259567,145832,113735,0.4493526797959296,0.4234668307908735,2.5885849005056083,1.111011886981492,0.1052712099535334,353566,≥ 100 mil aptos,interior
SP,70734,3548609.0,SÃO BENTO DO SAPUCAÍ,False,32,32,0,6981,6981,0,0.36613665663944994,,,,,9532,< 100 mil aptos,interior
SP,70750,3548708.0,SÃO BERNARDO DO CAMPO,True,1961,1194,767,487152,292106,195046,0.5257235387153978,0.5570788429396143,-3.1355304224216507,0.8813240318987443,-0.12632992055575631,639926,≥ 100 mil aptos,interior
SP,70777,3548807.0,SÃO CAETANO DO SUL,True,377,231,146,113449,70488,42961,0.3956559981840881,0.4052047205605084,-0.9548722376420293,0.9610070085552443,-0.03977357705691445,146352,≥ 100 mil aptos,interior
SP,70793,3548906.0,SÃO CARLOS,True,558,345,213,141689,89512,52177,0.46971355795870945,0.49824635375740267,-2.853279579869322,0.8920084746316032,-0.11427964573918382,195010,≥ 100 mil aptos,interior
SP,70815,3549003.0,SÃO FRANCISCO,False,9,9,0,1870,1870,0,0.4443850267379679,,,,,2529,< 100 mil aptos,interior
SP,70831,3549102.0,SÃO JOÃO DA BOA VISTA,True,197,109,88,52462,29244,23218,0.36174941868417454,0.3291842535963477,3.2565165087826866,1.1549969000732143,0.1440976600508602,71394,< 100 mil aptos,interior
SP,70858,3549201.0,SÃO JOÃO DAS DUAS PONTES,False,8,8,0,1738,1738,0,0.5644418872266973,,,,,2273,< 100 mil aptos,interior
SP,70874,3549300.0,SÃO JOÃO DO PAU D'ALHO,False,8,8,0,1589,1589,0,0.5368156073001888,,,,,2021,< 100 mil aptos,interior
SP,70890,3549409.0,SÃO JOAQUIM DA BARRA,True,102,49,53,27843,13701,14142,0.5117144733961024,0.42059114693819827,9.112332645790417,1.443706291597432,0.36721362061146423,38027,< 100 mil aptos,interior
SP,70912,3549508.0,SÃO JOSÉ DA BELA VISTA,False,22,22,0,4911,4911,0,0.5304418652005701,,,,,6950,< 100 mil aptos,interior
SP,70939,3549607.0,SÃO JOSÉ DO BARREIRO,False,12,12,0,2851,2851,0,0.5762890213960014,,,,,3800,< 100 mil aptos,interior
SP,70955,3549706.0,SÃO JOSÉ DO RIO PARDO,True,118,70,48,30119,17376,12743,0.35865561694290976,0.3660833398728714,-0.7427722929961633,0.9683637910883464,-0.03214744506714344,42637,< 100 mil aptos,interior
SP,70971,3549805.0,SÃO JOSÉ DO RIO PRETO,True,1015,615,400,259690,161748,97942,0.3332776912233845,0.30120887872414287,3.206881249924165,1.15968720590437,0.14815031867371323,345863,≥ 100 mil aptos,interior
SP,70998,3549904.0,SÃO JOSÉ DOS CAMPOS,True,1534,920,614,427611,256375,171236,0.3654490492442711,0.38720829732065687,-2.1759248076385793,0.9114409948005806,-0.09272842113256714,558885,≥ 100 mil aptos,interior
SP,71013,3550001.0,SÃO LUÍS DO PARAITINGA,True,30,6,24,7560,1352,6208,0.492603550295858,0.47648195876288657,1.6121591532971435,1.0666828307677751,0.06455367486754203,9971,< 100 mil aptos,interior
SP,71030,3550100.0,SÃO MANUEL,True,107,95,12,22589,20348,2241,0.3840180853155101,0.3462739848282017,3.774410048730842,1.176954354259507,0.16293004609834402,31088,< 100 mil aptos,interior
SP,71056,3550209.0,SÃO MIGUEL ARCANJO,True,79,47,32,18711,11408,7303,0.3643057503506311,0.42749554977406545,-6.318979942343433,0.7674763691511197,-0.2646475893744361,25653,< 100 mil aptos,interior
SP,71072,3550308.0,SÃO PAULO,True,26288,15989,10299,6869405,4200372,2669033,0.539133438657338,0.5295400993543354,0.9593339303002546,1.0393093401678706,0.03855639655142962,9320585,≥ 100 mil aptos,capital
SP,71099,3550407.0,SÃO PEDRO,True,82,39,43,19838,9787,10051,0.28895473587411874,0.27987264948761315,0.9082086386505595,1.0456381384092812,0.044627357805444155,27188,< 100 mil aptos,interior
SP,71110,3550506.0,SÃO PEDRO DO TURVO,False,15,0,15,4375,0,4375,,0.41942857142857143,,,,5735,< 100 mil aptos,interior
SP,71137,3550605.0,SÃO ROQUE,False,179,179,0,45278,45278,0,0.4370776094350457,,,,,63512,< 100 mil aptos,interior
SP,71153,3550704.0,SÃO SEBASTIÃO,True,200,82,118,48657,20371,28286,0.5132786804771489,0.47649013646326804,3.678854401388082,1.158627439931808,0.14723606309733264,66377,< 100 mil aptos,interior
SP,71170,3550803.0,SÃO SEBASTIÃO DA GRAMA,True,30,3,27,6343,776,5567,0.44587628865979384,0.39267109753906954,5.3205191120724304,1.2445222238771039,0.21875170034151836,8538,< 100 mil aptos,interior
SP,71196,3550902.0,SÃO SIMÃO,True,34,9,25,8541,2264,6277,0.36969964664310956,0.41660028676119165,-4.690064011808209,0.8213875798751475,-0.19676019825192836,12092,< 100 mil aptos,interior
SP,71218,3551009.0,SÃO VICENTE,True,749,450,299,188857,110908,77949,0.45226674360731417,0.4687936984438543,-1.6526954836540153,0.9356361573380573,-0.06652859886873097,259161,≥ 100 mil aptos,interior
SP,71234,3551108.0,SARAPUÍ,False,25,25,0,5626,5626,0,0.4454319232136509,,,,,7602,< 100 mil aptos,interior
SP,71250,3551207.0,SARUTAIÁ,False,10,10,0,2336,2336,0,0.5590753424657534,,,,,3168,< 100 mil aptos,interior
SP,71277,3551306.0,SEBASTIANÓPOLIS DO SUL,False,9,9,0,2304,2304,0,0.3424479166666667,,,,,3019,< 100 mil aptos,interior
SP,71293,3551405.0,SERRA AZUL,False,26,26,0,5737,5737,0,0.5276276799721109,,,,,7950,< 100 mil aptos,interior
SP,71315,3551504.0,SERRANA,True,97,47,50,25899,12620,13279,0.47456418383518223,0.43316514797801037,4.139903585717186,1.1818934446017766,0.16711776652924407,34754,< 100 mil aptos,interior
SP,71331,3551603.0,SERRA NEGRA,True,82,40,42,16729,7834,8895,0.3170793974980853,0.3365935919055649,-1.9514194407479646,0.915106474631506,-0.0887148547590878,23369,< 100 mil aptos,interior
SP,71358,3551702.0,SERTÃOZINHO,True,306,114,192,71637,26514,45123,0.48574338085539714,0.40136958978791304,8.437379106748411,1.4087739468000138,0.3427197848431781,96953,< 100 mil aptos,interior
SP,71374,3551801.0,SETE BARRAS,False,37,37,0,7425,7425,0,0.4018855218855219,,,,,11283,< 100 mil aptos,interior
SP,71390,3551900.0,SEVERÍNIA,False,38,38,0,9301,9301,0,0.413933985592947,,,,,12276,< 100 mil aptos,interior
SP,71412,3552007.0,SILVEIRAS,False,17,17,0,4054,4054,0,0.46521953626048346,,,,,5407,< 100 mil aptos,interior
SP,71439,3552106.0,SOCORRO,True,93,41,52,23271,10340,12931,0.24680851063829787,0.2650220400587735,-1.8213529420475632,0.908755495986508,-0.09567920229959245,31329,< 100 mil aptos,interior
SP,71455,3552205.0,SOROCABA,True,1600,958,642,396409,235084,161325,0.3787922614895101,0.40469239113590577,-2.5900129646395653,0.8969756123714893,-0.10872660528459184,515112,≥ 100 mil aptos,interior
SP,71471,3552304.0,SUD MENNUCCI,False,19,19,0,4687,4687,0,0.5039470876893535,,,,,6307,< 100 mil aptos,interior
SP,71498,3552403.0,SUMARÉ,True,563,351,212,149675,94268,55407,0.43672296007128614,0.4102369736675871,2.6485986403699036,1.1146197093912527,0.1085132789246921,198720,≥ 100 mil aptos,interior
SP,71510,3552502.0,SUZANO,True,690,425,265,170843,111017,59826,0.4698109298575894,0.46474776852873334,0.5063161328856036,1.0205481951643154,0.0203399291632004,228813,≥ 100 mil aptos,interior
SP,71536,3552601.0,TABAPUÃ,False,27,27,0,7013,7013,0,0.32568087836874376,,,,,9266,< 100 mil aptos,interior
SP,71552,3552700.0,TABATINGA,False,41,41,0,8511,8511,0,0.4240394783221713,,,,,11614,< 100 mil aptos,interior
SP,71579,3552809.0,TABOÃO DA SERRA,True,590,350,240,169492,102977,66515,0.5842858113947774,0.5843493948733368,-0.00635834785593925,0.9997382559381511,-0.0002617783228043557,223825,≥ 100 mil aptos,interior
SP,71595,3552908.0,TACIBA,False,19,19,0,4113,4113,0,0.5115487478725991,,,,,4941,< 100 mil aptos,interior
SP,71617,3553005.0,TAGUAÍ,False,28,28,0,7048,7048,0,0.4108967082860386,,,,,9231,< 100 mil aptos,interior
SP,71633,3553104.0,TAIAÇU,False,15,15,0,3518,3518,0,0.4718590108015918,,,,,4817,< 100 mil aptos,interior
SP,71650,3553203.0,TAIÚVA,False,15,15,0,3449,3449,0,0.3345897361554074,,,,,4754,< 100 mil aptos,interior
SP,71676,3553302.0,TAMBAÚ,True,50,32,18,12061,7722,4339,0.42955192955192956,0.42636552200967964,0.3186407542249914,1.0131009602110623,0.013015884871994,15918,< 100 mil aptos,interior
SP,71692,3553401.0,TANABI,True,63,24,39,15515,5389,10126,0.3622193356838003,0.3260912502468892,3.612808543691115,1.1737138528998303,0.16017295481464555,20644,< 100 mil aptos,interior
SP,71714,3553500.0,TAPIRAÍ,False,20,0,20,4437,0,4437,,0.403876493125986,,,,6538,< 100 mil aptos,interior
SP,71730,3553609.0,TAPIRATIBA,True,29,20,9,7569,5169,2400,0.4728187270265042,0.5095833333333334,-3.6764606306829206,0.8631468715071227,-0.14717041523275415,10473,< 100 mil aptos,interior
SP,71757,3553708.0,TAQUARITINGA,True,124,60,64,28990,14821,14169,0.42952567303150935,0.3603641753123015,6.916149771920782,1.336423771108676,0.28999721876271006,40735,< 100 mil aptos,interior
SP,71773,3553807.0,TAQUARITUBA,True,64,33,31,13312,6569,6743,0.4936824478611661,0.41198279697464035,8.169965088652575,1.3916680411808786,0.3305030573091042,17368,< 100 mil aptos,interior
SP,71790,3553906.0,TARABAI,True,17,8,9,4125,1984,2141,0.5640120967741935,0.5156468939747781,4.836520279941537,1.215132570997738,0.19485318277253258,5605,< 100 mil aptos,interior
SP,71811,3554003.0,TATUÍ,True,242,107,135,65092,28811,36281,0.34459060775398287,0.31683250186047796,2.7758105893504914,1.1336741529424905,0.12546382093040281,92496,< 100 mil aptos,interior
SP,71838,3554102.0,TAUBATÉ,True,714,429,285,177494,114899,62595,0.34155214579761356,0.33025001996964615,1.1302125827967413,1.0519751676432427,0.05066950913505751,239083,≥ 100 mil aptos,interior
SP,71854,3554201.0,TEJUPÁ,False,14,14,0,2720,2720,0,0.5466911764705882,,,,,3745,< 100 mil aptos,interior
SP,71870,3554300.0,TEODORO SAMPAIO,True,55,16,39,12955,3006,9949,0.4634065202927478,0.5572419338626998,-9.3835413569952,0.6861821876545993,-0.3766121068448625,18317,< 100 mil aptos,interior
SP,71897,3554409.0,TERRA ROXA,False,22,22,0,4843,4843,0,0.4142060706173859,,,,,6050,< 100 mil aptos,interior
SP,71919,3554508.0,TIETÊ,True,97,62,35,22495,14816,7679,0.3095302375809935,0.27985414767547856,2.9676089905514957,1.153578444951777,0.14286880234604768,30726,< 100 mil aptos,interior
SP,71935,3554607.0,TIMBURI,False,8,8,0,1717,1717,0,0.46359930110658126,,,,,2411,< 100 mil aptos,interior
SP,71951,3554706.0,TORRINHA,False,21,21,0,5425,5425,0,0.2853456221198157,,,,,7367,< 100 mil aptos,interior
SP,71978,3554805.0,TREMEMBÉ,True,97,38,59,22535,9267,13268,0.3721808568037121,0.3368254446789267,3.535541212478538,1.1671923716345158,0.15460118259380323,30328,< 100 mil aptos,interior
SP,71994,3554904.0,TRÊS FRONTEIRAS,False,16,16,0,3697,3697,0,0.39951311874492834,,,,,5142,< 100 mil aptos,interior
SP,72010,3555000.0,TUPÃ,True,152,86,66,36312,21678,14634,0.3141433711597011,0.26636599699330327,4.777737416639782,1.2615231585411861,0.23231984687037227,50488,< 100 mil aptos,interior
SP,72036,3555109.0,TUPI PAULISTA,False,41,0,41,8480,0,8480,,0.3435141509433962,,,,11445,< 100 mil aptos,interior
SP,72052,3555208.0,TURIÚBA,False,6,6,0,1278,1278,0,0.34194053208137715,,,,,1686,< 100 mil aptos,interior
SP,72079,3555307.0,TURMALINA,True,7,1,6,1360,264,1096,0.4810606060606061,0.5547445255474452,-7.368391948683916,0.7440453323088744,-0.29565331548255347,1868,< 100 mil aptos,interior
SP,72095,3555406.0,UBATUBA,True,231,140,91,53730,33473,20257,0.36076838048576465,0.37947376215629164,-1.8705381670526988,0.9228871823974769,-0.08024828120506033,75915,< 100 mil aptos,interior
SP,72117,3555505.0,UBIRAJARA,False,12,12,0,3109,3109,0,0.4310067545834674,,,,,4190,< 100 mil aptos,interior
SP,72133,3555604.0,UCHOA,False,25,0,25,6114,0,6114,,0.38665358194308147,,,,8080,< 100 mil aptos,interior
SP,72150,3555703.0,UNIÃO PAULISTA,False,6,6,0,1182,1182,0,0.42554991539763115,,,,,1614,< 100 mil aptos,interior
SP,72176,3555802.0,URÂNIA,False,27,27,0,5264,5264,0,0.3691109422492401,,,,,6884,< 100 mil aptos,interior
SP,72192,3555901.0,URU,False,5,5,0,1125,1125,0,0.3448888888888889,,,,,1510,< 100 mil aptos,interior
SP,72214,3556008.0,URUPÊS,True,33,7,26,8208,1982,6226,0.2976791120080727,0.2928043687761002,0.4874743231972456,1.0237049261984477,0.023428327082490957,11169,< 100 mil aptos,interior
SP,72230,3556107.0,VALENTIM GENTIL,False,28,28,0,7782,7782,0,0.36327422256489333,,,,,10224,< 100 mil aptos,interior
SP,72257,3556206.0,VALINHOS,True,271,167,104,72293,45637,26656,0.3697876722834542,0.3309948979591837,3.879277432427053,1.1859698951407316,0.17056091672953153,96246,< 100 mil aptos,interior
SP,72273,3556305.0,VALPARAÍSO,True,44,16,28,12248,4489,7759,0.4252617509467587,0.37749710014177085,4.776465080498787,1.220152127482195,0.19897554562896944,16852,< 100 mil aptos,interior
SP,72311,3556404.0,VARGEM GRANDE DO SUL,True,92,56,36,23167,14271,8896,0.34209235512577957,0.342738309352518,-0.064595422673841,0.9971353328935862,-0.002868778118226354,32081,< 100 mil aptos,interior
SP,72338,3556503.0,VÁRZEA PAULISTA,True,249,151,98,63876,39902,23974,0.4221342288607087,0.3973471260532243,2.478710280748442,1.1079515099505255,0.10251282378488033,83460,< 100 mil aptos,interior
SP,72354,3556602.0,VERA CRUZ,False,25,0,25,6077,0,6077,,0.3781471120618726,,,,7775,< 100 mil aptos,interior
SP,72370,3556701.0,VINHEDO,True,169,65,104,48663,19092,29571,0.3605698721977792,0.308782252882892,5.178761931488718,1.262289267632493,0.23292695150849246,62935,< 100 mil aptos,interior
SP,72397,3556800.0,VIRADOURO,True,45,27,18,10416,6504,3912,0.3605473554735547,0.3177402862985685,4.280706917498622,1.2106855858544807,0.1911867990312811,12908,< 100 mil aptos,interior
SP,72419,3556909.0,VISTA ALEGRE DO ALTO,False,19,19,0,4656,4656,0,0.40356529209621994,,,,,6135,< 100 mil aptos,interior
SP,72435,3557006.0,VOTORANTIM,True,274,168,106,69266,42190,27076,0.4041479023465276,0.3737258088343921,3.0422093512135486,1.1366147318055597,0.12805431108983084,90795,< 100 mil aptos,interior
SP,72451,3557105.0,VOTUPORANGA,True,236,125,111,53561,28768,24793,0.3358245272525028,0.2964949784213286,3.932954883117418,1.1997187266859082,0.18208713489087738,72588,< 100 mil aptos,interior
SP,72737,3556453.0,VARGEM GRANDE PAULISTA,True,126,78,48,30862,17784,13078,0.4726720647773279,0.44326349594739256,2.9408568829935366,1.1258146297790537,0.11850688897050851,40789,< 100 mil aptos,interior
TO,73008,1700251.0,ABREULÂNDIA,False,8,8,0,1781,1781,0,0.5794497473329591,,,,,2339,< 100 mil aptos,interior
TO,73016,1717206.0,PIRAQUÊ,False,9,9,0,1627,1627,0,0.5986478180700676,,,,,2189,< 100 mil aptos,interior
TO,73024,1718550.0,RIACHINHO,False,16,16,0,2684,2684,0,0.6236959761549925,,,,,3605,< 100 mil aptos,interior
TO,73032,1706506.0,DARCINÓPOLIS,False,15,15,0,3090,3090,0,0.6343042071197411,,,,,4105,< 100 mil aptos,interior
TO,73040,1713809.0,PALMEIRAS DO TOCANTINS,False,15,15,0,3076,3076,0,0.6241872561768531,,,,,4081,< 100 mil aptos,interior
TO,73059,1712801.0,MAURILÂNDIA DO TOCANTINS,False,11,11,0,2434,2434,0,0.751848808545604,,,,,3183,< 100 mil aptos,interior
TO,73067,1703826.0,CACHOEIRINHA,False,7,7,0,1309,1309,0,0.6485867074102368,,,,,1854,< 100 mil aptos,interior
TO,73075,1701051.0,ANGICO,False,10,10,0,1909,1909,0,0.5887899423782085,,,,,2680,< 100 mil aptos,interior
TO,73083,1715705.0,PALMEIRANTE,False,17,17,0,2847,2847,0,0.6680716543730242,,,,,3760,< 100 mil aptos,interior
TO,73091,1703842.0,CAMPOS LINDOS,False,25,25,0,4740,4740,0,0.6331223628691983,,,,,6083,< 100 mil aptos,interior
TO,73105,1720150.0,SÃO FÉLIX DO TOCANTINS,False,7,7,0,1101,1101,0,0.7411444141689373,,,,,1595,< 100 mil aptos,interior
TO,73113,1711951.0,LAGOA DO TOCANTINS,False,14,14,0,2286,2286,0,0.6723534558180227,,,,,2992,< 100 mil aptos,interior
TO,73121,1703305.0,BOM JESUS DO TOCANTINS,False,14,14,0,2530,2530,0,0.5505928853754941,,,,,3208,< 100 mil aptos,interior
TO,73130,1718881.0,SANTA MARIA DO TOCANTINS,False,11,11,0,1873,1873,0,0.5525894287239722,,,,,2510,< 100 mil aptos,interior
TO,73148,1715150.0,NOVO ALEGRE,False,7,7,0,1466,1466,0,0.6391541609822646,,,,,2043,< 100 mil aptos,interior
TO,73156,1718840.0,SANDOLÂNDIA,False,15,15,0,2544,2544,0,0.4803459119496855,,,,,3342,< 100 mil aptos,interior
TO,73164,1720937.0,TAIPAS DO TOCANTINS,False,7,7,0,1300,1300,0,0.7569230769230769,,,,,1931,< 100 mil aptos,interior
TO,73172,1715259.0,NOVO JARDIM,False,9,9,0,1578,1578,0,0.7053231939163498,,,,,2125,< 100 mil aptos,interior
TO,73180,1720200.0,SÃO MIGUEL DO TOCANTINS,False,27,27,0,6301,6301,0,0.6465640374543723,,,,,7793,< 100 mil aptos,interior
TO,73199,1708254.0,TABOCÃO,False,9,9,0,2324,2324,0,0.5413080895008606,,,,,3061,< 100 mil aptos,interior
TO,73202,1710904.0,ITAPIRATINS,False,11,11,0,2498,2498,0,0.6437149719775821,,,,,3244,< 100 mil aptos,interior
TO,73210,1704105.0,CENTENÁRIO,False,8,8,0,1387,1387,0,0.6906993511175198,,,,,1813,< 100 mil aptos,interior
TO,73229,1718501.0,RECURSOLÂNDIA,False,11,11,0,2164,2164,0,0.7287430683918669,,,,,2831,< 100 mil aptos,interior
TO,73237,1721307.0,TUPIRATINS,False,6,6,0,1314,1314,0,0.678082191780822,,,,,1840,< 100 mil aptos,interior
TO,73245,1703602.0,BRASILÂNDIA DO TOCANTINS,False,8,8,0,1395,1395,0,0.5684587813620071,,,,,1804,< 100 mil aptos,interior
TO,73253,1711803.0,JUARINA,False,10,10,0,1580,1580,0,0.5550632911392405,,,,,2040,< 100 mil aptos,interior
TO,73261,1716307.0,PAU D'ARCO,False,13,13,0,2493,2493,0,0.52426795026073,,,,,3391,< 100 mil aptos,interior
TO,73270,1712702.0,MATEIROS,False,8,8,0,1504,1504,0,0.6821808510638298,,,,,1952,< 100 mil aptos,interior
TO,73288,1720101.0,SÃO BENTO DO TOCANTINS,False,15,15,0,3292,3292,0,0.7038274605103281,,,,,4506,< 100 mil aptos,interior
TO,73296,1707405.0,ESPERANTINA,False,21,21,0,4469,4469,0,0.7187290221526068,,,,,6014,< 100 mil aptos,interior
TO,73300,1703867.0,CARIRI DO TOCANTINS,False,12,12,0,2698,2698,0,0.5040770941438102,,,,,3499,< 100 mil aptos,interior
TO,73318,1702158.0,ARAGUANÃ,False,14,14,0,2669,2669,0,0.5024353690520794,,,,,3565,< 100 mil aptos,interior
TO,73326,1703883.0,CARMOLÂNDIA,False,8,8,0,1791,1791,0,0.6130653266331658,,,,,2331,< 100 mil aptos,interior
TO,73334,1701309.0,ARAGOMINAS,False,19,19,0,3397,3397,0,0.624080070650574,,,,,4435,< 100 mil aptos,interior
TO,73342,1713957.0,MURICILÂNDIA,False,10,10,0,2047,2047,0,0.6326331216414265,,,,,2647,< 100 mil aptos,interior
TO,73350,1718865.0,SANTA FÉ DO ARAGUAIA,False,19,19,0,3953,3953,0,0.5727295724766001,,,,,5150,< 100 mil aptos,interior
TO,73369,1711506.0,JAÚ DO TOCANTINS,False,9,9,0,2111,2111,0,0.5414495499763146,,,,,2815,< 100 mil aptos,interior
TO,73377,1720853.0,SUCUPIRA,False,5,5,0,1273,1273,0,0.5192458758837392,,,,,1619,< 100 mil aptos,interior
TO,73385,1711902.0,LAGOA DA CONFUSÃO,False,27,27,0,6575,6575,0,0.49688212927756653,,,,,8513,< 100 mil aptos,interior
TO,73393,1720259.0,SÃO SALVADOR DO TOCANTINS,False,11,11,0,1604,1604,0,0.6982543640897756,,,,,2358,< 100 mil aptos,interior
TO,73407,1712009.0,LAJEADO,False,14,14,0,2423,2423,0,0.5191910854312836,,,,,3275,< 100 mil aptos,interior
TO,73415,1718709.0,RIO DOS BOIS,False,9,9,0,1897,1897,0,0.6315234580917237,,,,,2502,< 100 mil aptos,interior
TO,73423,1703891.0,CARRASCO BONITO,False,12,12,0,2191,2191,0,0.673664993153811,,,,,3062,< 100 mil aptos,interior
TO,73431,1718659.0,RIO DA CONCEIÇÃO,False,8,8,0,1424,1424,0,0.6776685393258427,,,,,2040,< 100 mil aptos,interior
TO,73440,1721000.0,PALMAS,True,609,367,242,158676,96250,62426,0.3630961038961039,0.4487393073398904,-8.56432034437865,0.7003426844066417,-0.3561855145764795,199646,≥ 100 mil aptos,capital
TO,73458,1721257.0,TUPIRAMA,False,8,8,0,1383,1383,0,0.589298626174982,,,,,1885,< 100 mil aptos,interior
TO,73466,1715507.0,OLIVEIRA DE FÁTIMA,False,5,5,0,1151,1151,0,0.5664639443961772,,,,,1586,< 100 mil aptos,interior
TO,73474,1704600.0,CHAPADA DE AREIA,False,7,7,0,1661,1661,0,0.48886213124623723,,,,,2195,< 100 mil aptos,interior
TO,73482,1705102.0,CHAPADA DA NATIVIDADE,False,12,12,0,2059,2059,0,0.7625060709082079,,,,,2766,< 100 mil aptos,interior
TO,73504,1720978.0,TALISMÃ,False,11,11,0,1854,1854,0,0.5296655879180151,,,,,2554,< 100 mil aptos,interior
TO,73512,1700301.0,AGUIARNÓPOLIS,False,14,14,0,2899,2899,0,0.6416005519144533,,,,,3752,< 100 mil aptos,interior
TO,73520,1712454.0,LUZINÓPOLIS,False,9,9,0,1871,1871,0,0.6365579903794762,,,,,2447,< 100 mil aptos,interior
TO,73539,1720002.0,SANTA TEREZINHA DO TOCANTINS,False,8,8,0,1578,1578,0,0.6463878326996197,,,,,2051,< 100 mil aptos,interior
TO,73547,1718899.0,SANTA RITA DO TOCANTINS,False,7,7,0,1515,1515,0,0.5108910891089109,,,,,2019,< 100 mil aptos,interior
TO,73555,1706258.0,CRIXÁS DO TOCANTINS,False,7,7,0,1271,1271,0,0.5271439811172305,,,,,1599,< 100 mil aptos,interior
TO,73563,1713700.0,MONTE SANTO DO TOCANTINS,False,8,8,0,1856,1856,0,0.43157327586206895,,,,,2374,< 100 mil aptos,interior
TO,73571,1718451.0,PUGMIL,False,7,7,0,1571,1571,0,0.46912794398472313,,,,,2049,< 100 mil aptos,interior
TO,73580,1703057.0,BANDEIRANTES DO TOCANTINS,False,11,11,0,2086,2086,0,0.4721955896452541,,,,,2636,< 100 mil aptos,interior
TO,73598,1709807.0,IPUEIRAS,False,7,7,0,1303,1303,0,0.7290867229470452,,,,,1690,< 100 mil aptos,interior
TO,73601,1712157.0,LAVANDEIRA,False,6,6,0,1292,1292,0,0.6447368421052632,,,,,1764,< 100 mil aptos,interior
TO,73610,1703073.0,BARRA DO OURO,False,14,14,0,2661,2661,0,0.6426155580608793,,,,,3599,< 100 mil aptos,interior
TO,92002,1703206.0,BERNARDO SAYÃO,False,15,15,0,2628,2628,0,0.4668949771689498,,,,,3388,< 100 mil aptos,interior
TO,92045,1703800.0,BURITI DO TOCANTINS,False,22,22,0,4978,4978,0,0.6022498995580554,,,,,6334,< 100 mil aptos,interior
TO,92070,1700400.0,ALMAS,False,22,22,0,3782,3782,0,0.6700158646218932,,,,,5090,< 100 mil aptos,interior
TO,92088,1703909.0,CASEARA,False,13,13,0,2897,2897,0,0.6064894718674491,,,,,3755,< 100 mil aptos,interior
TO,92134,1700707.0,ALVORADA,False,29,0,29,5403,0,5403,,0.4512307977049787,,,,7263,< 100 mil aptos,interior
TO,92142,1705557.0,COMBINADO,False,12,12,0,2869,2869,0,0.515859184384803,,,,,3674,< 100 mil aptos,interior
TO,92185,1707108.0,DIVINÓPOLIS DO TOCANTINS,False,20,20,0,4147,4147,0,0.6071859175307451,,,,,5350,< 100 mil aptos,interior
TO,92193,1701002.0,ANANÁS,False,30,30,0,5369,5369,0,0.6004842615012107,,,,,7165,< 100 mil aptos,interior
TO,92240,1708304.0,GOIANORTE,False,16,16,0,3337,3337,0,0.5238237938267906,,,,,4357,< 100 mil aptos,interior
TO,92304,1712504.0,MARIANÓPOLIS DO TOCANTINS,False,13,13,0,2623,2623,0,0.5390773922988944,,,,,3445,< 100 mil aptos,interior
TO,92371,1701903.0,ARAGUACEMA,False,19,19,0,3489,3489,0,0.6104901117798797,,,,,4769,< 100 mil aptos,interior
TO,92398,1702000.0,ARAGUAÇU,False,24,24,0,4887,4887,0,0.29588704726826276,,,,,6317,< 100 mil aptos,interior
TO,92401,1715002.0,NOVA ROSALÂNDIA,False,9,9,0,2126,2126,0,0.4477892756349953,,,,,2720,< 100 mil aptos,interior
TO,92410,1702109.0,ARAGUAÍNA,True,366,203,163,89995,47745,42250,0.44568017593465287,0.3860828402366864,5.959733569796649,1.27847482201803,0.2456678221785974,113290,≥ 100 mil aptos,interior
TO,92436,1702208.0,ARAGUATINS,False,76,0,76,16003,0,16003,,0.5912641379741298,,,,21326,< 100 mil aptos,interior
TO,92452,1702307.0,ARAPOEMA,False,19,0,19,3458,0,3458,,0.5653556969346443,,,,4685,< 100 mil aptos,interior
TO,92479,1702406.0,ARRAIAS,False,30,0,30,5702,0,5702,,0.7437741143458436,,,,7830,< 100 mil aptos,interior
TO,92487,1716653.0,PEQUIZEIRO,False,15,15,0,3248,3248,0,0.5698891625615764,,,,,4102,< 100 mil aptos,interior
TO,92509,1718006.0,PORTO ALEGRE DO TOCANTINS,False,11,11,0,1633,1633,0,0.704225352112676,,,,,2267,< 100 mil aptos,interior
TO,92525,1718303.0,PRAIA NORTE,False,21,21,0,4075,4075,0,0.685644171779141,,,,,5508,< 100 mil aptos,interior
TO,92533,1702703.0,AURORA DO TOCANTINS,False,11,11,0,2212,2212,0,0.6505424954792043,,,,,3035,< 100 mil aptos,interior
TO,92541,1718808.0,SAMPAIO,False,10,10,0,2621,2621,0,0.699351392598245,,,,,3670,< 100 mil aptos,interior
TO,92576,1702901.0,AXIXÁ DO TOCANTINS,False,34,34,0,6747,6747,0,0.5980435749221876,,,,,8754,< 100 mil aptos,interior
TO,92584,1718907.0,SANTA ROSA DO TOCANTINS,False,16,16,0,3074,3074,0,0.6994144437215355,,,,,4019,< 100 mil aptos,interior
TO,92592,1703008.0,BABAÇULÂNDIA,False,27,27,0,5004,5004,0,0.6802557953637091,,,,,6313,< 100 mil aptos,interior
TO,92606,1719004.0,SANTA TEREZA DO TOCANTINS,False,13,13,0,2280,2280,0,0.5131578947368421,,,,,2862,< 100 mil aptos,interior
TO,92681,1720499.0,SÃO VALÉRIO,False,14,14,0,2764,2764,0,0.7282923299565847,,,,,3718,< 100 mil aptos,interior
TO,92738,1703701.0,BREJINHO DE NAZARÉ,False,16,16,0,3013,3013,0,0.5582475937603717,,,,,3864,< 100 mil aptos,interior
TO,93114,1705508.0,COLINAS DO TOCANTINS,False,81,0,81,17851,0,17851,,0.4195843370119321,,,,23055,< 100 mil aptos,interior
TO,93130,1705607.0,CONCEIÇÃO DO TOCANTINS,False,15,15,0,2275,2275,0,0.7578021978021978,,,,,3311,< 100 mil aptos,interior
TO,93211,1706001.0,COUTO MAGALHÃES,False,17,17,0,3289,3289,0,0.6245059288537549,,,,,4294,< 100 mil aptos,interior
TO,93238,1706100.0,CRISTALÂNDIA,False,20,0,20,4078,0,4078,,0.5426679744973026,,,,5357,< 100 mil aptos,interior
TO,93416,1707009.0,DIANÓPOLIS,False,50,0,50,9571,0,9571,,0.6415212621460662,,,,12697,< 100 mil aptos,interior
TO,93459,1707207.0,DOIS IRMÃOS DO TOCANTINS,False,18,18,0,3686,3686,0,0.6562669560499186,,,,,4896,< 100 mil aptos,interior
TO,93475,1707306.0,DUERÉ,False,16,16,0,2576,2576,0,0.6106366459627329,,,,,3336,< 100 mil aptos,interior
TO,93556,1707702.0,FILADÉLFIA,False,28,0,28,4641,0,4641,,0.6268045679810386,,,,6158,< 100 mil aptos,interior
TO,93653,1708205.0,FORMOSO DO ARAGUAIA,False,58,0,58,10445,0,10445,,0.4497845859262805,,,,13684,< 100 mil aptos,interior
TO,93858,1709500.0,GURUPI,True,201,110,91,45004,24583,20421,0.47374201684090633,0.32750599872680086,14.623601811410547,1.8484698158133288,0.6143581702449077,58085,< 100 mil aptos,interior
TO,94056,1710508.0,ITACAJÁ,False,21,0,21,4158,0,4158,,0.6385281385281385,,,,5318,< 100 mil aptos,interior
TO,94099,1710706.0,ITAGUATINS,False,16,0,16,3329,0,3329,,0.6755782517272454,,,,4415,< 100 mil aptos,interior
TO,94170,1711100.0,ITAPORÃ DO TOCANTINS,False,10,10,0,1795,1795,0,0.5454038997214484,,,,,2337,< 100 mil aptos,interior
TO,94617,1713205.0,MIRACEMA DO TOCANTINS,False,55,0,55,10657,0,10657,,0.6063620155766163,,,,14097,< 100 mil aptos,interior
TO,94633,1713304.0,MIRANORTE,False,38,0,38,7535,0,7535,,0.5017916390179163,,,,9715,< 100 mil aptos,interior
TO,94692,1713601.0,MONTE DO CARMO,False,19,19,0,3480,3480,0,0.6301724137931034,,,,,4602,< 100 mil aptos,interior
TO,94811,1714203.0,NATIVIDADE,False,29,0,29,4793,0,4793,,0.6108908825370332,,,,6542,< 100 mil aptos,interior
TO,94838,1714302.0,NAZARÉ,False,15,15,0,3075,3075,0,0.7310569105691057,,,,,4025,< 100 mil aptos,interior
TO,94994,1715101.0,NOVO ACORDO,False,16,0,16,2848,0,2848,,0.5709269662921348,,,,3781,< 100 mil aptos,interior
TO,95192,1716109.0,PARAÍSO DO TOCANTINS,True,124,62,62,26056,13354,12702,0.3569716938744945,0.2820028341993387,7.496885967515582,1.413425576701488,0.3460162449800609,33120,< 100 mil aptos,interior
TO,95214,1716208.0,PARANÃ,False,28,0,28,5585,0,5585,,0.796598030438675,,,,7923,< 100 mil aptos,interior
TO,95257,1716505.0,PEDRO AFONSO,False,44,0,44,7565,0,7565,,0.5066754791804362,,,,9838,< 100 mil aptos,interior
TO,95273,1716604.0,PEIXE,False,29,0,29,5218,0,5218,,0.6619394403986202,,,,7044,< 100 mil aptos,interior
TO,95290,1716703.0,COLMÉIA,False,29,0,29,4870,0,4870,,0.38562628336755644,,,,6381,< 100 mil aptos,interior
TO,95338,1709005.0,GOIATINS,False,32,0,32,6107,0,6107,,0.7191747175372524,,,,8114,< 100 mil aptos,interior
TO,95370,1717008.0,PINDORAMA DO TOCANTINS,False,15,15,0,2707,2707,0,0.6032508311784263,,,,,3572,< 100 mil aptos,interior
TO,95478,1717503.0,PIUM,False,20,20,0,4250,4250,0,0.4924705882352941,,,,,5821,< 100 mil aptos,interior
TO,95516,1717800.0,PONTE ALTA DO BOM JESUS,False,13,13,0,2541,2541,0,0.6973632428177883,,,,,3399,< 100 mil aptos,interior
TO,95532,1717909.0,PONTE ALTA DO TOCANTINS,False,23,0,23,4007,0,4007,,0.521836785625156,,,,5347,< 100 mil aptos,interior
TO,95591,1718204.0,PORTO NACIONAL,True,150,83,67,34053,18427,15626,0.5599392196233788,0.4852809420197107,7.465827760366805,1.3496005166452658,0.2998086350631714,42782,< 100 mil aptos,interior
TO,95699,1712405.0,LIZARDA,False,15,15,0,1915,1915,0,0.7524804177545692,,,,,2947,< 100 mil aptos,interior
TO,96032,1720309.0,SÃO SEBASTIÃO DO TOCANTINS,False,12,12,0,2441,2441,0,0.7242933224088488,,,,,3193,< 100 mil aptos,interior
TO,96130,1720804.0,SÍTIO NOVO DO TOCANTINS,False,29,29,0,6034,6034,0,0.6857805767318529,,,,,7670,< 100 mil aptos,interior
TO,96156,1720903.0,TAGUATINGA,False,39,0,39,7793,0,7793,,0.6448094443731553,,,,10416,< 100 mil aptos,interior
TO,96199,1721109.0,TOCANTÍNIA,False,19,19,0,3954,3954,0,0.7195245321193728,,,,,4866,< 100 mil aptos,interior
TO,96210,1721208.0,TOCANTINÓPOLIS,False,61,0,61,12562,0,12562,,0.6742556917688266,,,,15708,< 100 mil aptos,interior
TO,96270,1709302.0,GUARAÍ,False,61,0,61,13174,0,13174,,0.4592378928191893,,,,16798,< 100 mil aptos,interior
TO,96296,1718402.0,PRESIDENTE KENNEDY,False,12,12,0,2059,2059,0,0.5502671199611462,,,,,2674,< 100 mil aptos,interior
TO,96431,1722107.0,XAMBIOÁ,False,34,0,34,6450,0,6450,,0.495968992248062,,,,8329,< 100 mil aptos,interior
TO,96490,1715754.0,PALMEIRÓPOLIS,False,21,21,0,4352,4352,0,0.4499080882352941,,,,,5517,< 100 mil aptos,interior
TO,96598,1720655.0,SILVANÓPOLIS,False,16,16,0,3421,3421,0,0.5989476761180941,,,,,4485,< 100 mil aptos,interior
TO,96636,1714880.0,NOVA OLINDA,False,28,28,0,6188,6188,0,0.5423400129282482,,,,,7821,< 100 mil aptos,interior
TO,96652,1722081.0,WANDERLÂNDIA,False,29,0,29,5184,0,5184,,0.6035879629629629,,,,6893,< 100 mil aptos,interior
TO,96679,1707652.0,FIGUEIRÓPOLIS,False,17,17,0,3441,3441,0,0.4888113920371985,,,,,4442,< 100 mil aptos,interior
TO,96792,1718758.0,RIO SONO,False,19,19,0,3173,3173,0,0.5761109360226915,,,,,4045,< 100 mil aptos,interior
TO,96830,1707553.0,FÁTIMA,False,11,11,0,2473,2473,0,0.47917509098261224,,,,,3196,< 100 mil aptos,interior
TO,96857,1702554.0,AUGUSTINÓPOLIS,False,39,0,39,9678,0,9678,,0.5994007026245092,,,,12481,< 100 mil aptos,interior
TO,96954,1700350.0,ALIANÇA DO TOCANTINS,False,18,18,0,3131,3131,0,0.5381667198977962,,,,,4202,< 100 mil aptos,interior
TO,96970,1701101.0,APARECIDA DO RIO NEGRO,False,15,15,0,3212,3212,0,0.5526151930261519,,,,,3905,< 100 mil aptos,interior
TO,96997,1703107.0,BARROLÂNDIA,False,18,18,0,3567,3567,0,0.5130361648444071,,,,,4461,< 100 mil aptos,interior
