SG_UF,CD_MUNICIPIO,NM_MUNICIPIO,n,comparecimento,beta,se,t,pinv,psup,abs_beta_pp,code_muni
AC,1007,BUJARI,35,6846.0,-0.01938065168252869,0.03958775970093087,-0.4895617187974638,0.02848378615249781,0.29433154953629587,1.938065168252869,1200138.0
AC,1015,CAPIXABA,31,5550.0,0.02124018591839569,0.03046360183607021,0.6972316022475845,0.016216216216216217,0.274252017056493,2.1240185918395693,1200179.0
AC,1023,PORTO ACRE,53,9880.0,0.016454884541628672,0.01846571715001495,0.8911045483882194,0.01811740890688259,0.2389550510101868,1.6454884541628672,1200807.0
AC,1031,SANTA ROSA DO PURUS,13,2425.0,0.02840022990455631,0.020664641347999134,1.374339357082826,0.0334020618556701,0.5203207638871878,2.840022990455631,1200435.0
AC,1040,MARECHAL THAUMATURGO,42,6621.0,0.051610642268285635,0.011574050063482959,4.459168742592645,0.025524845189548406,0.42690333637686445,5.161064226828564,1200351.0
AC,1058,BRASILÉIA,71,13795.0,0.03341143014352797,0.016708625371631432,1.999651641017413,0.01768756795940558,0.2922567739709288,3.3411430143527974,1200104.0
AC,1066,PORTO WALTER,27,4101.0,0.018138181537074183,0.01785968464160111,1.0155936065536322,0.03462570104852475,0.5290259981798913,1.8138181537074183,1200393.0
AC,1074,CRUZEIRO DO SUL,229,42788.0,0.027597653396925236,0.01071889629324068,2.5746730485981355,0.02615219220342152,0.23376277605875553,2.7597653396925237,1200203.0
AC,1082,RODRIGUES ALVES,48,7586.0,0.07667623571062354,0.02202092229622406,3.4819720390989826,0.015818613234906406,0.19522661642755537,7.667623571062354,1200427.0
AC,1090,MÂNCIO LIMA,53,9228.0,-0.0012432686125149258,0.01747554292483878,-0.0711433468969832,0.02048114434330299,0.29957669478826693,0.12432686125149257,1200336.0
AC,1104,JORDÃO,21,3502.0,0.010737275749423838,0.01573678737440663,0.6823041764474941,0.02541404911479155,0.5804049326492101,1.0737275749423838,1200328.0
AC,1112,EPITACIOLÂNDIA,47,9376.0,-0.0010778240769389407,0.023572721801911514,-0.0457233613494535,0.0195179180887372,0.2680251715125422,0.10778240769389406,1200252.0
AC,1120,ACRELÂNDIA,42,6920.0,-0.00737632818538686,0.04814488334332666,-0.15321105116789716,0.020664739884393064,0.21542167515031174,0.737632818538686,1200013.0
AC,1139,FEIJÓ,85,13964.0,0.06631937360873487,0.029715272319256227,2.231827892950464,0.03351475221999427,0.5282472519490548,6.631937360873487,1200302.0
AC,1392,RIO BRANCO,888,202178.0,0.04615400617260421,0.008510157893591911,5.4234018627736456,0.03074023879947373,0.27503164837379884,4.615400617260422,1200401.0
AC,1457,SENA MADUREIRA,110,18970.0,0.0323045185822046,0.017196765054064825,1.878522994333096,0.020453347390616765,0.26791085810079135,3.23045185822046,1200500.0
AC,1473,TARAUACÁ,101,16339.0,0.008469838813665871,0.01109844819490267,0.7631552325987272,0.028765530326213356,0.42878070128115103,0.8469838813665871,1200609.0
AC,1490,XAPURI,52,9064.0,-0.018417925918251917,0.02346151168164117,-0.785027246674139,0.02349955869373345,0.4104504802427035,1.8417925918251916,1200708.0
AC,1511,PLÁCIDO DE CASTRO,53,8681.0,-0.015405884952049101,0.028344550942740826,-0.5435219271305697,0.02292362631033291,0.2718204264891205,1.54058849520491,1200385.0
AC,1538,SENADOR GUIOMARD,73,13180.0,0.055576433692101294,0.027842479022713647,1.996102202205577,0.02503793626707132,0.25990861020544115,5.55764336921013,1200450.0
AC,1554,MANOEL URBANO,27,5057.0,-3.434257212922797e-05,0.027190886066868154,-0.0012630177642895602,0.023927229582756573,0.41470794615822576,0.003434257212922797,1200344.0
AC,1570,ASSIS BRASIL,23,4709.0,-0.0011070214960785657,0.015046861723787053,-0.07357158697939747,0.020598853259715437,0.41084975959469333,0.11070214960785657,1200054.0
AL,27006,PARIPUEIRA,29,8502.0,0.23070167148083154,0.07561874467275999,3.0508529661420947,0.06739590684544813,0.47227421776301265,23.070167148083154,2706448.0
AL,27014,ÁGUA BRANCA,41,11110.0,0.17130276629821442,0.08820031471568734,1.9422013045010875,0.06354635463546354,0.9036457836275692,17.13027662982144,2700102.0
AL,27022,PARICONHA,25,6701.0,0.2454147725910943,0.1464766757155304,1.6754529101118438,0.0549171765408148,0.9114017738946584,24.541477259109428,2706422.0
AL,27030,ANADIA,44,8866.0,0.1778259745496844,0.06508500214789027,2.732211241932772,0.07681028648770584,0.7537887700762372,17.78259745496844,2700201.0
AL,27049,ESTRELA DE ALAGOAS,41,8295.0,0.20402666236023226,0.08963545405184506,2.2761826167826786,0.0867992766726944,0.8420380185052836,20.402666236023226,2702553.0
AL,27057,ARAPIRACA,417,123698.0,0.11251800614381165,0.009256926320167867,12.155007207810554,0.06479490371711749,0.5283211022778561,11.251800614381164,2700300.0
AL,27065,JEQUIÁ DA PRAIA,21,6046.0,0.20514985863016544,0.09116602402924942,2.250288534732477,0.05954349983460139,0.49838448396915613,20.514985863016545,2703759.0
AL,27073,ATALAIA,104,22622.0,0.12705799808454782,0.030344460584772744,4.187189214637324,0.0768278666784546,0.6395208487993747,12.705799808454781,2700409.0
AL,27081,CAMPESTRE,17,4061.0,-0.01699153131106443,0.1283973333326603,-0.1323355467752718,0.06820980054173849,0.712185220013833,1.699153131106443,2701357.0
AL,27090,BARRA DE SANTO ANTÔNIO,35,9385.0,0.08322455058169154,0.06713761838445699,1.2396113026398152,0.06862013851891316,0.5899360436449523,8.322455058169155,2700508.0
AL,27111,BARRA DE SÃO MIGUEL,21,5917.0,0.09686441946862112,0.09265361691319479,1.0454467153653737,0.0586445834037519,0.48468878824089373,9.686441946862113,2700607.0
AL,27138,BATALHA,35,9984.0,0.15981827607587057,0.049251799179952115,3.2449225964708392,0.06099759615384615,0.6823075932147333,15.981827607587057,2700706.0
AL,27154,BELÉM,21,3539.0,0.04391003870314192,0.06305336448170829,0.6963948563899421,0.06979372704153716,0.731181141004589,4.391003870314192,2700805.0
AL,27170,BELO MONTE,16,4443.0,0.3252890658228466,0.1517178769259547,2.1440391364137175,0.06144496961512492,0.7468477379800992,32.52890658228466,2700904.0
AL,27197,BOCA DA MATA,55,14067.0,0.1030299950069001,0.06559030824554876,1.5708112640847691,0.06995094902964384,0.5905700890202324,10.30299950069001,2701001.0
AL,27219,BRANQUINHA,26,6134.0,-0.010547126967695076,0.0995028128640315,-0.1059982794869076,0.08509944571242256,0.7200508381803281,1.0547126967695075,2701100.0
AL,27235,CACIMBINHAS,24,6017.0,0.024244454442092493,0.11093932943065675,0.21853795733682188,0.07146418480970583,0.7422896122550267,2.4244454442092493,2701209.0
AL,27251,CAJUEIRO,42,10192.0,-0.12086106604809246,0.08001445654509007,-1.510490369699435,0.07702119309262166,0.6818575912472868,12.086106604809247,2701308.0
AL,27278,CAMPO ALEGRE,75,18694.0,-0.0007424645692885231,0.0431425402117212,-0.017209570081986182,0.06397774687065369,0.6564160030242812,0.0742464569288523,2701407.0
AL,27294,CAMPO GRANDE,24,6665.0,0.1452149641184452,0.10483287972269997,1.3852043796045899,0.06301575393848462,0.8085289193602353,14.52149641184452,2701506.0
AL,27316,CANAPI,41,9452.0,0.15201090823926333,0.09990724343624223,1.521520392425521,0.06495979686838764,0.8457007346249275,15.201090823926332,2701605.0
AL,27332,CAPELA,42,9415.0,0.10088712333136507,0.07027561018482448,1.4355922782603021,0.07052575677110993,0.5976169327929253,10.088712333136506,2701704.0
AL,27359,CARNEIROS,22,5071.0,0.17008663759428025,0.16644002781168485,1.0219094518941159,0.07355551173338593,0.8277757200733261,17.008663759428025,2701803.0
AL,27375,CHÃ PRETA,18,4394.0,0.17774646645702402,0.11647065567954296,1.5261051414192701,0.06941283568502503,0.7647303411999548,17.7746466457024,2701902.0
AL,27391,COITÉ DO NÓIA,26,6885.0,0.27304399770460286,0.09780490645481561,2.791720861475851,0.06884531590413943,0.7853987396222136,27.304399770460286,2702009.0
AL,27413,COLÔNIA LEOPOLDINA,52,10349.0,0.11491708102137616,0.04239993040377529,2.7103129634180703,0.0673495023673785,0.5482115657238922,11.491708102137615,2702108.0
AL,27430,COQUEIRO SECO,15,4023.0,0.1167267275427362,0.10446571170614748,1.1173688058630935,0.07631121053939846,0.611058072938378,11.67267275427362,2702207.0
AL,27456,CORURIPE,117,29558.0,-0.03648314489732519,0.021888602962830725,-1.6667644325806272,0.08072264699912038,0.46612643938836085,3.648314489732519,2702306.0
AL,27472,DELMIRO GOUVEIA,130,29291.0,0.0648556603298647,0.02136090071115425,3.0361856555982367,0.05301969888361613,0.8182399415762034,6.48556603298647,2702405.0
AL,27499,DOIS RIACHOS,27,6583.0,0.20728821230446087,0.08044076112096402,2.5769051587260354,0.06349688591827435,0.7633710892139133,20.728821230446087,2702504.0
AL,27510,FEIRA GRANDE,47,14279.0,0.014153692658069183,0.08045018745803983,0.17593113335442856,0.06765179634428181,0.7771537001235038,1.4153692658069184,2702603.0
AL,27537,FELIZ DESERTO,10,2481.0,-0.02786075405748829,0.16712137822838782,-0.16670969538926267,0.07819427650141073,0.6982413508845532,2.786075405748829,2702702.0
AL,27553,FLEXEIRAS,26,6156.0,-0.010033127561973729,0.13633271160271607,-0.07359295831517698,0.08447043534762833,0.4959051598502122,1.003312756197373,2702801.0
AL,27570,GIRAU DO PONCIANO,72,20637.0,0.10001067848054808,0.041949125329549225,2.384094488141805,0.0669670979309008,0.8179270609567396,10.001067848054808,2702900.0
AL,27596,IBATEGUARA,31,8335.0,0.2628564327551604,0.0932568345828115,2.8186291538959054,0.07894421115776845,0.6406163997145982,26.28564327551604,2703007.0
AL,27618,IGACI,76,14457.0,0.17209192792774672,0.051096759057564535,3.3679617083712015,0.06868644947084457,0.80535397137359,17.209192792774672,2703106.0
AL,27634,IGREJA NOVA,52,13390.0,-0.06806210925932461,0.03722431002458129,-1.8284317214846804,0.06362957430918596,0.7647518246111782,6.8062109259324615,2703205.0
AL,27650,INHAPI,41,9360.0,-0.06673715765052536,0.07209130113451244,-0.9257310743497751,0.07959401709401709,0.8388749240758073,6.6737157650525365,2703304.0
AL,27677,JACARÉ DOS HOMENS,14,3643.0,0.21802607531439447,0.07623245346051356,2.860016507632492,0.055997804007685975,0.8112311410776702,21.802607531439445,2703403.0
AL,27693,JACUÍPE,16,4053.0,0.1492844784284671,0.1487847829403567,1.0033585120617523,0.0693313594867999,0.721763604834822,14.92844784284671,2703502.0
AL,27715,JAPARATINGA,21,5417.0,0.07365720074295319,0.07774944830014467,0.9473662174245439,0.06479601255307366,0.4542294268068882,7.365720074295319,2703601.0
AL,27731,JARAMATAIA,16,3819.0,0.2154977223757953,0.1880650478312334,1.145868011419004,0.06729510343021733,0.78677351177949,21.54977223757953,2703700.0
AL,27758,JOAQUIM GOMES,54,10295.0,0.029420040352075787,0.06489144735809321,0.4533731570159922,0.07663914521612433,0.7106738647340887,2.9420040352075785,2703809.0
AL,27774,JUNDIÁ,13,2976.0,-0.13718329253205036,0.24982370301914217,-0.5491204032050514,0.07056451612903226,0.6347509613507732,13.718329253205036,2703908.0
AL,27790,JUNQUEIRO,61,14726.0,0.10776259165102495,0.03167663984190659,3.401957789363141,0.06763547467065055,0.6609049864385685,10.776259165102495,2704005.0
AL,27812,LAGOA DA CANOA,41,12078.0,0.005290390805632301,0.07878712999240169,0.06714790608748551,0.0662361318099023,0.7093513882310188,0.5290390805632301,2704104.0
AL,27839,LIMOEIRO DE ANADIA,58,14783.0,0.11852426083782643,0.07051689934776481,1.680792291409553,0.06521003855780289,0.7591549563137188,11.852426083782643,2704203.0
AL,27855,MACEIÓ,1598,512794.0,0.07986793708941174,0.011425320132845269,6.990433192310217,0.06700156398085781,0.42841285038681326,7.986793708941174,2704302.0
AL,27871,MAJOR ISIDORO,41,11242.0,-0.03432894098393556,0.05667971619958937,-0.6056653647144454,0.06893791140366483,0.6788203882899254,3.432894098393556,2704401.0
AL,27898,MARAGOGI,63,17459.0,0.012218866561659117,0.058815596496572926,0.20774874845265043,0.06208832120969128,0.4228610875942683,1.2218866561659116,2704500.0
AL,27910,MARAVILHA,26,5834.0,0.1301772953108815,0.05107705693996712,2.5486451865048534,0.0661638669866301,0.7943947358767245,13.01772953108815,2704609.0
AL,27936,MARECHAL DEODORO,116,31959.0,0.1865940474355927,0.03930998454664196,4.746734184395207,0.06671047279326638,0.44521756532643303,18.65940474355927,2704708.0
AL,27952,MARIBONDO,35,7762.0,0.00036358040550113675,0.07272188698024735,0.004999600816187458,0.07304818345787169,0.6629613016667961,0.03635804055011368,2704807.0
AL,27979,MAR VERMELHO,10,2785.0,0.30042336346996695,0.18773755344882764,1.6002305236807857,0.05816876122082585,0.7136159956129863,30.042336346996695,2704906.0
AL,27995,MATA GRANDE,53,12081.0,0.03972355387128175,0.05546717374041543,0.7161632942970322,0.07068951245757801,0.8241392360467197,3.972355387128175,2705002.0
AL,28010,MATRIZ DE CAMARAGIBE,53,13376.0,0.1098337263879539,0.059595602525942384,1.8429837392808053,0.07162081339712918,0.4524224648640514,10.98337263879539,2705101.0
AL,28037,MESSIAS,35,10175.0,0.02718707449012561,0.07423042498991354,0.3662524429008698,0.0685012285012285,0.5847621044161883,2.7187074490125607,2705200.0
AL,28053,MINADOR DO NEGRÃO,18,3658.0,-0.1273668008700396,0.1501099279191813,-0.8484901873952899,0.07900492072170585,0.738637694481882,12.73668008700396,2705309.0
AL,28070,MONTEIRÓPOLIS,19,4275.0,-0.02141698649607524,0.12535139476393847,-0.17085558989118285,0.06760233918128655,0.7741881248028148,2.141698649607524,2705408.0
AL,28096,MURICI,62,14365.0,0.016181383851729087,0.06274107951125554,0.25790732288605583,0.09300382875043509,0.6295483315714155,1.6181383851729088,2705507.0
AL,28118,NOVO LINO,29,6559.0,-0.04109636324011123,0.09267669571806723,-0.44343794221074645,0.06510138740661686,0.49974690150742407,4.109636324011124,2705606.0
AL,28134,OLHO D'ÁGUA DAS FLORES,46,11877.0,0.021022774738992816,0.07379827146232766,0.28486811848600635,0.06222109960427717,0.649342592968201,2.1022774738992815,2705705.0
AL,28150,OLHO D'ÁGUA DO CASADO,20,5512.0,-0.008731906581767224,0.1433331441718123,-0.060920358875964906,0.06567489114658925,0.8840726776818228,0.8731906581767224,2705804.0
AL,28177,OLHO D'ÁGUA GRANDE,13,3392.0,0.07784772598173344,0.10345936559907586,0.752447354871745,0.05837264150943396,0.8259005783685506,7.784772598173344,2705903.0
AL,28193,OLIVENÇA,31,7222.0,0.046165950696277526,0.07636964377006328,0.6045065606862824,0.06549432290224315,0.7519118939688055,4.616595069627753,2706000.0
AL,28215,OURO BRANCO,25,7220.0,0.07532866919552378,0.06713453853797219,1.1220553657774364,0.056925207756232686,0.7921398005155795,7.532866919552378,2706109.0
AL,28231,PALESTINA,13,3188.0,0.17740391006552378,0.10537015483369465,1.6836257889676614,0.05520702634880803,0.7820086552494417,17.74039100655238,2706208.0
AL,28258,PALMEIRA DOS ÍNDIOS,166,40138.0,0.04599691868597295,0.023768181473660756,1.9352308773368072,0.06978424435696846,0.6394868904051607,4.599691868597295,2706307.0
AL,28274,PÃO DE AÇÚCAR,56,13383.0,0.11564132373683858,0.042031077599344366,2.7513290246606106,0.05686318463722633,0.7652962049286661,11.564132373683858,2706406.0
AL,28290,PASSO DE CAMARAGIBE,38,8935.0,0.1033459554898764,0.04789849829576164,2.1576032478458953,0.05942921096810297,0.5972112583840354,10.334595548987641,2706505.0
AL,28312,PAULO JACINTO,21,4657.0,0.3769794737339111,0.16469206001597775,2.2889960432660694,0.07537041013528023,0.7107901694291857,37.69794737339111,2706604.0
AL,28339,PENEDO,134,30868.0,0.07640087839784722,0.024357067123654923,3.1367027076773444,0.05834521186989763,0.6386173124449909,7.640087839784722,2706703.0
AL,28355,PIAÇABUÇU,44,9682.0,0.1090238183567818,0.045561798247924924,2.3928778614822823,0.05556703160504028,0.6708772460663506,10.90238183567818,2706802.0
AL,28371,PILAR,77,21277.0,0.05309720108313557,0.04597712372662295,1.1548613044793352,0.07106264980965361,0.5567784239156157,5.309720108313557,2706901.0
AL,28398,PINDOBA,8,2012.0,0.2075629610613854,0.19057593160051756,1.0891352298173507,0.07803180914512922,0.6800198041320589,20.75629610613854,2707008.0
AL,28410,PIRANHAS,51,14002.0,0.1420187567155172,0.045476144102994484,3.122928724868862,0.06270532781031281,0.848809826257238,14.20187567155172,2707107.0
AL,28436,POÇO DAS TRINCHEIRAS,31,7845.0,0.06774840609088104,0.12429242453013484,0.5450726892406492,0.06577437858508604,0.8599297332601469,6.774840609088104,2707206.0
AL,28452,PORTO CALVO,65,14885.0,0.14131077817346976,0.057307851522399665,2.465818808758452,0.06664427275780987,0.4765187614668607,14.131077817346977,2707305.0
AL,28479,PORTO DE PEDRAS,20,5249.0,0.02646896683419199,0.06905324709952473,0.38331241391216436,0.05467708134882835,0.5492584008399845,2.646896683419199,2707404.0
AL,28495,PORTO REAL DO COLÉGIO,47,12262.0,0.040122846828164714,0.05301104352353966,0.7568771365601978,0.05268308595661393,0.7931404276819296,4.012284682816471,2707503.0
AL,28517,QUEBRANGULO,30,7332.0,0.05450316174446542,0.10572120558438675,0.5155367028137128,0.05810147299509002,0.7491176381762823,5.4503161744465425,2707602.0
AL,28533,RIO LARGO,186,49558.0,0.04860130378964506,0.014988940843122795,3.2424775238167842,0.06755720569837362,0.5205149588514819,4.860130378964507,2707701.0
AL,28550,ROTEIRO,15,4051.0,-0.051783060013772184,0.14949090195926348,-0.3463960638078373,0.08368304122438903,0.6060833603269334,5.178306001377218,2707800.0
AL,28576,SANTA LUZIA DO NORTE,16,4949.0,0.09870244621997946,0.12450328906588169,0.7927697891398713,0.06809456455849666,0.6200328978174775,9.870244621997946,2707909.0
AL,28592,SANTANA DO IPANEMA,100,24799.0,0.05442827817372206,0.022864990105378565,2.380419931208228,0.06915601435541756,0.7392406943439276,5.442827817372206,2708006.0
AL,28614,SANTANA DO MUNDAÚ,28,6743.0,0.19612918076059513,0.12212681102180432,1.6059469588997828,0.06851549755301795,0.7712417179370123,19.61291807605951,2708105.0
AL,28630,SÃO BRÁS,18,4876.0,-0.0021074295558024176,0.04116437454708152,-0.0511954713023043,0.038351107465135356,0.7417298655130923,0.21074295558024175,2708204.0
AL,28657,SÃO JOSÉ DA LAJE,48,12741.0,0.02154044233665589,0.07857570876905294,0.27413615065142877,0.06953928263087669,0.5930338934577093,2.154044233665589,2708303.0
AL,28673,SÃO JOSÉ DA TAPERA,57,15472.0,0.1435161966409178,0.04817565829658236,2.9790189011511448,0.08531540847983454,0.808178120429413,14.35161966409178,2708402.0
AL,28690,SÃO LUÍS DO QUITUNDE,69,16695.0,0.08706588049283412,0.0601478824603753,1.447530269252489,0.06810422282120396,0.5393240323687686,8.706588049283411,2708501.0
AL,28711,SÃO MIGUEL DOS CAMPOS,135,32542.0,0.07622058830884615,0.028234303328556577,2.6995738985263205,0.06665232622457132,0.5089132703500963,7.622058830884615,2708600.0
AL,28738,SÃO MIGUEL DOS MILAGRES,20,5421.0,-0.06618339160534506,0.08884105250536903,-0.7449640649107048,0.060136506179671645,0.5195826820429443,6.618339160534506,2708709.0
AL,28754,SÃO SEBASTIÃO,72,19531.0,-0.007178152748954513,0.031098679187432626,-0.23081857289473878,0.06236239823869746,0.7481253754076669,0.7178152748954513,2708808.0
AL,28770,SATUBA,35,10210.0,0.09461099984419322,0.040952209966248126,2.3102782468191445,0.05788442703232125,0.48352470174257606,9.461099984419322,2708907.0
AL,28797,TANQUE D'ARCA,18,3915.0,-0.03984199321287883,0.19385261699524337,-0.20552723935553807,0.06462324393358876,0.8336792940166119,3.9841993212878832,2709004.0
AL,28819,TAQUARANA,43,10731.0,0.1292128725973225,0.07788323553817394,1.659058868117898,0.07473674401267356,0.780861146692007,12.92128725973225,2709103.0
AL,28835,TRAIPU,63,13235.0,0.15147716330829072,0.05141163021568376,2.946359854235486,0.0702682281828485,0.8078541627955217,15.147716330829072,2709202.0
AL,28851,UNIÃO DOS PALMARES,137,34080.0,0.0849623375137159,0.03272458732928677,2.596284459106964,0.06634389671361503,0.6270246231037986,8.49623375137159,2709301.0
AL,28878,VIÇOSA,57,15232.0,0.001295890411181436,0.05111073027616917,0.02535456652994951,0.06794905462184873,0.6506331473839198,0.1295890411181436,2709400.0
AL,28894,CRAÍBAS,52,15701.0,0.09422240481842234,0.09046174100289339,1.0415718708686876,0.07292529138271447,0.7897499192140274,9.422240481842234,2702355.0
AL,28916,SENADOR RUI PALMEIRA,28,6778.0,0.012928228964653586,0.1279044071862042,0.10107727520156967,0.07303039244614931,0.8406929046697847,1.2928228964653585,2708956.0
AL,28932,TEOTÔNIO VILELA,83,21622.0,0.013988910812430184,0.0421862039001437,0.3315991845472148,0.07658865969845528,0.6463356732625033,1.3988910812430184,2709152.0
AM,2003,APUÍ,30,8020.0,0.040930815289655954,0.0440287366161709,0.9296386504677234,0.035785536159601,0.3633588739564842,4.0930815289655955,1300144.0
AM,2011,NOVO AIRÃO,34,8238.0,0.02279117204139777,0.05852778034077432,0.389407763436399,0.041879096868171886,0.527868310307339,2.279117204139777,1303205.0
AM,2020,GUAJARÁ,34,7682.0,0.025568274173368464,0.0348234476803384,0.7342258126786372,0.04998698255662588,0.3962957283646294,2.5568274173368466,1301654.0
AM,2038,ANORI,30,7396.0,0.055888364748777675,0.0648793845852981,0.8614194648424914,0.04732287723093564,0.5692405731331853,5.588836474877768,1300102.0
AM,2046,CAREIRO DA VÁRZEA,52,11761.0,0.010700577095704258,0.02530096543549349,0.4229315724329215,0.050675962928322424,0.6254582816923948,1.0700577095704258,1301159.0
AM,2054,ATALAIA DO NORTE,29,6074.0,0.06533744910957735,0.04155953400811334,1.5721410422172213,0.04576885083964439,0.8048489593377243,6.5337449109577355,1300201.0
AM,2070,AUTAZES,85,20127.0,0.08883939536721738,0.023018907618386195,3.85940970093027,0.051572514532717245,0.644329564944391,8.883939536721739,1300300.0
AM,2097,BARCELOS,30,7511.0,-0.015135198280620345,0.13078904212208828,-0.11572221980563187,0.05485288243908933,0.6502014883804207,1.5135198280620346,1300409.0
AM,2119,BARREIRINHA,61,16029.0,0.19353474192470926,0.04972289760403029,3.8922659629760252,0.03886705346559361,0.9141784381487628,19.353474192470927,1300508.0
AM,2135,BENJAMIN CONSTANT,66,16874.0,0.03114319967096049,0.02042137911269443,1.5250292107647672,0.05221050136304373,0.8363030505486901,3.1143199670960486,1300607.0
AM,2151,BOCA DO ACRE,66,16484.0,0.04936446829647319,0.022197118937230677,2.223913312176536,0.056721669497694735,0.4537627248100874,4.936446829647319,1300706.0
AM,2178,BORBA,61,16371.0,0.01638233576138721,0.02740464607204533,0.5977941009826925,0.04391912528251176,0.7904542976119387,1.6382335761387212,1300805.0
AM,2194,CANUTAMA,30,6830.0,0.027926491278831653,0.034227194593859984,0.8159152863741098,0.04978038067349927,0.5454883666134361,2.7926491278831653,1300904.0
AM,2216,CARAUARI,63,14711.0,0.03133927889856387,0.044509513335160594,0.7041029332892569,0.05281761946842499,0.7894116864204848,3.1339278898563867,1301001.0
AM,2232,CAREIRO,80,16454.0,0.0882681233654361,0.03573986197696018,2.4697387869695313,0.056825088124468216,0.6419077388939914,8.826812336543611,1301100.0
AM,2259,COARI,151,34258.0,0.06684188394583312,0.015390340706748272,4.343106187150533,0.04635413626014362,0.607756888628106,6.6841883945833125,1301209.0
AM,2275,CODAJÁS,50,11055.0,-0.0019269704104598493,0.024594294396665346,-0.07835030269138847,0.04034373586612393,0.6035285730818423,0.19269704104598492,1301308.0
AM,2291,EIRUNEPÉ,61,15148.0,0.1434513998174157,0.04582766031961231,3.130236167784995,0.06997623448640085,0.7410829299729491,14.34513998174157,1301407.0
AM,2313,ENVIRA,35,7579.0,0.06601179922964955,0.05602559123735013,1.178243687781772,0.07177727932444913,0.7200957769622461,6.601179922964954,1301506.0
AM,2330,FONTE BOA,47,11439.0,0.04029396845587799,0.040667277913681035,0.9908203972098791,0.047032083224058045,0.7726057799918342,4.029396845587799,1301605.0
AM,2356,HUMAITÁ,96,24243.0,-0.005623285798609558,0.01188814492632807,-0.47301625556027277,0.037206616342861855,0.5314121410969004,0.5623285798609559,1301704.0
AM,2372,SANTA ISABEL DO RIO NEGRO,27,5286.0,0.0279309878283938,0.050137890835433054,0.5570834225969201,0.05259175179720015,0.7396520226367441,2.79309878283938,1303601.0
AM,2399,IPIXUNA,33,7730.0,0.4115337154592979,0.11228783099666126,3.6649894454861665,0.08188874514877102,0.6842952655011935,41.15337154592979,1301803.0
AM,2410,ITACOATIARA,232,51551.0,0.006493005606512247,0.012686231042187322,0.5118151785916665,0.04118251828286551,0.6397965818996828,0.6493005606512248,1301902.0
AM,2437,ITAPIRANGA,26,6233.0,-0.05304111982988694,0.03522016460913334,-1.5059872779848464,0.03818386009947056,0.5896724951193466,5.304111982988694,1302009.0
AM,2453,JAPURÁ,14,3072.0,0.03277523690842064,0.039251506390771594,0.8350058360085362,0.055338541666666664,0.6118804005370025,3.2775236908420635,1302108.0
AM,2470,JURUÁ,27,5021.0,0.2898032842938041,0.12720010711745972,2.2783257880922427,0.06970722963553078,0.6165244053525594,28.980328429380407,1302207.0
AM,2496,JUTAÍ,39,9746.0,-0.06182081161727067,0.10872696046098845,-0.5685876930170614,0.06689924071413914,0.7555901343924176,6.182081161727067,1302306.0
AM,2518,LÁBREA,84,18857.0,0.040810183170625756,0.01457367729213068,2.800266696769933,0.04942461685315798,0.6524579787023173,4.081018317062576,1302405.0
AM,2534,MANACAPURU,205,54657.0,0.03644883989413668,0.011411619482387125,3.1940111524391783,0.047642570942422746,0.5456685362866986,3.644883989413668,1302504.0
AM,2550,MANAUS,3768,1190953.0,0.06784029068035341,0.004462971950091081,15.200698422262976,0.05095247251570801,0.3874391655105514,6.784029068035341,1302603.0
AM,2577,MANICORÉ,102,24003.0,0.011779277592500095,0.00559409757362635,2.105661804691088,0.032287630712827566,0.653920709319423,1.1779277592500095,1302702.0
AM,2593,MARAÃ,24,5482.0,0.022468570227330665,0.04832853983790389,0.46491307833200146,0.04815760671287851,0.7254640977066018,2.2468570227330664,1302801.0
AM,2615,MAUÉS,104,25681.0,0.04852180424286771,0.017460142351045746,2.7790039317727313,0.03804368988746544,0.8504397629473327,4.852180424286771,1302900.0
AM,2631,NHAMUNDÁ,44,10741.0,-0.05650830684034539,0.030426891205850893,-1.8571830575145716,0.032119914346895075,0.859668070625062,5.650830684034539,1303007.0
AM,2658,NOVA OLINDA DO NORTE,59,13441.0,0.0611344168443034,0.03238297028406397,1.8878569911293266,0.04865709396622275,0.7911862072407179,6.11344168443034,1303106.0
AM,2674,NOVO ARIPUANÃ,39,9249.0,-0.011362754534446146,0.044961228185095854,-0.25272340176447344,0.04292355930370851,0.7621593249612199,1.1362754534446147,1303304.0
AM,2690,PARINTINS,234,52308.0,0.015441108168246955,0.011299224947194401,1.3665634802749,0.03460273763095511,0.8256645125535759,1.5441108168246955,1303403.0
AM,2712,PAUINI,30,7410.0,0.0567103958117656,0.033913233501931726,1.6722202502021912,0.04520917678812416,0.6842575509964225,5.671039581176561,1303502.0
AM,2739,SANTO ANTÔNIO DO IÇÁ,47,12637.0,-0.0025462577019870532,0.016066689785816986,-0.15848054178744303,0.050486666139115295,0.7374153191289031,0.2546257701987053,1303700.0
AM,2755,SÃO PAULO DE OLIVENÇA,53,14832.0,-0.03450146836094304,0.018378510490992424,-1.8772722837279283,0.045779395900755124,0.8418433077573402,3.450146836094304,1303908.0
AM,2771,SILVES,22,6071.0,-0.0016632115101212074,0.033971577753426796,-0.04895891271795391,0.03607313457420524,0.8152667377025621,0.16632115101212075,1304005.0
AM,2798,TAPAUÁ,40,9099.0,0.10975124736593761,0.04396877378940334,2.4961179925465222,0.05319265853390483,0.539911321339126,10.975124736593761,1304104.0
AM,2810,TEFÉ,134,33023.0,0.09409121804085556,0.018038223910002652,5.216212999145641,0.04366653544499288,0.6426703515130282,9.409121804085556,1304203.0
AM,2836,SÃO GABRIEL DA CACHOEIRA,97,21900.0,-0.029228702816129028,0.01156769791964079,-2.5267519102916425,0.03228310502283105,0.8058072966243219,2.922870281612903,1303809.0
AM,2852,URUCARÁ,35,8575.0,0.03025125965971132,0.048703142010070886,0.6211356888115336,0.04081632653061224,0.7681454088884122,3.025125965971132,1304302.0
AM,2879,URUCURITUBA,40,9236.0,-0.02144968136281128,0.03863018484874921,-0.5552570210780596,0.03540493720225206,0.7938305664744295,2.144968136281128,1304401.0
AM,2895,ALVARÃES,32,8433.0,0.02642784959633781,0.07194740971771267,0.3673217659958585,0.041859362030119765,0.7398865161128306,2.6427849596337807,1300029.0
AM,2917,AMATURÁ,22,5381.0,0.0224628345789901,0.03244983117906287,0.6922327100882876,0.05928266121538747,0.7669337742330119,2.24628345789901,1300060.0
AM,2933,ANAMÃ,22,6019.0,0.05842136499923601,0.054970255744403354,1.0627813934663024,0.03904303040372155,0.6454854618591737,5.842136499923601,1300086.0
AM,2950,BERURI,38,8998.0,0.032297702449706686,0.03896970353694682,0.8287900476093057,0.051011335852411646,0.6303217210508956,3.2297702449706684,1300631.0
AM,2976,BOA VISTA DO RAMOS,32,9244.0,0.021254542764603604,0.05622392133291512,0.3780338023516794,0.03623972306360883,0.8797304483725333,2.1254542764603603,1300680.0
AM,2992,CAAPIRANGA,24,6228.0,0.07945563993730644,0.03687320719928828,2.1548339830564043,0.04174694926140013,0.6684601387478591,7.9455639937306435,1300839.0
AM,98353,IRANDUBA,153,29307.0,0.0025040657770920224,0.015035960339432518,0.16653846648723802,0.04821373733237793,0.5486702860814888,0.25040657770920227,1301852.0
AM,98370,ITAMARATI,22,5062.0,-0.0009407513489892038,0.04758678732286111,-0.019769171274507506,0.05491900434610826,0.7688052290273758,0.09407513489892039,1301951.0
AM,98396,MANAQUIRI,41,9986.0,0.0020590521582794057,0.02276958797743376,0.0904299261067029,0.05187262167033847,0.6930927142631294,0.20590521582794058,1302553.0
AM,98418,PRESIDENTE FIGUEIREDO,79,17719.0,0.04612861995042359,0.025508000445229616,1.808398116091861,0.042101698741463967,0.5326436182752607,4.612861995042359,1303536.0
AM,98434,RIO PRETO DA EVA,63,13492.0,0.06863881638957081,0.03390185544301626,2.0246330323997155,0.04884375926474948,0.5264084030946042,6.863881638957081,1303569.0
AM,98450,SÃO SEBASTIÃO DO UATUMÃ,19,5095.0,-0.017188945989537588,0.09426922074866077,-0.18233889972811493,0.05299313052011776,0.5276409946850625,1.7188945989537587,1303957.0
AM,98477,TABATINGA,98,27574.0,0.05552575211473729,0.011936897272354115,4.651606765799608,0.05889606150721694,0.671340942205928,5.552575211473728,1304062.0
AM,98493,UARINI,28,6299.0,0.018922232888831984,0.07385508098131927,0.25620759787154157,0.04381647880615971,0.6786002938776984,1.8922232888831985,1304260.0
AM,98515,TONANTINS,30,7960.0,-0.07096366226425932,0.05827301492258058,-1.217779144575565,0.04459798994974874,0.8291254260533691,7.096366226425932,1304237.0
AP,6009,PRACUÚBA,15,2369.0,0.014198824740725952,0.017532835512385093,0.8098418952653713,0.013085690164626424,0.5429268677624326,1.4198824740725953,1600550.0
AP,6017,AMAPÁ,24,4538.0,0.040141858242308155,0.0339656036498811,1.1818385050974556,0.01983252534156016,0.6262419454480561,4.0141858242308155,1600105.0
AP,6025,PORTO GRANDE,42,9445.0,-0.019599611289981056,0.02811415614998431,-0.6971438582549095,0.02255161461090524,0.5545091910259673,1.9599611289981056,1600535.0
AP,6033,CALÇOENE,28,5271.0,-0.00538004399850219,0.01345688527989104,-0.3997986076719941,0.016125972301271108,0.6169808559364173,0.538004399850219,1600204.0
AP,6041,ITAUBAL,24,4478.0,0.029322218679347978,0.016600964120052887,1.766296129989742,0.014515408664582403,0.5365773438067262,2.932221867934798,1600253.0
AP,6050,MACAPÁ,952,234837.0,-0.03293241672364865,0.005272449594672784,-6.246132112277212,0.028811473490122936,0.4505997423025812,3.2932416723648648,1600303.0
AP,6068,CUTIAS,18,3143.0,-0.02820060531196006,0.0276132597589429,-1.0212704171164342,0.016226535157492842,0.596221607367522,2.820060531196006,1600212.0
AP,6076,MAZAGÃO,68,13690.0,-0.04303692235703567,0.014084575292409644,-3.0556066806095896,0.018772826880934988,0.6296877061751875,4.303692235703567,1600402.0
AP,6084,PEDRA BRANCA DO AMAPARI,26,6575.0,-0.026524442753268446,0.013849583013818728,-1.9151798813583845,0.01961977186311787,0.5564390939069414,2.6524442753268445,1600154.0
AP,6092,OIAPOQUE,75,12837.0,-0.02200135537800966,0.007081656862895948,-3.1068090143261333,0.018929656461790137,0.6464007507164354,2.200135537800966,1600501.0
AP,6106,SERRA DO NAVIO,11,2611.0,-0.022023018507804273,0.06870793494198363,-0.32053093323791954,0.0160857908847185,0.39929806992291106,2.2023018507804273,1600055.0
AP,6114,FERREIRA GOMES,25,4107.0,-0.057987245891194035,0.02304414597592581,-2.516354737197605,0.022400779157535914,0.5358256565024477,5.798724589119404,1600238.0
AP,6122,VITÓRIA DO JARI,38,6624.0,-0.03212584306299896,0.03836838784253819,-0.8372997894736078,0.018719806763285024,0.6861002815209263,3.212584306299896,1600808.0
AP,6130,LARANJAL DO JARI,96,18952.0,-0.015986549566124945,0.01101923426314102,-1.4507858880538942,0.022899957788096243,0.6058230124612093,1.5986549566124946,1600279.0
AP,6157,SANTANA,255,64576.0,-0.021596407174799825,0.009962765375149254,-2.167712112208232,0.023011645193260655,0.43885539080622316,2.1596407174799825,1600600.0
AP,6173,TARTARUGALZINHO,43,6630.0,-0.0056256448639067,0.009482184544695321,-0.593285738891666,0.016591251885369532,0.5771898137009238,0.5625644863906699,1600709.0
BA,30007,LUÍS EDUARDO MAGALHÃES,205,56311.0,0.039282308526448456,0.005560445760407358,7.064597015972085,0.03287101987178349,0.4147689408546315,3.9282308526448455,2919553.0
BA,30058,EUNÁPOLIS,259,64207.0,0.06622203433701628,0.007979514244653952,8.299005717219336,0.05229959350226611,0.5360545013815387,6.622203433701627,2910727.0
BA,30660,IUIU,26,6825.0,0.09282387735711563,0.0683084350197475,1.3588933391649345,0.037802197802197804,0.8135717688629355,9.282387735711563,2917334.0
BA,30678,JABORANDI,31,7168.0,-0.04846576526962728,0.052316354579682145,-0.9263979812624349,0.0478515625,0.7670744074178122,4.846576526962728,2917359.0
BA,30694,JUSSARI,21,3460.0,-0.0308473624949113,0.07691045151292955,-0.40108154208047386,0.04797687861271676,0.6408140203183803,3.08473624949113,2918555.0
BA,30716,AMÉRICA DOURADA,42,10173.0,-0.032705226463041935,0.03830015314193646,-0.8539189475780868,0.03175071267079524,0.8428698408726597,3.2705226463041934,2901155.0
BA,30732,ARATACA,25,4468.0,-0.031684301941470164,0.08337233555472325,-0.38003375736875555,0.05461056401074306,0.7072964523748507,3.1684301941470165,2902252.0
BA,30759,BARRO ALTO,37,8839.0,0.0115466601866733,0.04530787274479992,0.2548488703433673,0.043330693517366216,0.82278481682132,1.15466601866733,2903235.0
BA,30775,BARROCAS,49,11351.0,-0.03211916943039428,0.043298457849857086,-0.7418086238029905,0.05373975861157607,0.8461419187203406,3.211916943039428,2903276.0
BA,30791,BURITIRAMA,53,11698.0,0.05147089547246936,0.02255304974019866,2.2822144262257975,0.05120533424517011,0.7908803309035168,5.147089547246936,2904753.0
BA,30813,CAPELA DO ALTO ALEGRE,35,7495.0,-0.007271812309245333,0.0376802911981468,-0.1929871579549517,0.066711140760507,0.7602011944451003,0.7271812309245334,2906857.0
BA,30830,CAPIM GROSSO,73,19192.0,-0.04528042969723689,0.03155194948744844,-1.4351071940974591,0.06137974155898291,0.6630232103962694,4.528042969723689,2906873.0
BA,30856,CANUDOS,46,10105.0,-0.0752153106096168,0.04809767839841214,-1.5638033500614843,0.04285007422068283,0.8441279312484989,7.52153106096168,2906824.0
BA,30872,DIAS D'ÁVILA,156,42564.0,0.038237838196440506,0.029474931698884717,1.2973003156403367,0.0673338971901137,0.7482393579923625,3.8237838196440506,2910057.0
BA,30899,FÁTIMA,48,12490.0,-0.08783467522934105,0.06066220235339873,-1.4479308666975874,0.05020016012810248,0.8588439566990878,8.783467522934105,2910750.0
BA,30910,FILADÉLFIA,49,11871.0,-0.01024297129287826,0.031193187804343173,-0.32837205857658713,0.05113301322550754,0.7611254977966725,1.024297129287826,2910859.0
BA,30937,GAVIÃO,18,3415.0,0.08267477679009708,0.09561977080410561,0.864620110410757,0.058272327964860905,0.7240041346951622,8.267477679009708,2911253.0
BA,30953,GUAJERU,24,5059.0,0.011458608992098399,0.10691813822628057,0.10717179687367454,0.05040521842261316,0.8759569825600694,1.1458608992098398,2911659.0
BA,30970,HELIÓPOLIS,39,9502.0,-0.049455330793570215,0.0638980027207151,-0.7739730302640162,0.043990738791833295,0.8730112410061582,4.945533079357022,2911857.0
BA,30996,JOÃO DOURADO,55,15001.0,-0.028756075469959255,0.017027180312627906,-1.6888336731028109,0.041463902406506235,0.6731871070900719,2.8756075469959255,2918357.0
BA,33014,ABAÍRA,28,5494.0,-0.07406876007414394,0.042687170360042666,-1.7351527273748746,0.06843829632326175,0.640610102233091,7.406876007414394,2900108.0
BA,33030,ABARÉ,44,11981.0,0.009229210146319278,0.0786336722101684,0.11736969528336254,0.0383106585426926,0.77556995259027,0.9229210146319278,2900207.0
BA,33057,ACAJUTIBA,39,9110.0,0.04250129707512505,0.03985308792919831,1.0664492836949413,0.05598243688254665,0.7922617565976858,4.250129707512505,2900306.0
BA,33065,ADUSTINA,43,9828.0,0.020087609390844367,0.09005359918762444,0.22306281561264787,0.0582010582010582,0.8312705176655277,2.0087609390844365,2900355.0
BA,33073,ÁGUA FRIA,46,9685.0,-0.13299378196432057,0.056638143609638425,-2.348131020694123,0.07372225090345896,0.8200778477708452,13.299378196432057,2900405.0
BA,33090,ÉRICO CARDOSO,33,6451.0,-0.015853501852836075,0.026782736745377806,-0.5919298689881679,0.05596031623004186,0.8068583288297665,1.5853501852836076,2900504.0
BA,33111,AIQUARA,14,3140.0,0.15581829044138687,0.14523197370248897,1.0728924662318795,0.05318471337579618,0.7582974933821754,15.581829044138686,2900603.0
BA,33138,ALAGOINHAS,347,91288.0,0.06152408244919762,0.016992133063421427,3.6207392102901483,0.06642713171501183,0.6943117325456974,6.152408244919762,2900702.0
BA,33154,ALCOBAÇA,55,13348.0,0.014403354788607691,0.031156415611311432,0.46229177862740123,0.049145939466586755,0.7080717784324412,1.4403354788607692,
BA,33170,ALMADINA,15,3639.0,0.2689220080786986,0.22006396676124348,1.2220174526366836,0.047265732344050564,0.7982599016533288,26.89220080786986,2900900.0
BA,33197,AMARGOSA,81,22771.0,0.05010478144682374,0.02704827953495266,1.8524202761982227,0.058758947784462695,0.688717909278005,5.010478144682374,2901007.0
BA,33219,AMÉLIA RODRIGUES,61,15780.0,0.0032347049237007527,0.04952232129373183,0.06531811997492487,0.06229404309252218,0.802736549483344,0.3234704923700753,2901106.0
BA,33235,ANAGÉ,71,14834.0,-0.04816408308335945,0.03475404595574558,-1.3858554237020253,0.050761763516246464,0.7883632870436464,4.816408308335944,2901205.0
BA,33251,ANDARAÍ,38,7875.0,-0.1479580386669862,0.10275999793568495,-1.4398408100357265,0.05726984126984127,0.8649436838226169,14.79580386669862,2901304.0
BA,33260,ANDORINHA,42,10252.0,0.01779991313127151,0.049093378398401964,0.36257258538660514,0.035115099492781895,0.9026782689653823,1.7799913131271512,2901353.0
BA,33278,ANGICAL,46,10163.0,0.021920360630374315,0.024346040634772418,0.9003665507345943,0.03335629243333661,0.7867916433639494,2.1920360630374316,2901403.0
BA,33294,ANGUERA,34,7439.0,-0.019225645895627367,0.07813622416055518,-0.24605291722469588,0.046914907917730876,0.8410079930977624,1.9225645895627368,2901502.0
BA,33316,ANTAS,34,8590.0,-0.0015796977416985983,0.03429822908469741,-0.046057705714123896,0.04854481955762514,0.6952089089614002,0.15796977416985983,2901601.0
BA,33332,ANTÔNIO CARDOSO,37,9564.0,-0.18354922378075006,0.057099717897509394,-3.2145381893166274,0.04109159347553325,0.8963437833286197,18.354922378075006,2901700.0
BA,33359,ANTÔNIO GONÇALVES,33,6796.0,0.021612701940408582,0.03149690971364256,0.6861848396208617,0.04576221306650971,0.777995171036184,2.161270194040858,2901809.0
BA,33375,APORÁ,42,10626.0,0.06446816512210074,0.06265808766327725,1.028888169529699,0.06267645398080181,0.7923982091245699,6.446816512210074,2901908.0
BA,33383,ARAÇÁS,28,8148.0,0.1425229370832747,0.07063998848544698,2.0175957009482928,0.051423662248404514,0.8025598183427751,14.252293708327471,2902054.0
BA,33391,ARACATU,41,10265.0,-0.06381245942962742,0.040778314389277315,-1.5648626086027466,0.04276668290306868,0.8003593633541473,6.3812459429627415,2902005.0
BA,33405,APUAREMA,18,4732.0,-0.08723110521135279,0.10553109915481065,-0.8265914589157043,0.055790363482671176,0.7285954710666753,8.723110521135279,2901957.0
BA,33413,ARACI,131,30118.0,0.009939746900179637,0.025928860670191428,0.3833468437588027,0.050899794143037386,0.8529112368412313,0.9939746900179637,2902104.0
BA,33430,ARAMARI,33,7366.0,-0.0348876685720535,0.08801343907597553,-0.39639024378921883,0.05919087700244366,0.8545010642075802,3.48876685720535,2902203.0
BA,33456,ARATUÍPE,28,6673.0,0.019763276297218683,0.09590445834141653,0.20607255010879794,0.05424846395923872,0.8146243810464591,1.9763276297218684,2902302.0
BA,33472,AURELINO LEAL,36,7220.0,-0.02664928486545145,0.05622112265986958,-0.4740084083108074,0.05277008310249307,0.7476640733315771,2.664928486545145,2902401.0
BA,33499,BAIANÓPOLIS,44,9584.0,0.035059769201795946,0.019391940425473472,1.8079556987366274,0.04142320534223706,0.746354786515223,3.5059769201795947,2902500.0
BA,33510,BAIXA GRANDE,57,11694.0,-0.00551941122287115,0.03980972942917034,-0.13864478111290138,0.07756114246622199,0.7159273832056271,0.551941122287115,2902609.0
BA,33529,BANZAÊ,37,8283.0,0.008401775927128248,0.02845116381820081,0.29530517559191916,0.04225522153809006,0.7856520836652271,0.8401775927128248,2902658.0
BA,33537,BARRA,136,27959.0,0.05650859142862664,0.02025393661713635,2.7900053454702793,0.05161128795736614,0.8229170616611308,5.6508591428626636,2902708.0
BA,33553,BARRA DA ESTIVA,67,16860.0,-0.008049707460579012,0.02658008427160819,-0.30284732652926144,0.051304863582443655,0.7555002124074268,0.8049707460579012,2902807.0
BA,33570,BARRA DO CHOÇA,93,22618.0,0.05152901051691473,0.0321054134141841,1.604994455363385,0.05986382527190733,0.7904397283258718,5.152901051691473,2902906.0
BA,33596,BARRA DO MENDES,58,9897.0,-0.03725175761643951,0.05106908254956134,-0.7294385517947685,0.03728402546226129,0.9009409741398959,3.7251757616439507,2903003.0
BA,33618,BARRA DO ROCHA,15,3058.0,0.034733007935745984,0.07693543288523438,0.4514565868181658,0.039568345323741004,0.6721553893840277,3.4733007935745985,2903102.0
BA,33634,BARREIRAS,309,87427.0,0.02513805463776926,0.006149088286598494,4.088094602992753,0.037139556429935834,0.5949940026942826,2.5138054637769263,2903201.0
BA,33650,BARRO PRETO,21,4464.0,-0.040121843851347976,0.09405333067796359,-0.42658610346000647,0.06474014336917562,0.7388641016862441,4.012184385134797,2903300.0
BA,33677,BELMONTE,57,11534.0,-0.013392153468353358,0.038078624544303004,-0.35169740579185327,0.05254031558869429,0.7028097223717147,1.3392153468353358,2903409.0
BA,33693,BELO CAMPO,61,12317.0,-0.03717668192199792,0.02472472789068385,-1.5036235013937564,0.048713160672241615,0.7689895113761092,3.717668192199792,2903508.0
BA,33715,BIRITINGA,40,9964.0,-0.059349987994917176,0.059026527495401555,-1.0054799174750848,0.06423123243677238,0.874634837449594,5.9349987994917175,2903607.0
BA,33731,BOA NOVA,53,9126.0,0.11591992473325038,0.08416793864196742,1.3772456187426567,0.059062020600482136,0.8635782024155313,11.591992473325039,2903706.0
BA,33758,BOA VISTA DO TUPIM,51,11037.0,0.04041630308962051,0.05126143227096758,0.7884349168392372,0.06722841351816616,0.7240048076756316,4.041630308962051,2903805.0
BA,33774,BOM JESUS DA LAPA,152,38389.0,-0.031270214894948696,0.017407613138178516,-1.7963528168239569,0.042407981453020396,0.7809470915969642,3.1270214894948696,2903904.0
BA,33782,BOM JESUS DA SERRA,29,6815.0,0.2494132482063354,0.07882684320260809,3.1640649057234254,0.0516507703595011,0.8807306198946699,24.94132482063354,2903953.0
BA,33790,BONINAL,42,8327.0,-0.0020110281290521763,0.03756542047941493,-0.053534024200638936,0.06304791641647652,0.7220996841908204,0.20110281290521761,2904001.0
BA,33804,BONITO,39,9802.0,-0.20243054358925255,0.08031333408682416,-2.520509774509067,0.052234237910630484,0.8305670381231453,20.243054358925257,2904050.0
BA,33812,BOQUIRA,66,12692.0,-0.08494978876165664,0.041145404043997316,-2.0646240020104973,0.040655531043176804,0.9157658603559363,8.494978876165664,2904100.0
BA,33839,BOTUPORÃ,33,7264.0,-0.017733193526884534,0.04507444960989881,-0.3934200790105742,0.04653083700440529,0.8358948242557351,1.7733193526884534,2904209.0
BA,33855,BREJÕES,37,8400.0,-0.09006891450049063,0.06984624365369135,-1.2895312587898995,0.06297619047619048,0.7442068375272372,9.006891450049064,2904308.0
BA,33871,BREJOLÂNDIA,30,6217.0,-0.06978058695404489,0.03215578980436477,-2.170078464207805,0.055332153771915714,0.72962333173692,6.978058695404489,2904407.0
BA,33898,BROTAS DE MACAÚBAS,41,7352.0,-0.06525896794911851,0.03222994344397843,-2.024793126384184,0.0559031556039173,0.7778619913731081,6.5258967949118505,2904506.0
BA,33910,BRUMADO,164,43764.0,-0.010882201699427071,0.01588476322304885,-0.6850716971114154,0.053240106023215425,0.6960550687290861,1.0882201699427072,2904605.0
BA,33936,BUERAREMA,45,9510.0,-0.043696069763772244,0.047280880268648975,-0.9241805464596278,0.06698212407991588,0.4033641297958244,4.3696069763772245,2904704.0
BA,33952,CAATIBA,22,4644.0,-0.019686842551347727,0.06667468321925857,-0.2952671329027223,0.05254091300602928,0.6924508363247591,1.9686842551347727,2904803.0
BA,33960,CABACEIRAS DO PARAGUAÇU,44,10743.0,-0.09351843171433966,0.08193691927275341,-1.1413466913862536,0.05119612771106767,0.8544015824196111,9.351843171433966,2904852.0
BA,33979,CACHOEIRA,82,20414.0,0.04747547418520044,0.0331948264707927,1.4302070302121606,0.053149799157440974,0.8348311510159202,4.747547418520044,2904902.0
BA,33995,CACULÉ,57,14626.0,-0.009014981159177525,0.03578057325671124,-0.25195183695070106,0.05804731300423903,0.7175958623490042,0.9014981159177525,2905008.0
BA,34010,CAEM,28,6320.0,-0.1017740699857317,0.043693111498759304,-2.3292932568700593,0.048259493670886076,0.8436767217916954,10.17740699857317,2905107.0
BA,34029,CAETANOS,29,7973.0,-0.135690510914097,0.12274928661961032,-1.1054281018723184,0.03624733475479744,0.8930776050877884,13.569051091409701,2905156.0
BA,34037,CAETITÉ,142,35292.0,-0.013617188343448524,0.014223258102885009,-0.9573888236399541,0.04941629831123201,0.799306300006755,1.3617188343448523,2905206.0
BA,34053,CAFARNAUM,48,11515.0,0.01117159571177809,0.029056568237780342,0.3844774654858381,0.051758575770733825,0.7533493937704937,1.117159571177809,2905305.0
BA,34070,CAIRU,42,10982.0,0.03445401045140901,0.036556164236090434,0.9424952308698171,0.058732471316700056,0.6578862867914296,3.4454010451409007,2905404.0
BA,34096,CALDEIRÃO GRANDE,34,8163.0,0.052051525600264395,0.032985438825926125,1.5780152531835525,0.05304422393727796,0.7525818787023028,5.2051525600264394,2905503.0
BA,34118,CAMACÃ,68,13695.0,0.08707357304247187,0.021299325503892515,4.088090631159138,0.056809054399415845,0.6063649130643995,8.707357304247187,2905602.0
BA,34134,CAMAÇARI,513,161454.0,0.010100963247591653,0.016517681132413843,0.6115242912499261,0.06866971397425892,0.6721310887814168,1.0100963247591652,2905701.0
BA,34150,CAMAMU,80,18293.0,-0.019429254632278795,0.02174809083936409,-0.893377481995422,0.06975345760673482,0.6657647252360368,1.9429254632278796,2905800.0
BA,34177,CAMPO ALEGRE DE LOURDES,81,18097.0,-0.038393312835578654,0.02199455008910002,-1.7455830048828993,0.0353649776206001,0.8450134586549966,3.8393312835578652,2905909.0
BA,34193,CAMPO FORMOSO,187,45246.0,-0.010457247011974993,0.012839646438880383,-0.8144497639988648,0.05379481059099147,0.7124039349238355,1.0457247011974993,2906006.0
BA,34215,CANÁPOLIS,29,6878.0,0.06021154395222783,0.05594738033869942,1.0762173954832848,0.03998255306775225,0.816455445091977,6.0211543952227835,2906105.0
BA,34231,CANARANA,63,16180.0,-0.005301994209284821,0.02750190778350598,-0.1927864150742533,0.04480840543881335,0.80520788916228,0.5301994209284822,2906204.0
BA,34258,CANAVIEIRAS,86,18242.0,0.10631332053553268,0.027888653347696673,3.8120636091707563,0.06046486130906699,0.655110297761348,10.631332053553267,2906303.0
BA,34274,CANDEAL,25,6241.0,-0.07783435385071423,0.05017981814027035,-1.5511087272803512,0.0490306040698606,0.7945884460957588,7.783435385071423,2906402.0
BA,34290,CANDEIAS,185,53685.0,0.06980227729463791,0.024918809835153457,2.8011882492143125,0.05925305020024215,0.8228438587128619,6.980227729463791,2906501.0
BA,34312,CANDIBA,35,9115.0,-0.08065612495258646,0.03316662648836063,-2.4318459093478086,0.05024684585847504,0.7796561117145637,8.065612495258646,2906600.0
BA,34339,CÂNDIDO SALES,76,15472.0,0.0341070583826643,0.02543211804315771,1.3411017645005192,0.045178386763185106,0.7376908531111928,3.4107058382664297,2906709.0
BA,34355,CANSANÇÃO,97,23180.0,-0.05625947206984964,0.025060434109746135,-2.244952015734238,0.041113028472821396,0.8602829291053106,5.625947206984963,2906808.0
BA,34363,CARAÍBAS,28,6600.0,0.020735792812718607,0.07534268473479284,0.2752197228663784,0.052121212121212124,0.7805649757045942,2.0735792812718605,2906899.0
BA,34371,CARAVELAS,49,12103.0,0.03573365197904806,0.037973661186697295,0.9410115027719809,0.05403618937453524,0.6778241955799079,3.5733651979048062,2906907.0
BA,34398,CARDEAL DA SILVA,26,5750.0,0.1116860664507904,0.15795519779984296,0.707074335042246,0.06365217391304348,0.8938807274831966,11.168606645079041,2907004.0
BA,34410,CARINHANHA,75,17686.0,-0.01529116730804446,0.02525162493638839,-0.6055518148461568,0.04534660183195748,0.6758553096103668,1.529116730804446,2907103.0
BA,34436,CASA NOVA,185,46300.0,-0.007771713156520291,0.013538359032026501,-0.5740513409443075,0.04019438444924406,0.8001591308120349,0.7771713156520291,2907202.0
BA,34452,CASTRO ALVES,83,17980.0,-0.09244658404913901,0.026552766407418323,-3.481617795700234,0.048943270300333706,0.8242291418440109,9.244658404913901,2907301.0
BA,34479,CATOLÂNDIA,15,3214.0,0.11454817155305345,0.08969853816237017,1.2770349874119584,0.027380211574362167,0.7925360474892374,11.454817155305346,2907400.0
BA,34495,CATU,123,34016.0,0.030824292751018348,0.0420156663276933,0.7336380794394658,0.07905103480714958,0.7867205266228489,3.082429275101835,2907509.0
BA,34509,CATURAMA,30,5738.0,-0.08411647060309012,0.070202604888862,-1.1981958609122156,0.05873126524921576,0.8594027855441926,8.411647060309011,2907558.0
BA,34517,CENTRAL,53,10858.0,-0.038262339721052,0.027446374467312035,-1.394076283795571,0.046693682077730704,0.8076599495265454,3.8262339721052,2907608.0
BA,34533,CHORROCHÓ,31,6841.0,-0.11565187091903212,0.11022519617563363,-1.0492326158780574,0.038444671831603563,0.8621277967972079,11.565187091903212,2907707.0
BA,34550,CÍCERO DANTAS,85,20538.0,0.0458614287787511,0.03195206019010086,1.4353199294785859,0.04562274807673581,0.7738397146957737,4.58614287787511,2907806.0
BA,34576,CIPÓ,43,10673.0,-0.018478694745305387,0.05739875895350117,-0.32193544045569017,0.05780942565351822,0.6949557328118837,1.8478694745305386,2907905.0
BA,34592,COARACI,60,12012.0,0.0675083318741543,0.02767723352744032,2.439128600306957,0.05444555444555445,0.6688006032780147,6.75083318741543,2908002.0
BA,34614,COCOS,52,12199.0,-0.05667254753284606,0.02443214344375285,-2.3195896693761795,0.041396835806213624,0.6968297975153572,5.667254753284606,2908101.0
BA,34630,CONCEIÇÃO DA FEIRA,52,14430.0,-0.07256993193839603,0.039796148719378456,-1.8235415806218105,0.06119196119196119,0.7976274412060992,7.2569931938396035,2908200.0
BA,34657,CONCEIÇÃO DO ALMEIDA,48,12232.0,-0.023048141975774816,0.05136474902015816,-0.4487151678036924,0.046026814911707,0.8364486314628805,2.304814197577482,2908309.0
BA,34673,CONCEIÇÃO DO COITÉ,185,44810.0,0.003470050668873083,0.01635976256926028,0.21210886491673478,0.056572193706761885,0.6366021917149313,0.3470050668873083,2908408.0
BA,34690,CONCEIÇÃO DO JACUÍPE,71,22222.0,-0.06011678464902751,0.037708405705243704,-1.5942542126798989,0.05913059130591306,0.7341402154050214,6.011678464902751,2908507.0
BA,34711,CONDE,57,14364.0,0.03881528358894857,0.03880940184211669,1.0001515546891397,0.056599832915622386,0.7936876590230598,3.881528358894857,2908606.0
BA,34738,CONDEÚBA,58,11559.0,-0.0059869171339009914,0.03774036040655933,-0.1586343391903713,0.06341379012025261,0.7143515741304454,0.5986917133900992,2908705.0
BA,34754,CONTENDAS DO SINCORÁ,15,3415.0,0.03753874573639773,0.08802926568553791,0.4264348389602081,0.05651537335285505,0.7810447147313766,3.753874573639773,2908804.0
BA,34770,CORAÇÃO DE MARIA,65,17844.0,-0.009134313656599674,0.059567006879740945,-0.15334518444146136,0.052286482851378616,0.8274397889066443,0.9134313656599674,2908903.0
BA,34797,CORDEIROS,24,5209.0,0.020659194847920056,0.08807726115903707,0.23455764377841742,0.06162411211364945,0.658384232146236,2.0659194847920057,2909000.0
BA,34819,CORIBE,45,9542.0,-0.12158284758272397,0.040602047740101226,-2.9945003848325817,0.04422552923915322,0.7565417921740214,12.158284758272398,2909109.0
BA,34835,CORONEL JOÃO SÁ,44,11375.0,0.07875869964737767,0.05164921387038022,1.5248770261059905,0.046857142857142854,0.8152489174325626,7.875869964737767,2909208.0
BA,34851,CORRENTINA,103,20984.0,0.04170481672368496,0.016032030357262392,2.601343422780695,0.05242089210827297,0.7538292765475534,4.170481672368496,2909307.0
BA,34878,COTEGIPE,41,9032.0,-0.02237639538299254,0.028680569249414083,-0.7801935585169625,0.03199734278122232,0.8074169314657796,2.237639538299254,2909406.0
BA,34894,CRAVOLÂNDIA,14,3151.0,0.056448620358865075,0.10615083961835509,0.53177742693148,0.07235798159314503,0.8441255565338122,5.644862035886508,2909505.0
BA,34916,CRISÓPOLIS,51,12689.0,-0.11144964786545747,0.08152491967023631,-1.367062345062896,0.049412877295295136,0.8552723394428112,11.144964786545748,2909604.0
BA,34932,CRISTÓPOLIS,42,9674.0,0.053649398465994425,0.02879145210626123,1.863379390104724,0.046826545379367375,0.7590891917838901,5.364939846599443,2909703.0
BA,34959,CRUZ DAS ALMAS,140,40908.0,0.03815179995256496,0.024744775956985605,1.5418123008624156,0.05639483719565855,0.6953173024296753,3.8151799952564955,2909802.0
BA,34975,CURAÇÁ,84,21037.0,-0.0741513232943556,0.0272218837624037,-2.7239600294218587,0.042163806626420115,0.8109683739815192,7.41513232943556,2909901.0
BA,34991,DÁRIO MEIRA,30,6003.0,0.12115834495788223,0.046846678806210885,2.5862739482359887,0.0559720139930035,0.7928495606099103,12.115834495788222,2910008.0
BA,35017,DOM BASÍLIO,36,8929.0,0.1295764224138385,0.06472840206308783,2.0018480030998793,0.04110202710269907,0.8674296886412161,12.957642241383848,2910107.0
BA,35033,DOM MACEDO COSTA,16,3710.0,-0.056932176467122855,0.06610158416318358,-0.8612830870524313,0.05660377358490566,0.7215477315056228,5.693217646712285,2910206.0
BA,35050,ELÍSIO MEDRADO,25,5958.0,-0.14543461039491618,0.053926709720638635,-2.6968938240127036,0.0612621685129238,0.753221957371859,14.543461039491618,2910305.0
BA,35076,ENCRUZILHADA,50,11754.0,-0.01690321475449046,0.04283018724667554,-0.3946565691421879,0.05836311043049175,0.7494897679699973,1.6903214754490459,2910404.0
BA,35092,ENTRE RIOS,103,23806.0,-0.020518879474815635,0.02702634322784159,-0.7592177492098822,0.06456355540620012,0.7945536243647904,2.0518879474815637,2910503.0
BA,35114,ESPLANADA,83,20742.0,0.048675834232152604,0.02640072119015961,1.8437312330049394,0.056069810047247134,0.7929353874154111,4.86758342321526,2910602.0
BA,35130,EUCLIDES DA CUNHA,153,36447.0,-0.015392785414637641,0.018205425317170773,-0.8455053999820406,0.042664691195434465,0.8304899558994767,1.5392785414637642,2910701.0
BA,35149,FEIRA DA MATA,16,4126.0,-0.006849518080891296,0.04296164603862631,-0.15943332512755623,0.031022782355792537,0.6455442345664862,0.6849518080891296,2910776.0
BA,35157,FEIRA DE SANTANA,1172,367410.0,0.015482159380418066,0.004882684702739689,3.170829230839128,0.05892599548188672,0.6404894309862033,1.5482159380418066,2910800.0
BA,35173,FIRMINO ALVES,16,3774.0,-0.029100588156505028,0.13315584161675123,-0.21854533607517015,0.05749867514573397,0.6873527756416685,2.910058815650503,2910909.0
BA,35190,FLORESTA AZUL,29,6043.0,-0.1170130071240088,0.05871925047126276,-1.9927537593701925,0.058911136852556674,0.7659816620889869,11.701300712400881,2911006.0
BA,35211,FORMOSA DO RIO PRETO,66,15559.0,0.022248004536218526,0.01831205276260575,1.2149377693826993,0.04100520599010219,0.7156380229268897,2.2248004536218526,2911105.0
BA,35238,GANDU,73,18329.0,0.06508014171968804,0.03844398637226409,1.6928562269661231,0.05723170931311037,0.6355917062457891,6.508014171968804,2911204.0
BA,35254,GENTIO DO OURO,42,7783.0,-0.050012563493152445,0.02482928375243135,-2.0142571969380745,0.027624309392265192,0.8580358899549809,5.001256349315245,2911303.0
BA,35270,GLÓRIA,48,10359.0,0.00603973629965048,0.03566063436341013,0.16936704597290053,0.036296939859059754,0.8858398462073412,0.603973629965048,2911402.0
BA,35297,GONGOGI,19,3754.0,-0.04779958779623405,0.03713828775553776,-1.2870703170505366,0.0554075652637187,0.7758750830791507,4.779958779623405,2911501.0
BA,35319,GOVERNADOR MANGABEIRA,56,14366.0,0.010695412374960765,0.046332001118863375,0.2308428756945335,0.057636085201169425,0.7936474793053879,1.0695412374960764,2911600.0
BA,35335,GUANAMBI,191,55346.0,0.007251874581197165,0.009489524691057056,0.7641978726322661,0.0529758248111878,0.655539367602951,0.7251874581197165,2911709.0
BA,35351,GUARATINGA,56,11411.0,0.04770526152743603,0.05005378452297143,0.9530800114733068,0.06029270002629042,0.7105984558984441,4.770526152743603,2911808.0
BA,35378,IAÇU,73,15047.0,-0.026311038504710286,0.03877370199810388,-0.6785794791015043,0.04997673954941184,0.8156551577696378,2.6311038504710287,2911907.0
BA,35394,IBIASSUCÊ,30,7018.0,-0.0584991948830489,0.05020214494912978,-1.1652728173731737,0.05998860074095184,0.6796283238223118,5.849919488304891,2912004.0
BA,35416,IBICARAÍ,65,14485.0,0.07968400015221495,0.019378463948544918,4.111987429127386,0.055712806351398,0.6488457187539668,7.968400015221495,2912103.0
BA,35432,IBICOARA,46,12506.0,0.0180262983578326,0.041032386536101674,0.4393187888784499,0.05965136734367504,0.6917781503081704,1.80262983578326,2912202.0
BA,35459,IBICUÍ,41,9145.0,-0.005528527652110701,0.06606015802177272,-0.08368928894006819,0.050628758884636416,0.7212554214942858,0.5528527652110701,2912301.0
BA,35475,IBIPEBA,52,11123.0,-0.05559807847546865,0.032927956377529446,-1.6884764374083554,0.037849501033893736,0.860507130050749,5.559807847546865,2912400.0
BA,35491,SANTA RITA DE CÁSSIA,84,17170.0,-0.014052311220789539,0.018016405991297113,-0.7799730549798642,0.041176470588235294,0.7923108993255842,1.405231122078954,2928406.0
BA,35513,IBIPITANGA,45,9553.0,-0.016964779537283235,0.033825033762750464,-0.5015450880633135,0.04155762587668795,0.762296892899559,1.6964779537283234,2912509.0
BA,35530,IBIQUERA,12,2886.0,0.14643597355861904,0.37273655400006633,0.3928672194533219,0.057172557172557176,0.8512204714997947,14.643597355861903,2912608.0
BA,35556,IBIRAPITANGA,47,10367.0,0.005590248840597373,0.06309953327757366,0.0885941392942793,0.06337416803318222,0.7428550012721513,0.5590248840597373,2912707.0
BA,35572,IBIRAPUÃ,28,5965.0,0.02513053244174499,0.03165113594170997,0.793985166536405,0.04727577535624476,0.5330371325607111,2.513053244174499,2912806.0
BA,35599,IBIRATAIA,53,11597.0,0.12013085276308726,0.041754188398319035,2.8770970619063347,0.06820729499008364,0.6561247598923559,12.013085276308725,2912905.0
BA,35610,IBITIARA,47,9128.0,0.008276775261544031,0.053534916291184904,0.15460517798375434,0.05510517090271692,0.7863661320081359,0.8276775261544032,2913002.0
BA,35637,IBITITÁ,59,12494.0,-0.022184843486325538,0.021336669105738462,-1.039751958301634,0.032975828397630864,0.8284058107066116,2.2184843486325536,2913101.0
BA,35653,IBOTIRAMA,80,16482.0,0.03817588442643336,0.02169338461021303,1.7597938317315656,0.04083242324960563,0.6997109108542676,3.817588442643336,2913200.0
BA,35670,ICHU,18,4929.0,-0.08268540693095787,0.030523896204383023,-2.708874593771054,0.04219922905254615,0.7889505409212507,8.268540693095787,2913309.0
BA,35696,IGAPORÃ,36,10266.0,-0.15379337322540448,0.09327114701715411,-1.6488847638715038,0.043346970582505355,0.871425199650348,15.379337322540449,2913408.0
BA,35700,IGRAPIÚNA,35,6658.0,-0.014563705907867245,0.04724514538831693,-0.30825825147039654,0.0686392310003004,0.76252080073119,1.4563705907867244,2913457.0
BA,35718,IGUAÍ,64,14116.0,0.056196826680345736,0.02715631367356795,2.0693834721405424,0.0635449135732502,0.686223892134711,5.6196826680345735,2913507.0
BA,35734,ILHÉUS,395,104998.0,0.07710593099227041,0.010561813424802426,7.300444335742731,0.05540105525819539,0.6120891928728186,7.710593099227041,2913606.0
BA,35750,INHAMBUPE,85,21675.0,0.03223005679468068,0.03778454310691771,0.8529958058108663,0.062145328719723184,0.7944191411095013,3.223005679468068,2913705.0
BA,35777,IPECAETÁ,46,11329.0,-0.08219403780117401,0.04654769651179726,-1.765802477042927,0.05472680730867685,0.8259033966551661,8.219403780117402,2913804.0
BA,35793,IPIAÚ,113,24954.0,0.043640115747846,0.02364579198789783,1.8455764040460765,0.05429991183778152,0.6697583643255838,4.3640115747846,2913903.0
BA,35815,IPIRÁ,158,37159.0,-0.017892358027412212,0.022704490569212435,-0.7880537100301412,0.06197691003525391,0.8031012184409949,1.7892358027412212,2914000.0
BA,35831,IPUPIARA,28,6877.0,-0.05051340422608516,0.030101517016500514,-1.6781016119020056,0.043187436382143375,0.6855349830845436,5.051340422608516,2914109.0
BA,35858,IRAJUBA,19,4128.0,-0.10072011997748816,0.04457574920732513,-2.2595272489763745,0.044573643410852716,0.8050198676909014,10.072011997748815,2914208.0
BA,35874,IRAMAIA,31,6699.0,-0.08382042210684736,0.06527181540229228,-1.2841748247728937,0.05956112852664577,0.7921786223983668,8.382042210684736,2914307.0
BA,35890,IRAQUARA,62,15290.0,0.031722693753666376,0.038542328244591716,0.8230611693292743,0.03642903858731197,0.8975201946585524,3.1722693753666373,2914406.0
BA,35912,IRARÁ,89,19603.0,0.04299269956975443,0.04903503793009351,0.8767750854204844,0.05978676733153089,0.797645349235199,4.299269956975444,2914505.0
BA,35939,IRECÊ,156,41128.0,0.05122391191759686,0.01758781277429286,2.9124662955514307,0.049625559229721845,0.7161769599563743,5.122391191759686,2914604.0
BA,35947,ITABELA,71,16765.0,0.020322242075560625,0.025553664435890532,0.7952770189397067,0.05726215329555622,0.6232477054477203,2.0322242075560624,2914653.0
BA,35955,ITABERABA,149,39657.0,0.00020685889406853327,0.016445104219119676,0.012578752394164313,0.061628464079481554,0.7398505576811993,0.020685889406853328,2914703.0
BA,35971,ITABUNA,442,118243.0,0.0830662663124075,0.01153843231758078,7.199094645278787,0.05195233544480434,0.5296516155341737,8.30662663124075,2914802.0
BA,35998,ITACARÉ,54,14133.0,0.05620835917118149,0.03332269465347705,1.6867891314220724,0.04945871364890681,0.7373076113540199,5.620835917118149,2914901.0
BA,36013,ITAETÉ,41,8323.0,0.018612268033088242,0.03532068806228184,0.526950890658437,0.05815210861468221,0.7114440905495952,1.8612268033088242,2915007.0
BA,36030,ITAGI,35,7671.0,0.028091780186951784,0.06666249219802894,0.42140308981401076,0.06244296701864164,0.6753832010156711,2.8091780186951785,2915106.0
BA,36056,ITAGIBÁ,41,9212.0,0.06251524388720234,0.038028476470886495,1.6439060853532275,0.05058619192357794,0.6825287627301266,6.251524388720234,2915205.0
BA,36072,ITAGIMIRIM,22,4351.0,-0.049333767390047675,0.08834916729381886,-0.5583953861837835,0.05424040450471156,0.6931540030324957,4.933376739004768,2915304.0
BA,36080,ITAGUAÇU DA BAHIA,35,8316.0,-0.08165941563669228,0.03460858977987625,-2.3595129462389863,0.03234728234728235,0.8479241952338905,8.165941563669229,2915353.0
BA,36099,ITAJU DO COLÔNIA,20,3944.0,0.034035330300575824,0.06813596285962825,0.4995207944840294,0.04994929006085193,0.588835279162671,3.4035330300575826,2915403.0
BA,36110,ITAJUÍPE,57,12908.0,0.024551725067460277,0.03721541151913139,0.6597192954547589,0.05639913232104121,0.6821864659190249,2.4551725067460275,2915502.0
BA,36137,ITAMARAJU,149,35638.0,0.03678731453885568,0.011236045446784308,3.2740446550422235,0.050900723946349404,0.5025424518574138,3.6787314538855678,2915601.0
BA,36153,ITAMARI,24,4780.0,-0.0921758955891303,0.05543296991990654,-1.662835235462082,0.054602510460251046,0.6910707128111744,9.21758955891303,2915700.0
BA,36170,ITAMBÉ,62,14512.0,0.01693905465911875,0.022103516091979122,0.7663511356578042,0.05078555678059537,0.7133222081423697,1.693905465911875,2915809.0
BA,36196,ITANAGRA,18,4622.0,-0.08374554213509447,0.1248482508228529,-0.6707786579558969,0.05041107745564691,0.8249200651766387,8.374554213509446,2915908.0
BA,36218,ITANHÉM,66,11531.0,0.027977279196927128,0.023865085874091623,1.1723100157498187,0.056716676784320526,0.644131564336784,2.7977279196927127,2916005.0
BA,36234,ITAPARICA,57,14925.0,0.005490612095313166,0.05376343928859749,0.10212538795816309,0.05520938023450586,0.7990339831173553,0.5490612095313165,2916104.0
BA,36250,ITAPÉ,29,6591.0,-0.14488511916412058,0.051936274235316646,-2.7896710208295756,0.061599150356546804,0.6581314840537194,14.488511916412058,2916203.0
BA,36277,ITAPEBI,28,5789.0,-0.22538184400710842,0.1628134599044741,-1.3842949111169582,0.04992226636724823,0.7519460552322776,22.538184400710843,2916302.0
BA,36293,ITAPETINGA,153,38764.0,0.1179652384750239,0.017366072147043943,6.79285663886315,0.05502528118873181,0.5309501177079294,11.796523847502389,2916401.0
BA,36315,ITAPICURU,73,18205.0,-0.026337404996063317,0.046026558371252066,-0.5722219068309378,0.05569898379566053,0.8400252956561195,2.633740499606332,2916500.0
BA,36331,ITAPITANGA,22,4670.0,-0.08868779577289466,0.08109101933865552,-1.0936820932354197,0.04453961456102784,0.7387475362567172,8.868779577289466,2916609.0
BA,36358,ITAQUARA,20,5018.0,-0.10222703724661732,0.0406140269601258,-2.5170377058887112,0.056396970904742924,0.762920507247999,10.222703724661732,2916708.0
BA,36374,ITARANTIM,44,10664.0,0.029267646189278646,0.045556496289166144,0.6424472594096053,0.0531695423855964,0.6112526835095713,2.9267646189278644,2916807.0
BA,36382,ITATIM,38,10257.0,0.011959188539711615,0.04059678773985033,0.2945846015292565,0.06239641220629814,0.7252133206931505,1.1959188539711614,2916856.0
BA,36390,ITIRUÇU,33,7233.0,-0.060478057707651085,0.07059396294053774,-0.8567029698926604,0.05792893681736486,0.7444753010661828,6.047805770765109,2916906.0
BA,36412,ITIÚBA,102,21796.0,-0.023139531908124934,0.02246124444887049,-1.0301981246318948,0.05138557533492384,0.7404416034826402,2.3139531908124935,2917003.0
BA,36439,ITORORÓ,59,12531.0,0.07663120140296775,0.027835709631473134,2.7529817783528965,0.05434522384486474,0.6531716693337388,7.663120140296775,2917102.0
BA,36455,ITUAÇU,55,12687.0,-0.05876508261102275,0.029729600578614755,-1.9766522747464674,0.05903680933238748,0.7100807863212634,5.876508261102275,2917201.0
BA,36471,ITUBERÁ,63,13344.0,-0.01832996817110277,0.02727076205586084,-0.6721472664957459,0.0671462829736211,0.624615722618139,1.8329968171102768,2917300.0
BA,36498,JACARACI,39,9008.0,-0.024792247281351588,0.03837911405746142,-0.6459827927302464,0.04906749555950266,0.8189755573395554,2.4792247281351587,2917409.0
BA,36510,JACOBINA,189,48320.0,0.05197774344252194,0.016181019030130105,3.212266381105913,0.05968543046357616,0.7346898163810882,5.197774344252195,2917508.0
BA,36536,JAGUAQUARA,113,27324.0,-0.0015886232673653087,0.014302060784073195,-0.11107652885480691,0.056982872200263504,0.6967262343274587,0.15886232673653086,2917607.0
BA,36552,JAGUARARI,92,17727.0,-0.04884343392336485,0.026878333282479197,-1.8172047131807736,0.056072657528064535,0.7641071722609359,4.8843433923364845,2917706.0
BA,36579,JAGUARIPE,46,11892.0,-0.10849782171774003,0.06692478523067644,-1.6211904355579116,0.0679448368651194,0.8186873488321375,10.849782171774002,2917805.0
BA,36595,JANDAÍRA,29,6420.0,-0.01909797042322773,0.04894626856715709,-0.390182356741336,0.04906542056074766,0.8297297664799811,1.909797042322773,2917904.0
BA,36617,JEQUIÉ,342,95108.0,0.04255322943289738,0.009992258112802474,4.258619918792581,0.05878580140471885,0.6453348309171802,4.255322943289738,2918001.0
BA,36633,JEREMOABO,101,22902.0,0.012298583558653443,0.01891896991965528,0.6500662356821134,0.04606584577766134,0.8329241403796301,1.2298583558653442,2918100.0
BA,36650,JIQUIRIÇÁ,38,8781.0,-0.10191883930971098,0.0690988464363637,-1.47497164664786,0.06662111376836351,0.7908088572543942,10.191883930971098,2918209.0
BA,36676,JITAÚNA,44,9471.0,-0.04674800127658053,0.07232603630987106,-0.6463509361455269,0.06123957343469539,0.7502240361803976,4.674800127658052,2918308.0
BA,36692,JUAZEIRO,477,132148.0,0.0067790808959976925,0.00656413509461082,1.0327454871493038,0.041642703635317975,0.670231908441937,0.6779080895997692,2918407.0
BA,36706,JUCURUÇU,31,6472.0,0.12294136857414849,0.045367850464968905,2.7098786324266895,0.057632880098887514,0.7100746868060512,12.294136857414848,2918456.0
BA,36714,JUSSARA,46,10757.0,-0.15843011151829908,0.07882468669152742,-2.009904741369916,0.04787580180347681,0.9009092061617952,15.843011151829907,2918506.0
BA,36730,JUSSIAPE,27,5402.0,-0.02024468124760383,0.03906805019743891,-0.5181902128540564,0.059237319511292116,0.7715612993467984,2.024468124760383,2918605.0
BA,36757,LAFAIETE COUTINHO,13,3329.0,-0.3219580135752329,0.15522768929552022,-2.0741016956214167,0.04776209071793331,0.8149182983609773,32.195801357523294,2918704.0
BA,36765,LAGOA REAL,39,8618.0,0.034272952362071285,0.058091321821932634,0.5899840335382311,0.05384079832907867,0.8540388058644532,3.4272952362071285,2918753.0
BA,36773,LAJE,58,16238.0,0.08924990725660192,0.04659173508456195,1.915573804981018,0.059490084985835696,0.752984821654899,8.924990725660193,2918803.0
BA,36790,LAJEDÃO,18,3324.0,0.07692791948918816,0.07676759497419515,1.0020884399862586,0.03489771359807461,0.6030204158859321,7.692791948918816,2918902.0
BA,36811,LAJEDINHO,11,2767.0,0.025183717003014864,0.10069642895199957,0.2500954330269205,0.050957715937838814,0.8229625107345774,2.5183717003014863,2919009.0
BA,36820,LAJEDO DO TABOCAL,24,5046.0,-0.0449384728022417,0.08902985953320704,-0.5047573144320215,0.0550931430836306,0.8168005431404499,4.49384728022417,2919058.0
BA,36838,LAMARÃO,27,5930.0,-0.08135817170501161,0.07880635337760045,-1.032380870552202,0.051264755480607084,0.888096947195851,8.135817170501161,2919108.0
BA,36854,LAURO DE FREITAS,361,127480.0,0.07834476726290582,0.007152897369325272,10.952871713060246,0.060927204267336055,0.664473601673598,7.834476726290582,2919207.0
BA,36870,LENÇÓIS,23,6294.0,0.011678657661193196,0.04843664699138404,0.241112017173084,0.03987925007944074,0.8517489827811592,1.1678657661193197,2919306.0
BA,36897,LICÍNIO DE ALMEIDA,32,7931.0,0.0031563668937064394,0.06664220398376294,0.04736288275332961,0.05383936451897617,0.737479035533054,0.31563668937064393,2919405.0
BA,36919,LIVRAMENTO DE NOSSA SENHORA,114,28693.0,-0.01435644150973248,0.018701616828194354,-0.7676577721391908,0.045829993378175865,0.7793673467882197,1.435644150973248,2919504.0
BA,36935,MACAJUBA,32,7273.0,0.08812908716166316,0.08626191110460982,1.021645428824189,0.06792245290801595,0.7772528208978962,8.812908716166316,2919603.0
BA,36951,MACARANI,43,9875.0,0.038725374879580436,0.03249681864047413,1.1916666461420555,0.06683544303797469,0.6131689055377861,3.8725374879580436,2919702.0
BA,36978,MACAÚBAS,145,26013.0,-0.031825260784785606,0.015743525424319317,-2.0214824778460696,0.044977511244377814,0.7944521309022778,3.1825260784785607,2919801.0
BA,36994,MACURURÉ,22,5079.0,-0.21626517666440664,0.102384633969649,-2.1122815824932917,0.04469383736956094,0.8624075420766667,21.626517666440666,2919900.0
BA,37010,MAIQUINIQUE,23,5780.0,0.01726945999731152,0.07057466412528321,0.24469772844621693,0.06072664359861592,0.616177599004045,1.7269459997311518,2920007.0
BA,37036,MAIRI,49,10797.0,9.872049066440315e-05,0.04301055392030083,0.002295262015163386,0.06798184680929888,0.7795890243568874,0.009872049066440316,2920106.0
BA,37052,MALHADA,45,10536.0,-0.030309095188955856,0.030386914700069614,-0.9974390453298116,0.041287015945330297,0.7267971092327802,3.0309095188955855,2920205.0
BA,37079,MALHADA DE PEDRAS,25,6310.0,0.012317662824775194,0.03790980125002957,0.32492026912870153,0.038985736925515053,0.7425047380292569,1.2317662824775195,2920304.0
BA,37095,MANOEL VITORINO,46,9865.0,0.04302452022252013,0.044081065623903806,0.9760317636057613,0.039533705017739486,0.8392455305331592,4.302452022252013,2920403.0
BA,37117,MARACÁS,74,16551.0,-0.019967213932204006,0.025015751299814107,-0.7981856588233823,0.04906047972932149,0.7869859584197849,1.9967213932204007,2920502.0
BA,37133,MARAGOGIPE,121,27981.0,-0.006637140596070033,0.022946416043710133,-0.28924519556461836,0.05135627747400021,0.810695345468821,0.6637140596070034,2920601.0
BA,37150,MARAÚ,51,11087.0,0.04481243461456669,0.033559034099187084,1.3353314783172558,0.06214485433390457,0.7820418015056178,4.4812434614566685,2920700.0
BA,37176,MARCIONÍLIO SOUZA,29,5738.0,0.06516768122546635,0.048708840849458875,1.3379025262965238,0.05071453468107354,0.8102687775403954,6.516768122546635,2920809.0
BA,37192,MASCOTE,37,6820.0,-0.07129483674312145,0.07451256239384296,-0.9568163334161839,0.05087976539589443,0.7416932408945888,7.129483674312145,
BA,37214,MATA DE SÃO JOÃO,117,32831.0,-0.0248488455103064,0.029743536964893857,-0.8354368056373176,0.06506046114952331,0.7754301318314568,2.48488455103064,2921005.0
BA,37222,MATINA,29,7792.0,0.1190069136126382,0.09875218007013098,1.2051066976761717,0.05017967145790554,0.8934379407904561,11.900691361263819,2921054.0
BA,37230,MEDEIROS NETO,64,14629.0,0.004092117347095712,0.021351823354848073,0.19165189216341888,0.04949073757604758,0.5964497006162395,0.4092117347095712,2921104.0
BA,37257,MIGUEL CALMON,76,16059.0,-0.005235751676801032,0.020531105300420335,-0.25501557759259263,0.058720966436266266,0.7154801763990153,0.5235751676801033,2921203.0
BA,37273,MILAGRES,35,7091.0,0.08493946624473118,0.02987887595465737,2.8427932286887536,0.0516147228881681,0.7533377791852413,8.493946624473118,2921302.0
BA,37290,MIRANGABA,42,9600.0,0.007668316986209327,0.04578497868168,0.1674854331487908,0.051458333333333335,0.795996781824313,0.7668316986209327,2921401.0
BA,37303,MIRANTE,26,6125.0,0.07993561399987999,0.06063401526876565,1.3183295489430857,0.048,0.8204668287690797,7.993561399987999,2921450.0
BA,37311,MONTE SANTO,148,32739.0,0.01246658267774977,0.01775886500198792,0.7019920854375697,0.044106417422645774,0.880378312047792,1.246658267774977,2921500.0
BA,37338,MORPARÁ,29,5925.0,-0.06832954701320788,0.05130321007104638,-1.3318766392703862,0.038818565400843885,0.7365835818863223,6.832954701320788,2921609.0
BA,37354,MORRO DO CHAPÉU,87,20402.0,-0.06784376468440848,0.028272727684416337,-2.399618651645109,0.05421037153220273,0.7856159905771215,6.784376468440848,2921708.0
BA,37370,MORTUGABA,32,7158.0,0.005084357914099129,0.037653316276570085,0.1350308131361829,0.05378597373568036,0.6343010768332924,0.5084357914099129,2921807.0
BA,37397,MUCUGÊ,36,7933.0,0.05185745810841732,0.04650890655443291,1.1150005869891735,0.0660531955124165,0.6722733778791313,5.185745810841732,2921906.0
BA,37419,MUCURI,94,21242.0,0.04597134091320285,0.01782681577018847,2.5787746676599457,0.04589963280293757,0.5613848936582294,4.597134091320285,2922003.0
BA,37427,MULUNGU DO MORRO,40,8577.0,-0.18639425339149585,0.058615284323196806,-3.1799598951656187,0.043488399207182,0.8869163412499056,18.639425339149586,2922052.0
BA,37435,MUNDO NOVO,57,11697.0,-0.008945703168190478,0.04091646412811167,-0.21863333889705125,0.06753868513294008,0.7967925613896896,0.8945703168190479,2922102.0
BA,37451,MUNIZ FERREIRA,29,6516.0,0.20039030347609868,0.11101740522096078,1.8050350129986983,0.05064456721915286,0.8004261077518738,20.039030347609867,2922201.0
BA,37460,MUQUÉM DO SÃO FRANCISCO,31,7327.0,0.027658637724311978,0.02723536347964834,1.0155413473728716,0.03125426504708612,0.7773242655465407,2.7658637724311976,2922250.0
BA,37478,MURITIBA,68,18203.0,-0.14331900213573995,0.055814353523052376,-2.56778038424375,0.06136351150909191,0.828674798880873,14.331900213573995,2922300.0
BA,37494,MUTUÍPE,55,14393.0,0.010562994386865627,0.08871301171511327,0.11906927949630304,0.07885777808656987,0.7372283751650942,1.0562994386865627,2922409.0
BA,37516,NAZARÉ,74,17931.0,0.11280194725033424,0.02896110996169982,3.894945580452937,0.05515587529976019,0.7751361929049364,11.280194725033423,2922508.0
BA,37532,NILO PEÇANHA,29,7534.0,0.02588291392811926,0.06997830982910841,0.36987052118473596,0.07578975311919299,0.7552150084351076,2.588291392811926,2922607.0
BA,37559,NOVA CANAÃ,45,9510.0,0.03377143515224788,0.045596329176418204,0.7406612716910116,0.05152471083070452,0.7970275844049655,3.3771435152247884,2922706.0
BA,37567,NOVA FÁTIMA,30,6116.0,-0.015590323121136217,0.05356336436858728,-0.291063179188186,0.059025506867233485,0.7596279202910051,1.5590323121136218,2922730.0
BA,37575,NOVA ITARANA,23,5081.0,0.03587722257235617,0.06518540003956673,0.550387395806103,0.05313914583743357,0.7691778133838998,3.587722257235617,2922805.0
BA,37583,NOVA REDENÇÃO,20,4993.0,-0.1392893385279481,0.12593705032016372,-1.1060235107447687,0.044862807931103546,0.8855802214970944,13.928933852794808,2922854.0
BA,37591,NOVA SOURE,70,16146.0,-0.014380794492206535,0.036333651063456734,-0.39579822206941084,0.04806143936578719,0.8679391641214813,1.4380794492206534,2922904.0
BA,37613,NOVA VIÇOSA,103,23265.0,0.018334911316086534,0.012607686111954206,1.454264577439151,0.048269933376316354,0.5281488407438661,1.8334911316086535,2923001.0
BA,37621,NOVO TRIUNFO,25,6219.0,0.038370832924359125,0.08228495673203261,0.46631649876558534,0.057243929892265635,0.8165743538088546,3.8370832924359126,2923050.0
BA,37630,OLINDINA,68,15000.0,-0.060294301210569626,0.039767282808630976,-1.5161785506120504,0.043133333333333336,0.8484736577111404,6.029430121056962,2923100.0
BA,37656,OLIVEIRA DOS BREJINHOS,70,13189.0,-0.052819353278886275,0.027374307011619192,-1.9295229375657539,0.04094321025096671,0.8214017526139893,5.281935327888627,2923209.0
BA,37672,OURIÇANGAS,26,5404.0,-0.07838859525515908,0.10937329642791355,-0.7167068911269757,0.06828275351591413,0.8528865507588242,7.838859525515908,2923308.0
BA,37680,OUROLÂNDIA,44,10927.0,0.03757188399920678,0.03613250915881614,1.0398360056885072,0.04777157499771209,0.6242313711843281,3.757188399920678,2923357.0
BA,37699,PALMAS DE MONTE ALTO,68,14064.0,-0.012867249939623964,0.03637456828841593,-0.3537430283047991,0.04323094425483504,0.851309459036214,1.2867249939623964,2923407.0
BA,37710,PALMEIRAS,24,6348.0,-0.060065982727463885,0.04766554511608226,-1.2601551619976699,0.039067422810333964,0.8623033407432538,6.0065982727463885,2923506.0
BA,37737,PARAMIRIM,61,13514.0,0.026141148331262215,0.027413542676589686,0.9535851910736785,0.044768388338019834,0.8081326718451963,2.6141148331262216,2923605.0
BA,37753,PARATINGA,76,18830.0,-0.015492508955469676,0.03438222333801734,-0.4505964842110486,0.03590015932023367,0.8460485365746209,1.5492508955469675,2923704.0
BA,37770,PARIPIRANGA,71,18635.0,0.002954646003352734,0.035097215316879524,0.08418462765995391,0.04620338073517574,0.8155238992067925,0.2954646003352734,2923803.0
BA,37796,PAU BRASIL,27,5879.0,-0.13367618991249783,0.04548736954497224,-2.9387540156687995,0.05170947440040823,0.583806821629051,13.367618991249783,2923902.0
BA,37818,PAULO AFONSO,257,65454.0,0.04055534805525206,0.011602583205979657,3.4953723093621885,0.03787392672716717,0.7899926941113763,4.055534805525205,2924009.0
BA,37834,PEDRÃO,19,5089.0,0.05140746403328289,0.17518489295595488,0.2934469015328154,0.04323049715071723,0.8886999935513967,5.140746403328289,2924108.0
BA,37850,PEDRO ALEXANDRE,34,7711.0,0.06404617124074567,0.09791602888960753,0.6540928177648279,0.05368953443133186,0.8568940103156923,6.4046171240745675,2924207.0
BA,37877,PIATÃ,71,13029.0,0.03397990594095232,0.02091556727205622,1.6246227271277704,0.0774426279837286,0.7636619688787559,3.397990594095232,2924306.0
BA,37893,PILÃO ARCADO,113,21190.0,-0.0327744817532389,0.021966531623535616,-1.4920189638915649,0.041293062765455406,0.8474375849121583,3.27744817532389,2924405.0
BA,37915,PINDAÍ,41,10581.0,0.03098156475229154,0.029839659471373608,1.038268039955798,0.04971174747188357,0.809313033953163,3.098156475229154,2924504.0
BA,37931,PINDOBAÇU,54,12407.0,-0.022069918397623036,0.023532059356943642,-0.9378660007123784,0.048198597565890226,0.7071849138435156,2.2069918397623036,2924603.0
BA,37940,PIRAÍ DO NORTE,21,5372.0,0.23830077209883388,0.1052399226051993,2.2643571583837407,0.06236038719285182,0.7506323948708568,23.830077209883388,2924678.0
BA,37958,PIRIPÁ,27,6476.0,0.06737598314001754,0.11680181252916363,0.5768402191806294,0.06176652254478073,0.7912002475184985,6.737598314001754,
BA,37974,PIRITIBA,46,11146.0,0.01904629020522129,0.03734360667618164,0.5100281386952729,0.061995334649201504,0.7582194083171162,1.9046290205221288,2924801.0
BA,37990,PLANALTINO,25,5368.0,-0.03649319653582052,0.06715301058992545,-0.5434335142272142,0.053837555886736214,0.8248415344017951,3.649319653582052,2924900.0
BA,38016,PLANALTO,70,15783.0,-0.029821372885264257,0.031569079759788454,-0.9446386499757791,0.06595704238737883,0.71720984817087,2.9821372885264257,2925006.0
BA,38032,POÇÕES,119,28677.0,0.034428056560933736,0.021557052851540328,1.597066945933369,0.05098162290337204,0.7593892567783265,3.4428056560933737,2925105.0
BA,38059,POJUCA,84,22849.0,-0.02937555745984888,0.05444819073000331,-0.539513931794646,0.07877806468554423,0.7758532753965522,2.9375557459848882,2925204.0
BA,38067,PONTO NOVO,42,10588.0,-0.06163925499690724,0.06710191459711122,-0.9185915985705846,0.053645636569701546,0.7897831894110697,6.163925499690724,2925253.0
BA,38075,PORTO SEGURO,287,82405.0,0.02910650244985277,0.010199955317007887,2.8535911722396676,0.04980280322795947,0.5675993307970076,2.910650244985277,2925303.0
BA,38091,POTIRAGUÁ,30,5994.0,-0.06484080759104037,0.051802349485717034,-1.2516962692767113,0.04888221554888222,0.639731927861237,6.484080759104037,2925402.0
BA,38113,PRADO,74,17803.0,0.008676792803823143,0.02262812807347253,0.3834516392893827,0.04650901533449418,0.563721603550683,0.8676792803823142,2925501.0
BA,38130,PRESIDENTE DUTRA,43,9772.0,0.05789612143576945,0.05056893681619367,1.1448949707249807,0.02783462955382726,0.8841266329749552,5.789612143576945,2925600.0
BA,38156,PRESIDENTE JÂNIO QUADROS,34,7913.0,0.07674070543363368,0.07086814119294461,1.0828660684735685,0.046379375710855555,0.8360410005811589,7.674070543363368,2925709.0
BA,38164,PRESIDENTE TANCREDO NEVES,64,17254.0,0.05557567565735807,0.04685301410415271,1.186170766598178,0.0663034658629883,0.71046594190388,5.557567565735807,2925758.0
BA,38172,QUEIMADAS,65,15830.0,-0.0215717582043788,0.026607466582653515,-0.8107407797494821,0.048894504106127605,0.7490057292537241,2.15717582043788,2925808.0
BA,38199,QUIJINGUE,72,16914.0,0.017492056468481624,0.03245374449522421,0.5389842294178319,0.053919829726853497,0.8297880894035211,1.7492056468481625,2925907.0
BA,38210,REMANSO,107,25190.0,0.038487249101503564,0.017695071823536954,2.175026441560416,0.04537514886859865,0.8277127297050398,3.8487249101503562,2926004.0
BA,38237,RETIROLÂNDIA,48,10088.0,-0.020735082887722727,0.042112696595654996,-0.4923712933135249,0.05333068992862807,0.7971871096936923,2.0735082887722727,2926103.0
BA,38253,RIACHÃO DAS NEVES,77,14886.0,0.021030167900050627,0.025477351327650017,0.8254456136194598,0.037014644632540644,0.7815261654842036,2.1030167900050625,2926202.0
BA,38270,RIACHÃO DO JACUÍPE,91,23091.0,-0.026517062400718102,0.04151678601150507,-0.6387070134323436,0.05014940886059504,0.8259580727207125,2.6517062400718103,2926301.0
BA,38296,RIACHO DE SANTANA,78,18922.0,0.07342714165992426,0.04138016431518139,1.7744526363078166,0.04280731423739562,0.8598060382327787,7.342714165992426,2926400.0
BA,38318,RIBEIRA DO AMPARO,43,9199.0,-0.03952260607140173,0.05676949619438852,-0.6961944128598486,0.06283291662137189,0.8363513886328415,3.9522606071401727,2926509.0
BA,38334,RIBEIRA DO POMBAL,134,33897.0,-0.02246007339737272,0.01456639169873096,-1.5419105748288688,0.04522524117178511,0.7657000226351124,2.2460073397372717,2926608.0
BA,38342,RIBEIRÃO DO LARGO,27,6210.0,0.03532396744941474,0.06924449598492108,0.5101339384015013,0.05152979066022544,0.7610327601547681,3.532396744941474,2926657.0
BA,38350,RIO DE CONTAS,45,9744.0,-0.017303058936132723,0.029181001786152017,-0.5929563029718867,0.051929392446633825,0.761188927976726,1.7303058936132723,2926707.0
BA,38377,RIO DO ANTÔNIO,39,8655.0,-0.05549704357486066,0.03902040643064453,-1.4222569330102177,0.051530906990179086,0.8177720281941537,5.549704357486066,2926806.0
BA,38393,RIO DO PIRES,34,6578.0,0.020987727210975884,0.04809082980507363,0.4364184876003462,0.045758589236850104,0.8022460011357888,2.098772721097588,2926905.0
BA,38415,RIO REAL,91,22546.0,0.006747173602819068,0.020440939000711058,0.33008139217989746,0.060542890091368755,0.7270841342827323,0.6747173602819068,2927002.0
BA,38431,RODELAS,21,5966.0,0.012107087800136208,0.09372726069347777,0.12917360126133196,0.03318806570566544,0.827681700455254,1.2107087800136207,2927101.0
BA,38458,RUY BARBOSA,80,18317.0,0.027507662330182224,0.023415418902491145,1.1747670389640439,0.06054484904733308,0.7682355546991155,2.7507662330182225,2927200.0
BA,38474,SALINAS DA MARGARIDA,40,11177.0,0.22249626027341796,0.09586675939734576,2.320890595156366,0.05323432047955623,0.8363196621347571,22.249626027341797,2927309.0
BA,38490,SALVADOR,5023,1666570.0,0.12712659944774443,0.00397328754075067,31.99531827080567,0.07532836904540463,0.7080001971214704,12.712659944774444,2927408.0
BA,38512,SANTA BÁRBARA,59,15896.0,-0.0475285769307831,0.031550069176370085,-1.5064492145830337,0.04428787116255662,0.8027303754650102,4.75285769307831,2927507.0
BA,38539,SANTA BRÍGIDA,42,9005.0,-0.04071540409500378,0.04260083791644285,-0.9557418606381134,0.04719600222098834,0.8610516149495517,4.071540409500378,2927606.0
BA,38555,SANTA CRUZ CABRÁLIA,63,16542.0,0.003602474436764489,0.02785327095794096,0.12933757195714296,0.051384354975214604,0.6231461197624171,0.3602474436764489,2927705.0
BA,38571,SANTA CRUZ DA VITÓRIA,16,3356.0,0.10044925063180689,0.09988590965254482,1.0056398443105905,0.06942789034564958,0.6074173245884886,10.044925063180688,2927804.0
BA,38598,SANTA INÊS,30,6130.0,-0.026092894555840605,0.06178498401697117,-0.42231773578954684,0.04959216965742251,0.8461554930303385,2.6092894555840607,2927903.0
BA,38610,SANTALUZ,98,25384.0,-0.032345513255713276,0.019197344651950665,-1.684895168688166,0.061180271036873624,0.757833601545379,3.234551325571328,2928000.0
BA,38636,SANTA MARIA DA VITÓRIA,112,24250.0,0.005223581855850269,0.016658771332327023,0.3135634526487374,0.05018556701030928,0.731580185099501,0.5223581855850269,2928109.0
BA,38652,SANTANA,68,16649.0,0.008133602997455018,0.027776106421902605,0.29282732698062164,0.043906540933389394,0.7411691374386908,0.8133602997455018,2928208.0
BA,38679,SANTANÓPOLIS,32,7146.0,0.01242064575958507,0.07808199160144534,0.1590718359616631,0.058074447243212986,0.8354108273201684,1.242064575958507,2928307.0
BA,38695,SANTA TEREZINHA,33,6945.0,-0.06881958560618014,0.088714653124898,-0.7757409084302189,0.06493880489560835,0.8130826236396373,6.881958560618013,2928505.0
BA,38717,SANTO AMARO,151,38988.0,0.06011673699357342,0.036812220574305846,1.63306467405918,0.06037755206730276,0.8470460872417906,6.011673699357342,2928604.0
BA,38733,SANTO ANTÔNIO DE JESUS,219,62477.0,0.025266616133373644,0.01364159887760343,1.852174100710144,0.05957392320373898,0.6810308938217895,2.5266616133373643,2928703.0
BA,38750,SANTO ESTEVÃO,117,31272.0,-0.055048260294876514,0.01958255589008107,-2.8110865917538113,0.05372217958557176,0.837852775495054,5.504826029487651,2928802.0
BA,38776,SÃO DESIDÉRIO,86,20470.0,0.013375228083897479,0.009686360426680118,1.3808311372614983,0.03287738153395212,0.697794474280998,1.337522808389748,2928901.0
BA,38792,SÃO FÉLIX,38,8390.0,0.1579463727291723,0.04314513335008352,3.660815495633798,0.050774731823599525,0.8353474271432193,15.79463727291723,2929008.0
BA,38806,SÃO DOMINGOS,26,6539.0,-0.14016227941112255,0.07210807530616692,-1.9437806211856472,0.05581893255849518,0.7362696922221397,14.016227941112255,2928950.0
BA,38814,SÃO FELIPE,61,14090.0,-0.08751837399481362,0.029848352192751764,-2.9321006878251112,0.054009936124911284,0.7680253623112863,8.751837399481362,2929107.0
BA,38822,SÃO FÉLIX DO CORIBE,38,10175.0,0.007230774585527645,0.01952183963724117,0.37039411858161847,0.05100737100737101,0.6439356743516081,0.7230774585527645,2929057.0
BA,38830,SÃO FRANCISCO DO CONDE,101,26964.0,-0.02691188724795135,0.04266569206939382,-0.630761765312054,0.05192107995846314,0.8438761402269211,2.691188724795135,2929206.0
BA,38857,SÃO GONÇALO DOS CAMPOS,87,24576.0,-0.031374194313877446,0.025691849463851956,-1.221173055603508,0.051432291666666664,0.8153936201259979,3.1374194313877446,2929305.0
BA,38865,SÃO JOSÉ DO JACUÍPE,26,6727.0,0.04610001074631169,0.06787215239349408,0.6792183409632171,0.06704325851048015,0.782495657293618,4.610001074631169,2929370.0
BA,38873,SÃO MIGUEL DAS MATAS,38,7701.0,-0.04354059041343848,0.06879129843639348,-0.6329374703356913,0.04492922997013375,0.7723364507090104,4.354059041343848,2929404.0
BA,38890,SÃO SEBASTIÃO DO PASSÉ,101,28153.0,0.022497539678352423,0.06675115219965432,0.33703597521525525,0.054132774482293186,0.8654278301837038,2.2497539678352423,2929503.0
BA,38911,SAPEAÇU,48,12841.0,0.056125877125625265,0.06212561235560172,0.9034257369467125,0.05692703060509306,0.7621680998527067,5.612587712562527,2929602.0
BA,38938,SÁTIRO DIAS,46,10410.0,-0.04248590788289652,0.047223104121822755,-0.899684776614736,0.06090297790585975,0.7948433477060207,4.248590788289652,2929701.0
BA,38946,SAUBARA,37,9863.0,-0.13830056411563033,0.11160775425623735,-1.2391662661548555,0.05738619081415391,0.7942299388802933,13.830056411563033,2929750.0
BA,38954,SAÚDE,34,6875.0,0.11464635366832752,0.07104089117101274,1.6138079320027927,0.05498181818181818,0.7735292061066478,11.464635366832752,2929800.0
BA,38970,SEABRA,115,28455.0,-0.028053858780157825,0.021924362344780377,-1.2795746730958732,0.04073097873835881,0.8519905756560019,2.8053858780157825,2929909.0
BA,38997,SEBASTIÃO LARANJEIRAS,23,5702.0,-0.02564521990281358,0.05251880519929828,-0.48830547087838616,0.047877937565766394,0.7663600079570916,2.5645219902813583,2930006.0
BA,39012,SENHOR DO BONFIM,168,42359.0,0.044469812752912945,0.01652548058963705,2.6909845381924615,0.058948511532378005,0.6579324372002858,4.446981275291295,2930105.0
BA,39039,SENTO SÉ,104,22627.0,0.002393629095204855,0.01256629785976462,0.19048005402361917,0.03867061475228709,0.7495774243186656,0.23936290952048547,2930204.0
BA,39047,SERRA DO RAMALHO,90,19605.0,-0.022510355244431176,0.02394707491451566,-0.9400043773524253,0.04636572302983933,0.7696580008270126,2.2510355244431177,2930154.0
BA,39055,SERRA DOURADA,52,11440.0,0.008830194398018971,0.02565915058737294,0.3441343222937542,0.04283216783216783,0.6513336437264629,0.8830194398018971,2930303.0
BA,39071,SERRA PRETA,60,13323.0,-0.059534379278135464,0.04883228405997175,-1.2191602425358659,0.047887112512196954,0.8413116220853089,5.953437927813546,2930402.0
BA,39098,SERRINHA,206,51353.0,-0.030012821809947292,0.012278976122631,-2.4442446593435094,0.0609312016824723,0.7589036061200372,3.001282180994729,2930501.0
BA,39110,SERROLÂNDIA,36,8290.0,-0.00030186276856271663,0.06834579172138992,-0.0044166986870713765,0.06767189384800965,0.7253195208092726,0.030186276856271663,2930600.0
BA,39136,SIMÕES FILHO,245,72023.0,0.029166451148161108,0.01834247053867011,1.5901048382044052,0.06331310831262235,0.7213334296939945,2.9166451148161108,2930709.0
BA,39144,SÍTIO DO MATO,33,8304.0,-0.03034841331988267,0.027455415521891548,-1.1053707526547685,0.03697013487475915,0.7628708284235965,3.034841331988267,2930758.0
BA,39152,SOUTO SOARES,46,11278.0,-0.1785823960620458,0.036340532094805644,-4.914138174866503,0.028728497960631316,0.9021400501955023,17.858239606204577,2930808.0
BA,39179,TABOCAS DO BREJO VELHO,36,8141.0,-0.007453276340350892,0.040217522225076074,-0.18532410571289973,0.0405355607419236,0.8126661459683495,0.7453276340350893,2930907.0
BA,39195,TANHAÇU,54,14760.0,-0.056908194085747314,0.02783906117749797,-2.0441851010315544,0.04749322493224932,0.7715808507649355,5.690819408574732,2931004.0
BA,39217,TANQUINHO,28,6101.0,-0.01919689858211658,0.06072722070077211,-0.31611686424293256,0.0409768890345845,0.7907653339744195,1.9196898582116582,2931103.0
BA,39233,TAPEROÁ,45,10968.0,0.10022907813327694,0.04033459127600364,2.4849409641323548,0.06391320204230488,0.7714113072968409,10.022907813327695,2931202.0
BA,39250,TAPIRAMUTÁ,37,8298.0,-0.18577524327490272,0.10221329863573168,-1.8175251728933,0.08050132562063148,0.8205071151267859,18.577524327490273,2931301.0
BA,39276,TEODORO SAMPAIO,23,5457.0,-0.18603173908600767,0.08662225606857318,-2.1476205715392416,0.05149349459409932,0.894464181661039,18.603173908600766,2931400.0
BA,39292,TEOFILÂNDIA,61,13655.0,-0.10785251869885125,0.03116393801204161,-3.460811616849498,0.04811424386671549,0.8616100185328296,10.785251869885125,2931509.0
BA,39314,TEOLÂNDIA,35,8965.0,0.013674313142770672,0.05258641230773186,0.26003510303668537,0.05264919129949805,0.7786705970772919,1.3674313142770673,2931608.0
BA,39330,TERRA NOVA,34,8154.0,0.11376283155919216,0.07635127606084594,1.4899925374990743,0.057763061074319354,0.8329052106675211,11.376283155919216,2931707.0
BA,39357,TREMEDAL,57,11469.0,-0.00889081584438719,0.02777995347224838,-0.32004430292761066,0.06478332897375534,0.7855697997148265,0.889081584438719,2931806.0
BA,39373,TUCANO,132,31481.0,-0.04130471326752277,0.019232550891737747,-2.1476461182935003,0.049363107906356216,0.8032238844748715,4.130471326752277,2931905.0
BA,39390,UAUÁ,74,17147.0,-0.043974784382802064,0.03391279000574934,-1.2967020518024877,0.04111506385956727,0.8621778147320481,4.397478438280206,2932002.0
BA,39411,UBAÍRA,52,12576.0,-0.01460898278572302,0.03953251696255827,-0.3695434520286013,0.06393129770992366,0.7207966566545461,1.460898278572302,2932101.0
BA,39438,UBAITABA,44,10579.0,-0.007176034464575681,0.035163953313928006,-0.2040735977696041,0.05529823234710275,0.6397476616560277,0.7176034464575681,2932200.0
BA,39454,UBATÃ,41,9284.0,0.02197452551662755,0.02100132057935643,1.0463401781613555,0.05848772080999569,0.6599058387063624,2.197452551662755,2932309.0
BA,39470,UIBAÍ,43,9975.0,-0.10270915968160804,0.04155078216673524,-2.47189473520513,0.04240601503759398,0.8016769502290025,10.270915968160804,2932408.0
BA,39489,UMBURANAS,35,8743.0,-0.08959586557178774,0.038690043971784945,-2.315734395058489,0.05547294978840215,0.7154297744176722,8.959586557178774,2932457.0
BA,39497,UNA,60,11706.0,0.01479680332128766,0.04158745873760239,0.35579965139607683,0.06731590637280027,0.6011942273057725,1.479680332128766,2932507.0
BA,39519,URANDI,40,10371.0,-0.07331927316105812,0.033964872217408223,-2.1586794936763916,0.043197377302092374,0.8060821655847429,7.331927316105811,2932606.0
BA,39535,URUÇUCA,61,13697.0,-0.11845188652860579,0.05039444016880409,-2.3504951366030182,0.06220340220486238,0.6172293763975314,11.845188652860578,2932705.0
BA,39551,UTINGA,41,9855.0,-0.0009483743241646919,0.040332473087238724,-0.023513914510359134,0.05591070522577372,0.7886877818296959,0.09483743241646919,2932804.0
BA,39578,VALENÇA,186,52005.0,0.009695942566517898,0.015215239745651062,0.6372520399679714,0.0791270070185559,0.6808317550359217,0.9695942566517898,2932903.0
BA,39594,VALENTE,68,16347.0,0.0750871143252609,0.03656070173445728,2.0537656763435073,0.06845292714259497,0.6661700977358233,7.5087114325260895,2933000.0
BA,39616,VÁRZEA DO POÇO,25,5367.0,-0.13163429492171413,0.04580513381433553,-2.8737891140166663,0.04956213899757779,0.7443408494228996,13.163429492171414,2933109.0
BA,39624,VARZEDO,28,7251.0,0.10434793790925846,0.042957634770669745,2.4290894614268725,0.04937250034478003,0.7639783093992301,10.434793790925847,2933174.0
BA,39632,VERA CRUZ,102,27075.0,-0.005069852502674051,0.03404440970317757,-0.14891879597491894,0.05765466297322253,0.7776776463118455,0.5069852502674052,2933208.0
BA,39640,VEREDA,26,5015.0,0.10535523333055807,0.06209177526431404,1.6967663250419063,0.04327018943170489,0.690703435589955,10.535523333055806,2933257.0
BA,39659,VITÓRIA DA CONQUISTA,734,214472.0,0.05138153848242219,0.005462324259410059,9.406533929930314,0.06032022828154724,0.5837406524734741,5.138153848242219,2933307.0
BA,39675,WAGNER,22,5324.0,-0.04399188717539193,0.049902079849770464,-0.8815642014887738,0.04939894815927874,0.7887486602195874,4.399188717539193,2933406.0
BA,39691,WENCESLAU GUIMARÃES,51,12418.0,0.09075437891552658,0.04781253122262689,1.8981295613267557,0.05749718151071026,0.7140852843985096,9.075437891552658,2933505.0
BA,39713,XIQUE-XIQUE,130,27345.0,0.03677267706088248,0.0196203196926013,1.874213959660873,0.051746205887730844,0.7832381458299046,3.6772677060882484,2933604.0
BA,39730,LAPÃO,83,18377.0,-0.01073309776474811,0.01678118616632756,-0.639591126536973,0.03580562659846547,0.7988845497368147,1.0733097764748112,2919157.0
BA,39748,MADRE DE DEUS,44,13260.0,-0.03179185194199964,0.048284934914736205,-0.6584217623600235,0.04291101055806938,0.8026531799799675,3.179185194199964,2919926.0
BA,39756,MAETINGA,21,4811.0,-0.10651073607188938,0.12022305791555876,-0.8859426629016497,0.06131781334441904,0.7922004483858466,10.651073607188938,2919959.0
BA,39772,MANSIDÃO,39,6841.0,-0.009052028362549043,0.04181207041723207,-0.2164931865899283,0.03654436485893875,0.8330622880121816,0.9052028362549043,2920452.0
BA,39799,NORDESTINA,37,7976.0,0.012295228277990455,0.05600992880301236,0.21951872713912798,0.05504012036108325,0.8332800551253482,1.2295228277990455,2922656.0
BA,39810,PÉ DE SERRA,40,9629.0,0.0024478211547208856,0.03694951742074927,0.06624771649510891,0.057326825215494856,0.6820702532674049,0.24478211547208856,2924058.0
BA,39837,PINTADAS,29,6676.0,0.003378229569706469,0.032494352152164035,0.10396359200783414,0.06351108448172559,0.6466917062465116,0.3378229569706469,2924652.0
BA,39845,QUIXABEIRA,30,6880.0,0.06542202579037204,0.04475432648674448,1.4618033813948468,0.05712209302325581,0.6192056789758472,6.542202579037204,2925931.0
BA,39853,RAFAEL JAMBEIRO,62,14047.0,-0.03468485009243796,0.021478222072999334,-1.614884601460608,0.06079589948031608,0.7686440362269918,3.468485009243796,2925956.0
BA,39870,SANTA LUZIA,28,6302.0,-0.07298448593187977,0.07719405897317745,-0.9454676551888485,0.06299587432561092,0.687262842559272,7.298448593187977,2928059.0
BA,39896,SÃO GABRIEL,62,13182.0,-0.12781125225054346,0.043422823750071,-2.9434118100238584,0.04164770141101502,0.8745187100885646,12.781125225054346,2929255.0
BA,39900,SÍTIO DO QUINTO,32,7745.0,-0.056240052665960986,0.052763896701239786,-1.0658813351940992,0.044673983214977404,0.8340396539124503,5.6240052665960985,2930766.0
BA,39918,TANQUE NOVO,43,11763.0,-0.041405333241208764,0.031440333370869884,-1.3169495613418545,0.04395137294907762,0.841971158397587,4.140533324120876,2931053.0
BA,39926,SÃO JOSÉ DA VITÓRIA,18,3703.0,-0.07319986457459236,0.10137086872093579,-0.7220996080846908,0.06130164731298947,0.6140200144972274,7.319986457459236,2929354.0
BA,39934,TEIXEIRA DE FREITAS,312,83401.0,0.05210183752408829,0.007961005217565532,6.544630495798241,0.04920804306902795,0.5042854293475004,5.210183752408829,2931350.0
BA,39942,NOVO HORIZONTE,38,7522.0,-0.10918771047074714,0.019361545531215288,-5.639410877334731,0.04187716032969955,0.789382362450589,10.918771047074713,2923035.0
BA,39950,VÁRZEA NOVA,34,8136.0,-0.05986169532611742,0.06069587818054378,-0.9862563508522764,0.06342182890855458,0.7524531909860283,5.986169532611742,2933158.0
BA,39969,NOVA IBIÁ,19,4018.0,-0.019893734715045706,0.09927008371490023,-0.20040010011656412,0.056495769039323046,0.6559882942675493,1.9893734715045706,2922755.0
BA,39977,VÁRZEA DA ROÇA,38,8449.0,0.09345234963961618,0.08353004679308922,1.1187872295954213,0.07645875251509054,0.7769541786273141,9.345234963961618,2933059.0
BA,39985,SOBRADINHO,60,15757.0,0.018357738589833465,0.026129211208946648,0.7025753071163423,0.03668210953861776,0.7682427147177332,1.8357738589833466,2930774.0
BA,39993,WANDERLEY,35,8504.0,-0.011353286707294713,0.02872321260637849,-0.395265211551354,0.028222013170272814,0.7085507649017765,1.1353286707294714,2933455.0
CE,13005,JIJOCA DE JERICOACOARA,59,15135.0,-0.03302880653839153,0.01876199774385305,-1.7604098982056788,0.03197885695407995,0.6765424253702603,3.3028806538391526,2307254.0
CE,13013,ABAIARA,28,5954.0,-0.03185719652607693,0.059576344965972965,-0.53472895230938,0.03426268055089016,0.8738487525737475,3.185719652607693,2300101.0
CE,13021,MADALENA,49,11164.0,-0.0022443450061751216,0.025594039645824265,-0.0876901433784132,0.025259763525618057,0.8337539285006207,0.22443450061751216,2307635.0
CE,13030,ACARAÚ,161,37023.0,-0.01767356774352044,0.013015689483404215,-1.357866424675796,0.03549145126002755,0.7311338700242499,1.7673567743520442,2300200.0
CE,13048,PIRES FERREIRA,32,6703.0,0.048871150210720526,0.033417296974767495,1.462450725671254,0.02566015217066985,0.8134237500448522,4.887115021072052,2310951.0
CE,13056,ACOPIARA,143,31387.0,-0.023833763334043388,0.024595875031655987,-0.9690146540169143,0.03960238315226049,0.8340623002675052,2.383376333404339,2300309.0
CE,13064,GRAÇA,47,9669.0,0.09704125546322848,0.06348800072361148,1.528497579970862,0.035887889130209946,0.8853226450374732,9.704125546322848,2304657.0
CE,13072,AIUABA,45,8653.0,0.10341288337154957,0.055567806959532305,1.861021498416535,0.033976655495203976,0.8852301909265152,10.341288337154957,2300408.0
CE,13080,TURURU,54,11971.0,-0.024243658797398555,0.02443837443992098,-0.9920323815726323,0.03358115445660346,0.7525493321372272,2.4243658797398555,2313559.0
CE,13099,ALCÂNTARAS,33,7656.0,0.016030673125071924,0.06083364476651885,0.2635165653249624,0.035788923719958204,0.8632070568739452,1.6030673125071924,2300507.0
CE,13102,QUITERIANÓPOLIS,66,13105.0,-0.02594617573948148,0.028469434880961413,-0.9113695388745728,0.03624570774513544,0.8456705198996295,2.594617573948148,2311264.0
CE,13110,ALTANEIRA,25,5175.0,-0.060661294407173556,0.08986032174874749,-0.6750620655107891,0.035748792270531404,0.9081443341805283,6.066129440717356,2300606.0
CE,13129,BARREIRA,60,15335.0,0.016908882888554414,0.01959615752923694,0.8628672668775405,0.03899576133029019,0.6131186593466486,1.6908882888554415,2301950.0
CE,13137,ALTO SANTO,51,10032.0,0.0678048169115112,0.033717389069510696,2.0109747160946227,0.02671451355661882,0.8183373075963895,6.78048169115112,2300705.0
CE,13145,ACARAPE,40,10131.0,-0.012835562282685923,0.028466996547786887,-0.45089274736585444,0.03385648011055177,0.639683958902365,1.2835562282685924,2300150.0
CE,13153,ANTONINA DO NORTE,29,5277.0,0.046639369256214175,0.08533344902184202,0.5465543674939979,0.03903733181732045,0.8712671371743577,4.663936925621417,2300804.0
CE,13161,CHOROZINHO,59,14602.0,-0.08127548507585279,0.03197756177664322,-2.541641093324925,0.03554307629091905,0.7339888387217159,8.12754850758528,2303956.0
CE,13170,APUIARÉS,47,10127.0,-0.01683762415833399,0.026064776512897684,-0.6459915031307557,0.026167670583588428,0.7937821308713824,1.683762415833399,2300903.0
CE,13188,HORIZONTE,176,49145.0,-0.03365466967314858,0.016733662805533445,-2.01119563984639,0.041408078136127784,0.6437936338359638,3.3654669673148576,2305233.0
CE,13196,AQUIRAZ,205,52718.0,-0.01329883337336509,0.01186314082678023,-1.1210212849656038,0.033461056944497136,0.6548962686206292,1.329883337336509,2301000.0
CE,13200,ERERÉ,21,4387.0,0.050315905050306975,0.07880265401379996,0.6385052087394877,0.03510371552313654,0.8576146816867855,5.031590505030698,2304277.0
CE,13218,ARACATI,207,46748.0,0.00559669003518906,0.013290174993658187,0.42111484896622436,0.03568067083083768,0.7016990728466352,0.5596690035189059,2301109.0
CE,13226,EUSÉBIO,156,42680.0,0.015548809690054689,0.014989376299235538,1.0373219925666741,0.029639175257731958,0.5543747557319193,1.5548809690054688,2304285.0
CE,13234,ARACOIABA,92,20228.0,-0.0383114140486411,0.02097050576180699,-1.826918934803024,0.027239470041526596,0.7580427769527007,3.83114140486411,2301208.0
CE,13242,GUAIÚBA,68,16665.0,0.019657861929763897,0.02919780549657559,0.6732650483636324,0.025382538253825384,0.7557918990054585,1.9657861929763896,2304954.0
CE,13250,ARARIPE,70,13419.0,0.0020981751752533707,0.052960180390704936,0.03961797636968817,0.03390714658320292,0.9148439666273147,0.20981751752533706,2301307.0
CE,13269,POTIRETAMA,21,4798.0,0.003832345245910711,0.05428418542501655,0.07059782173952632,0.025844101709045435,0.856233103023165,0.3832345245910711,2311231.0
CE,13277,ARATUBA,38,9538.0,-0.015457211448163019,0.036468609906446875,-0.4238497570325682,0.031033759698049907,0.7915632890063943,1.545721144816302,2301406.0
CE,13285,PINDORETAMA,59,16080.0,-0.03185963315985554,0.028715731790682503,-1.1094835887202827,0.030845771144278607,0.7282196139943281,3.185963315985554,2310852.0
CE,13293,ARNEIROZ,25,5228.0,-0.06412142906628766,0.05963994333317724,-1.0751423539770102,0.030413159908186688,0.8246988203375503,6.412142906628766,2301505.0
CE,13307,OCARA,89,19431.0,0.012537687632777413,0.022871494017419416,0.548179652069447,0.030055066646081003,0.7484470816778734,1.2537687632777412,2309458.0
CE,13315,ASSARÉ,75,14878.0,-0.017653266533199163,0.02504427252862651,-0.7048823843064653,0.03609356096249496,0.8703030888447424,1.7653266533199163,2301604.0
CE,13323,TEJUÇUOCA,54,12245.0,0.014391090961531924,0.03511840537477893,0.40978771125716346,0.03086974275214373,0.8005038349501625,1.4391090961531925,2313351.0
CE,13331,AURORA,77,15778.0,-0.06396077273324088,0.03759025746857906,-1.7015252632069469,0.040055773862339966,0.8440360474124059,6.396077273324089,2301703.0
CE,13340,IPAPORANGA,39,7874.0,0.07616211928723227,0.04932402735622595,1.544118016502938,0.028321056642113283,0.8096830757718658,7.616211928723226,2305654.0
CE,13358,BAIXIO,23,4325.0,-0.04024303449475924,0.05387392502713003,-0.7469853825295539,0.025202312138728325,0.8711213094180138,4.024303449475924,2301802.0
CE,13366,TARRAFAS,31,5711.0,0.10166377117659321,0.09864992874246449,1.0305508830320258,0.04079845911399054,0.8893112794479073,10.166377117659321,2313252.0
CE,13374,BARBALHA,151,40814.0,0.005610483584935287,0.014709528252163071,0.3814183221076619,0.03658058509335032,0.7618096439675156,0.5610483584935287,2301901.0
CE,13382,BANABUIÚ,54,11870.0,0.0008890691070875086,0.033568601513474836,0.026485139892724625,0.02502106149957877,0.8322843032787669,0.08890691070875086,2301851.0
CE,13390,BARRO,60,12868.0,-0.004514602360136002,0.03015236514404946,-0.14972630964662334,0.03162884675163195,0.8772836444366224,0.4514602360136002,2302008.0
CE,13404,BARROQUINHA,47,10964.0,0.04442774473901069,0.024745416848791946,1.79539286044315,0.031466618022619484,0.8195943545824229,4.4427744739010695,2302057.0
CE,13412,BATURITÉ,95,22485.0,-0.03183705568506834,0.021172105359427713,-1.5037264903318477,0.034378474538581276,0.7659806249791863,3.183705568506834,2302107.0
CE,13420,ARARENDÁ,37,7485.0,-0.06727763948512501,0.04338033839299041,-1.5508786232980616,0.029926519706078826,0.7769633660710697,6.727763948512501,2301257.0
CE,13439,BEBERIBE,161,36773.0,-0.046667186892257954,0.01627193717415475,-2.8679552036607525,0.04225926630952057,0.7124534313829919,4.666718689225795,2302206.0
CE,13447,CATUNDA,30,6889.0,0.08111032885183801,0.061840333286887345,1.3116088568855868,0.02366090869502105,0.8695938531321212,8.111032885183802,2303659.0
CE,13455,BELA CRUZ,81,16573.0,-0.029808578277062164,0.01528256808884863,-1.9504953685639301,0.04012550534001086,0.7063329013295956,2.9808578277062163,2302305.0
CE,13463,CHORÓ,42,8857.0,0.02790238196287532,0.039370767784643546,0.7087080982392872,0.02912950208874337,0.8265804090099889,2.790238196287532,2303931.0
CE,13471,BOA VIAGEM,163,32009.0,-0.01097786487515443,0.014397343496426697,-0.7624923915914799,0.030647630353962948,0.8672452159691785,1.097786487515443,2302404.0
CE,13480,ITAITINGA,114,26162.0,0.008770230476481348,0.01757898438510395,0.4989042759440102,0.03615931503707668,0.6537289709741834,0.8770230476481348,2306256.0
CE,13498,BREJO SANTO,127,29629.0,-0.0067337874813063825,0.01598016442881176,-0.4213841172476026,0.031050659826521314,0.8187619661100857,0.6733787481306382,2302503.0
CE,13501,FORTIM,48,12347.0,-0.03846788362491729,0.01899503491452315,-2.025154667944604,0.03369239491374423,0.6900457651566696,3.846788362491729,2304459.0
CE,13510,CAMOCIM,168,38962.0,-0.0011848979419267433,0.010380198190920786,-0.1141498380024318,0.035393460294646066,0.7258492550606086,0.11848979419267433,2302602.0
CE,13536,CAMPOS SALES,83,15810.0,-0.01567486939698873,0.030872931411891312,-0.507722094408931,0.033270082226438964,0.8621634485430539,1.567486939698873,2302701.0
CE,13552,CANINDÉ,214,46568.0,-0.01281276293338246,0.009789056507614875,-1.3088864001771217,0.029569661570176944,0.7961944106556937,1.281276293338246,2302800.0
CE,13579,CAPISTRANO,55,13032.0,-0.06651698735465979,0.0301440052391933,-2.206640651328386,0.027317372621240024,0.808120107905569,6.6516987354659785,2302909.0
CE,13595,CARIDADE,63,13454.0,0.004582212367590523,0.02343084174070889,0.19556328442223048,0.02668351419652148,0.8152132412001463,0.45822123675905224,2303006.0
CE,13617,CARIRÉ,57,12030.0,-0.009269060027158453,0.022855241569075518,-0.4055551108109938,0.03815461346633416,0.7595788636186412,0.9269060027158453,2303105.0
CE,13633,CARIRIAÇU,95,19366.0,-0.05370364487309748,0.022606225982690048,-2.3756130242270084,0.03309924610141485,0.8246632041987291,5.370364487309748,2303204.0
CE,13650,CARIÚS,59,12232.0,-0.02680069073962719,0.031316302328633326,-0.8558063611208213,0.03474493132766514,0.8402355352004448,2.680069073962719,2303303.0
CE,13676,CARNAUBAL,49,10923.0,-0.05373555499358689,0.0286880961621716,-1.8730958893132517,0.0497116176874485,0.7163931736442728,5.373555499358689,2303402.0
CE,13692,CASCAVEL,209,48437.0,0.010278309215889375,0.011242593214911039,0.9142293970271258,0.03908169374651609,0.6854832881175311,1.0278309215889374,2303501.0
CE,13714,CATARINA,35,6727.0,0.01880203735904848,0.03609330335232252,0.5209286934895808,0.03478519399435112,0.8271455379662136,1.880203735904848,2303600.0
CE,13730,CAUCAIA,734,203881.0,-0.01367069461774098,0.007182298508407365,-1.9033871401666904,0.039243480265448966,0.6179297566042649,1.367069461774098,2303709.0
CE,13757,CEDRO,77,16048.0,0.03750966516938768,0.028038674411781574,1.3377831140842553,0.0377617148554337,0.8380226429337554,3.7509665169387683,2303808.0
CE,13773,CHAVAL,40,8453.0,0.011637427802168717,0.034440563298293814,0.3378988810773962,0.03347923814030522,0.8307578296598165,1.1637427802168718,2303907.0
CE,13811,COREAÚ,76,15326.0,-0.0028515640684569255,0.031414559695495684,-0.09077205270732448,0.03569098264387316,0.7898264068009553,0.28515640684569254,2304004.0
CE,13838,CRATEÚS,201,46434.0,-0.03289869832604582,0.013245618510658877,-2.4837419482957266,0.03943231252961192,0.7729096075126068,3.289869832604582,2304103.0
CE,13854,CRATO,309,80841.0,-0.006508039237128425,0.011019514103254312,-0.5905922145157428,0.028401429967467005,0.8425729825885544,0.6508039237128425,2304202.0
CE,13870,FARIAS BRITO,60,13811.0,-0.0960783050235481,0.03573214479785683,-2.6888479705620907,0.0341756570849323,0.8786682942303262,9.60783050235481,2304301.0
CE,13897,FORTALEZA,5235,1574674.0,0.01742602656764782,0.002974269689861859,5.85892618515612,0.038805492438434876,0.5818315656737435,1.7426026567647819,2304400.0
CE,13919,FRECHEIRINHA,45,10708.0,0.019812921051378687,0.03167715205348801,0.6254640890040827,0.03558087411281285,0.7575022663418737,1.9812921051378687,2304509.0
CE,13935,GENERAL SAMPAIO,30,5921.0,-0.08221998300401046,0.04522721752833829,-1.8179314911976043,0.029724708664077015,0.8192586729815127,8.221998300401046,2304608.0
CE,13951,GRANJA,156,34744.0,0.026204742512015402,0.025068726607241826,1.0453160594302147,0.038682938061247986,0.8640000242236938,2.62047425120154,2304707.0
CE,13978,GRANJEIRO,20,4411.0,-0.003785746565815219,0.07160542981806856,-0.05286954600278012,0.02765812740875085,0.8836517741865948,0.3785746565815219,2304806.0
CE,13994,GROAÍRAS,33,7562.0,-0.00750620324189824,0.05176106976063238,-0.14501638541495504,0.05593758265009257,0.693337373924414,0.7506203241898239,2304905.0
CE,14010,GUARACIABA DO NORTE,120,26300.0,-0.020558574214655963,0.0188051735239271,-1.0932403356181686,0.042661596958174904,0.7633076755618037,2.0558574214655962,2305001.0
CE,14036,GUARAMIRANGA,22,4862.0,0.026004223431407025,0.04133630753989366,0.6290891707323001,0.029617441382147263,0.7872882209425194,2.6004223431407025,2305100.0
CE,14052,HIDROLÂNDIA,59,12283.0,0.008282602977144553,0.03268203523786357,0.2534298404876816,0.03500773426687291,0.7891241087304742,0.8282602977144553,2305209.0
CE,14060,IBARETAMA,44,9850.0,0.02044366093453838,0.04497995141894567,0.4545060696959192,0.028527918781725888,0.8066156090733598,2.044366093453838,2305266.0
CE,14079,IBIAPINA,83,15187.0,-0.03302838105130795,0.02804224642024758,-1.1778079600448912,0.04549944031079212,0.7469445630989813,3.302838105130795,2305308.0
CE,14095,ICÓ,182,38428.0,-0.009873596914659413,0.014708390337280003,-0.6712901064118292,0.03284063703549495,0.8045192834324347,0.9873596914659413,2305407.0
CE,14117,IGUATU,258,58282.0,-0.027649730991153997,0.015518049690433015,-1.781778737839733,0.03290895988469854,0.8162568085389232,2.7649730991154,2305506.0
CE,14133,INDEPENDÊNCIA,98,16390.0,0.007387014375402044,0.021005945954098135,0.35166301920151716,0.0338621110433191,0.7513534650743953,0.7387014375402045,2305605.0
CE,14150,IPAUMIRIM,35,7499.0,-0.04247620174023341,0.04249727800958186,-0.9995040560163947,0.031470862781704224,0.8415549299002334,4.247620174023341,2305704.0
CE,14176,IPU,116,26214.0,-0.009234773408772646,0.01577726354762392,-0.5853216168252077,0.03383688105592431,0.8055603314023528,0.9234773408772646,2305803.0
CE,14192,IPUEIRAS,137,23699.0,-0.013852322861568194,0.01914690416171714,-0.7234758551340597,0.04071901768007089,0.7854312670174605,1.3852322861568194,2305902.0
CE,14214,IRACEMA,40,9214.0,0.01536978741072892,0.052523705246601535,0.2926257265851099,0.028652051226394616,0.8277421475861617,1.5369787410728921,2306009.0
CE,14230,IRAUÇUBA,68,15567.0,0.02421243424247097,0.02738429800962063,0.8841721717301162,0.030641742146849105,0.818637202297484,2.421243424247097,2306108.0
CE,14257,ITAIÇABA,25,5838.0,-0.012316277128423017,0.04980597732028896,-0.24728512100506175,0.03254539225762247,0.7133213122025817,1.2316277128423017,2306207.0
CE,14273,ITAPAJÉ,134,32397.0,-0.0071057253121373995,0.008783519036840248,-0.8089838801890487,0.03250300953792018,0.6559012206274354,0.71057253121374,2306306.0
CE,14290,ITAPIPOCA,336,78767.0,-0.027877587296252074,0.006769774028231253,-4.117949458873693,0.030418830220777737,0.773979877512055,2.7877587296252075,2306405.0
CE,14311,ITAPIÚNA,57,12665.0,-0.033750480089140535,0.02967782952351442,-1.1372287202606668,0.03174101855507304,0.7643531281152993,3.3750480089140535,2306504.0
CE,14338,ITATIRA,67,14071.0,-0.029435641404850242,0.026552856615858288,-1.108567783523158,0.028214057280932413,0.8336991945900495,2.9435641404850243,2306603.0
CE,14354,JAGUARETAMA,58,12243.0,-0.011318409250367993,0.04515894729431145,-0.2506349223909775,0.02801600914808462,0.8369565516251297,1.1318409250367993,2306702.0
CE,14370,JAGUARIBARA,31,6996.0,0.04411638271871249,0.05672976638606859,0.7776584592025814,0.028730703259005147,0.8106825777559429,4.411638271871249,2306801.0
CE,14397,JAGUARIBE,101,22627.0,-0.007937135788559056,0.021908516194649345,-0.36228541075262416,0.030361956954081407,0.8107747351756471,0.7937135788559057,2306900.0
CE,14419,JAGUARUANA,105,23238.0,-0.06753625874480522,0.028115674113071268,-2.4020857004245513,0.051983819605818056,0.685487858654262,6.753625874480522,2307007.0
CE,14435,JARDIM,86,17229.0,0.02058208541026046,0.029360540143508175,0.7010118107384787,0.03824946311451622,0.8525904493221033,2.0582085410260462,2307106.0
CE,14451,JATI,26,5440.0,0.11804674775542999,0.07706063435859599,1.5318683623354064,0.04025735294117647,0.8511927658496655,11.804674775542999,2307205.0
CE,14478,JUAZEIRO DO NORTE,574,156640.0,0.011607977683413134,0.007613866736995395,1.5245837738412935,0.03356741573033708,0.7631779731987322,1.1607977683413133,2307304.0
CE,14494,JUCÁS,77,15500.0,0.038228211656916,0.036847061305484534,1.037483324381852,0.041161290322580646,0.8016815480599416,3.8228211656916,2307403.0
CE,14516,LAVRAS DA MANGABEIRA,81,18311.0,-0.04297406722957532,0.035727419866899424,-1.2028315335860493,0.03560701217847196,0.8460161251554336,4.297406722957533,2307502.0
CE,14532,LIMOEIRO DO NORTE,159,39228.0,-0.0075312530896978576,0.01884830861363802,-0.39957182599655067,0.03966554501886407,0.7607958372332594,0.7531253089697858,2307601.0
CE,14559,MARANGUAPE,278,68190.0,-0.028129119716639603,0.01034512613794913,-2.7190697669169324,0.033773280539668576,0.6584107424720864,2.81291197166396,2307700.0
CE,14575,MARCO,76,18310.0,0.0031544720202743,0.013536748987963958,0.23303025143474715,0.03855816493719279,0.5399197534556697,0.31544720202743004,2307809.0
CE,14591,MARTINÓPOLE,35,8343.0,-0.018029359662526674,0.061297422310025274,-0.29412916535607647,0.03224259858564066,0.8470197077357539,1.8029359662526674,2307908.0
CE,14613,MASSAPÊ,107,25775.0,0.01913348408193451,0.02517509249349539,0.7600164363597918,0.04399612027158099,0.7419197553645331,1.913348408193451,2308005.0
CE,14630,MAURITI,140,28152.0,0.0075122860640699455,0.020679813208120543,0.36326663052836583,0.038114521170787154,0.7821233120106726,0.7512286064069945,2308104.0
CE,14656,MERUOCA,41,10466.0,-0.06120572501737286,0.04519054489463795,-1.354392277412773,0.04777374355054462,0.7990913491500903,6.1205725017372865,2308203.0
CE,14672,MILAGRES,87,17622.0,-0.025457326367186544,0.040863235019434035,-0.6229885214687325,0.033140392690954486,0.8829691859300205,2.5457326367186544,2308302.0
CE,14680,MIRAÍMA,45,9405.0,0.01229934593910699,0.03692522454684867,0.3330879118555464,0.02583732057416268,0.8595640681791145,1.229934593910699,2308377.0
CE,14699,MISSÃO VELHA,106,24523.0,-0.005539915846443119,0.024383461739692646,-0.2271997268306231,0.03588467968845573,0.8344782360847133,0.5539915846443119,2308401.0
CE,14710,MOMBAÇA,117,25065.0,-0.028422063585345363,0.02265067690822778,-1.2547997439767968,0.036146020347097546,0.8187261615856645,2.8422063585345363,2308500.0
CE,14737,MONSENHOR TABOSA,57,11304.0,-0.125309236602305,0.03196544989768399,-3.920146189194856,0.0368895966029724,0.8265263085557856,12.530923660230501,2308609.0
CE,14753,MORADA NOVA,197,45169.0,-0.003881512314353332,0.018245559733627653,-0.21273736574929372,0.037658571143926144,0.7413352520788727,0.3881512314353332,2308708.0
CE,14770,MORAÚJO,29,6068.0,-0.0276249849165395,0.0482502493772335,-0.5725355883771687,0.03740936058009229,0.7836321630029844,2.76249849165395,2308807.0
CE,14796,MORRINHOS,62,14231.0,0.02868662955965042,0.01811951698214917,1.583189529164142,0.03211299276227953,0.5214786854472304,2.8686629559650423,2308906.0
CE,14818,MUCAMBO,43,9728.0,0.048140445828958746,0.03694395237967086,1.3030670171459233,0.043482730263157895,0.807710405381433,4.814044582895875,2309003.0
CE,14834,MULUNGU,31,7189.0,-0.02437073133449144,0.028642800520512657,-0.8508501575129933,0.032410627347336206,0.7709383144214653,2.437073133449144,2309102.0
CE,14850,NOVA OLINDA,43,10106.0,-0.028994194115048628,0.03478294315708736,-0.8335750653446582,0.03225806451612903,0.830175379632868,2.8994194115048626,2309201.0
CE,14877,NOVA RUSSAS,97,19079.0,-0.021654212298168232,0.02363504545735835,-0.916190846226047,0.03564128098956968,0.6904628630714106,2.165421229816823,2309300.0
CE,14893,NOVO ORIENTE,86,17908.0,0.015186598614160475,0.021871077803699214,0.6943690087185304,0.038418583873129325,0.8371241658776893,1.5186598614160476,2309409.0
CE,14915,ORÓS,72,13943.0,0.034574877018338564,0.022308385330864784,1.549860131315845,0.02875995123000789,0.8001293938796917,3.4574877018338563,2309508.0
CE,14931,PACAJUS,178,44389.0,-0.028895516040411184,0.011822114677856667,-2.444191824203308,0.04120390186757981,0.6386793798324923,2.8895516040411184,2309607.0
CE,14958,PACATUBA,165,44883.0,-0.026748502716319483,0.01714272500895716,-1.5603413519346112,0.03480159525878395,0.6307059975790038,2.674850271631948,2309706.0
CE,14974,PACOTI,46,8469.0,0.0038642178700352384,0.04692949155866564,0.08234092767028288,0.03506907545164718,0.787835243292098,0.38642178700352386,2309805.0
CE,14990,PACUJÁ,22,4777.0,-0.03729119469416297,0.09549613424217053,-0.39049952115962616,0.03579652501570023,0.874468765302812,3.729119469416297,2309904.0
CE,15016,PALHANO,31,7503.0,-0.02961169479478968,0.03168281298754793,-0.9346295989067559,0.032387045181927226,0.689262192487481,2.961169479478968,2310001.0
CE,15032,PALMÁCIA,36,7643.0,0.04314699282901241,0.035085401019282786,1.2297705477357663,0.03284050765406254,0.753957011570623,4.314699282901241,2310100.0
CE,15059,PARACURU,107,26065.0,-0.009223981024305097,0.016200837009923887,-0.5693521278348095,0.03460579320928448,0.6985867920177051,0.9223981024305097,2310209.0
CE,15075,PARAMBU,110,20125.0,0.027245179976231465,0.016203807153823017,1.6814060867049643,0.039453416149068325,0.7142881272709408,2.7245179976231464,2310308.0
CE,15091,PARAMOTI,42,8061.0,-0.01578434912562271,0.034514275964428395,-0.4573281253789187,0.026299466567423397,0.7986411201631111,1.578434912562271,2310407.0
CE,15113,PEDRA BRANCA,132,25860.0,-0.0412328804674277,0.019225020306108807,-2.1447509449093185,0.034609435421500384,0.8763975982690878,4.12328804674277,2310506.0
CE,15130,PENAFORTE,28,6748.0,0.0750385491960932,0.03768377159587129,1.9912696107179084,0.03793716656787196,0.8358862046191271,7.503854919609319,2310605.0
CE,15156,PENTECOSTE,106,26427.0,0.01414818949901191,0.017796465568362986,0.7949999647212722,0.027661104173761684,0.7609226847824427,1.414818949901191,2310704.0
CE,15172,PEREIRO,57,11417.0,-0.058196892588035204,0.04057034835514727,-1.4344686439117451,0.035035473416834544,0.8507164030513901,5.81968925880352,2310803.0
CE,15199,PIQUET CARNEIRO,44,9913.0,-0.06801134754397817,0.05321011465779891,-1.2781657769649228,0.03298698678502976,0.8531080559347871,6.8011347543978165,2310902.0
CE,15210,PORANGA,42,7640.0,0.0006356032696574135,0.04196555481403034,0.015145832635219023,0.03442408376963351,0.8588876975151755,0.06356032696574135,2311009.0
CE,15237,PORTEIRAS,52,11194.0,-0.04871371265614418,0.030866629708127702,-1.5781999238911737,0.028318742183312488,0.8713154166154667,4.871371265614418,2311108.0
CE,15253,POTENGI,30,6044.0,-0.09181996266019105,0.04834544217000087,-1.8992475513475977,0.03391793514228988,0.901189405626163,9.181996266019105,2311207.0
CE,15270,QUIXADÁ,209,48641.0,0.010728943046380971,0.010332480567826709,1.0383705031866954,0.03338747147468185,0.6432613414119356,1.0728943046380972,2311306.0
CE,15296,QUIXERAMOBIM,215,47408.0,-0.01636051914042576,0.010688220342251281,-1.5307056382203765,0.031323827202159975,0.7986167539902916,1.6360519140425758,2311405.0
CE,15318,QUIXERÉ,61,15084.0,-0.0345383306455761,0.022589736567253986,-1.5289390623369534,0.04083797401219835,0.7662885346227062,3.45383306455761,2311504.0
CE,15334,REDENÇÃO,86,19453.0,0.006458076205429751,0.018099975724472438,0.35680026889196204,0.041021950341849585,0.7261239847983227,0.6458076205429751,2311603.0
CE,15350,RERIUTABA,59,12635.0,-0.0234618444849151,0.028069949714757028,-0.835834931067962,0.03442817570241393,0.8298196775171205,2.34618444849151,2311702.0
CE,15377,RUSSAS,194,48001.0,0.005321459650589454,0.01990167859212844,0.2673874781946388,0.037936709651882256,0.7118977765682074,0.5321459650589454,2311801.0
CE,15393,SABOEIRO,49,9492.0,0.012561145060165058,0.03526551433401987,0.3561877742995966,0.04056047197640118,0.8411555788021476,1.2561145060165058,2311900.0
CE,15415,SANTANA DO ACARAÚ,104,20660.0,-0.003504470273966779,0.015522573997011858,-0.22576605366103586,0.03363988383349468,0.7997743208786982,0.3504470273966779,2312007.0
CE,15431,SANTANA DO CARIRI,50,10989.0,-0.06625727584234087,0.05597605367999252,-1.18367179331942,0.03257803257803258,0.8981093241375617,6.625727584234086,2312106.0
CE,15440,SALITRE,51,11134.0,-0.013787830150911545,0.03771645767763579,-0.3655653526308523,0.03197413328543201,0.8381303503592108,1.3787830150911544,2311959.0
CE,15458,SANTA QUITÉRIA,125,27104.0,-0.013110482688603797,0.017638479142654716,-0.7432887258912831,0.033685064935064936,0.8269862502972519,1.3110482688603797,2312205.0
CE,15474,SÃO BENEDITO,135,29457.0,-0.026337713523402504,0.015245687703337554,-1.7275516877888497,0.04504871507621278,0.7454886703019231,2.6337713523402506,2312304.0
CE,15490,SÃO GONÇALO DO AMARANTE,155,38767.0,-0.010136191190151436,0.014681399754543975,-0.6904104077006845,0.034075373384579666,0.6509195022118065,1.0136191190151436,2312403.0
CE,15512,SÃO JOÃO DO JAGUARIBE,27,4961.0,-0.041393515800198455,0.06177440949095056,-0.6700754590986784,0.031042128603104215,0.8326360591198706,4.139351580019845,2312502.0
CE,15539,SÃO LUÍS DO CURU,39,9173.0,-0.11709508496923313,0.03512346510437916,-3.333813580785736,0.03761037828409462,0.7419872495884898,11.709508496923313,2312601.0
CE,15555,SENADOR POMPEU,83,16811.0,-0.009708690391142043,0.022844702638799126,-0.4249865075789141,0.04039022068883469,0.7274862977616596,0.9708690391142043,2312700.0
CE,15571,SENADOR SÁ,21,5296.0,0.15318176370736902,0.053715087152257666,2.851745604976287,0.03172205438066465,0.786150968997836,15.318176370736902,2312809.0
CE,15598,SOBRAL,494,126156.0,-0.03452370057756308,0.009258406173331289,-3.728903218461955,0.0471796822981071,0.6900271413046627,3.452370057756308,2312908.0
CE,15610,SOLONÓPOLE,50,11489.0,-0.02068776284253903,0.026042419525459024,-0.7943871275982906,0.025763774044738445,0.8497271576839078,2.068776284253903,2313005.0
CE,15636,TABULEIRO DO NORTE,92,20641.0,-0.01323042844267532,0.023992811677007366,-0.5514330133868478,0.03628700159875975,0.8060936034940068,1.3230428442675322,2313104.0
CE,15652,TAMBORIL,91,17070.0,-0.04601686417589098,0.024664907065864494,-1.8656816363835793,0.03444639718804921,0.8187197676444684,4.601686417589098,2313203.0
CE,15679,TAUÁ,183,35890.0,0.007743365019301998,0.011897015675309493,0.6508661693513789,0.039732516021175814,0.6983204647591634,0.7743365019301998,2313302.0
CE,15695,TIANGUÁ,198,47817.0,-0.039690300891927016,0.009500982736936728,-4.177494264632651,0.04722169939561244,0.6436458756211303,3.9690300891927017,2313401.0
CE,15717,TRAIRI,170,37187.0,-0.004300234023337343,0.010249353471136074,-0.4195614909220894,0.03479710651571786,0.7415184943505062,0.4300234023337343,2313500.0
CE,15733,UBAJARA,88,21291.0,-0.06047814359350549,0.030660030091281543,-1.9725402556177856,0.04612277488140529,0.6995943003428169,6.047814359350549,2313609.0
CE,15750,UMARI,25,4994.0,-0.03052574350082952,0.04480768247841605,-0.6812613777901554,0.03544253103724469,0.7770709706233511,3.0525743500829523,2313708.0
CE,15776,URUBURETAMA,60,14821.0,-0.0008285799218499143,0.02129622411423613,-0.03890736298628751,0.0361649011537683,0.7388129359350307,0.08285799218499143,2313807.0
CE,15792,URUOCA,39,8943.0,0.03102527647482544,0.0339499405768476,0.9138536311896623,0.026948451302694847,0.7897047051145166,3.102527647482544,2313906.0
CE,15814,VÁRZEA ALEGRE,108,25638.0,-0.06105125571397979,0.02389210480255915,-2.555289967899372,0.03588423433965208,0.8305075210458724,6.105125571397979,2314003.0
CE,15830,VIÇOSA DO CEARÁ,159,37459.0,-0.042947568600488824,0.014122876469222842,-3.0409930083352315,0.03999038949251181,0.7712117275303328,4.294756860048882,2314102.0
CE,15857,MARACANAÚ,515,149748.0,-0.004422041058558796,0.010608298176412331,-0.41684735713700555,0.03661484627507546,0.6071209567992365,0.44220410585587955,2307650.0
CE,15873,AMONTADA,119,26665.0,0.007628569100160264,0.014562392503134165,0.5238541056023877,0.03397712357022314,0.7791366814747301,0.7628569100160264,2300754.0
CE,15881,CROATÁ,56,11434.0,-0.0679209419129241,0.0366447915961593,-1.853495106792825,0.045915690047227564,0.8227074677559131,6.79209419129241,2304236.0
CE,15890,CRUZ,80,17966.0,0.01131847142959802,0.017637725246644427,0.6417194548231981,0.033674718913503286,0.6380858837954013,1.131847142959802,2304251.0
CE,15911,FORQUILHA,62,15789.0,-0.00933189071648437,0.03519420818702752,-0.2651541602212854,0.04870479447716765,0.6914928219742851,0.9331890716484371,2304350.0
CE,15920,IBICUITINGA,46,9871.0,-0.056581040842350855,0.032666953437642615,-1.732057473628737,0.030290750683821296,0.7625476575982753,5.658104084235085,2305332.0
CE,15938,ICAPUÍ,55,14167.0,0.016678477102336015,0.018968712839021552,0.8792624593918587,0.031128679325192348,0.6948819181188837,1.6678477102336016,2305357.0
CE,15954,ITAREMA,105,25361.0,-0.007721069825000051,0.018669437580366464,-0.4135673499409452,0.036709908915263594,0.6559234597450331,0.7721069825000051,2306553.0
CE,15970,MILHÃ,37,9069.0,0.03877526668886246,0.045666436692868205,0.8490977071333016,0.023817399933840556,0.851178688235215,3.8775266688862464,2308351.0
CE,15989,DEPUTADO IRAPUAN PINHEIRO,28,5956.0,0.020052574933015748,0.10917529042539684,0.18367319981363686,0.029550033579583614,0.8832293568946797,2.005257493301575,2304269.0
CE,15997,PARAIPABA,89,21723.0,-0.02369575014110096,0.018583141672110327,-1.275120782007687,0.03572250609952585,0.6305753395157367,2.369575014110096,2310258.0
CE,98531,QUIXELÔ,51,12327.0,-0.060632489944578934,0.038082036170238094,-1.592154623075656,0.03204348178794516,0.8541635509086669,6.063248994457894,2311355.0
CE,98558,UMIRIM,52,12250.0,0.031232720463918697,0.04021254746341777,0.7766909194781003,0.03126530612244898,0.7767712775120468,3.1232720463918695,2313757.0
CE,98574,VARJOTA,58,12856.0,-0.05178167150742072,0.03622636157540132,-1.4293920022755437,0.05040448039825762,0.7227503117419284,5.1781671507420715,2313955.0
DF,97012,BRASÍLIA,6748,1838492.0,0.020203598822773342,0.002434960462615797,8.297300565229419,0.03691394904084434,0.4119646174295137,2.0203598822773343,5300108.0
ES,56006,SÃO DOMINGOS DO NORTE,26,6243.0,-0.05605186506005392,0.03756228304735885,-1.4922379715147571,0.043568797052699025,0.49119408754475874,5.605186506005392,3204658.0
ES,56014,AFONSO CLÁUDIO,74,18614.0,0.058946005683968045,0.029665811529828588,1.9870012868078328,0.057429891479531536,0.3788238199494864,5.894600568396805,3200102.0
ES,56022,ÁGUA DOCE DO NORTE,45,7932.0,0.007608122327495848,0.033178357622531726,0.229309793271054,0.05131114473020676,0.5253604672832359,0.7608122327495849,3200169.0
ES,56030,ALEGRE,90,18420.0,0.039009034332447096,0.025432704122421095,1.5338138699163062,0.05135722041259501,0.462779774140756,3.9009034332447095,3200201.0
ES,56049,IRUPI,33,8661.0,0.012419415669507263,0.04694510398996935,0.264551883241347,0.047107724281260824,0.2847823444996932,1.2419415669507263,3202652.0
ES,56057,ALFREDO CHAVES,40,9882.0,-0.018191290909837683,0.03251402420409491,-0.5594905999838254,0.051507791944950414,0.3121387490960121,1.8191290909837683,3200300.0
ES,56065,ALTO RIO NOVO,23,4632.0,0.10379977106986964,0.03765487865281418,2.7566088322027307,0.05008635578583765,0.5487306634467901,10.379977106986964,3200359.0
ES,56073,ANCHIETA,91,18871.0,0.07318386441719404,0.028625820459998473,2.556568274417171,0.04859307932806953,0.41360115545833875,7.3183864417194044,3200409.0
ES,56081,VILA PAVÃO,28,6135.0,-0.017243569651092784,0.03362349691327916,-0.5128428400997952,0.040097799511002445,0.5264904634301462,1.7243569651092785,3205150.0
ES,56090,APIACÁ,24,4792.0,0.042421186709540516,0.0663858708107296,0.6390092679583289,0.05509181969949917,0.4799057373409406,4.242118670954052,3200508.0
ES,56103,MARECHAL FLORIANO,43,10963.0,0.1052490633583192,0.04688312270345583,2.244924341410414,0.0568275107178692,0.37274759378115374,10.52490633583192,3203346.0
ES,56111,ARACRUZ,217,56199.0,0.00984731724594437,0.008732746506004424,1.127631179855455,0.0460506414704888,0.42765780784198804,0.984731724594437,3200607.0
ES,56120,MARATAÍZES,106,24597.0,0.08758139163151397,0.021760980841679593,4.024698715039819,0.037809488962068545,0.32537699112533314,8.758139163151398,3203320.0
ES,56138,ATÍLIO VIVÁCQUA,28,7220.0,-0.07062074890177678,0.05460069109399678,-1.2934039384263647,0.03933518005540166,0.4511138879698952,7.062074890177677,3200706.0
ES,56146,BREJETUBA,32,7539.0,-0.004801630040829582,0.09171932215660396,-0.05235134678199163,0.05955697042048017,0.41480135013910124,0.4801630040829582,3201159.0
ES,56154,BAIXO GUANDU,87,18546.0,0.07784214324675046,0.01891817857670279,4.114674302874532,0.04852798447104497,0.43001883277442665,7.7842143246750455,3200805.0
ES,56162,SÃO ROQUE DO CANAÃ,33,7903.0,0.06544511609163815,0.049558817839333705,1.3205544229042496,0.048462609135771224,0.4072127871334234,6.544511609163815,3204955.0
ES,56170,BARRA DE SÃO FRANCISCO,101,24689.0,0.04481265339716321,0.016868278354272702,2.656622831091251,0.04224553444853984,0.45277707712090653,4.481265339716321,3200904.0
ES,56189,SOORETAMA,59,15125.0,0.09761307602136526,0.032828132123619264,2.9734581198159113,0.053024793388429754,0.4973712060601327,9.761307602136526,3205010.0
ES,56197,BOA ESPERANÇA,38,8565.0,0.0061453295569031665,0.03261425206009661,0.1884246661729198,0.047752481027437246,0.5298569207873053,0.6145329556903166,3201001.0
ES,56200,PONTO BELO,24,4819.0,0.007891588243034556,0.04800069331386765,0.16440571371402743,0.0516704710520855,0.6468648727355892,0.7891588243034555,3204252.0
ES,56219,BOM JESUS DO NORTE,29,6062.0,0.13393359643057626,0.08471906728205245,1.5809144355269573,0.05674694820191356,0.46837950664772454,13.393359643057625,3201100.0
ES,56227,VILA VALÉRIO,42,10010.0,0.00012646725982296559,0.03131603503719838,0.004038418646317867,0.04595404595404595,0.5427232630950408,0.01264672598229656,3205176.0
ES,56235,CACHOEIRO DE ITAPEMIRIM,466,113382.0,0.09348625148133943,0.01093968297226343,8.545608836962215,0.04289040588453193,0.30628764563664707,9.348625148133943,3201209.0
ES,56251,CARIACICA,802,218011.0,0.06799369701890831,0.007671504735098249,8.863149977321564,0.050731385113595186,0.43645421558413794,6.799369701890831,3201308.0
ES,56278,CASTELO,131,23652.0,0.07551116724184599,0.022127409704627184,3.412562439518415,0.046254016573651274,0.26183900119245707,7.551116724184599,3201407.0
ES,56294,COLATINA,321,72951.0,0.07082388609668411,0.011156795153803592,6.348049338571814,0.045852695645022,0.36502711431039236,7.082388609668411,3201506.0
ES,56308,GOVERNADOR LINDENBERG,27,6953.0,0.08689549689925849,0.057926388183410005,1.500102105867964,0.04918740112181792,0.4962334947053928,8.68954968992585,3202256.0
ES,56316,CONCEIÇÃO DA BARRA,68,16572.0,0.03166133659185612,0.025706167800920582,1.231663032664179,0.06329954139512431,0.62568650116056,3.1661336591856117,3201605.0
ES,56332,CONCEIÇÃO DO CASTELO,30,7764.0,0.14841632136098315,0.04832228846342132,3.0713843669330836,0.06027820710973725,0.29758169454586464,14.841632136098315,3201704.0
ES,56359,DIVINO DE SÃO LOURENÇO,14,3469.0,-0.013892541356355644,0.11756073663884994,-0.11817330984437383,0.051888152205246466,0.39493187205082875,1.3892541356355643,3201803.0
ES,56375,DOMINGOS MARTINS,92,23672.0,0.022703381287317533,0.02362483494217214,0.9609963981924063,0.05326968570462994,0.3065423039346144,2.2703381287317534,3201902.0
ES,56391,DORES DO RIO PRETO,24,4937.0,0.06216429879221789,0.058718000496740023,1.058692364629637,0.053271217338464655,0.431076211107356,6.2164298792217885,3202009.0
ES,56413,ECOPORANGA,67,14296.0,0.05799152720056438,0.018284596381982085,3.1716055410285184,0.046726357022943484,0.5708873782198083,5.799152720056438,3202108.0
ES,56430,FUNDÃO,43,11197.0,0.01442017546389033,0.057482465195018775,0.25086216144292867,0.05742609627578816,0.48515226898923725,1.442017546389033,3202207.0
ES,56456,GUAÇUÍ,72,16713.0,0.04674504260791548,0.04429019024016003,1.05542654828178,0.049123436845569315,0.40519916761157343,4.674504260791548,3202306.0
ES,56472,GUARAPARI,288,74362.0,0.11911733750963281,0.015363370993772467,7.753333403060887,0.04886904601812754,0.3452720761965817,11.91173375096328,3202405.0
ES,56499,IBIRAÇU,37,7623.0,0.037080989521461306,0.044575550685369274,0.8318683437742059,0.05863833136560409,0.41589175759238467,3.7080989521461305,3202504.0
ES,56502,IBITIRAMA,28,5807.0,-0.009360043048673217,0.05510111316203014,-0.16987030772226155,0.05097296366454279,0.3135210355162447,0.9360043048673217,3202553.0
ES,56510,ICONHA,41,9260.0,0.10462893863635296,0.06344034423609976,1.649249226122822,0.05388768898488121,0.37345758187192163,10.462893863635296,3202603.0
ES,56537,ITAGUAÇU,37,8984.0,0.10946098603656972,0.060225075623357736,1.817531732481815,0.05109082813891362,0.43431178998970965,10.94609860365697,3202702.0
ES,56553,ITAPEMIRIM,127,28151.0,0.0888883304987436,0.014102462639084158,6.303036056439869,0.04088664701076338,0.31588908812980065,8.88883304987436,3202801.0
ES,56570,ITARANA,32,7522.0,0.06716894147937524,0.041400130699626544,1.6224330779704796,0.05743153416644509,0.35595704606046136,6.716894147937524,3202900.0
ES,56596,IÚNA,74,16313.0,0.04205324419981476,0.028940607530015802,1.4530878163562795,0.044626984613498434,0.3012346333993543,4.205324419981475,3203007.0
ES,56618,JERÔNIMO MONTEIRO,31,7731.0,0.06778859843368491,0.0638437290930981,1.0617894567974613,0.059371362048894066,0.4438751377331797,6.778859843368491,3203106.0
ES,56626,JOÃO NEIVA,46,10359.0,0.014490404817503872,0.03784844408639725,0.3828533818834505,0.05203204942562023,0.4005546902140097,1.4490404817503872,3203130.0
ES,56634,LINHARES,335,91462.0,0.07060721223338132,0.009526206207054239,7.41189206896404,0.05572806192735781,0.38425658717489963,7.060721223338132,3203205.0
ES,56650,MANTENÓPOLIS,33,7711.0,0.09481041104099791,0.027151881457685125,3.491854190242959,0.05044741278692776,0.4392981253665194,9.481041104099791,3203304.0
ES,56677,MIMOSO DO SUL,71,16126.0,0.021733988977487895,0.028133238369475806,0.7725377609237118,0.05965521518045393,0.515339613833044,2.1733988977487897,3203403.0
ES,56693,MONTANHA,47,11141.0,0.04717150539413166,0.02415110846324077,1.953181795606985,0.05214971726056907,0.545489878353397,4.717150539413166,3203502.0
ES,56715,MUCURICI,22,3886.0,-0.05921053537367261,0.07107960686268593,-0.8330172040492232,0.05120946989191971,0.6331350197109298,5.921053537367261,3203601.0
ES,56731,MUNIZ FREIRE,55,11226.0,0.0405654237423146,0.04119983167152333,0.9846016863790437,0.05709959023694994,0.44207677123089345,4.05654237423146,3203700.0
ES,56758,MUQUI,37,9063.0,-0.014795794874846937,0.06661835554407783,-0.22209787008412937,0.05472801500606863,0.4571936391428814,1.4795794874846937,3203809.0
ES,56774,NOVA VENÉCIA,137,29477.0,0.019614745414711737,0.011880568284646018,1.6509938703909532,0.04515384876344269,0.47118888118384994,1.9614745414711736,3203908.0
ES,56790,PANCAS,50,11411.0,0.06941164729416947,0.030795425975947154,2.253959641551431,0.04819910612566822,0.463197593821676,6.941164729416947,3204005.0
ES,56812,PINHEIROS,66,13899.0,0.0486742709544872,0.028745817820906266,1.6932644344210435,0.047125692495863014,0.6091168437513482,4.86742709544872,3204104.0
ES,56839,PIÚMA,69,13192.0,0.05620320962352717,0.02801028784917608,2.0065202444958232,0.047528805336567614,0.39092394722905544,5.620320962352717,3204203.0
ES,56855,PRESIDENTE KENNEDY,48,9889.0,0.10567929684037168,0.024960699916835007,4.2338274644732685,0.03721306502174133,0.3661365094831154,10.567929684037168,3204302.0
ES,56871,RIO NOVO DO SUL,33,7367.0,-0.0025446722893929423,0.04983012039454686,-0.05106695045576124,0.042079543912040177,0.28098856790286963,0.25446722893929424,3204401.0
ES,56898,SANTA LEOPOLDINA,40,8109.0,0.02888193055785886,0.025495928964836625,1.1328055784000703,0.059563448020717724,0.4697195798347038,2.888193055785886,3204500.0
ES,56910,SANTA TERESA,64,15581.0,0.05504098323717408,0.0331579948644445,1.659961148501016,0.05570887619536615,0.35040057583480655,5.504098323717408,3204609.0
ES,56936,SÃO GABRIEL DA PALHA,81,19160.0,0.0024018898712141927,0.013712611271368243,0.17515918913484466,0.04316283924843424,0.42909994750896113,0.24018898712141928,3204708.0
ES,56952,SÃO JOSÉ DO CALÇADO,33,6991.0,0.1500580025236703,0.04657292835307812,3.22200058768159,0.06193677585467029,0.5231230752972381,15.00580025236703,3204807.0
ES,56979,SÃO MATEUS,268,66953.0,0.04339195425425828,0.008789788415566097,4.936632396908915,0.04897465386166415,0.5191195269879583,4.339195425425828,3204906.0
ES,56995,SERRA,993,277912.0,0.04851016020489533,0.007933903033660879,6.114287003393294,0.05122124989205216,0.46905398550354116,4.851016020489533,3205002.0
ES,57010,VIANA,161,42049.0,0.06085311568457048,0.016584016019925294,3.6693835565195387,0.050227115983733264,0.4487618193724125,6.0853115684570485,3205101.0
ES,57037,VILA VELHA,1092,278801.0,0.09660847631198763,0.006877583448094537,14.046863559140588,0.04662106663892884,0.39123760318197504,9.660847631198763,3205200.0
ES,57053,VITÓRIA,770,220945.0,0.0543849000742004,0.006440211813110616,8.444582515669241,0.04604765891964063,0.45336796006173424,5.43849000742004,3205309.0
ES,57070,MARILÂNDIA,33,8829.0,0.06220600416978804,0.05401017193378273,1.151746086756649,0.05527239778004304,0.3674662556190426,6.220600416978804,3203353.0
ES,57096,IBATIBA,65,15256.0,0.10930070235572197,0.041169205506259514,2.654914055582236,0.04601468274777137,0.30695766345324094,10.930070235572197,3202454.0
ES,57118,RIO BANANAL,50,12034.0,0.04226928683242541,0.033904848045210455,1.2467033262046001,0.052434768156888814,0.4492078748446437,4.226928683242541,3204351.0
ES,57134,JAGUARÉ,67,17455.0,-0.0283341380472667,0.020555341467965237,-1.3784318830910416,0.04732168433113721,0.5892258468028723,2.83341380472667,3203056.0
ES,57150,PEDRO CANÁRIO,63,13181.0,0.01563710215240923,0.021871604649795123,0.7149499272133061,0.0542447462256278,0.5854872251117539,1.563710215240923,3204054.0
ES,57916,LARANJA DA TERRA,30,7806.0,0.024190064333523775,0.04918170631041612,0.49185085569917686,0.05047399436331027,0.37758591490981663,2.4190064333523775,3203163.0
ES,57932,SANTA MARIA DE JETIBÁ,83,24803.0,0.06156044550648008,0.01950227710265449,3.1565773156869446,0.04378502600491876,0.3093685518772766,6.156044550648008,3204559.0
ES,57959,VARGEM ALTA,50,12722.0,-0.024093299978292675,0.030144996376897017,-0.799247068304764,0.042288948278572554,0.28707874362288416,2.4093299978292673,3205036.0
ES,57975,VENDA NOVA DO IMIGRANTE,54,14964.0,0.04255448349425087,0.035920647677538206,1.1846802951958162,0.04490777866880513,0.2577332199672761,4.255448349425087,3205069.0
ES,57991,ÁGUIA BRANCA,28,6768.0,-0.0529221878938906,0.03520706467091171,-1.503169559534886,0.037677304964539006,0.5802402056746624,5.29221878938906,3200136.0
GO,92010,ABADIÂNIA,34,8769.0,0.12402868567810706,0.05681453689777668,2.1830449115736905,0.026912988938305394,0.3251792684474987,12.402868567810705,5200100.0
GO,92029,BONFINÓPOLIS,20,5535.0,0.023594695475026066,0.062359383912118566,0.3783663980432752,0.03739837398373984,0.4895315863140775,2.3594695475026066,5203559.0
GO,92037,ÁGUA LIMPA,8,1782.0,0.02961901175222432,0.029798041366636652,0.9939918999302826,0.023007856341189674,0.4520904769509254,2.9619011752224322,5200209.0
GO,92053,ALEXÂNIA,68,16318.0,0.00885753205346308,0.021304394591071182,0.415760795999119,0.02904767741144748,0.3282968181294372,0.8857532053463081,5200308.0
GO,92061,CAMPOS VERDES,14,2979.0,0.1341935294248424,0.05855051935545694,2.291927226301119,0.030547163477677074,0.6676348727379885,13.419352942484238,5204953.0
GO,92096,ALOÂNDIA,11,1671.0,0.018397335513995635,0.10538295820368698,0.17457600192278505,0.0353081986834231,0.464041172502026,1.8397335513995634,5200506.0
GO,92100,CEZARINA,25,5662.0,-0.01981396730268256,0.06973842740836385,-0.2841183553890439,0.03285058283292123,0.43020387199830085,1.9813967302682562,5205455.0
GO,92118,ALTO PARAÍSO DE GOIÁS,21,5276.0,-0.023494824045518652,0.03258773419149241,-0.7209713908754165,0.02520849128127369,0.6197415855142987,2.3494824045518654,5200605.0
GO,92126,COLINAS DO SUL,11,2377.0,0.07412289264782078,0.06769553280587033,1.094945110490261,0.026503996634413125,0.6712214732635626,7.4122892647820775,5205521.0
GO,92150,ALVORADA DO NORTE,24,4921.0,0.037917504830450026,0.03572764801416898,1.06129305840151,0.029871977240398292,0.5227075400441471,3.7917504830450026,5200803.0
GO,92169,MORRO AGUDO DE GOIÁS,8,2330.0,0.019953189744429497,0.15197859804465794,0.1312894710251662,0.02575107296137339,0.38678931905171,1.9953189744429496,5213855.0
GO,92177,AMORINÓPOLIS,18,2982.0,-0.05082941390274091,0.07688756127653609,-0.6610876071348696,0.031522468142186455,0.4500289864871603,5.08294139027409,5200902.0
GO,92207,EDEALINA,11,3135.0,0.03816513773576815,0.13170545169827058,0.28977644618084775,0.022328548644338118,0.39415019014193364,3.816513773576815,5207352.0
GO,92215,ANÁPOLIS,809,225510.0,0.02345919526480193,0.00642811773993162,3.6494657089232905,0.03566582413196754,0.2942167094320763,2.345919526480193,5201108.0
GO,92223,FAINA,19,4713.0,0.018273516822562445,0.04789857947808543,0.38150435820174894,0.028431996605134735,0.569174914852267,1.8273516822562446,5207535.0
GO,92231,ANHANGÜERA,4,887.0,,,,0.03720405862457723,0.5363948815323054,,5201207.0
GO,92258,ANICUNS,49,12276.0,-0.004366767062575993,0.027824827457515182,-0.1569377948252677,0.03022157054415119,0.3920884519474719,0.43667670625759925,5201306.0
GO,92266,GOUVELÂNDIA,13,2973.0,0.12057048768306422,0.09464811633266654,1.2738815346233248,0.03733602421796166,0.600125585779082,12.057048768306423,5209150.0
GO,92274,APARECIDA DE GOIÂNIA,891,266200.0,-0.012062672309790069,0.006334939325131505,-1.904149620176459,0.035255447032306535,0.4205742112160298,1.2062672309790068,5201405.0
GO,92282,ITAGUARI,16,3967.0,-0.03017513112333015,0.09477091335385243,-0.3184007630132598,0.02419964708847996,0.5215421396037893,3.017513112333015,5210562.0
GO,92290,APORÉ,10,2307.0,-0.029023120278532488,0.13792769150169956,-0.21042272195337122,0.03034243606415258,0.44073292935409775,2.902312027853249,5201504.0
GO,92312,ARAÇU,15,3306.0,-0.04669729684105004,0.10902499903670154,-0.4283173332139185,0.03478523895946763,0.49759470691190916,4.669729684105004,5201603.0
GO,92320,MATRINCHÃ,12,2925.0,0.047791440312707927,0.04478498774074819,1.0671308115425535,0.02017094017094017,0.5133956886198902,4.779144031270793,5212956.0
GO,92339,ARAGARÇAS,47,10565.0,0.006075652787507216,0.032979310710180856,0.18422619080488045,0.025177472787505917,0.4373441502613812,0.6075652787507215,5201702.0
GO,92347,MIMOSO DE GOIÁS,10,2391.0,-0.07930936952891962,0.12143188477809332,-0.6531181631072507,0.02969468841488917,0.5094311024491268,7.930936952891962,5213053.0
GO,92355,ARAGOIÂNIA,25,6945.0,0.0001882284367330015,0.0665999917796815,0.0028262531526381768,0.02865370770338373,0.4442634659421688,0.01882284367330015,5201801.0
GO,92363,MONTIVIDIU,29,7668.0,0.056056320345016473,0.05406652447146009,1.0368027331700733,0.023604590505998956,0.33091406172263554,5.605632034501648,5213756.0
GO,92444,NOVO PLANALTO,12,2779.0,0.05995489354251956,0.09563045710141987,0.6269435006353157,0.03454480028787334,0.46865093847717904,5.995489354251956,5215256.0
GO,92460,PALESTINA DE GOIÁS,11,2786.0,0.03537258730294527,0.04045796216403777,0.8743047205276003,0.017587939698492462,0.4107898535167683,3.537258730294527,5215652.0
GO,92495,ARUANÃ,21,4740.0,0.10304468806070716,0.06900479238949307,1.493297559379327,0.02341772151898734,0.4780014836404221,10.304468806070716,5202502.0
GO,92517,AURILÂNDIA,9,2501.0,0.08117182723779241,0.06447174875710866,1.2590294012901644,0.023990403838464614,0.5480091786106155,8.11718272377924,5202601.0
GO,92550,AVELINÓPOLIS,12,2692.0,0.01315209901090025,0.08427904839878864,0.15605419449763613,0.020059435364041606,0.39766660997682013,1.315209901090025,5202809.0
GO,92568,SANTA FÉ DE GOIÁS,16,3058.0,0.07515626678311563,0.06282149250171543,1.196346406145371,0.021909744931327666,0.46617201536937597,7.515626678311563,5219258.0
GO,92614,BALIZA,13,2070.0,-0.1225401016120995,0.15500314373719037,-0.7905652663398083,0.02753623188405797,0.5960088878228338,12.25401016120995,5203104.0
GO,92622,SÃO JOÃO DA PARAÚNA,6,1705.0,,,,0.01818181818181818,0.3990633999100172,,5220058.0
GO,92630,BARRO ALTO,28,7341.0,0.06763998076635543,0.0307841019714496,2.197237419142109,0.03228442991418063,0.4608228259899458,6.763998076635542,5203203.0
GO,92649,SÃO LUIZ DO NORTE,15,3587.0,-0.06320001519714301,0.023681117837309494,-2.6687935777073695,0.021187621968218568,0.5454164238683491,6.3200015197143005,5220157.0
GO,92657,BELA VISTA DE GOIÁS,66,17956.0,-0.08751389524877332,0.03133724074663025,-2.7926484005514696,0.033415014479839605,0.4131651777400356,8.751389524877332,5203302.0
GO,92665,SÃO MIGUEL DO PASSA QUATRO,10,2897.0,-0.13939358450281808,0.07690290041094607,-1.812592031743153,0.027959958577839145,0.4780283835699903,13.939358450281809,5220264.0
GO,92673,BOM JARDIM DE GOIÁS,22,5467.0,-0.015543595736030275,0.03731072082399685,-0.4165986449136952,0.023961953539418327,0.5344345006969135,1.5543595736030276,5203401.0
GO,92690,BOM JESUS DE GOIÁS,49,13183.0,0.004992432692721304,0.013457596350483235,0.37097506588106544,0.029962830918607297,0.469160760936628,0.49924326927213036,5203500.0
GO,92703,SENADOR CANEDO,224,66750.0,-0.024344378889983264,0.01940953179803656,-1.2542486415074632,0.0329438202247191,0.4505660701730283,2.4344378889983265,5220454.0
GO,92711,BRAZABRANTES,11,2740.0,-0.05513979506321796,0.1263858752374359,-0.43628130880629745,0.028832116788321167,0.43662026079756755,5.513979506321796,5203609.0
GO,92720,SIMOLÂNDIA,20,4195.0,0.11138891106665114,0.055608457538743626,2.003092982556548,0.032419547079856975,0.5801952275414222,11.138891106665113,5220686.0
GO,92754,BRITÂNIA,18,3655.0,0.008601695161022813,0.03573680991983436,0.24069566310810434,0.02106703146374829,0.41368268383724066,0.8601695161022813,5203807.0
GO,92762,TERESINA DE GOIÁS,10,1924.0,0.04335622852953161,0.05629421136039316,0.7701720564476314,0.033783783783783786,0.6653894110492183,4.335622852953161,5221080.0
GO,92770,BURITI ALEGRE,29,6182.0,0.07147542183471865,0.040233648010833,1.7765086033330544,0.032675509543836946,0.46513986294042986,7.147542183471865,5203906.0
GO,92789,TROMBAS,13,2187.0,0.0852529270305694,0.09919677287715976,0.8594324649668018,0.02606310013717421,0.4921099832448423,8.52529270305694,5221452.0
GO,92797,CABECEIRAS,23,5347.0,0.10676980532461612,0.06124357068225218,1.7433634932647226,0.029923321488685244,0.5132369598490821,10.676980532461613,5204003.0
GO,92800,TURVELÂNDIA,15,3198.0,0.04641884980966951,0.04762108905423179,0.9747540581612246,0.021888680425265792,0.5704264633603171,4.641884980966951,5221551.0
GO,92819,CACHOEIRA ALTA,27,6133.0,0.09097006107923275,0.07116461253490197,1.2783047337553815,0.03326267731941954,0.47303504362338966,9.097006107923274,5204102.0
GO,92827,RIO QUENTE,12,2942.0,0.10283152335700627,0.09403334567718379,1.093564443724321,0.032970768184908225,0.4000775933797116,10.283152335700626,5218789.0
GO,92835,CACHOEIRA DE GOIÁS,6,1379.0,,,,0.022480058013052938,0.47779740605797216,,5204201.0
GO,92851,CAÇU,36,8423.0,-0.03045819106471147,0.03489262051907364,-0.872912111833557,0.033242312715184616,0.3723668852319331,3.0458191064711473,5204300.0
GO,92860,GUARINOS,9,1784.0,-0.12743017810731433,0.07508107006797182,-1.697234442609172,0.027466367713004484,0.6343133898628962,12.743017810731432,5209457.0
GO,92878,CAIAPÔNIA,39,10137.0,0.013782716373873578,0.02230511312756894,0.6179173490421912,0.02574726250369932,0.4191032748775941,1.3782716373873578,5204409.0
GO,92886,COCALZINHO DE GOIÁS,45,12274.0,-0.02557424534344598,0.04775938692342975,-0.5354810224940261,0.03438161968388463,0.402330521742176,2.557424534344598,5205513.0
GO,92894,CALDAS NOVAS,204,49721.0,-0.002705450628200335,0.014545698623289081,-0.185996609600356,0.03553830373484041,0.35766375664261096,0.2705450628200335,5204508.0
GO,92908,SANTO ANTÔNIO DE GOIÁS,18,4930.0,0.07206036962785482,0.056241347711376906,1.28127032086178,0.03103448275862069,0.45397558508349317,7.206036962785483,5219738.0
GO,92916,CAMPESTRE DE GOIÁS,12,2853.0,0.033484983721399256,0.05311897208391022,0.630377102713964,0.02138100245355766,0.47825943499308077,3.3484983721399257,5204607.0
GO,92924,CHAPADÃO DO CÉU,21,6525.0,0.0456252028221794,0.04616498830105268,0.9883074706885396,0.019770114942528734,0.3232399774459279,4.56252028221794,5205471.0
GO,92932,CAMPINORTE,29,6914.0,0.046327860575765344,0.029953070592573863,1.5466815140899515,0.02863754700607463,0.3619246007940837,4.632786057576534,5204706.0
GO,92940,ALTO HORIZONTE,16,4451.0,0.0012025630855933202,0.07061301854116082,0.017030331098115255,0.019321500786340148,0.4180998832107431,0.12025630855933202,5200555.0
GO,92959,CAMPO ALEGRE DE GOIÁS,18,4229.0,-0.07102742703296928,0.05446712171888195,-1.304042233029296,0.028139039962165997,0.5010315313287469,7.102742703296928,5204805.0
GO,92967,CASTELÂNDIA,9,2790.0,-0.10749212314183987,0.09256539871664798,-1.1612559836844012,0.013978494623655914,0.5266691666075504,10.749212314183987,5205059.0
GO,92975,CAMPOS BELOS,44,10840.0,0.006768554747043054,0.025203747947587018,0.26855350089672153,0.03690036900369004,0.6180500927756525,0.6768554747043054,5204904.0
GO,92983,JESÚPOLIS,7,1927.0,,,,0.028541774779449924,0.38421740676375277,,5212055.0
GO,92991,CARMO DO RIO VERDE,22,5701.0,0.05345926204328031,0.02944334480044508,1.8156653873941724,0.028065251710226276,0.4065651904702384,5.345926204328031,5205000.0
GO,93009,APARECIDA DO RIO DOCE,9,2247.0,0.16193726947490297,0.1949553175531931,0.8306378687553304,0.03515798842901647,0.4969314139235753,16.193726947490298,5201454.0
GO,93017,CATALÃO,204,59358.0,0.01801235417994431,0.011357735646240335,1.5859106727762944,0.03152060379392837,0.4992919568933658,1.801235417994431,5205109.0
GO,93025,CIDADE OCIDENTAL,125,35758.0,0.019432261787899915,0.014827504597851406,1.3105551011406036,0.030203031489456904,0.46143054258191357,1.9432261787899914,5205497.0
GO,93033,CATURAÍ,16,3794.0,-0.04863573620442186,0.08158700698651683,-0.5961210982094178,0.03690036900369004,0.5423410582326568,4.863573620442186,5205208.0
GO,93041,PROFESSOR JAMIL,10,2396.0,0.2431348635063578,0.08485337375696861,2.8653529346131656,0.022537562604340568,0.5275128979653732,24.31348635063578,5218391.0
GO,93050,CAVALCANTE,28,5258.0,0.06285558108437646,0.037171478449910506,1.6909626333285592,0.03537466717383035,0.826264006044548,6.2855581084376455,5205307.0
GO,93068,PEROLÂNDIA,8,2352.0,0.11326517707006278,0.06774256191520954,1.6719942952826607,0.019982993197278913,0.4461373023826175,11.326517707006278,5216452.0
GO,93076,CERES,54,13746.0,0.0030377484968738193,0.02985582120946298,0.10174727653818436,0.03004510403026335,0.35296657566324263,0.30377484968738194,5205406.0
GO,93084,NOVA IGUAÇU DE GOIÁS,8,2056.0,0.05501324831734433,0.05106430439542497,1.077332766375119,0.014591439688715954,0.4823692622805662,5.501324831734433,5214879.0
GO,93092,DIVINÓPOLIS DE GOIÁS,15,3524.0,-0.04044359422036211,0.08260740910890106,-0.4895879759047455,0.047105561861521,0.6594622402120044,4.044359422036211,5208301.0
GO,93106,BURITI DE GOIÁS,9,2577.0,0.15795439999219926,0.11785713104545467,1.3402192857662558,0.025999223903764065,0.34118374549678426,15.795439999219926,5203939.0
GO,93122,CALDAZINHA,9,2610.0,-0.09208910382885886,0.0571718466360611,-1.610742161523496,0.029885057471264367,0.4604343422693824,9.208910382885886,5204557.0
GO,93149,GUARAÍTA,9,2195.0,0.013001813572701776,0.11205790025093541,0.11602763877947322,0.02733485193621868,0.484322066689861,1.3001813572701777,5209291.0
GO,93157,CÓRREGO DO OURO,8,2379.0,0.050527858096261355,0.05765555521997669,0.8763744951111718,0.019335855401429174,0.2954194035037442,5.052785809626135,5205703.0
GO,93165,INACIOLÂNDIA,14,3702.0,-0.14341503070213021,0.08528710544886474,-1.681555845368876,0.04349000540248514,0.5920270770483427,14.34150307021302,5209937.0
GO,93173,CORUMBÁ DE GOIÁS,29,5781.0,-0.03722069243033612,0.054403139805312084,-0.6841644170453152,0.040477426050856254,0.41542214712997566,3.722069243033612,5205802.0
GO,93181,MONTIVIDIU DO NORTE,14,2604.0,0.1039170211477175,0.053389785338173554,1.9463839475941311,0.023809523809523808,0.4945967461521279,10.39170211477175,5213772.0
GO,93190,CORUMBAÍBA,23,5409.0,-0.006074665520851568,0.026592598047822106,-0.22843445044095925,0.03105934553521908,0.44205651752469727,0.6074665520851569,5205901.0
GO,93203,SANTO ANTÔNIO DA BARRA,15,3220.0,-0.03516389305489164,0.05446613780250286,-0.6456101804463868,0.02236024844720497,0.5612233429880419,3.516389305489164,5219712.0
GO,93220,TEREZÓPOLIS DE GOIÁS,18,5086.0,-0.08051301606258679,0.08001199749561937,-1.0062617930141646,0.03106567046795124,0.44610736087148,8.05130160625868,5221197.0
GO,93246,UIRAPURU,9,2004.0,-0.0022052509206178838,0.0707117719189918,-0.03118647519035789,0.019461077844311378,0.5587702208315812,0.22052509206178839,5221577.0
GO,93254,CRISTALINA,104,27328.0,0.018799909772492934,0.012195050655798472,1.541601613893584,0.02806645199063232,0.34816100709720793,1.8799909772492933,5206206.0
GO,93262,BURITINÓPOLIS,11,2420.0,0.07082785272243344,0.03156731043181569,2.2437088162901677,0.032231404958677684,0.5580850218962992,7.082785272243345,5203962.0
GO,93270,CRISTIANÓPOLIS,10,3004.0,-0.025659012627873082,0.04639393521365352,-0.5530682514795975,0.016644474034620507,0.3435750636882667,2.565901262787308,5206305.0
GO,93289,VILA BOA,12,2736.0,0.04600624876282224,0.13024812477236294,0.3532200470696082,0.029239766081871343,0.648011271668002,4.600624876282224,5222203.0
GO,93297,CRIXÁS,44,9334.0,0.030466905562070178,0.021267659217194555,1.4325462548994663,0.024855367473751874,0.5552441010482807,3.0466905562070177,5206404.0
GO,93300,VALPARAÍSO DE GOIÁS,261,73477.0,-0.008739815248019232,0.011509021847546238,-0.7593881881354313,0.033724839065285735,0.4390851232915407,0.8739815248019231,5221858.0
GO,93319,CROMÍNIA,14,3063.0,0.0027056214852006597,0.06350016810261083,0.042608099569572906,0.025465230166503428,0.4448974067183916,0.270562148520066,5206503.0
GO,93327,NOVO GAMA,156,40881.0,0.019319177528612994,0.016151353320888337,1.1961336703363272,0.03290036936474157,0.4507261476941148,1.9319177528612994,5215231.0
GO,93335,CUMARI,6,2052.0,,,,0.030214424951267055,0.6055904306923864,,5206602.0
GO,93343,ÁGUAS LINDAS DE GOIÁS,282,87984.0,0.015162367128035386,0.013025235926247103,1.1640761989947344,0.030335060920167304,0.47321356045143464,1.5162367128035386,5200258.0
GO,93351,DAMIANÓPOLIS,13,2785.0,0.06020838473170185,0.06425688086330616,0.9369951345721761,0.05062836624775584,0.48648541771106013,6.020838473170185,5206701.0
GO,93360,ABADIA DE GOIÁS,34,9397.0,-0.012442824250032859,0.027198338453047314,-0.45748471994026385,0.020112801958071726,0.41415605494590546,1.2442824250032858,5200050.0
GO,93378,DAMOLÂNDIA,11,2802.0,-0.22078688166951774,0.16504860444677913,-1.3377082612092714,0.04139900071377588,0.47478338328430625,22.078688166951775,5206800.0
GO,93386,AMARALINA,11,2365.0,0.012517734165566263,0.04681392253990175,0.26739340534638595,0.023678646934460888,0.5695815919802039,1.2517734165566263,5200829.0
GO,93394,DAVINÓPOLIS,11,2656.0,0.1334560209187474,0.05530149304149188,2.4132444456538877,0.02635542168674699,0.6115643371691118,13.345602091874738,5206909.0
GO,93408,BONÓPOLIS,10,2403.0,0.03979160227284719,0.03660436349583883,1.0870726457890925,0.023304203079483977,0.561484356779611,3.9791602272847193,5203575.0
GO,93424,PORTEIRÃO,10,2676.0,-0.027201627961975203,0.04826742814261193,-0.5635607491164584,0.02391629297458894,0.4850088975831522,2.7201627961975205,5218052.0
GO,93432,DIORAMA,9,1868.0,-0.15734387341102002,0.1126960823431091,-1.3961787325665713,0.023554603854389723,0.3996058601000249,15.734387341102002,5207105.0
GO,93440,SANTA RITA DO NOVO DESTINO,10,2233.0,-0.061090781856807844,0.052700670929820496,-1.159203114096216,0.0219435736677116,0.5148043463555396,6.109078185680785,5219456.0
GO,93483,SÃO PATRÍCIO,9,1915.0,0.18109937304699572,0.13032161842351464,1.3896341622958157,0.03603133159268929,0.35884040954141,18.10993730469957,5220280.0
GO,93491,EDÉIA,31,7541.0,0.039071372613344243,0.03423776940803736,1.1411775150332133,0.02493038058612916,0.4232122391575742,3.9071372613344244,5207402.0
GO,93505,VILA PROPÍCIO,18,3948.0,-0.04172609959025937,0.03733487452045075,-1.1176172446328503,0.02735562310030395,0.48958301979907576,4.172609959025937,5222302.0
GO,93513,ESTRELA DO NORTE,12,2341.0,-0.05485936870865739,0.09123211961651907,-0.6013163887811743,0.02648440837249039,0.5097729806958716,5.485936870865739,5207501.0
GO,93530,FAZENDA NOVA,21,4265.0,-0.017723424165103474,0.030728916936253754,-0.5767669651966648,0.02063305978898007,0.4379592704422207,1.7723424165103474,5207600.0
GO,93548,IPIRANGA DE GOIÁS,9,2429.0,0.045831226595923764,0.056420933029845154,0.8123089097388779,0.02181967888019761,0.42432416804045153,4.583122659592377,5210158.0
GO,93564,GAMELEIRA DE GOIÁS,10,2649.0,-0.025678659357773588,0.0433736932851955,-0.5920330369131453,0.0362400906002265,0.4531020333058833,2.567865935777359,5208152.0
GO,93572,FIRMINÓPOLIS,30,6710.0,0.009653652142898862,0.020736039312668878,0.4655494714943404,0.02280178837555887,0.335716941561112,0.9653652142898862,5207808.0
GO,93580,CAMPO LIMPO DE GOIÁS,17,4834.0,-0.025706878453576786,0.07979346912066869,-0.3221677004004079,0.027513446421183287,0.3590488768429975,2.5706878453576785,5204854.0
GO,93599,FLORES DE GOIÁS,24,5051.0,0.035530297156426555,0.04086951691453199,0.869359362155637,0.026133438922985548,0.5455484268902252,3.5530297156426554,5207907.0
GO,93602,LAGOA SANTA,5,1142.0,,,,0.03415061295971979,0.39734789091353845,,5212253.0
GO,93610,FORMOSA,237,60259.0,0.007215827104068429,0.009656705306793427,0.7472348875544689,0.03562953251796412,0.4250577124702197,0.721582710406843,5208004.0
GO,93637,FORMOSO,17,3490.0,-0.018204216940867535,0.04452576699973156,-0.4088467906903723,0.024068767908309457,0.5281014566223539,1.8204216940867535,5208103.0
GO,93670,GOIANÁPOLIS,38,8204.0,0.022157539270372915,0.04079517428201598,0.5431411842292528,0.026328620185275476,0.2765943050333439,2.2157539270372917,5208400.0
GO,93696,GOIANDIRA,13,3586.0,0.04896672715866417,0.08795253230745019,0.5567403902311104,0.027607361963190184,0.5575301601454297,4.8966727158664165,5208509.0
GO,93718,GOIANÉSIA,158,44853.0,0.03309500205547802,0.00928500430030921,3.5643496744935157,0.030098321182529596,0.42191046240961066,3.309500205547802,5208608.0
GO,93734,GOIÂNIA,2928,832124.0,0.016487200677807585,0.0040021299280156245,4.119606553099197,0.035973004023438816,0.36053472017224725,1.6487200677807585,5208707.0
GO,93750,GOIANIRA,117,31189.0,0.0036521032466178688,0.01956249481817347,0.1866890333039261,0.027157010484465678,0.44671669274472064,0.3652103246617869,5208806.0
GO,93777,GOIÁS,61,14957.0,0.03333898523540028,0.026712641880723267,1.2480602025162775,0.027411914153907868,0.5665375338256075,3.333898523540028,5208905.0
GO,93793,GOIATUBA,90,21761.0,0.01727263390086634,0.01645287193138118,1.0498248556789405,0.03961215017692202,0.3769516573555395,1.7272633900866339,5209101.0
GO,93815,GUAPÓ,46,10543.0,0.004487468318306254,0.03703856079657959,0.12115666002661366,0.03386132979227924,0.4925466539467053,0.4487468318306254,5209200.0
GO,93831,GUARANI DE GOIÁS,17,3357.0,-0.028827332924334537,0.04038961570197907,-0.7137313000708252,0.03395889186773905,0.6797197734715408,2.8827332924334534,5209408.0
GO,93874,HEITORAÍ,13,3101.0,-0.10932403465392243,0.13436224365255764,-0.8136514520896169,0.023218316672041276,0.4691043998357084,10.932403465392243,5209606.0
GO,93890,HIDROLÂNDIA,61,14710.0,0.01729378480454499,0.03712092110800211,0.46587703883288045,0.03426240652617267,0.4397961059345247,1.729378480454499,5209705.0
GO,93912,HIDROLINA,14,2966.0,0.05189300309964967,0.038856364655441,1.3355084439785123,0.031355360755225894,0.5376170837967552,5.189300309964967,5209804.0
GO,93939,IACIARA,25,5994.0,-0.07883973656513815,0.0663729288895132,-1.1878297053363076,0.03653653653653654,0.5908316061582353,7.883973656513815,5209903.0
GO,93955,INHUMAS,121,32372.0,0.01648864587093202,0.01667657796615658,0.9887307758458631,0.037872235265043866,0.448413750568808,1.6488645870932022,5210000.0
GO,93971,IPAMERI,64,15856.0,0.0186581185684675,0.016001980273691693,1.16598809955682,0.031470736629667005,0.45780793670285314,1.86581185684675,5210109.0
GO,93998,IPORÁ,96,20278.0,0.007919256405296914,0.015401810035643343,0.5141769952343216,0.025742183647302495,0.3946616613752139,0.7919256405296914,5210208.0
GO,94013,ISRAELÂNDIA,10,2160.0,-0.07613749252863289,0.08440133538485536,-0.9020887191116018,0.024537037037037038,0.48207609129910917,7.613749252863289,5210307.0
GO,94030,ITABERAÍ,92,24961.0,-0.02012598294029669,0.011526019226711714,-1.746134770767555,0.026721685829894634,0.46611508641916805,2.0125982940296687,5210406.0
GO,94072,ITAGUARU,18,4427.0,0.00901055233486093,0.028996543849980832,0.3107457351289432,0.03297944431895189,0.5344924839324435,0.9010552334860931,5210604.0
GO,94110,ITAJÁ,16,2840.0,0.058680029806131254,0.05917442320827829,0.9916451504663273,0.025,0.3941145490094085,5.8680029806131255,5210802.0
GO,94137,ITAPACI,46,11950.0,0.035148356888348414,0.021707031365060584,1.6192152808570062,0.030292887029288704,0.49419790849344036,3.5148356888348413,5210901.0
GO,94153,ITAPIRAPUÃ,23,5232.0,0.06869455087189048,0.04088476255958037,1.680199335187127,0.02599388379204893,0.5189600424291865,6.869455087189048,5211008.0
GO,94196,ITAPURANGA,75,17757.0,-0.002443967425040587,0.013220497267563537,-0.18486198934716747,0.02782001464211297,0.47116886384113404,0.24439674250405868,5211206.0
GO,94218,ITARUMÃ,17,3352.0,0.031369715036606544,0.08618966383892852,0.3639614501250446,0.03251789976133652,0.4702964252625796,3.1369715036606545,5211305.0
GO,94234,ITAUÇU,31,5940.0,-0.009176850262530142,0.04338717307742391,-0.21151067496732637,0.030976430976430977,0.4574085952271663,0.9176850262530142,5211404.0
GO,94250,ITUMBIARA,207,58595.0,0.049499884323149376,0.008859420074426451,5.587260103630874,0.032033449953067665,0.41024916156552305,4.949988432314938,5211503.0
GO,94277,IVOLÂNDIA,9,2153.0,0.09651441808757284,0.08628662147435855,1.118532820481952,0.025545750116117046,0.4949496985427719,9.651441808757284,5211602.0
GO,94293,JANDAIA,21,4777.0,0.21865771280987306,0.0572805554204303,3.8173113232747085,0.0347498429976973,0.41422839396273925,21.865771280987307,5211701.0
GO,94315,JARAGUÁ,93,26203.0,0.06287849305506225,0.0234082658481754,2.6861662227731165,0.02873716749990459,0.3145654112366756,6.287849305506225,5211800.0
GO,94331,JATAÍ,249,56039.0,0.03889825540586651,0.009468203714480221,4.108303600014157,0.031531611913131925,0.37197875042408046,3.8898255405866506,5211909.0
GO,94358,JAUPACI,11,2080.0,0.02643732238800935,0.05676596861375031,0.46572485299943406,0.020673076923076922,0.5209750934587275,2.643732238800935,5212006.0
GO,94374,JOVIÂNIA,22,4489.0,0.06706188817385121,0.03781014728602161,1.7736478958029331,0.034751615059033195,0.4724783728332505,6.706188817385121,5212105.0
GO,94390,JUSSARA,48,11361.0,0.028116697402367698,0.019343502178318036,1.4535474053857456,0.032303494410703286,0.4034413536701154,2.81166974023677,5212204.0
GO,94439,LEOPOLDO DE BULHÕES,22,5257.0,-0.003021569115318105,0.03163660515862644,-0.09550863944370484,0.033288948069241014,0.46122035777815434,0.3021569115318105,5212303.0
GO,94455,LUZIÂNIA,352,102565.0,-0.01637666976468853,0.008936621157054637,-1.8325348559461607,0.03532394091551699,0.3966656278722138,1.6376669764688532,5212501.0
GO,94471,MAIRIPOTABA,10,2093.0,-0.1052679504823504,0.12114553928187649,-0.8689378998711396,0.027233635929288104,0.4345510027503774,10.526795048235039,5212600.0
GO,94498,MAMBAÍ,19,4634.0,-0.006824893301872489,0.06380940186394694,-0.10695748749415301,0.0256797583081571,0.3975507341190919,0.6824893301872489,5212709.0
GO,94510,MARA ROSA,30,6384.0,0.09113812701532087,0.05789594894636509,1.5741710546924688,0.03007518796992481,0.4706372054646458,9.113812701532087,5212808.0
GO,94536,MARZAGÃO,7,1995.0,,,,0.030576441102756893,0.4886507685515116,,5212907.0
GO,94552,PARANAIGUARA,23,5447.0,0.0007903130621762186,0.04256404647700662,0.018567620505798264,0.030842665687534424,0.5518122461884536,0.07903130621762186,5216304.0
GO,94579,MAURILÂNDIA,19,5477.0,-0.027415189053779203,0.03942545078252533,-0.6953678020069849,0.02702209238634289,0.5382615558545485,2.7415189053779203,5213004.0
GO,94595,MINEIROS,132,36732.0,0.028981114128034013,0.00849965951607813,3.409679419888849,0.03122617880866819,0.4121068560698932,2.8981114128034013,5213103.0
GO,94650,MOIPORÁ,8,1759.0,0.13763278573868507,0.03279076880977645,4.197302799977362,0.022171688459351906,0.37660515517099263,13.763278573868506,5213400.0
GO,94676,MONTE ALEGRE DE GOIÁS,22,3991.0,0.02953785749109909,0.031846672835751634,0.9275021489195999,0.035830618892508145,0.6913683092862787,2.953785749109909,5213509.0
GO,94714,MONTES CLAROS DE GOIÁS,22,5272.0,0.001257609019538287,0.04549387207406465,0.02764348168673975,0.022382397572078907,0.4068717208754723,0.1257609019538287,5213707.0
GO,94730,MORRINHOS,105,28267.0,-0.004094726601475378,0.014272427956097065,-0.2868976893119397,0.03014115399582552,0.42426718230463145,0.4094726601475378,5213806.0
GO,94757,MOSSÂMEDES,15,3682.0,-0.07621019980934321,0.08440684440134352,-0.9028912329309892,0.027430744160782183,0.5938280333164441,7.621019980934321,5213905.0
GO,94773,MOZARLÂNDIA,41,8853.0,0.02915017748963616,0.052336886549369396,0.5569719448660514,0.02643171806167401,0.45427973356948226,2.915017748963616,5214002.0
GO,94790,MUTUNÓPOLIS,14,2679.0,-0.06489387699372315,0.0809503454718005,-0.8016504020520739,0.0167973124300112,0.42816096873293125,6.4893876993723145,5214101.0
GO,94854,NAZÁRIO,24,5758.0,-0.02120642921038655,0.04043597203434136,-0.5244446502331244,0.02674539770753734,0.40695283555072387,2.1206429210386553,5214408.0
GO,94870,NERÓPOLIS,67,18399.0,0.033657924648043375,0.026219867080521292,1.2836802164053611,0.03369748355888907,0.440067783882935,3.3657924648043376,5214507.0
GO,94897,NIQUELÂNDIA,95,20594.0,0.021126644568635573,0.01383487081162699,1.5270575964381603,0.032533747693502965,0.4663419513021547,2.1126644568635573,5214606.0
GO,94919,NOVA AMÉRICA,10,2025.0,0.18892473956735203,0.10104951279244649,1.869625437535749,0.04049382716049383,0.43920065354485605,18.892473956735202,5214705.0
GO,94935,NOVA AURORA,6,1815.0,,,,0.03691460055096419,0.5573969888095077,,5214804.0
GO,94951,NOVA ROMA,11,2054.0,0.1648386275768113,0.11322544662213033,1.4558443573813469,0.045764362220058426,0.7163352919686113,16.48386275768113,5214903.0
GO,94978,NOVA VENEZA,21,6414.0,0.07616063776740119,0.06051220435909211,1.2585996258779137,0.030090427190520738,0.42911356091601693,7.616063776740119,5215009.0
GO,95010,NOVO BRASIL,14,2638.0,-0.040142438923255974,0.05816404528216273,-0.6901589930431907,0.026156178923426837,0.4381817473150157,4.014243892325597,5215207.0
GO,95036,ORIZONA,43,9574.0,0.02394670795843055,0.023614108521187036,1.0140847763507608,0.0390641320242323,0.4218083384681932,2.394670795843055,5215306.0
GO,95052,OURO VERDE DE GOIÁS,11,3037.0,-0.06643528916256988,0.08695511235151349,-0.7640182085442795,0.04115903852486006,0.4065025880380755,6.643528916256988,5215405.0
GO,95079,OUVIDOR,24,7050.0,-0.11037211318315618,0.05831070535176309,-1.8928276123111407,0.02893617021276596,0.5378699576640669,11.037211318315618,5215504.0
GO,95095,PADRE BERNARDO,60,14733.0,0.02988960016676704,0.024196932313320863,1.2352640318091999,0.03386954455983167,0.4448028380478414,2.988960016676704,5215603.0
GO,95117,PALMEIRAS DE GOIÁS,67,17093.0,-0.028101915854108123,0.022662519206177515,-1.240017298979184,0.029953782250043876,0.36853645451001904,2.8101915854108124,5215702.0
GO,95133,PALMELO,7,1761.0,,,,0.02328222600795003,0.4620755295187802,,5215801.0
GO,95150,PALMINÓPOLIS,15,3284.0,0.19103188949585406,0.13347114771549598,1.4312598098208702,0.021010962241169304,0.3357403730232088,19.103188949585405,5215900.0
GO,95176,PANAMÁ,7,2001.0,,,,0.02948525737131434,0.5062016003773407,,5216007.0
GO,95230,PARAÚNA,30,6853.0,0.013190448461502805,0.030740388260666798,0.42909179772398515,0.02684955493944258,0.402102258237012,1.3190448461502806,5216403.0
GO,95311,PETROLINA DE GOIÁS,29,5808.0,0.04341672863929757,0.09039635738629441,0.48029290000882563,0.04046143250688705,0.3940861443683011,4.341672863929757,5216809.0
GO,95354,PILAR DE GOIÁS,13,2683.0,-0.047573156748830656,0.04917201419939324,-0.9674844019185549,0.024226612001490868,0.5571084778256653,4.757315674883065,5216908.0
GO,95397,PIRACANJUBA,61,14492.0,0.016720707937282742,0.019904173315797306,0.8400604070309241,0.03215567209494894,0.45583407071707355,1.6720707937282742,5217104.0
GO,95419,PIRANHAS,32,7411.0,0.018946380361122478,0.020677860183740553,0.9162640714642429,0.026312238564296316,0.4480075761177278,1.894638036112248,5217203.0
GO,95435,PIRENÓPOLIS,69,15972.0,0.044877002893082954,0.016673289619043304,2.691550612893267,0.036250939143501124,0.44680952984625394,4.487700289308296,5217302.0
GO,95451,PIRES DO RIO,67,16950.0,0.0010553251565952005,0.025504872849512427,0.04137739336408317,0.03746312684365782,0.3627380216665081,0.10553251565952006,5217401.0
GO,95494,PONTALINA,49,11420.0,0.05229861403911638,0.022828337104489782,2.2909515397348197,0.03231173380035026,0.4501366191862997,5.229861403911638,5217708.0
GO,95559,PORANGATU,105,23902.0,0.04439406363824871,0.009498813655149253,4.673642967422878,0.025269851895238893,0.44988944374925144,4.439406363824871,5218003.0
GO,95575,PORTELÂNDIA,10,2499.0,0.04163007206696435,0.11065108508427175,0.3762283219839998,0.03681472589035614,0.46326658023544537,4.1630072066964345,5218102.0
GO,95613,POSSE,83,19373.0,0.017626898810110408,0.009851762330440437,1.7892127539096219,0.03360346874516079,0.5119857291624333,1.7626898810110407,5218300.0
GO,95630,QUIRINÓPOLIS,104,27674.0,0.01903482092810666,0.01269655506397677,1.4992114658024913,0.03262990532629905,0.4668791790487401,1.903482092810666,5218508.0
GO,95656,RIALMA,26,7123.0,0.017863529882521555,0.04452011516755174,0.4012462639706129,0.024708690158641022,0.34277343209735406,1.7863529882521556,5218607.0
GO,95672,RIANÁPOLIS,13,3042.0,0.033944895452473776,0.06725257287550965,0.5047374992672582,0.03353057199211045,0.3449481806624813,3.3944895452473776,5218706.0
GO,95710,RIO VERDE,427,115426.0,0.029733210308574787,0.004944485435826095,6.013408411143826,0.028814998353923725,0.3813966874423897,2.9733210308574787,5218805.0
GO,95737,RUBIATABA,52,12110.0,0.001631745144061286,0.02282969629940413,0.07147467590726889,0.031626754748142034,0.3274579428747032,0.16317451440612862,5218904.0
GO,95753,SANCLERLÂNDIA,22,5652.0,0.04253041771172882,0.05915732045639267,0.7189375276569493,0.02724699221514508,0.4399871327062362,4.2530417711728825,5219001.0
GO,95770,SANTA BÁRBARA DE GOIÁS,18,4250.0,-0.01610663223056857,0.07206043388975507,-0.22351561545147,0.023294117647058823,0.43241272531035474,1.610663223056857,5219100.0
GO,95796,SANTA CRUZ DE GOIÁS,10,2448.0,0.0038661619605480876,0.07364603947280936,0.05249653597428688,0.026143790849673203,0.4643536470815398,0.38661619605480874,5219209.0
GO,95818,SANTA HELENA DE GOIÁS,90,23912.0,0.02355778522792518,0.011363925059355164,2.0730324342056115,0.032912345265975244,0.4637381279645405,2.355778522792518,5219308.0
GO,95834,SANTA RITA DO ARAGUAIA,15,3295.0,0.036212038037635216,0.04153978465057231,0.8717435187073439,0.03186646433990895,0.4549691528736072,3.6212038037635215,5219407.0
GO,95850,SANTA ROSA DE GOIÁS,12,2608.0,0.10814937568624396,0.0899204870849011,1.2027223071437716,0.03067484662576687,0.4902741558445994,10.814937568624396,5219506.0
GO,95877,SANTA TEREZA DE GOIÁS,13,2383.0,-0.04520547933874807,0.04706343629858536,-0.9605222842622494,0.02853545950482585,0.5334710967632007,4.520547933874807,5219605.0
GO,95893,SANTA TEREZINHA DE GOIÁS,26,5926.0,0.04310825945286936,0.04032239406630652,1.0690897812759268,0.02480593992575093,0.5415748990487796,4.310825945286936,5219704.0
GO,95915,SÃO DOMINGOS,28,5192.0,-0.04834561594634923,0.03816692513565543,-1.266688782879837,0.038906009244992296,0.6592393076376739,4.834561594634923,5219803.0
GO,95931,SÃO FRANCISCO DE GOIÁS,17,3795.0,0.01985712642882663,0.04719582203402694,0.420739073355056,0.035836627140974964,0.39579266228746296,1.985712642882663,5219902.0
GO,95958,PLANALTINA,181,48649.0,-0.020967707083540198,0.012565668488712966,-1.6686503469651703,0.03395753252893174,0.48412210455862464,2.0967707083540197,5217609.0
GO,95974,SÃO JOÃO D'ALIANÇA,20,5518.0,-0.01770055291707679,0.03926333350183429,-0.4508163555763767,0.038600942370424066,0.509770217365012,1.770055291707679,5220009.0
GO,95990,SÃO LUÍS DE MONTES BELOS,73,19289.0,-0.0188196012672603,0.018680170168575132,-1.0074641235827566,0.027062056094146924,0.27916350827969305,1.88196012672603,5220108.0
GO,96016,SÃO MIGUEL DO ARAGUAIA,59,13711.0,0.0015627848391196854,0.015857836625546778,0.09854968720021105,0.023484793231711765,0.3875682464503658,0.15627848391196855,5220207.0
GO,96059,SÃO SIMÃO,48,10470.0,-0.007066388328021006,0.02770147145236334,-0.25509072108940767,0.029226361031518624,0.5530999586191166,0.7066388328021006,5220405.0
GO,96075,SERRANÓPOLIS,19,4801.0,0.023015172669252217,0.060024867371045586,0.38342729733967107,0.02603624244948969,0.48380938980176197,2.3015172669252215,5220504.0
GO,96091,SILVÂNIA,52,12789.0,-0.04979055322846087,0.018916874646229136,-2.6320707917989004,0.03166783954961295,0.409492740683733,4.9790553228460865,5220603.0
GO,96113,SÍTIO D'ABADIA,9,2070.0,0.2185431981845852,0.06850706310666914,3.1900827195628256,0.03816425120772947,0.5848337600896975,21.85431981845852,5220702.0
GO,96172,TAQUARAL DE GOIÁS,17,3520.0,-0.12243346230014793,0.10246527021197736,-1.19487765998041,0.03721590909090909,0.4321901396187798,12.243346230014792,5221007.0
GO,96237,TRÊS RANCHOS,11,2803.0,0.1359309807631902,0.07953814629172859,1.7090036303414087,0.02425972172672137,0.5636712659507518,13.593098076319022,5221304.0
GO,96253,TRINDADE,254,70884.0,-0.014456965213127532,0.011033690145715817,-1.3102565888839022,0.030331245415044297,0.4294127471181041,1.4456965213127533,5221403.0
GO,96318,TURVÂNIA,17,3752.0,-0.08478078015479601,0.07239790107505904,-1.1710391999748573,0.0255863539445629,0.372427265499924,8.478078015479602,5221502.0
GO,96334,URUAÇU,101,22553.0,-0.004852695218631504,0.015232568508896894,-0.3185736677171147,0.02749079945018401,0.4465078389040504,0.4852695218631504,5221601.0
GO,96350,URUANA,36,8439.0,0.07253610119378315,0.04105074741075031,1.7669861273899121,0.031401824860765495,0.42912877877226174,7.2536101193783145,5221700.0
GO,96377,URUTAÍ,14,2645.0,0.14637866586553766,0.09132894235918892,1.602763177633689,0.029111531190926274,0.5110992219693732,14.637866586553766,5221809.0
GO,96393,VARJÃO,12,2970.0,0.1193955107195974,0.17460252707237725,0.683813188282807,0.026262626262626262,0.3762986594345896,11.939551071959741,5221908.0
GO,96415,VIANÓPOLIS,31,8764.0,0.03607033309814192,0.025524636197515736,1.4131575791725712,0.028411684162482884,0.34039788994349357,3.607033309814192,5222005.0
GO,96458,ACREÚNA,44,12094.0,-0.046533427739126866,0.021151122948717706,-2.200045257736444,0.02373077559120225,0.44104267901350397,4.653342773912686,5200134.0
GO,96474,MINAÇU,78,16702.0,0.016581526289766384,0.012646687871079542,1.3111358846520624,0.024068973775595737,0.46098251037943844,1.6581526289766384,5213087.0
GO,96512,MUNDO NOVO,17,3712.0,0.12839096517923868,0.06656942182835314,1.9286777870820353,0.020743534482758622,0.49461648717294865,12.839096517923867,5214051.0
GO,96539,NOVA CRIXÁS,30,6477.0,0.0036334248352020695,0.04230318004637597,0.08589011112684276,0.02053419793114096,0.5376797717977794,0.3633424835202069,5214838.0
GO,96555,NOVA GLÓRIA,25,5418.0,0.035821321300938735,0.04370716084765466,0.8195755708268779,0.02897748246585456,0.46052212547232063,3.5821321300938735,5214861.0
GO,96571,VICENTINÓPOLIS,21,5165.0,0.005810457767928052,0.057913464183107506,0.10032999838443225,0.028267182962245885,0.4793871873354972,0.5810457767928051,5222054.0
GO,96610,AMERICANO DO BRASIL,17,4171.0,-0.03188244191521015,0.03328546807011296,-0.9578486878433717,0.025893071205945816,0.5026790489917965,3.1882441915210147,5200852.0
GO,96695,ARAGUAPAZ,22,4504.0,0.14166637818210412,0.03235767035748325,4.378138988901017,0.022868561278863234,0.4738186463436253,14.166637818210411,5202155.0
GO,96717,ARENÓPOLIS,12,2577.0,0.030005372412415767,0.0658339682415229,0.4557734132376169,0.020566550252231277,0.488604579468306,3.0005372412415765,5202353.0
GO,96733,CACHOEIRA DOURADA,23,5531.0,-0.017353451425480178,0.04899707741055555,-0.35417319445550616,0.02675827156029651,0.5403691332875846,1.7353451425480177,5204250.0
GO,96750,DOVERLÂNDIA,23,4561.0,-0.023772079991013446,0.04384923547459879,-0.5421321428690418,0.030475772856829644,0.46438720957360824,2.3772079991013446,5207253.0
GO,96776,SANTO ANTÔNIO DO DESCOBERTO,132,34217.0,0.00011989829694551135,0.019881400005347393,0.006030676758843087,0.03232311424145892,0.4298272606136444,0.011989829694551134,5219753.0
GO,96814,INDIARA,37,9233.0,-0.10765158020821129,0.04759648750018482,-2.2617547189336875,0.034874905231235785,0.49013508440730175,10.76515802082113,5209952.0
GO,96873,CAMPINAÇU,14,2653.0,0.015993688379528113,0.043758228928600276,0.3655012730434041,0.023369770071617037,0.5149636831850257,1.5993688379528113,5204656.0
GO,96890,SANTA ISABEL,14,2930.0,-0.015743541501834903,0.05106085695461066,-0.30832897136508597,0.027303754266211604,0.4101189421873104,1.5743541501834903,5219357.0
GO,96911,ADELÂNDIA,8,2206.0,-0.11377802385011189,0.1764290079266793,-0.6448940862230319,0.017225747960108794,0.30022215544785896,11.377802385011188,5200159.0
GO,96938,ÁGUA FRIA DE GOIÁS,13,3533.0,0.10469712525969631,0.06734454149130359,1.5546490174443637,0.02887064817435607,0.4024497424344006,10.46971252596963,5200175.0
MA,7005,ÁGUA DOCE DO MARANHÃO,40,8153.0,0.008434849646268859,0.030244596578318118,0.2788878213146897,0.029314362811235128,0.8362811953494982,0.8434849646268859,2100154.0
MA,7013,AFONSO CUNHA,25,5255.0,0.0006623065075229773,0.03937540211163735,0.016820310955687572,0.01274976213130352,0.894373406898709,0.06623065075229773,2100105.0
MA,7021,ALTO ALEGRE DO MARANHÃO,61,13800.0,0.010055582516293154,0.02799705545062021,0.3591657177673088,0.029565217391304348,0.796850077698528,1.0055582516293153,2100436.0
MA,7030,ALCÂNTARA,74,12430.0,-0.0045200666418592165,0.019642020083656016,-0.230122289999099,0.024456958970233308,0.7974853730806095,0.45200666418592167,2100204.0
MA,7048,ALTO ALEGRE DO PINDARÉ,81,15390.0,0.02071057297571722,0.025162689419603868,0.8230667489613382,0.0257959714100065,0.83111910338058,2.071057297571722,2100477.0
MA,7056,ALDEIAS ALTAS,68,13691.0,0.052356619867352704,0.027350294253175707,1.914298229580234,0.031334453290482796,0.8465257881413989,5.235661986735271,2100303.0
MA,7064,APICUM-AÇU,48,9652.0,0.01304571808468832,0.016769815873382193,0.7779285224827704,0.018648984666390384,0.745665557019446,1.304571808468832,2100832.0
MA,7072,ALTAMIRA DO MARANHÃO,20,3918.0,0.01377446509511735,0.03607104157305099,0.38187045603386127,0.030883103624298112,0.7733302326151122,1.377446509511735,2100402.0
MA,7080,AMAPÁ DO MARANHÃO,22,4023.0,-0.06352695549988185,0.07061177902959911,-0.8996651319782294,0.03107133979617201,0.7685267415452343,6.352695549988185,2100550.0
MA,7099,ALTO PARNAÍBA,28,6118.0,0.07785073274763855,0.023644768195140838,3.292514103125672,0.02876757110166721,0.6985920537351956,7.785073274763856,2100501.0
MA,7102,ARAGUANÃ,27,5672.0,0.04776414438774637,0.04638654089538773,1.0296983449459067,0.019393511988716503,0.8203327810125444,4.776414438774637,2100873.0
MA,7110,AMARANTE DO MARANHÃO,92,20460.0,0.02240515939642103,0.009931891702547126,2.255880356677169,0.024486803519061583,0.5748899118919317,2.240515939642103,2100600.0
MA,7129,BACABEIRA,47,11627.0,-0.09029224258393173,0.029988720889693052,-3.0108734185780044,0.026576072933688827,0.8073583734651733,9.029224258393173,2101251.0
MA,7137,ANAJATUBA,60,14596.0,-0.08442360215171188,0.016983770617922476,-4.970839753489259,0.02761030419292957,0.8408133419203061,8.442360215171188,2100709.0
MA,7145,BACURITUBA,19,3606.0,-0.018808410706932382,0.04689727439354134,-0.4010555186875138,0.022462562396006656,0.8912950014805219,1.8808410706932381,2101350.0
MA,7153,ANAPURUS,45,11047.0,0.02071469149337505,0.03202823040464877,0.646763534284067,0.03177333212636915,0.8071134604046359,2.071469149337505,2100808.0
MA,7161,BELÁGUA,23,5722.0,-0.008079693540582654,0.044196223231506286,-0.18281411735704287,0.019573575672841664,0.9096060029271662,0.8079693540582654,2101731.0
MA,7170,ARAIOSES,121,24457.0,-0.03223234474599048,0.019409353824580575,-1.6606603721742912,0.03328290468986384,0.8426025567691995,3.223234474599048,2100907.0
MA,7188,BELA VISTA DO MARANHÃO,33,7317.0,-0.013340773931153167,0.02474355617109013,-0.5391615432683947,0.021183545168785022,0.7920181043682338,1.3340773931153167,2101772.0
MA,7196,ARARI,81,17768.0,-0.03345517705317593,0.01568036315800919,-2.1335715707635097,0.02774651058081945,0.7692449266237215,3.3455177053175933,2101004.0
MA,7200,BERNARDO DO MEARIM,18,4001.0,-0.008182467761632724,0.03539271239971383,-0.23119075105695724,0.02224443889027743,0.7543058963852138,0.8182467761632725,2101939.0
MA,7218,AXIXÁ,34,8021.0,-0.023880109097230488,0.0292635716553644,-0.8160353554400441,0.021319037526492956,0.8020014563740558,2.388010909723049,2101103.0
MA,7226,CACHOEIRA GRANDE,31,6070.0,-0.007042042895610312,0.016271722957526186,-0.4327779494520674,0.017792421746293245,0.821283771796977,0.7042042895610312,2102374.0
MA,7234,BACABAL,226,53226.0,-0.0035221985865946373,0.005833041684482912,-0.6038356619265054,0.024950212302258294,0.660789245677737,0.3522198586594637,2101202.0
MA,7242,DAVINÓPOLIS,33,8889.0,-0.022704062503828296,0.02288727447708181,-0.991995028790476,0.019237259534255823,0.6376462755034807,2.2704062503828295,2103752.0
MA,7250,BACURI,49,9717.0,-0.03726305942301401,0.023952684312571616,-1.5556945074192128,0.02315529484408768,0.8511831960028525,3.726305942301401,2101301.0
MA,7269,BOM JESUS DAS SELVAS,76,14895.0,-0.03645585813851573,0.01849195921721374,-1.9714437886375937,0.019671030547163477,0.6746265404604065,3.645585813851573,2102036.0
MA,7277,BALSAS,181,51428.0,0.008027230560708106,0.005970280493307908,1.3445315625799885,0.02360581784242047,0.5181388118309338,0.8027230560708106,2101400.0
MA,7285,BOM LUGAR,37,8663.0,-0.0201326993348507,0.01782308821346617,-1.1295853498407482,0.015929816460810344,0.7706255164659302,2.01326993348507,2102077.0
MA,7293,BARÃO DE GRAJAÚ,46,11551.0,-0.03614147199452275,0.025203667245817817,-1.4339767162463195,0.02692407583758982,0.8762015174202121,3.614147199452275,2101509.0
MA,7307,BREJO DE AREIA,31,5566.0,-0.013567513145286715,0.02384080614642896,-0.5690878513904175,0.026230686309737693,0.7677774205829629,1.3567513145286714,2102150.0
MA,7315,BARRA DO CORDA,220,46186.0,-0.016467013408298224,0.00632131136524063,-2.604999573165525,0.024661152730264584,0.663559044432062,1.6467013408298223,2101608.0
MA,7323,BOA VISTA DO GURUPI,21,4481.0,0.021985514596646574,0.03690941624847316,0.5956614011080723,0.019861638027226066,0.7502943128174617,2.198551459664657,2101970.0
MA,7331,BARREIRINHAS,171,37032.0,-0.021348740373007182,0.008222690704791246,-2.59632049160837,0.0221700151220566,0.8041947447662448,2.134874037300718,2101707.0
MA,7340,BURITICUPU,147,31734.0,-0.0018456034635555409,0.009135242001862486,-0.20203115179425576,0.020923930169534255,0.6761661862696268,0.1845603463555541,2102325.0
MA,7358,BENEDITO LEITE,12,3241.0,0.12440539072794864,0.07694666483079746,1.616774307262192,0.024992286331379204,0.7995794544796357,12.440539072794863,2101806.0
MA,7366,BURITIRANA,40,8831.0,0.001029756677987576,0.016972855377326592,0.060670797876660736,0.0241195787566527,0.6182512065456607,0.1029756677987576,2102358.0
MA,7374,BEQUIMÃO,62,13627.0,-0.018547215394474632,0.022688232547276373,-0.8174817212326726,0.02605122183899611,0.8322454630553136,1.8547215394474632,2101905.0
MA,7382,CAMPESTRE DO MARANHÃO,34,7410.0,0.07701765551260725,0.04673367315797803,1.648012028762592,0.02253711201079622,0.6896746716822953,7.701765551260725,2102556.0
MA,7390,BREJO,81,18708.0,-0.03288035243265633,0.013889536431615172,-2.367275005508069,0.02464186444301903,0.8080666076999636,3.288035243265633,2102101.0
MA,7404,CAPINZAL DO NORTE,31,6901.0,0.04761115664635445,0.03538888778826353,1.3453702453498508,0.027387335168816113,0.7643771628775192,4.761115664635445,2102754.0
MA,7412,BURITI,77,15715.0,-0.006270576013028315,0.03504788059908974,-0.1789145564822306,0.03181673560292714,0.8779908787658435,0.6270576013028315,2102200.0
MA,7420,CENTRAL DO MARANHÃO,28,5240.0,-0.06643579078916617,0.0649220755512975,-1.0233158786901786,0.029770992366412213,0.9054747180573388,6.643579078916617,2103125.0
MA,7439,BURITI BRAVO,66,13180.0,0.01961267906644078,0.03454847214320416,0.5676858584410276,0.02905918057663126,0.8591596303467244,1.9612679066440781,2102309.0
MA,7447,CENTRO DO GUILHERME,24,5681.0,-0.03380168243057784,0.027955098660381154,-1.209141947278571,0.01848266150325647,0.823506566660776,3.3801682430577835,2103158.0
MA,7455,CAJAPIÓ,29,6513.0,-0.015037584007458617,0.039993864401522514,-0.3759972743940732,0.02164900967296177,0.8977989477641531,1.5037584007458618,2102408.0
MA,7463,CENTRO NOVO DO MARANHÃO,47,9099.0,-0.003019071626598133,0.018858108493341633,-0.1600940851339411,0.02242004615891856,0.7936825534430493,0.3019071626598133,2103174.0
MA,7471,CAJARI,53,11518.0,0.02058758320882322,0.018737400771218146,1.0987427477372993,0.01953464143080396,0.8780063032849312,2.0587583208823217,2102507.0
MA,7480,CIDELÂNDIA,35,8310.0,0.0005335580087938339,0.02430161626444101,0.021955659367996646,0.021419975932611312,0.7073326763872012,0.05335580087938339,2103257.0
MA,7498,CÂNDIDO MENDES,57,10928.0,0.005289270649124666,0.012792881444364024,0.4134542067107863,0.020223279648609076,0.7551980297263856,0.5289270649124665,2102606.0
MA,7501,CONCEIÇÃO DO LAGO-AÇU,42,8618.0,0.07372025415943335,0.02759892161424016,2.6711280676052236,0.02483174750522163,0.7728267683471097,7.372025415943336,2103554.0
MA,7510,CANTANHEDE,47,9927.0,-0.05945579464977013,0.032850142316196346,-1.8099098042706563,0.02780296161982472,0.8337398018290662,5.945579464977014,2102705.0
MA,7528,FEIRA NOVA DO MARANHÃO,20,5000.0,0.058263843251647046,0.042974026058445594,1.3557920584961478,0.032,0.6695208081407321,5.826384325164705,2104073.0
MA,7536,CAROLINA,65,13922.0,0.01865680196246152,0.01617482758087583,1.1534467288244996,0.03067088062060049,0.6358191958623277,1.865680196246152,2102804.0
MA,7544,FERNANDO FALCÃO,31,7212.0,-0.020012349893892292,0.012261780194472145,-1.6320917172299547,0.012756516916250694,0.7796991517974566,2.0012349893892294,2104081.0
MA,7552,CARUTAPERA,68,13470.0,-0.008207516836190039,0.017871011124354397,-0.45926426764991124,0.027319970304380103,0.7332449379660564,0.8207516836190039,2102903.0
MA,7560,FORMOSA DA SERRA NEGRA,40,10476.0,0.01556775024207307,0.017075944168522844,0.9116772746756855,0.032741504390988926,0.6327427768082631,1.556775024207307,2104099.0
MA,7579,CAXIAS,366,86883.0,0.007225981218038208,0.006335931522118332,1.140476533373628,0.027772982056328627,0.7718672142754839,0.7225981218038209,2103000.0
MA,7595,CEDRAL,35,6432.0,-0.037473172260899024,0.03127215191411361,-1.198292089518368,0.02845149253731343,0.8159299669357675,3.747317226089902,2103109.0
MA,7609,GOVERNADOR EDISON LOBÃO,41,11393.0,-0.03246062665513504,0.02953629907793013,-1.0990079213881607,0.02238216448696568,0.6211018367246387,3.246062665513504,2104552.0
MA,7617,CHAPADINHA,175,44136.0,-0.018436412406062395,0.006864549877163715,-2.68574236271409,0.026169113648722132,0.7397642027977152,1.8436412406062395,2103208.0
MA,7625,GOVERNADOR LUIZ ROCHA,21,4834.0,0.032876489842656904,0.04001517353270777,0.8216005814840259,0.03103020273065784,0.7299443814035517,3.2876489842656906,2104628.0
MA,7633,CODÓ,246,58076.0,0.029555889252910632,0.00837143249760065,3.5305653197802997,0.028703767477098973,0.7691713936448141,2.955588925291063,2103307.0
MA,7641,GOVERNADOR NEWTON BELLO,32,5610.0,-0.02736712989246627,0.03430352500525333,-0.79779351796281,0.023707664884135473,0.8125166779701313,2.736712989246627,2104651.0
MA,7650,COELHO NETO,101,24778.0,-0.012154102248674742,0.016283401762795434,-0.746410512110843,0.026757607555089193,0.8203807388234539,1.2154102248674743,2103406.0
MA,7668,GOVERNADOR NUNES FREIRE,63,12639.0,0.016729756079255892,0.016463068865312933,1.0161991191390116,0.022470132130706543,0.6999793679741264,1.672975607925589,2104677.0
MA,7676,COLINAS,82,21531.0,0.018658578319428593,0.020584738309627704,0.9064277640440916,0.028749245274255725,0.8040817615275898,1.8658578319428594,2103505.0
MA,7684,IGARAPÉ DO MEIO,43,8283.0,-0.02105625420680425,0.02427660386518521,-0.8673476044563538,0.022093444404201378,0.8313771521353298,2.105625420680425,2105153.0
MA,7692,COROATÁ,143,33769.0,0.002343314635726365,0.010776078075781884,0.2174552392110745,0.0313897361485386,0.744676864269227,0.2343314635726365,2103604.0
MA,7706,ITAIPAVA DO GRAJAÚ,33,7629.0,-0.02831648222164616,0.024533288339651946,-1.154206555175876,0.01651592607156901,0.7685557946656734,2.831648222164616,2105351.0
MA,7714,CURURUPU,99,18792.0,0.016096726862563505,0.0165160337249494,0.9746121333142787,0.02373350361856109,0.8339054437854809,1.6096726862563506,2103703.0
MA,7722,ITINGA DO MARANHÃO,63,13493.0,0.036655243991770455,0.013024485657378543,2.8143333223300666,0.018898688208700807,0.5303936814258907,3.6655243991770456,2105427.0
MA,7730,DOM PEDRO,60,13773.0,0.028503314769985397,0.022740184064524386,1.2534337756065805,0.02533943222246424,0.6903197556442012,2.8503314769985395,2103802.0
MA,7749,JATOBÁ,24,5071.0,-0.0972762757240139,0.03858210635029677,-2.5212795496652727,0.02228357325971209,0.8253969106291915,9.72762757240139,2105450.0
MA,7757,DUQUE BACELAR,36,7201.0,-0.02658369635028433,0.03655662323241155,-0.7271923388896296,0.02124704902096931,0.8906478204784545,2.658369635028433,2103901.0
MA,7765,JENIPAPO DOS VIEIRAS,48,9800.0,0.10817300387168731,0.03012171954667035,3.591196170062102,0.03193877551020408,0.8000623033543912,10.81730038716873,2105476.0
MA,7773,ESPERANTINÓPOLIS,54,10992.0,-0.013925420183057386,0.016040397113437865,-0.8681468472742079,0.024563318777292575,0.7584000384158783,1.3925420183057386,2104008.0
MA,7781,JUNCO DO MARANHÃO,17,3624.0,0.019351802816099193,0.06037871924368006,0.3205070107233978,0.017660044150110375,0.8087522858892834,1.9351802816099193,2105658.0
MA,7790,FORTALEZA DOS NOGUEIRAS,30,8168.0,0.020974688641048192,0.022609678296208812,0.9276862928458927,0.033178256611165524,0.6986326144361323,2.0974688641048194,2104107.0
MA,7803,LAGO DOS RODRIGUES,29,6438.0,-0.0077682499399647515,0.018494285743243737,-0.42003514208720494,0.016309412861136997,0.7670373577258248,0.7768249939964752,2105948.0
MA,7811,FORTUNA,42,9402.0,0.011208884826606725,0.026294460060463824,0.4262831334369299,0.030844501169963838,0.8204265465863759,1.1208884826606724,2104206.0
MA,7820,LAGOA DO MATO,31,6249.0,0.06359172960727283,0.06530408671675628,0.9737787143871951,0.03168506961113778,0.8680839824214075,6.359172960727283,2105922.0
MA,7838,GODOFREDO VIANA,30,5813.0,-0.023844347491128282,0.018546915014856905,-1.2856233757488993,0.017374849475313953,0.7137507623852732,2.3844347491128284,2104305.0
MA,7846,LAGOA GRANDE DO MARANHÃO,29,7389.0,0.00977345548568974,0.024140150296637367,0.40486307523326176,0.020029773988361078,0.790686510916306,0.977345548568974,2105963.0
MA,7854,GONÇALVES DIAS,48,9741.0,0.03193077105030666,0.028992451296711227,1.1013477516448822,0.02607535160661123,0.7787280352308288,3.1930771050306657,2104404.0
MA,7862,LAJEADO NOVO,21,4893.0,-0.001747380573458381,0.036139490622628244,-0.048351001725638124,0.014510525240138974,0.5964262463003231,0.1747380573458381,2105989.0
MA,7870,GOVERNADOR ARCHER,30,6177.0,-0.03289674989110019,0.030517485992063165,-1.0779639548177662,0.02735955965679132,0.8206080981549878,3.289674989110019,2104503.0
MA,7889,MARACAÇUMÉ,48,10660.0,0.03854437931241188,0.02665520442751393,1.4460357795127525,0.02654784240150094,0.6942949726538605,3.8544379312411876,2106326.0
MA,7897,GOVERNADOR EUGÊNIO BARROS,44,8440.0,-0.009104984969376782,0.029751275095230182,-0.30603679809463097,0.026540284360189573,0.8138572854410302,0.9104984969376781,2104602.0
MA,7900,MARAJÁ DO SENA,24,4514.0,-0.018466240679438996,0.02813877872658378,-0.6562559398497716,0.020824102791315906,0.7788431106712963,1.8466240679438997,2106359.0
MA,7919,GRAÇA ARANHA,22,4631.0,-0.03983256251709857,0.028180195298898158,-1.4134949064265716,0.015979270136039732,0.7974231770806346,3.983256251709857,2104701.0
MA,7927,MARANHÃOZINHO,29,5913.0,-0.03977805861049508,0.03302028541525011,-1.2046552024085158,0.021816336884830034,0.811845809771443,3.977805861049508,2106375.0
MA,7935,GRAJAÚ,149,37924.0,0.016376931837030206,0.008805331139328614,1.8598882401916015,0.018879864993144185,0.6566032795646528,1.6376931837030206,2104800.0
MA,7943,MATÕES DO NORTE,19,4971.0,0.03977101180747757,0.051291181208414555,0.7753966836106507,0.0315831824582579,0.8524752446133781,3.9771011807477574,2106631.0
MA,7951,GUIMARÃES,33,6941.0,-0.16359520151590523,0.07326717558163001,-2.232858032498291,0.042357009076501945,0.8723090192189537,16.359520151590523,2104909.0
MA,7960,MILAGRES DO MARANHÃO,21,4349.0,-0.03265692223936864,0.07221666376419979,-0.45220757283941115,0.020924350425385145,0.8557156819743438,3.265692223936864,2106672.0
MA,7978,HUMBERTO DE CAMPOS,88,15907.0,0.007317971965000977,0.01557050277292398,0.4699894455384203,0.025020431256679448,0.8263527850698902,0.7317971965000977,2105005.0
MA,7986,NOVA COLINAS,15,3512.0,-0.08556998966418039,0.06567868413860109,-1.3028578569510143,0.02847380410022779,0.7512195995872694,8.556998966418039,2107258.0
MA,7994,ICATU,85,15617.0,-0.009379463974563781,0.011038152282499806,-0.8497313440252355,0.01869757315745662,0.8180285450443266,0.9379463974563782,2105104.0
MA,8001,NOVA OLINDA DO MARANHÃO,50,9368.0,0.0614459143780174,0.016991272765607524,3.6163220510703393,0.025085397096498718,0.8052140844351127,6.14459143780174,2107357.0
MA,8010,IGARAPÉ GRANDE,33,6663.0,-0.0011174883551268592,0.019217654006132377,-0.05814905163607729,0.021011556355995796,0.6579677223363083,0.11174883551268591,2105203.0
MA,8028,OLINDA NOVA DO MARANHÃO,31,7537.0,0.024530499572846746,0.056409849626010075,0.4348619919301461,0.038211489982751756,0.8466686684860715,2.4530499572846747,2107456.0
MA,8036,IMPERATRIZ,519,148673.0,-0.01154030647543737,0.005178315774774822,-2.2285829944272177,0.02583522226631601,0.45200051357575927,1.154030647543737,2105302.0
MA,8044,PAULINO NEVES,56,10917.0,-0.04452012937654122,0.030100755390033908,-1.4790369477332599,0.026838875148850416,0.8342578772469867,4.452012937654122,2108058.0
MA,8052,SÃO LUÍS GONZAGA DO MARANHÃO,50,13202.0,0.03720564403933098,0.03551477701683517,1.0476102390195012,0.024693228298742615,0.8593370724461411,3.720564403933098,2111409.0
MA,8060,PEDRO DO ROSÁRIO,64,12693.0,-0.0033741981604227126,0.021663828573416026,-0.15575262465671633,0.022768455053966755,0.8589027343622686,0.3374198160422713,2108256.0
MA,8079,ITAPECURU MIRIM,156,34363.0,-0.02464684156717417,0.012809820765253065,-1.9240582689516859,0.02758781247271775,0.7959764485985462,2.464684156717417,2105401.0
MA,8087,PERITORÓ,53,12387.0,0.009693351749235584,0.018468136911261368,0.5248689565066437,0.021797045289416325,0.824848442657517,0.9693351749235585,2108454.0
MA,8095,JOÃO LISBOA,70,16707.0,-0.006672366838380109,0.01412977622174333,-0.472220276787715,0.02513916322499551,0.641983514371704,0.6672366838380109,2105500.0
MA,8109,PORTO RICO DO MARANHÃO,23,4308.0,0.0460721673387843,0.017140923358742243,2.6878462947730584,0.0201949860724234,0.7537144960822918,4.60721673387843,2109056.0
MA,8117,JOSELÂNDIA,38,9331.0,-0.012741386206937643,0.015637039754365162,-0.814820861690322,0.021326760261493945,0.7878849872613697,1.2741386206937644,2105609.0
MA,8125,PRESIDENTE MÉDICI,22,3987.0,0.09535386546501803,0.04785988421987952,1.9923547041388574,0.0218209179834462,0.8214929656176294,9.535386546501803,2109239.0
MA,8133,LAGO DA PEDRA,109,26100.0,-0.023921318088400235,0.009321124860941013,-2.566355289224745,0.02157088122605364,0.5874537787534778,2.3921318088400234,2105708.0
MA,8141,PRESIDENTE SARNEY,55,10558.0,-0.022299338953120394,0.029340124517801474,-0.7600287769600556,0.019795415798446677,0.8479105670444437,2.2299338953120396,2109270.0
MA,8150,LAGO DO JUNCO,32,6357.0,-0.025817252077011223,0.01848608114464803,-1.396577883381501,0.016989145823501653,0.7672554840622043,2.581725207701122,2105807.0
MA,8168,RAPOSA,70,16592.0,-0.007715690950435609,0.019926872660179954,-0.3872002938952856,0.025253134040501446,0.6690545609816647,0.771569095043561,2109452.0
MA,8176,LAGO VERDE,44,9220.0,0.010040009864160765,0.020656815592119952,0.48603860645349284,0.018546637744034707,0.8326370305831516,1.0040009864160764,2105906.0
MA,8184,RIBAMAR FIQUENE,21,4972.0,0.021856019854916163,0.04489433162220619,0.4868325034625411,0.016894609814963796,0.6713118280302045,2.1856019854916164,2109551.0
MA,8192,LIMA CAMPOS,40,8371.0,0.009132025063719096,0.016138095459982436,0.5658675824767389,0.026759049098076693,0.6873999785255105,0.9132025063719096,2106003.0
MA,8206,SANTA FILOMENA DO MARANHÃO,19,4630.0,0.14157920022607734,0.05675508199386359,2.494564279572092,0.021166306695464362,0.8063798539252819,14.157920022607733,2109759.0
MA,8214,LORETO,32,6484.0,0.08472255094754746,0.03828708372690006,2.2128232996764488,0.02853177051202961,0.7767276716362254,8.472255094754747,2106102.0
MA,8222,SANTANA DO MARANHÃO,28,5699.0,0.059177865672637595,0.032519072284581695,1.8197894809162702,0.023161958238287417,0.8102707599052482,5.917786567263759,2110237.0
MA,8230,LUÍS DOMINGUES,20,4254.0,0.059345388547705394,0.04815034056817374,1.232501948011793,0.019746121297602257,0.6857299105736914,5.9345388547705396,2106201.0
MA,8249,SANTO AMARO DO MARANHÃO,44,8071.0,-0.04463902299678642,0.02147933348940882,-2.0782312923628354,0.022673770288687896,0.8544083685511034,4.463902299678642,2110278.0
MA,8257,MAGALHÃES DE ALMEIDA,48,9444.0,-0.016418490332226556,0.021407932751108447,-0.7669348798461846,0.03324862346463363,0.7752280712157271,1.6418490332226556,2106300.0
MA,8265,SÃO DOMINGOS DO AZEITÃO,22,5080.0,0.02931163321150839,0.019753496749370426,1.4838706069821586,0.025,0.7669006752451871,2.931163321150839,2110658.0
MA,8273,MATA ROMA,47,11882.0,-0.017229555021189346,0.01842082291424869,-0.9353303650654018,0.024322504628850362,0.8124736442526106,1.7229555021189347,2106409.0
MA,8281,SÃO FRANCISCO DO BREJÃO,26,6037.0,0.029592524907549073,0.024477318374579435,1.2089774073569253,0.020208712936889184,0.602020584807117,2.959252490754907,2110856.0
MA,8290,MATINHA,63,14750.0,-0.007177051950964981,0.013088109896617874,-0.5483642793081694,0.02440677966101695,0.768576812107806,0.7177051950964981,2106508.0
MA,8303,SÃO JOÃO DO CARÚ,41,7183.0,0.0469932000645021,0.029481230244729442,1.594004038311915,0.02311012111930948,0.756090457376505,4.699320006450209,2111029.0
MA,8311,MATÕES,91,18877.0,0.004715707912483935,0.019338494521778337,0.24385082857268284,0.025745616358531547,0.8440787867982369,0.4715707912483935,2106607.0
MA,8320,SÃO JOÃO DO PARAÍSO,32,6677.0,0.029157687647607414,0.02625330225651203,1.110629335796222,0.02291448255204433,0.6291941427033398,2.9157687647607413,2111052.0
MA,8338,MIRADOR,49,12213.0,0.05837889494697858,0.03101911741298685,1.8820295293939262,0.02489150904773602,0.8280450309464861,5.837889494697858,2106706.0
MA,8346,SÃO JOÃO DO SOTER,46,10447.0,-0.03647114296257539,0.036216420951048774,-1.0070333292146927,0.020005743275581505,0.8792940363283603,3.647114296257539,2111078.0
MA,8354,MIRINZAL,38,8396.0,0.11359561319882017,0.032982959048599006,3.4440698007550443,0.032991900905192946,0.8007190384486361,11.359561319882017,2106805.0
MA,8362,SÃO JOSÉ DOS BASÍLIOS,22,4916.0,-0.07031057774184563,0.04833749891984215,-1.4545762464549794,0.024206672091131,0.8543286886609656,7.031057774184562,2111250.0
MA,8370,MONÇÃO,80,14473.0,-0.025604829538345343,0.01649091774275507,-1.552662498095006,0.026739445864713603,0.8143716286131601,2.5604829538345344,2106904.0
MA,8389,SÃO PEDRO DA ÁGUA BRANCA,29,6843.0,0.05069519592748166,0.021941352972584975,2.3104863219156857,0.013444395732865702,0.6395029175290522,5.069519592748166,2111532.0
MA,8397,MONTES ALTOS,23,5933.0,-0.04230538128790518,0.01841128355193826,-2.2977964121057415,0.02410247766728468,0.6615637231972438,4.230538128790518,2107001.0
MA,8400,SÃO PEDRO DOS CRENTES,14,3565.0,0.030889085573846693,0.02831264912782463,1.0909994834602048,0.01935483870967742,0.37690517917581307,3.088908557384669,2111573.0
MA,8419,MORROS,56,11950.0,-0.005402289696208947,0.011807447565355414,-0.4575323893082504,0.021589958158995816,0.7921802092635546,0.5402289696208946,2107100.0
MA,8427,SÃO RAIMUNDO DO DOCA BEZERRA,22,3892.0,-0.06787349578456664,0.048690539677222505,-1.3939770689442152,0.023895169578622817,0.8079553448683241,6.787349578456664,2111631.0
MA,8435,NINA RODRIGUES,35,7187.0,0.006480701750868525,0.018127877745676237,0.3574991977433358,0.023514679282037012,0.8310634489839637,0.6480701750868525,2107209.0
MA,8443,SÃO ROBERTO,17,3540.0,-0.018983582377695766,0.04120297833588677,-0.4607332562937941,0.0192090395480226,0.8331759320942952,1.8983582377695767,2111672.0
MA,8451,NOVA IORQUE,13,2970.0,-0.017898222238242726,0.06064295058194326,-0.29514101913721874,0.02053872053872054,0.8170603241296922,1.7898222238242727,2107308.0
MA,8460,SATUBINHA,28,5340.0,-0.023889342502162698,0.029365345453827126,-0.8135215892394431,0.025842696629213482,0.7754622554918383,2.38893425021627,2111722.0
MA,8478,OLHO D'ÁGUA DAS CUNHÃS,52,11109.0,-0.035348396596902996,0.023892697494962856,-1.4794644516114295,0.029615626969124134,0.7943972095501012,3.5348396596902996,2107407.0
MA,8486,SENADOR ALEXANDRE COSTA,29,6041.0,-0.010267167525943801,0.03980598760567752,-0.2579302296843251,0.02168515146498924,0.7903205755816106,1.02671675259438,2111748.0
MA,8494,PAÇO DO LUMIAR,247,62463.0,-0.005765554529879845,0.010286692736626109,-0.5604867062230213,0.029921713654483453,0.635954567499374,0.5765554529879845,2107506.0
MA,8508,SENADOR LA ROCQUE,43,9418.0,-0.045321420421332984,0.026174737625857755,-1.7314947362284319,0.027394351242301974,0.6905145269060586,4.532142042133298,2111763.0
MA,8516,PALMEIRÂNDIA,55,11688.0,-0.0026063270570438083,0.027156426614369667,-0.09597459540809708,0.020790554414784394,0.864737086915218,0.26063270570438085,2107605.0
MA,8524,SERRANO DO MARANHÃO,35,6272.0,0.14059458590680024,0.060101426422239854,2.3392886704395224,0.025191326530612245,0.9190043527369486,14.059458590680023,2111789.0
MA,8532,PARAIBANO,45,11028.0,0.044663633348090585,0.03710352836644123,1.2037570364463557,0.030649256438157416,0.8373803761423521,4.466363334809058,2107704.0
MA,8540,SUCUPIRA DO RIACHÃO,15,3488.0,0.1836011302450737,0.08515193739117469,2.1561591652535026,0.0389908256880734,0.8839373619869991,18.36011302450737,2111953.0
MA,8559,PARNARAMA,97,18947.0,0.0009245003935766158,0.02346217409632056,0.039403867253785314,0.03024225471050826,0.8695473661344661,0.09245003935766158,2107803.0
MA,8567,TRIZIDELA DO VALE,56,13208.0,0.00982846196280322,0.01708562604947757,0.5752474000274486,0.020972138098122352,0.686892254918871,0.9828461962803219,2112233.0
MA,8575,PASSAGEM FRANCA,46,10536.0,0.05370716041095346,0.030487193273274812,1.761630200902533,0.03141609719058466,0.8130875557796435,5.3707160410953465,2107902.0
MA,8583,TUFILÂNDIA,21,4298.0,-0.036020853175209394,0.0346678756561235,-1.0390268366168816,0.01582131223825035,0.8239675002884412,3.6020853175209395,2112274.0
MA,8591,PASTOS BONS,47,11337.0,0.000692990838193217,0.022141356380685265,0.03129848173157715,0.01808238511069948,0.8063265906683188,0.06929908381932169,2108009.0
MA,8605,TURILÂNDIA,64,10716.0,0.027439265122893797,0.022807603789780632,1.2030753153993523,0.026409107876073163,0.7949170542981961,2.74392651228938,2112456.0
MA,8613,PEDREIRAS,105,22947.0,0.0034146315154144824,0.00995056661791388,0.3431595050343328,0.022791650324661177,0.6572783979450776,0.34146315154144824,2108207.0
MA,8621,VILA NOVA DOS MARTÍRIOS,26,6124.0,-0.024709648476325796,0.032811706552734216,-0.7530741638388427,0.02008491182233834,0.6321078691453089,2.4709648476325796,2112852.0
MA,8630,PENALVA,98,18131.0,0.019963229648799506,0.017779400460748686,1.1228291804817618,0.02454359936021179,0.8675130341731695,1.9963229648799505,2108306.0
MA,8656,PERI MIRIM,36,8040.0,-0.018163341475608333,0.03843979173661998,-0.4725140448225914,0.023880597014925373,0.8291984049541626,1.8163341475608334,2108405.0
MA,8672,PINDARÉ-MIRIM,81,18976.0,-0.018617581288044933,0.019380946664769475,-0.9606125856528885,0.0237141652613828,0.7676021654497299,1.8617581288044933,2108504.0
MA,8699,PINHEIRO,188,45038.0,-0.0010966643574667075,0.009215484079442062,-0.11900236037661338,0.025023313646254274,0.7466591693152955,0.10966643574667075,2108603.0
MA,8710,PIO XII,69,14308.0,-0.004396106388308374,0.01731795056369088,-0.25384680318497543,0.02530053117137266,0.798406446884828,0.43961063883083734,2108702.0
MA,8737,PIRAPEMAS,41,9220.0,-0.0009622010313738925,0.04830242485726543,-0.019920346322513095,0.02700650759219089,0.8306755196175304,0.09622010313738925,2108801.0
MA,8753,POÇÃO DE PEDRAS,60,11202.0,-0.016571746738655805,0.01874353391703406,-0.8841313922981971,0.02919121585431173,0.7430917741714294,1.6571746738655806,2108900.0
MA,8770,PORTO FRANCO,58,14014.0,0.01019091573032032,0.016119446088272316,0.6322125260702791,0.020836306550592265,0.61089713440849,1.019091573032032,2109007.0
MA,8796,PRESIDENTE DUTRA,96,24233.0,-0.012564923497637284,0.010170538374103146,-1.2354236359434885,0.021705938183468824,0.6770422409525512,1.2564923497637284,2109106.0
MA,8818,PRESIDENTE JUSCELINO,34,7174.0,0.0034474315241265915,0.028056464632019447,0.12287476591730696,0.02313911346529133,0.836070447030998,0.3447431524126591,2109205.0
MA,8834,PRESIDENTE VARGAS,36,7333.0,0.032198837654804864,0.03715486703088648,0.8666115701083866,0.025773898813582434,0.8698071995567576,3.2198837654804864,2109304.0
MA,8850,PRIMEIRA CRUZ,46,7169.0,-0.0028721272092409097,0.02737183300953846,-0.10493002818773733,0.019807504533407728,0.880732332419982,0.28721272092409095,2109403.0
MA,8877,RIACHÃO,53,12669.0,-0.00374543825757449,0.020754493153655233,-0.18046397133600212,0.030704870155497672,0.7220352789329234,0.37454382575744904,2109502.0
MA,8893,SÃO JOSÉ DE RIBAMAR,345,93190.0,-0.03253664144654009,0.008124380390663473,-4.0048151221391795,0.02946668097435347,0.6403632325825782,3.253664144654009,2111201.0
MA,8915,ROSÁRIO,103,24131.0,-0.031718593937457545,0.014085507866051956,-2.2518601557778255,0.030583067423645933,0.7753958708470323,3.1718593937457547,2109601.0
MA,8931,SAMBAÍBA,19,4109.0,-0.013388890499387381,0.026158940504566446,-0.5118284701572735,0.01825261620832319,0.6962757456639624,1.338889049938738,2109700.0
MA,8958,SANTA HELENA,85,16844.0,-0.010578574824367092,0.012566007563792454,-0.841840558400432,0.023687960104488245,0.765577001760544,1.0578574824367093,2109809.0
MA,8974,SANTA LUZIA,166,33177.0,-0.02446018316506263,0.012866427749306138,-1.901085805761566,0.022937577237242667,0.7749004285676162,2.446018316506263,2110005.0
MA,8990,SANTA QUITÉRIA DO MARANHÃO,70,15794.0,-0.023507884212447205,0.020184637992798283,-1.1646423493368883,0.025452703558313285,0.8276990199454823,2.3507884212447205,2110104.0
MA,9016,SANTA RITA,81,18901.0,-0.025526264770979957,0.01270465910224719,-2.0092050141246918,0.027670493624675944,0.8075277449297906,2.552626477097996,2110203.0
MA,9032,SANTO ANTÔNIO DOS LOPES,50,11614.0,-0.00429724584550018,0.02043090821337246,-0.21033063242325872,0.02445324608231445,0.7338578186446446,0.429724584550018,2110302.0
MA,9059,SÃO BENEDITO DO RIO PRETO,52,11476.0,0.018922831724981055,0.020528248462547347,0.9217947531911802,0.02422446845590798,0.8548048714613087,1.8922831724981055,2110401.0
MA,9075,SÃO BENTO,91,20216.0,-0.004063417613611093,0.012297232819505613,-0.33043349453104487,0.025079145231499803,0.8086808294074322,0.40634176136110933,2110500.0
MA,9091,SÃO BERNARDO,74,16440.0,-0.009976255533075986,0.01871182105542644,-0.5331525725649704,0.029805352798053526,0.7973614301409786,0.9976255533075986,2110609.0
MA,9113,SÃO DOMINGOS DO MARANHÃO,93,22045.0,0.00980852074565017,0.009442776635775186,1.0387326867914375,0.030528464504422773,0.6982721412464472,0.980852074565017,2110708.0
MA,9130,SÃO FÉLIX DE BALSAS,13,2970.0,0.012945061767144704,0.060011696341207475,0.21570897935534414,0.025252525252525252,0.7848762374593731,1.2945061767144705,2110807.0
MA,9156,SÃO FRANCISCO DO MARANHÃO,32,7283.0,-0.06781131735180375,0.05084092339676793,-1.3337939758213493,0.03418920774406151,0.8852004183331765,6.781131735180375,2110906.0
MA,9172,SÃO JOÃO BATISTA,67,13415.0,-0.01588001753809724,0.024881435622856204,-0.6382275435710704,0.021393961982855012,0.874020920760078,1.588001753809724,2111003.0
MA,9199,SÃO JOÃO DOS PATOS,69,15264.0,-0.015560491914632596,0.02436460958565734,-0.6386513955796179,0.03465670859538784,0.7859922888128393,1.5560491914632597,2111102.0
MA,9210,SÃO LUÍS,2150,622719.0,-0.008169809880580338,0.0028517743664361384,-2.864816367218472,0.03420965154427599,0.6037290770328051,0.8169809880580338,2111300.0
MA,9237,SÃO MATEUS DO MARANHÃO,83,21370.0,0.03436505269930219,0.014597274815087316,2.354210161459965,0.0271408516612073,0.7636050296956233,3.4365052699302194,2111508.0
MA,9253,SÃO RAIMUNDO DAS MANGABEIRAS,51,11568.0,-0.0027459401904077123,0.03139512888781163,-0.08746389289307088,0.02757607192254495,0.6966735425068025,0.27459401904077124,2111607.0
MA,9270,SÃO VICENTE FERRER,57,11192.0,0.004974129682627996,0.03029325248693809,0.16419926136266655,0.029842744817726946,0.8428047191045025,0.49741296826279957,2111706.0
MA,9296,SÍTIO NOVO,46,11375.0,-0.031777151453530446,0.018552692504621278,-1.7128053755871335,0.025406593406593406,0.6746034628877053,3.177715145353045,2111805.0
MA,9318,SUCUPIRA DO NORTE,29,6663.0,0.01608795534707157,0.060508914610201185,0.26587744055087226,0.027615188353594475,0.7978966055281459,1.608795534707157,2111904.0
MA,9334,TASSO FRAGOSO,24,5458.0,-0.012688778954525162,0.027088441101018865,-0.4684204198833688,0.02326859655551484,0.6549342708708343,1.2688778954525162,2112001.0
MA,9350,TIMBIRAS,61,15142.0,-0.002479132582091156,0.02618701944101395,-0.09467028455358893,0.025954299299960376,0.8374069194425247,0.24791325820911558,2112100.0
MA,9377,TIMON,360,96768.0,-0.030541062181284613,0.0076474759546449065,-3.993613365039043,0.03054728835978836,0.7402394096956457,3.0541062181284615,2112209.0
MA,9393,TUNTUM,88,21114.0,-0.02352555788527407,0.014872078615012883,-1.581860780477974,0.02609642890972814,0.7153139209121353,2.3525557885274067,2112308.0
MA,9415,TURIAÇU,106,19136.0,0.008475833954197409,0.014588769892743858,0.580983456214023,0.018969481605351172,0.8064626004210985,0.8475833954197409,2112407.0
MA,9431,TUTÓIA,132,29771.0,-0.0444265734643453,0.011602923801515808,-3.828911938432398,0.03194383796311847,0.7704032569438501,4.4426573464345305,2112506.0
MA,9458,URBANO SANTOS,74,18952.0,0.023774427763409912,0.018928236361529266,1.2560297382872023,0.02226677923174335,0.8375989124257219,2.3774427763409913,2112605.0
MA,9474,VARGEM GRANDE,99,23822.0,0.02238057628953438,0.01634055423759504,1.369633854771152,0.031525480648140376,0.8246749706931868,2.2380576289534377,2112704.0
MA,9490,VIANA,130,28696.0,0.008870319054506526,0.007942013928896582,1.1168853560218972,0.022755784778366324,0.7291964000885082,0.8870319054506526,2112803.0
MA,9512,VITÓRIA DO MEARIM,92,18053.0,0.013371238471232892,0.0131046562350477,1.0203425585077335,0.02664377111837368,0.731742757104134,1.3371238471232891,2112902.0
MA,9539,VITORINO FREIRE,85,18030.0,0.005124462150883532,0.0133185606086159,0.38476095889584866,0.026123128119800332,0.731244736537128,0.5124462150883532,2113009.0
MA,9555,BOM JARDIM,112,19617.0,-0.02596366098881853,0.013325790961199428,-1.9483767278367687,0.027883978182188917,0.7642617422259836,2.596366098881853,2102002.0
MA,9571,SANTA INÊS,191,46569.0,-0.004666905351044045,0.007798688969611945,-0.5984217820750282,0.022461293993858576,0.6628354511755469,0.4666905351044045,2109908.0
MA,9598,PAULO RAMOS,54,12189.0,-0.0043345779396523985,0.015205703704096386,-0.2850626333383487,0.02362786118631553,0.7392317382711066,0.43345779396523987,2108108.0
MA,9610,AÇAILÂNDIA,243,60046.0,0.00834467206221524,0.005582894770455165,1.494685535965227,0.021083835725943443,0.46022687142079033,0.834467206221524,2100055.0
MA,9636,ESTREITO,69,17963.0,-0.0140068401223405,0.012716162283002987,-1.101499006588072,0.021432945499081445,0.5541183644586517,1.40068401223405,2104057.0
MA,9652,SANTA LUZIA DO PARUÁ,59,12934.0,-0.011235680850462865,0.014240823157000919,-0.7889769240578837,0.02404515231173651,0.723810130799053,1.1235680850462866,2110039.0
MA,9679,ARAME,79,16172.0,-0.01346921834753242,0.013319007047275974,-1.0112779653710873,0.018179569626514964,0.725223644355814,1.346921834753242,2100956.0
MA,9695,MIRANDA DO NORTE,57,11983.0,-0.0039008356373889954,0.024670197206104534,-0.15811935368006505,0.024284402904114162,0.7557115392685689,0.3900835637388995,2106755.0
MA,9717,ZÉ DOCA,108,24390.0,0.01842581792883248,0.014066485975448854,1.309909096059403,0.025256252562525627,0.7345902295401783,1.842581792883248,2114007.0
MG,40002,ALFREDO VASCONCELOS,18,4984.0,0.0007554828637391422,0.07563222321593076,0.009988901973464815,0.05196629213483146,0.597673711799957,0.07554828637391423,3101631.0
MG,40010,ABADIA DOS DOURADOS,21,4689.0,-0.002143268664218235,0.03091215200883036,-0.06933417846826029,0.03796118575389209,0.5211526766529115,0.2143268664218235,3100104.0
MG,40029,ARAPORÃ,17,5236.0,-0.03492154585390703,0.056596918018779016,-0.6170220407111207,0.02922077922077922,0.49553077377100424,3.492154585390703,3103751.0
MG,40037,ABAETÉ,61,14451.0,0.03594710372408215,0.01641064275192361,2.1904750634991754,0.03134731160473324,0.45050424052966936,3.594710372408215,3100203.0
MG,40045,BRASILÂNDIA DE MINAS,35,9051.0,0.02880559798123925,0.03445834420801623,0.8359542120581072,0.022980886089934816,0.5884795766924987,2.880559798123925,3108552.0
MG,40053,ABRE CAMPO,37,9303.0,-0.052026712000970934,0.040395071773846436,-1.2879470122554737,0.037192303557992044,0.5906686655437503,5.202671200097093,3100302.0
MG,40061,CAPITÃO ANDRADE,13,2829.0,0.01248548818802845,0.06661743511956653,0.1874207280064026,0.030752916224814422,0.4927411414196693,1.248548818802845,3112653.0
MG,40070,ACAIACA,13,2674.0,-0.021605290064908727,0.0804158391791311,-0.2686695840701438,0.03889304412864622,0.6937376371373712,2.1605290064908726,3100401.0
MG,40088,CARNEIRINHO,26,6245.0,-0.03540552134963164,0.0278351215504861,-1.271972938412167,0.021937550040032026,0.5093741004082527,3.5405521349631637,3114550.0
MG,40096,AÇUCENA,35,5663.0,0.08088750164089632,0.04026457458925279,2.008899944083512,0.043793042556948616,0.6185131506008393,8.088750164089632,3100500.0
MG,40100,CATUJI,25,5696.0,0.10800642042503271,0.05078226688627566,2.1268530738674523,0.04037921348314607,0.768059894046928,10.80064204250327,3115458.0
MG,40118,ÁGUA BOA,38,7858.0,-0.002359332685739318,0.054152233631372594,-0.04356852021654118,0.03423262916772716,0.6315654520275099,0.23593326857393182,3100609.0
MG,40126,DIVISA ALEGRE,14,3891.0,0.03317956452880084,0.07427893678486411,0.446688737951374,0.0398355178617322,0.6427193825802994,3.317956452880084,3122355.0
MG,40134,ÁGUA COMPRIDA,10,1823.0,-0.14372304928274407,0.1006623301667903,-1.4277739154717086,0.03510696653867252,0.42905702874747575,14.372304928274406,3100708.0
MG,40142,DIVISÓPOLIS,18,5217.0,-0.0780481735055538,0.04551974497985058,-1.714600412196993,0.036994441249760396,0.6775244955075783,7.80481735055538,3122454.0
MG,40150,AGUANIL,12,3237.0,-0.09118162501032845,0.0923338995776747,-0.98752056858189,0.059005251776336115,0.5272808952839799,9.118162501032845,3100807.0
MG,40169,DURANDÉ,22,5128.0,0.02436333690070471,0.02677588919457147,0.9098983314303571,0.031396255850234006,0.5737298377948428,2.4363336900704713,3123528.0
MG,40177,ÁGUAS FORMOSAS,50,11484.0,0.07192238602475483,0.03139779476827167,2.2906827232794824,0.039272030651340994,0.5850921542399352,7.1922386024754825,3100906.0
MG,40185,ENTRE FOLHAS,20,4599.0,0.0993833423527792,0.0520581205849827,1.909084331819856,0.03065883887801696,0.5112244114676686,9.93833423527792,3123858.0
MG,40193,ÁGUAS VERMELHAS,29,7011.0,0.049248288973416626,0.047101476577025694,1.0455784521506502,0.05263157894736842,0.7014019043881269,4.924828897341663,3101003.0
MG,40207,FERVEDOURO,27,6835.0,0.11447997419866152,0.05015841185588645,2.282368399692991,0.04038039502560351,0.5882349085976303,11.447997419866152,3125952.0
MG,40215,AIMORÉS,64,14398.0,0.048038302053397985,0.023875034577062713,2.012072564684345,0.029795804972912905,0.45222968186059376,4.803830205339798,3101102.0
MG,40223,FRANCISCÓPOLIS,16,3440.0,0.01808828938558159,0.09698556494530174,0.18650496489640586,0.038953488372093024,0.7114864014296292,1.808828938558159,3126752.0
MG,40231,AIURUOCA,20,4046.0,-0.02177110911733224,0.04594916636941378,-0.47380857668452186,0.03830944142362828,0.5380156049664893,2.1771109117332244,3101201.0
MG,40240,ICARAÍ DE MINAS,32,6310.0,-0.03218748923798605,0.0239828615493267,-1.3421037840619852,0.025356576862123614,0.716261776537063,3.218748923798605,3130051.0
MG,40258,ALAGOA,9,1997.0,0.14845807630820218,0.14732113826942297,1.0077174128039925,0.03405107661492238,0.34742137235068316,14.845807630820218,3101300.0
MG,40266,IPABA,42,10160.0,0.01779354196843884,0.03637882879573618,0.4891180545791609,0.026476377952755904,0.49320440510657537,1.779354196843884,3131158.0
MG,40274,ALBERTINA,8,2402.0,-0.1577966095682473,0.11929947657799672,-1.3226932262781685,0.03164029975020816,0.3072381646663586,15.77966095682473,3101409.0
MG,40282,JAÍBA,73,19503.0,0.10816123243396983,0.021514719740479617,5.0273131018512,0.03343075424293698,0.6069499241162701,10.816123243396984,3135050.0
MG,40290,ALÉM PARAÍBA,98,21588.0,0.04029838744580911,0.022688985029952244,1.7761212056251214,0.03640911617565314,0.5569351148600858,4.029838744580911,3101508.0
MG,40304,JAMPRUCA,14,3064.0,0.04334595702319599,0.15943512246895986,0.2718720715483186,0.03492167101827676,0.7054888980252103,4.334595702319599,3135076.0
MG,40312,ALFENAS,173,47936.0,0.05492040476538624,0.014698171173316349,3.7365468205385275,0.03560997997329773,0.41129207997562756,5.492040476538624,3101607.0
MG,40320,JUATUBA,74,18375.0,-0.0018701357989003504,0.03426207654504875,-0.05458325902813983,0.05006802721088435,0.49131446683446317,0.18701357989003503,3136652.0
MG,40339,ALMENARA,103,22266.0,0.05174411582260031,0.01862905228444235,2.7776032313685266,0.03821970717686158,0.7212721220631513,5.1744115822600305,3101706.0
MG,40347,LAGOA GRANDE,20,5905.0,-0.052653960607365206,0.08772329920704021,-0.6002277739588193,0.029127857747671466,0.5605843185660304,5.265396060736521,3137536.0
MG,40355,ALPERCATA,23,4634.0,0.06059545883862058,0.028004495498917127,2.1637761280492867,0.028485110056107037,0.5521195418302998,6.059545883862058,3101805.0
MG,40363,LIMEIRA DO OESTE,18,5079.0,-0.0024250528708306576,0.03836716977198274,-0.06320645711536245,0.026580035440047254,0.561685162065989,0.24250528708306576,3138625.0
MG,40371,ALPINÓPOLIS,45,12783.0,0.028702960457450615,0.03508247320200868,0.8181566987075245,0.03535946178518345,0.45123751622294433,2.8702960457450617,3101904.0
MG,40380,LONTRA,24,5994.0,0.1296484016031638,0.06311559586853403,2.0541420835701776,0.032532532532532535,0.736015525620046,12.96484016031638,3138658.0
MG,40398,ALTEROSA,39,9899.0,0.01160186857585371,0.026964222005236536,0.43026899027906645,0.031215274270128296,0.44071419819376534,1.1601868575853709,3102001.0
MG,40401,MAMONAS,22,4713.0,0.0890685765583576,0.05280997819598483,1.6865861263530977,0.03225122002970507,0.6933346066841707,8.906857655835761,3139250.0
MG,40410,ALTO RIO DOCE,31,7557.0,0.09839993225842202,0.04425718117166561,2.223366460614526,0.04035993118962551,0.7315233379340225,9.839993225842202,3102100.0
MG,40428,MATA VERDE,24,5144.0,-0.13590843045071266,0.07763824653921154,-1.7505345175727467,0.04315707620528771,0.6102609069400883,13.590843045071265,3140555.0
MG,40436,ALVARENGA,18,3467.0,0.02726784774763683,0.025320606221353226,1.0769034322978202,0.025670608595327372,0.5513647549311633,2.726784774763683,3102209.0
MG,40444,MATIAS CARDOSO,23,5065.0,0.04476915395537756,0.04389208475197674,1.019982400206254,0.02625863770977295,0.7211351444900537,4.476915395537756,3140852.0
MG,40452,ALVINÓPOLIS,42,10327.0,-0.035504447948716315,0.0583735353075527,-0.6082285022083037,0.042122591265614406,0.6925145411391572,3.5504447948716313,3102308.0
MG,40460,MONTEZUMA,25,4307.0,-0.0190883103943085,0.028008113407183077,-0.6815278886086285,0.05293707917343859,0.6935480564340558,1.9088310394308499,3143450.0
MG,40479,ALVORADA DE MINAS,13,3153.0,-0.08923374923611394,0.04909889172697251,-1.8174289907055747,0.04598794798604504,0.7587407949976323,8.923374923611394,3102407.0
MG,40487,NAQUE,15,4100.0,0.13244076567733157,0.1199711714022177,1.1039382555773174,0.045121951219512194,0.5744164970544196,13.244076567733156,3144359.0
MG,40495,AMPARO DO SERRA,17,3621.0,-0.021409686826457296,0.1332235837379392,-0.16070493095705757,0.027064346865506766,0.7544492158757746,2.1409686826457297,3102506.0
MG,40509,NOVO ORIENTE DE MINAS,26,5969.0,0.0470422312638596,0.06621488775722713,0.7104479499585816,0.049924610487518846,0.7351587906731152,4.70422312638596,3145356.0
MG,40517,ANDRADAS,98,24082.0,0.04969124514881328,0.026782552158976892,1.855358849069129,0.043601029814799436,0.33645941478327646,4.969124514881329,3102605.0
MG,40525,PALMÓPOLIS,20,4244.0,0.1564859109497928,0.09462045902360841,1.6538274339881247,0.05395852968897267,0.7493941969100576,15.648591094979281,3146750.0
MG,40533,CACHOEIRA DE PAJEÚ,26,5115.0,-0.018037854604101792,0.021531560057121774,-0.8377402545959782,0.030889540566959924,0.6899608018141087,1.8037854604101793,3102704.0
MG,40541,PEDRAS DE MARIA DA CRUZ,28,5423.0,0.0005129266927889641,0.04448065535131218,0.01153145538746728,0.027475567029319563,0.7726603250891663,0.05129266927889641,3149150.0
MG,40550,ANDRELÂNDIA,34,7575.0,0.21775747878488405,0.06591836435953156,3.303441778336496,0.057821782178217825,0.5578019523679411,21.775747878488406,3102803.0
MG,40568,PERIQUITO,21,4752.0,-0.017127221557082573,0.027247990234953327,-0.6285682507002671,0.025883838383838384,0.5285352760291914,1.7127221557082573,3149952.0
MG,40576,ANTÔNIO CARLOS,32,7866.0,-0.06406740866267366,0.033366867639703895,-1.9200905926943703,0.04678362573099415,0.6552414247312398,6.4067408662673655,3102902.0
MG,40584,PONTO DOS VOLANTES,31,6458.0,0.04622518881175443,0.03743345117201816,1.234863133493504,0.04242799628367916,0.7044978021420362,4.622518881175443,3152170.0
MG,40592,ANTÔNIO DIAS,33,6788.0,-0.009034504813472241,0.031291394024233,-0.28872171071942815,0.04095462581025339,0.5603038568014168,0.9034504813472242,3103009.0
MG,40606,RIACHINHO,19,4294.0,-0.030170857474326247,0.04079328602465604,-0.7396035086776426,0.029110386585933862,0.6386320024496752,3.017085747432625,3154457.0
MG,40614,ANTÔNIO PRADO DE MINAS,6,1505.0,,,,0.03322259136212625,0.5931053190492713,,3103108.0
MG,40622,ROSÁRIO DA LIMEIRA,16,4186.0,0.02282845727779291,0.06553864394721017,0.34832056177696774,0.04276158623984711,0.6306813245334865,2.282845727779291,3156452.0
MG,40630,ARAÇAÍ,10,1951.0,0.10977599029708864,0.12342480738247898,0.8894159336777876,0.03434136340338288,0.5834893268924791,10.977599029708864,3103207.0
MG,40649,SANTA BÁRBARA DO LESTE,26,5861.0,0.020041626646874297,0.04433362134355281,0.4520638296512369,0.041460501620883806,0.48529203446963187,2.0041626646874295,3157252.0
MG,40657,ARACITABA,8,1916.0,0.09167117841154282,0.11734388551176493,0.7812181948104304,0.0511482254697286,0.6322232088574834,9.167117841154282,3103306.0
MG,40665,SANTA RITA DE MINAS,20,4778.0,-0.15606523374005585,0.06788124318126008,-2.2990921560367155,0.03830054416073671,0.48499618947384865,15.606523374005585,3159357.0
MG,40673,ARAÇUAÍ,92,19340.0,0.02736367405175229,0.016739377256942516,1.6346888914522455,0.03417786970010341,0.6608767655650299,2.736367405175229,3103405.0
MG,40681,SANTANA DO PARAÍSO,70,18191.0,0.02397697535728219,0.02046157721742417,1.171804846835779,0.02941014787532296,0.401863631899506,2.397697535728219,3158953.0
MG,40690,ARAGUARI,277,70578.0,0.03725037836825105,0.010034647953946955,3.71217590683879,0.03340984442744198,0.38301668016566687,3.7250378368251047,3103504.0
MG,40703,SÃO JOÃO DA LAGOA,18,3776.0,-0.06673014366950772,0.10369573834095333,-0.6435186704597048,0.03177966101694915,0.7378166384745751,6.673014366950772,3162252.0
MG,40711,ARANTINA,9,2242.0,-0.17121632371501352,0.1184291918145691,-1.4457273674812883,0.04906333630686887,0.6925516250685627,17.121632371501352,3103603.0
MG,40720,SÃO JOÃO DO MANHUAÇU,25,7612.0,0.006432473666322661,0.026315940370444022,0.24443259772495554,0.021939043615344194,0.4728208827472784,0.6432473666322661,3162559.0
MG,40738,ARAPONGA,22,5458.0,-0.0035536206514801094,0.08478446771497089,-0.04191358095714772,0.05478197141810187,0.7447081553873711,0.35536206514801094,3103702.0
MG,40746,SÃO JOÃO DO MANTENINHA,19,3875.0,0.08082988541243434,0.0918524493518798,0.8799970603155192,0.03096774193548387,0.5047762398894389,8.082988541243434,3162575.0
MG,40754,ARAPUÁ,11,2582.0,0.2266639899978345,0.16161094144581756,1.402528739514997,0.037180480247869865,0.35253549415542335,22.66639899978345,3103801.0
MG,40762,SÃO JOÃO DO PACUÍ,15,2943.0,0.010044074319089548,0.036247332180132506,0.2770983053090676,0.032279986408426775,0.7750311969001844,1.0044074319089549,3162658.0
MG,40770,ARAÚJOS,20,5432.0,0.09298353404692052,0.04876823893395745,1.9066412091041458,0.03626656848306333,0.3856577906177965,9.298353404692051,3103900.0
MG,40789,SÃO JOSÉ DA LAPA,59,16301.0,-0.014056654270358453,0.03007246749309231,-0.4674260359109969,0.0389546653579535,0.45515220561641645,1.4056654270358453,3162955.0
MG,40797,ARAXÁ,234,63719.0,0.03283801556205875,0.011268955688733744,2.914024730338491,0.04147899370674367,0.4441881247821063,3.283801556205875,3104007.0
MG,40800,SARZEDO,70,20933.0,0.010899157138576232,0.03176599554450573,0.34310768328686486,0.04390197296135289,0.44036978381698977,1.0899157138576232,3165537.0
MG,40819,ARCEBURGO,21,5979.0,0.1124169101577986,0.1555191684483574,0.7228492235356082,0.05385515972570664,0.4237899116199063,11.24169101577986,3104106.0
MG,40827,SEM PEIXE,12,2494.0,0.15523203822570397,0.08253174748960408,1.8808766680392586,0.037289494787489975,0.6995243345093632,15.523203822570398,3165560.0
MG,40835,ARCOS,102,26391.0,0.016207824968123133,0.029092958180248023,0.5571047422440202,0.05183585313174946,0.43024305409271857,1.6207824968123132,3104205.0
MG,40843,SENADOR AMARAL,15,4526.0,0.027867047783559952,0.07289064914459997,0.38231306910544166,0.0382235969951392,0.41217186334414124,2.786704778355995,3165578.0
MG,40851,AREADO,39,9384.0,0.007143228333588582,0.02816514998638269,0.2536193962056725,0.04315856777493606,0.407110649594221,0.7143228333588582,3104304.0
MG,40860,UBAPORANGA,39,8050.0,0.011658733940767562,0.030461842316226437,0.38273239746097626,0.0315527950310559,0.4288584750212472,1.1658733940767563,3170057.0
MG,40878,ARGIRITA,11,2319.0,-0.055436820813544924,0.12523024158102752,-0.4426791812716877,0.030185424752048298,0.7046739134140061,5.5436820813544925,3104403.0
MG,40886,URUCUIA,26,5477.0,0.0018167285771465967,0.018496536172402905,0.09821993481445361,0.031769216724484205,0.6366538164154282,0.18167285771465966,3170529.0
MG,40894,ARINOS,46,9984.0,0.010804978238261102,0.020072449123652393,0.5382989475623602,0.03175080128205128,0.6071195566372193,1.0804978238261103,3104502.0
MG,40908,VARGEM ALEGRE,21,4440.0,-0.010858757034160487,0.09692336362392662,-0.11203446339619069,0.03423423423423423,0.5412646006260238,1.0858757034160487,3170578.0
MG,40916,ASTOLFO DUTRA,35,8835.0,0.04158847247292202,0.059137424777489275,0.7032513273853738,0.032823995472552346,0.5147502908210219,4.1588472472922025,3104601.0
MG,40924,JOSENÓPOLIS,13,2245.0,0.008124665413533563,0.15297560854381506,0.05311085532440623,0.04320712694877506,0.7532804723773826,0.8124665413533563,3136579.0
MG,40932,ATALÉIA,38,7731.0,-0.01944837745497825,0.023179187078515257,-0.8390448460983738,0.033889535635752165,0.687374295277719,1.944837745497825,3104700.0
MG,40940,JUVENÍLIA,21,3845.0,-0.005254047670378776,0.04008247204315111,-0.1310809289587351,0.03276983094928478,0.6791859634377101,0.5254047670378776,3136959.0
MG,40959,AUGUSTO DE LIMA,18,3025.0,-0.0018789861158362343,0.09966902960253048,-0.018852256546787217,0.03834710743801653,0.590229774823193,0.18789861158362342,3104809.0
MG,40967,LEME DO PRADO,15,2965.0,0.13866026775927762,0.08001998465445467,1.7328204742608442,0.03946037099494098,0.7316864593713364,13.866026775927761,3138351.0
MG,40975,BAEPENDI,52,12619.0,0.057365582046442994,0.026764380077243886,2.1433555300321503,0.03906807195498851,0.3763546624060755,5.736558204644299,3104908.0
MG,40983,LUISBURGO,17,4691.0,-0.03603043216976437,0.05581781671890705,-0.6455005639366016,0.033255169473459814,0.40034078812157803,3.6030432169764373,3138674.0
MG,40991,BALDIM,26,5608.0,-0.05339133081290453,0.04264284422336074,-1.252058388348672,0.03209700427960057,0.5170759303446852,5.339133081290453,3105004.0
MG,41009,LUISLÂNDIA,27,4602.0,0.02760598260058346,0.052415344448458856,0.5266775004737214,0.022381573229030855,0.8278065341836334,2.760598260058346,3138682.0
MG,41017,BAMBUÍ,61,14681.0,0.0016429274822630836,0.02336451259597028,0.07031721614198973,0.03439820175737347,0.5328815598587224,0.16429274822630835,3105103.0
MG,41025,MÁRIO CAMPOS,35,10154.0,0.10466811814334712,0.04825646177989749,2.168996944300409,0.04638566082332086,0.4758781169508565,10.466811814334712,3140159.0
MG,41033,BANDEIRA,16,3297.0,0.023306760855265257,0.08279227685254002,0.2815088766887828,0.044282681225356384,0.8181816225699465,2.330676085526526,3105202.0
MG,41041,MARTINS SOARES,23,6199.0,-0.023157934432743846,0.04256326347547843,-0.5440826793294552,0.02726246168736893,0.5322810779985814,2.3157934432743845,3140530.0
MG,41050,BANDEIRA DO SUL,18,4215.0,0.060745578202119545,0.0815129183189846,0.745226394231204,0.03345195729537367,0.42866608657742694,6.074557820211955,3105301.0
MG,41068,MIRAVÂNIA,14,2666.0,-0.0787779536886023,0.04936318564573728,-1.5958847197173367,0.038634658664666165,0.7612269278604742,7.87779536886023,3142254.0
MG,41076,BARÃO DE COCAIS,72,20044.0,-0.039642457094978496,0.028579264285842985,-1.3871055846114195,0.05063859509080024,0.5717289201725705,3.96424570949785,3105400.0
MG,41084,MONTE FORMOSO,15,2898.0,0.15843392538685566,0.1645890734882035,0.9626029360825766,0.05106970324361629,0.7769766528540447,15.843392538685567,3143153.0
MG,41092,BARÃO DE MONTE ALTO,18,4323.0,-0.01937140626284699,0.040494388433244356,-0.47837260944886384,0.031690955355077495,0.6497026789345915,1.937140626284699,3105509.0
MG,41106,NATALÂNDIA,11,2430.0,0.017261061282001725,0.05691356966211554,0.3032855149391821,0.02633744855967078,0.6137563672742642,1.7261061282001726,3144375.0
MG,41114,BARBACENA,310,81039.0,0.021473865014028093,0.008982300062157379,2.390686668829729,0.04671824677007367,0.5665369840912668,2.147386501402809,3105608.0
MG,41122,NINHEIRA,37,5768.0,0.08341842207975177,0.047211267280319616,1.7669176636257207,0.06362690707350901,0.6926633266441354,8.341842207975176,3144656.0
MG,41130,BARRA LONGA,22,4402.0,-0.07255937762938271,0.055389857378943336,-1.3099758884189947,0.03975465697410268,0.7242220410917402,7.255937762938271,3105707.0
MG,41149,NOVA BELÉM,13,2670.0,0.04205308398857495,0.1040316166108585,0.4042336873979288,0.03146067415730337,0.5564952601901695,4.205308398857495,3144672.0
MG,41157,TRÊS MARIAS,78,18350.0,0.046597974994946334,0.027320297674339074,1.7056173966476966,0.03798365122615804,0.4893259405612628,4.659797499494633,3169356.0
MG,41165,NOVA PORTEIRINHA,24,4824.0,0.07702432554093408,0.0663530472065591,1.16082574627138,0.027570480928689883,0.6445431014958891,7.7024325540934075,3145059.0
MG,41173,BARROSO,53,14093.0,0.011515175805163275,0.0369095589208585,0.31198356582515985,0.054637053856524516,0.5958531607784889,1.1515175805163276,3105905.0
MG,41181,NOVORIZONTE,16,3541.0,0.03350915904327554,0.07067611160089829,0.47412284411596917,0.04207850889579215,0.6274696718962122,3.350915904327554,3145372.0
MG,41190,BELA VISTA DE MINAS,31,6537.0,-0.00630983180677534,0.042959545346791674,-0.14687845869501442,0.04237417775738106,0.6397600508015558,0.630983180677534,3106002.0
MG,41203,OLHOS D'ÁGUA,20,3952.0,-0.00995130412892998,0.05705065212131715,-0.17442927922661983,0.02758097165991903,0.7647312863138107,0.9951304128929981,3145455.0
MG,41211,BELMIRO BRAGA,11,2462.0,0.11568031926394079,0.12769002542342103,0.9059464032554151,0.021933387489845652,0.6699612728634818,11.56803192639408,3106101.0
MG,41220,ORATÓRIOS,15,3453.0,-0.08292257095003976,0.07031192145383741,-1.1793529352555348,0.04199247031566754,0.762591207696957,8.292257095003976,3145851.0
MG,41238,BELO HORIZONTE,4697,1608868.0,0.01663874840282467,0.0030876020667799315,5.38889016231851,0.043860030779405146,0.45754491112326545,1.663874840282467,3106200.0
MG,41246,ORIZÂNIA,19,5113.0,0.062491025106016854,0.05350420676957901,1.167964705563068,0.03363974183453941,0.5510717046269293,6.249102510601685,3145877.0
MG,41254,BELO ORIENTE,60,14949.0,0.019838050190881196,0.02737391327460905,0.7247064017435234,0.03645728811291725,0.5222164230785002,1.9838050190881196,3106309.0
MG,41262,PADRE CARVALHO,19,3207.0,-0.045425726613130914,0.027507015774840046,-1.6514232945138545,0.031181789834736514,0.7093324711669533,4.542572661313091,3146255.0
MG,41270,BELO VALE,26,6640.0,-0.09875198720241563,0.0367821182446055,-2.684782495279447,0.04231927710843374,0.5993204630723397,9.875198720241563,3106408.0
MG,41289,PAI PEDRO,18,3952.0,0.1185054057633259,0.101253852233466,1.1703792314990855,0.03466599190283401,0.7553841829789643,11.85054057633259,3146552.0
MG,41297,BERILO,37,5857.0,-0.07472170357323,0.02925307506697208,-2.554319619464344,0.04200102441522964,0.7671843609622981,7.472170357323001,3106507.0
MG,41300,PATIS,19,3807.0,-0.05403892718675347,0.04912050569471125,-1.1001296998571368,0.029682164433937484,0.8004570817507366,5.403892718675347,3147956.0
MG,41319,BERTÓPOLIS,17,3124.0,0.005259837417216534,0.02045515158123543,0.2571399872705737,0.0323303457106274,0.7281455043350528,0.5259837417216534,3106606.0
MG,41327,PEDRA BONITA,19,4921.0,0.009172009972582211,0.039707598302167406,0.2309887871531521,0.03454582401950823,0.47470095720001754,0.9172009972582211,3148756.0
MG,41335,BETIM,946,248571.0,0.020652249802243214,0.008121151628028875,2.543019850899622,0.049856982512038815,0.4758199733258061,2.0652249802243214,3106705.0
MG,41343,PIEDADE DE CARATINGA,24,6082.0,0.010448782912552478,0.051460738841221265,0.20304377954602465,0.03469253535021374,0.44883618778715595,1.044878291255248,3150158.0
MG,41351,BIAS FORTES,12,2892.0,-0.08505018522505817,0.08073806361945013,-1.053408781586994,0.042876901798063624,0.734121258299363,8.505018522505816,3106804.0
MG,41360,PINGO D'ÁGUA,12,3278.0,0.008052932182467642,0.04798659389269088,0.16781629053472435,0.036607687614399025,0.629214673999192,0.8052932182467643,3150539.0
MG,41378,BICAS,42,9029.0,-0.033329520680549896,0.0629441640805554,-0.5295093066593919,0.04275113523092258,0.5429372924372712,3.33295206805499,3106903.0
MG,41386,PINTÓPOLIS,28,4431.0,-0.0008582418878256543,0.03506852092688402,-0.02447328444832454,0.03249830737982397,0.7336067247994714,0.08582418878256542,3150570.0
MG,41394,BIQUINHAS,10,2045.0,-0.08745048948840767,0.15129944943229584,-0.5779960853561493,0.03227383863080684,0.5178538830170447,8.745048948840767,3107000.0
MG,41408,PONTO CHIQUE,13,2640.0,0.12545306510395707,0.1715035158606734,0.7314897567806893,0.04090909090909091,0.7906754977752907,12.545306510395706,3152131.0
MG,41416,BOA ESPERANÇA,86,24838.0,0.021458055748099815,0.013966037351657017,1.5364455362532665,0.036878975762943876,0.4612424806815218,2.1458055748099816,3107109.0
MG,41424,REDUTO,15,4617.0,-0.008821366958456388,0.0657442053037335,-0.13417710226631088,0.026424084903617067,0.5129974004446721,0.8821366958456388,3154150.0
MG,41432,BOCAINA DE MINAS,14,3600.0,0.07626661284697878,0.07654778090380837,0.996326894738034,0.05527777777777778,0.56817296037439,7.626661284697878,3107208.0
MG,41440,SANTA BÁRBARA DO MONTE VERDE,11,2707.0,-0.08672587130633547,0.05713482554838619,-1.5179160953749529,0.033247137052087185,0.6390248313476554,8.672587130633547,3157278.0
MG,41459,BOCAIÚVA,115,28979.0,0.018356001180520727,0.01741264050131321,1.0541767734271188,0.03813106042306498,0.7066227123578247,1.8356001180520727,3107307.0
MG,41467,SANTA CRUZ DE MINAS,19,5426.0,0.12902374197467545,0.0766564886584677,1.6831418218165815,0.05270917803169923,0.4427809942730497,12.902374197467545,3157336.0
MG,41475,BOM DESPACHO,120,30610.0,0.058762033663506574,0.02079818153410599,2.8253447815687824,0.039268213002286834,0.3337353632379963,5.876203366350658,3107406.0
MG,41483,SANTA CRUZ DE SALINAS,15,3045.0,0.09735962639445639,0.07093989981335279,1.37242407517653,0.04926108374384237,0.8413466248592147,9.735962639445638,3157377.0
MG,41491,BOM JARDIM DE MINAS,21,4754.0,0.11736030922261902,0.0760610862415448,1.542974404150916,0.045225073622212876,0.6000647350564737,11.736030922261902,3107505.0
MG,41505,SANTA HELENA DE MINAS,18,3962.0,0.020549780975536364,0.027592600322216172,0.7447569542400364,0.034326097930338216,0.7474227957115892,2.0549780975536365,3157658.0
MG,41513,BOM JESUS DA PENHA,11,2860.0,0.009977629346028737,0.3411356256015133,0.029248277216533777,0.03636363636363636,0.3871578166782553,0.9977629346028737,3107604.0
MG,41521,SANTO ANTÔNIO DO RETIRO,24,4550.0,0.05296095505069126,0.039169320105537454,1.3521029956096697,0.045714285714285714,0.7165517822291576,5.296095505069126,3160454.0
MG,41530,BOM JESUS DO AMPARO,19,4125.0,0.38132357815438883,0.13167570566596737,2.895929634292022,0.05260606060606061,0.6255858519150643,38.13235781543888,3107703.0
MG,41548,SÃO DOMINGOS DAS DORES,20,4268.0,-0.02101036598613764,0.07032460111122818,-0.29876267556650354,0.02858481724461106,0.4601571609912523,2.101036598613764,3160959.0
MG,41556,BOM JESUS DO GALHO,43,9735.0,0.05633929632415794,0.03034693615272553,1.8565068987729745,0.03605546995377504,0.5537149932967138,5.633929632415794,3107802.0
MG,41564,SÃO FÉLIX DE MINAS,13,2457.0,0.04917054071238632,0.04974017328242929,0.9885478370409259,0.02849002849002849,0.5305310847314388,4.917054071238632,3161056.0
MG,41572,BOM REPOUSO,29,7647.0,-0.010825543775899818,0.046844170249461636,-0.23109692664530082,0.04093108408526219,0.49135876651888105,1.0825543775899817,3107901.0
MG,41580,SÃO GERALDO DO BAIXIO,10,2308.0,0.008605677709425632,0.09862084051996457,0.08726023489612744,0.03119584055459272,0.5487675335899418,0.8605677709425632,3161650.0
MG,41599,BOM SUCESSO,51,11740.0,0.0757590049057397,0.02443854424828762,3.099980266256982,0.04676320272572402,0.5453965237041293,7.57590049057397,3108008.0
MG,41602,SÃO JOÃO DAS MISSÕES,36,7190.0,-0.028240970482213017,0.013533128903955962,-2.086802740344674,0.03796940194714882,0.7562721146830512,2.8240970482213017,3162450.0
MG,41610,BONFIM,25,5636.0,-0.1313855756856159,0.04835343296404052,-2.717192299113999,0.05819730305180979,0.5663914985288137,13.13855756856159,3108107.0
MG,41629,SÃO JOAQUIM DE BICAS,60,16961.0,0.04263195332570504,0.04497629895532768,0.947875977257463,0.04592889570190437,0.5379197878921198,4.263195332570504,3162922.0
MG,41637,BONFINÓPOLIS DE MINAS,20,3679.0,0.05117879200319674,0.06760113579010119,0.7570700019316959,0.0337048110899701,0.5894470575745491,5.117879200319674,3108206.0
MG,41645,SÃO JOSÉ DA BARRA,23,5202.0,-0.07342876815393833,0.029424784899876294,-2.495473404607523,0.03229527104959631,0.48192903923699093,7.342876815393833,3162948.0
MG,41653,BORDA DA MATA,42,10560.0,-0.07028862306368652,0.04614778148138789,-1.523120306271603,0.04498106060606061,0.4022700353742493,7.028862306368652,3108305.0
MG,41661,ALTO CAPARAÓ,13,3706.0,0.07781048359644918,0.10076787614317059,0.7721754846345711,0.022935779816513763,0.29333711357262787,7.7810483596449185,3102050.0
MG,41670,BOTELHOS,39,9915.0,-0.018417771882236134,0.04221385152719001,-0.4362968839830504,0.03610690872415532,0.5455221706429859,1.8417771882236134,3108404.0
MG,41688,ANGELÂNDIA,21,4742.0,-0.052052361107307384,0.04998119134607906,-1.041438983454539,0.03943483762125685,0.5515900272210527,5.2052361107307386,3102852.0
MG,41696,BOTUMIRIM,18,3830.0,-0.0687856930649271,0.08393212040450175,-0.8195395604617388,0.0402088772845953,0.7805896200627808,6.87856930649271,3108503.0
MG,41700,ARICANDUVA,15,3426.0,-0.03785873971676539,0.20220961327783885,-0.18722522190251634,0.043490951546993575,0.7042798657300152,3.7858739716765393,3104452.0
MG,41718,BRASÍLIA DE MINAS,91,19817.0,-0.014050680431098356,0.015357947287664648,-0.9148801052588404,0.03956199222889439,0.7054685530455207,1.4050680431098357,3108602.0
MG,41726,BERIZAL,13,3171.0,-0.25584023575381093,0.11799739994192718,-2.1681853657769032,0.046988331756543676,0.7146487496474431,25.584023575381092,3106655.0
MG,41734,BRÁS PIRES,14,3377.0,0.02372595090468667,0.04300908909472047,0.5516496955430549,0.03286941071957358,0.6203868662198443,2.372595090468667,3108701.0
MG,41742,BONITO DE MINAS,36,5656.0,-0.04594659609454276,0.02847891752628121,-1.6133547229153584,0.032355021216407355,0.8260780078280187,4.594659609454276,3108255.0
MG,41750,BRAÚNAS,20,3144.0,0.06465481509963994,0.06324258051013548,1.0223304390509196,0.04484732824427481,0.6087299438610418,6.465481509963994,3108800.0
MG,41769,BUGRE,15,3241.0,0.07778583693519042,0.026307220137705246,2.956824648443285,0.02746066029003394,0.48702876698613284,7.778583693519042,3109253.0
MG,41777,BRAZÓPOLIS,40,9826.0,0.03875495732542778,0.03763604745561725,1.0297297390521685,0.05434561367799715,0.448036839442397,3.8754957325427783,3108909.0
MG,41785,CABECEIRA GRANDE,17,4114.0,-0.0640539591302955,0.05002741686282666,-1.2803771041372995,0.032814778804083615,0.4897462352979232,6.40539591302955,3109451.0
MG,41793,BRUMADINHO,98,26247.0,0.0019702543802874346,0.025841213021154743,0.07624465533698045,0.048691279003314665,0.4918187560819198,0.19702543802874345,3109006.0
MG,41807,CAMPO AZUL,16,2802.0,0.09663973428813208,0.07371142976817609,1.3110549421177415,0.03461812990720914,0.7905121924069388,9.663973428813208,3111150.0
MG,41815,BUENO BRANDÃO,24,7032.0,-0.02101478069973083,0.10136123110648848,-0.20732562608333988,0.04507963594994312,0.32999231170621385,2.101478069973083,3109105.0
MG,41823,CANTAGALO,11,2673.0,-0.03477269353013487,0.09906776009434239,-0.3509990888763486,0.04451926674148896,0.7278227382371564,3.4772693530134866,3112059.0
MG,41831,BUENÓPOLIS,29,5394.0,-0.0019384397018524196,0.04540706608196194,-0.042690265395113676,0.04653318502039303,0.6245209272104755,0.19384397018524196,3109204.0
MG,41840,CATAS ALTAS,15,3900.0,-0.008909761738153677,0.07759819353971831,-0.1148191901347968,0.05358974358974359,0.603324109590155,0.8909761738153678,3115359.0
MG,41858,BURITIS,65,14460.0,0.008080247804570527,0.014893978173870899,0.5425177686070488,0.03153526970954357,0.4547323898338783,0.8080247804570527,3109303.0
MG,41866,CATUTI,17,3360.0,0.020083737163793133,0.04937124657331529,0.40679015738379615,0.04285714285714286,0.7367603730762281,2.0083737163793134,3115474.0
MG,41874,BURITIZEIRO,64,14468.0,0.03597843078868818,0.029934795536033815,1.2018933199453252,0.043198783522256014,0.5735015887801208,3.5978430788688183,3109402.0
MG,41882,CHAPADA GAÚCHA,33,6583.0,0.10020628691960827,0.034858888970331174,2.8746265265337363,0.04131854777457086,0.6637297167652025,10.020628691960827,3116159.0
MG,41890,CABO VERDE,30,7707.0,0.01382656607562472,0.026923828346065323,0.5135438355164432,0.02997275204359673,0.5251961656727996,1.382656607562472,3109501.0
MG,41904,CÔNEGO MARINHO,28,4493.0,-0.041035321522698585,0.06391973544422996,-0.6419820300805523,0.041620298241709326,0.8440136224127159,4.1035321522698585,3117836.0
MG,41912,CACHOEIRA DA PRATA,13,2883.0,0.025702195374596285,0.09030165649673201,0.28462595672900465,0.03815469996531391,0.5189602436951897,2.5702195374596286,3109600.0
MG,41920,CONFINS,23,5543.0,0.08263200141445726,0.05673305501353462,1.4565054075572699,0.029767274039328884,0.44698361671547837,8.263200141445726,3117876.0
MG,41939,CACHOEIRA DE MINAS,30,7966.0,0.11982026070215367,0.05246154900534455,2.283963454642693,0.03753452171729852,0.3797045159239921,11.982026070215367,3109709.0
MG,41947,CÓRREGO FUNDO,18,4402.0,0.0035008595135327457,0.053359024735725354,0.06560951087227841,0.05883689232167197,0.42120800202030545,0.3500859513532746,3119955.0
MG,41955,CACHOEIRA DOURADA,9,1878.0,0.04413951449157478,0.10379483397837362,0.42525733506902236,0.02875399361022364,0.6727608502944393,4.413951449157478,3109808.0
MG,41963,CRISÓLITA,17,3399.0,0.15406164104512496,0.08992367831290195,1.7132488787774678,0.03824654310091203,0.7469091024908159,15.406164104512495,3120151.0
MG,41971,CAETANÓPOLIS,31,7046.0,-0.14166636395143217,0.058663318824667555,-2.414905375109162,0.051518592108998014,0.4290711426372977,14.166636395143218,3109907.0
MG,41980,CUPARAQUE,16,2856.0,0.11111540292272432,0.048882688464026096,2.2731033503710973,0.01750700280112045,0.39215367231709775,11.111540292272432,3120839.0
MG,41998,CAETÉ,104,27144.0,0.014552600763535784,0.024930894237167798,0.5837175604331226,0.04763483642793988,0.5426208163377741,1.4552600763535783,3110004.0
MG,42005,CURRAL DE DENTRO,18,4788.0,-0.07440833657858405,0.07340928907882491,-1.0136092790475928,0.03989139515455305,0.6221519260780493,7.440833657858405,3120870.0
MG,42013,CAIANA,15,3374.0,0.061711101098018056,0.07594004035520753,0.8126292902843614,0.03467694131594547,0.5669127897517713,6.1711101098018055,3110103.0
MG,42021,DELTA,23,5351.0,0.011124066032328156,0.04452088989852557,0.24986171789653647,0.030274715006540834,0.6192235922365121,1.1124066032328157,3121258.0
MG,42030,CAJURI,16,3778.0,-0.03169096456488143,0.06252492816136622,-0.506853274314725,0.03838009528851244,0.7266464271725843,3.169096456488143,3110202.0
MG,42048,DOM BOSCO,13,2738.0,0.028533739005777305,0.03109774896862232,0.9175499819799785,0.020818115412710007,0.466822909080058,2.8533739005777305,3122470.0
MG,42056,CALDAS,40,8664.0,0.0022669993379670073,0.0378462465177547,0.059900242337202356,0.03785780240073869,0.4130405327751859,0.22669993379670073,3110301.0
MG,42064,FREI LAGONEGRO,12,2652.0,0.09438150156029543,0.055250503826033096,1.7082468941364561,0.04600301659125189,0.6925069708521242,9.438150156029543,3126950.0
MG,42072,CAMACHO,14,2610.0,-0.01342714337721575,0.022315536105104023,-0.6016948602074895,0.03908045977011494,0.578276014078661,1.3427143377215751,3110400.0
MG,42080,FRUTA DE LEITE,28,3221.0,0.019951035835613667,0.05206101243257829,0.3832241230700477,0.0388078236572493,0.807604307494978,1.9951035835613666,3127073.0
MG,42099,CAMANDUCAIA,49,14178.0,0.04854884589576248,0.021363979747028528,2.272462643694232,0.039356749894202285,0.43196234848325493,4.854884589576248,3110509.0
MG,42102,GAMELEIRAS,20,3497.0,0.0778007460411781,0.03809353860460049,2.0423606966190913,0.023162710895052903,0.6879310905400975,7.780074604117811,3127339.0
MG,42110,CAMBUÍ,64,17162.0,0.027848923567861363,0.03894613594738938,0.71506255730944,0.050343782775900243,0.41717281922947413,2.7848923567861363,3110608.0
MG,42129,GLAUCILÂNDIA,13,3095.0,0.004189789591711194,0.01935295031320497,0.21649358490071682,0.02617124394184168,0.7190208636598171,0.41897895917111944,3127354.0
MG,42137,CAMBUQUIRA,31,7896.0,0.035566977028468824,0.035758520449271254,0.9946434187322106,0.04673252279635259,0.4853645812079649,3.5566977028468822,3110707.0
MG,42145,GOIABEIRA,8,2318.0,-0.05677966166471262,0.12897290454717755,-0.4402448860407183,0.02631578947368421,0.42970125536332193,5.677966166471262,3127370.0
MG,42153,CAMPANÁRIO,14,2276.0,-0.026282633856830436,0.07200574571398186,-0.3650074531722675,0.0351493848857645,0.6748172312707598,2.6282633856830437,3110806.0
MG,42161,GOIANÁ,12,3270.0,-0.17074710484600514,0.15828606969123313,-1.0787247745747912,0.037003058103975535,0.5562755187946099,17.074710484600512,3127388.0
MG,42170,CAMPANHA,36,9793.0,0.05371549234787857,0.04221309297148959,1.2724841646680003,0.0425814357193914,0.3641731052406897,5.371549234787857,3110905.0
MG,42188,GUARACIAMA,15,4094.0,0.02900814151959644,0.07858279896929221,0.3691411084877741,0.03053248656570591,0.8344900593107483,2.900814151959644,3128253.0
MG,42196,CAMPESTRE,56,13534.0,0.025334660638369214,0.04550094701257994,0.5567941395014213,0.04219003989951234,0.37911835942700767,2.5334660638369213,3111002.0
MG,42200,IBIRACATU,21,3904.0,-0.02960258201817102,0.057106137889728424,-0.518378288430806,0.04149590163934426,0.7783119441273258,2.9602582018171018,3129657.0
MG,42218,CAMPINA VERDE,51,11476.0,0.026356464374105864,0.018468379096140946,1.4271130258319837,0.028494248867201116,0.4757806404440261,2.6356464374105864,3111101.0
MG,42226,IMBÉ DE MINAS,20,4366.0,-0.015511373558484955,0.06574887614547617,-0.23591845926254984,0.0233623453962437,0.5783115645620808,1.5511373558484955,3130556.0
MG,42234,CAMPO BELO,119,31134.0,0.023921921570557718,0.018717479335929682,1.2780525166461756,0.04682983233763731,0.41582843114422646,2.3921921570557716,3111200.0
MG,42242,INDAIABIRA,20,4452.0,0.05349495168149216,0.021523051657158905,2.4854724382775384,0.03930817610062893,0.5699436917691757,5.349495168149216,3130655.0
MG,42250,CAMPO DO MEIO,29,7844.0,-0.003541144841589307,0.04532581939670796,-0.07812643850066839,0.03964813870474248,0.5948414755524484,0.3541144841589307,3111309.0
MG,42269,JAPONVAR,29,6051.0,-0.04633411208804841,0.02948550004264364,-1.571420258128142,0.037514460419765326,0.7962636215188923,4.633411208804842,3135357.0
MG,42277,CAMPO FLORIDO,23,5024.0,-0.00559599448826688,0.035091441484762335,-0.1594689260826408,0.026273885350318472,0.5367672439999621,0.559599448826688,3111408.0
MG,42285,JENIPAPO DE MINAS,18,3783.0,0.01115089303769792,0.040265053690766356,0.27693724497019756,0.03885804916732752,0.7547373109528037,1.115089303769792,3135456.0
MG,42293,CAMPOS ALTOS,32,7500.0,0.024552020108796174,0.027344139555898754,0.8978896578041983,0.037066666666666664,0.4021721972700013,2.4552020108796175,3111507.0
MG,42307,JOSÉ GONÇALVES DE MINAS,13,2545.0,-0.10350936629775859,0.05857089613458349,-1.7672491481078936,0.04400785854616896,0.7249922654520922,10.350936629775859,3136520.0
MG,42315,CAMPOS GERAIS,58,15917.0,0.060215046495863025,0.03060240965432135,1.9676570301502414,0.03744424200540303,0.44744628832843747,6.021504649586302,3111606.0
MG,42323,JOSÉ RAYDAN,15,2851.0,0.09703117344229949,0.05189601012458766,1.869723186991737,0.043493511048754825,0.6484604008366968,9.703117344229948,3136553.0
MG,42331,CANAÃ,15,3649.0,-0.009141204265470425,0.044522178618829046,-0.20531799092159617,0.037270485064401206,0.7380486389117372,0.9141204265470425,3111705.0
MG,42340,SÃO SEBASTIÃO DA VARGEM ALEGRE,9,2375.0,-0.005389147372303778,0.16577423200661276,-0.03250895695350773,0.045894736842105266,0.5745749901771063,0.5389147372303777,3164431.0
MG,42358,CANÁPOLIS,27,6851.0,-0.006282773904474235,0.035419066673085274,-0.1773839486642508,0.03182017223762954,0.6093450531497665,0.6282773904474235,3111804.0
MG,42366,SÃO SEBASTIÃO DO ANTA,15,3970.0,-0.1411742470064771,0.12113094129587498,-1.1654680917705762,0.027204030226700253,0.48379323556663173,14.11742470064771,3164472.0
MG,42374,CANA VERDE,15,3942.0,0.08915954722610127,0.06379671463090435,1.3975570331784872,0.0289193302891933,0.5187602548827129,8.915954722610127,3111903.0
MG,42382,SERRANÓPOLIS DE MINAS,16,3092.0,-0.06406025609398867,0.0745216052023431,-0.8596199172045544,0.032988357050452784,0.7185240683780145,6.406025609398867,3166956.0
MG,42390,CANDEIAS,43,9609.0,0.021747628128851768,0.032857450828386175,0.6618781305475949,0.050889790821105216,0.47176881451740976,2.174762812885177,3112000.0
MG,42404,SETUBINHA,27,5919.0,0.19596699849274163,0.07469249643796501,2.623650404502141,0.04882581517148167,0.7994888604673033,19.596699849274163,3165552.0
MG,42412,CAPARAÓ,15,3503.0,0.022072425819078617,0.044595419353629186,0.4949482735895017,0.023979446188980874,0.40807177146844115,2.207242581907862,3112109.0
MG,42420,TAPARUBA,11,2874.0,0.10866134488442238,0.14255692760181232,0.7622312483328307,0.03514265831593598,0.5900739965182017,10.866134488442238,3168051.0
MG,42439,CAPELA NOVA,16,3731.0,0.06784280698863267,0.13056828933211162,0.5195963532620749,0.05762530152774055,0.6562618478576204,6.784280698863267,3112208.0
MG,42447,UNIÃO DE MINAS,12,2485.0,0.01499828813351927,0.02773884264811136,0.5406962476331164,0.01971830985915493,0.6067912925254721,1.499828813351927,3170438.0
MG,42455,CAPELINHA,86,22226.0,0.0229136540560507,0.022611558463222967,1.0133602287219203,0.040988032034554124,0.5723789974396893,2.2913654056050703,3112307.0
MG,42463,URUANA DE MINAS,10,2587.0,-0.004015772598641286,0.07231043268204675,-0.0555351759033012,0.029764205643602628,0.5242938774429664,0.40157725986412857,3170479.0
MG,42471,CAPETINGA,18,4247.0,0.08499222817232507,0.08311813990912795,1.022547283484039,0.03955733458912173,0.4730116685301637,8.499222817232507,3112406.0
MG,42480,VARGEM GRANDE DO RIO PARDO,17,3186.0,0.02254366660659607,0.027152341338675678,0.8302660284579204,0.038292529817953544,0.47980563211899,2.254366660659607,3170651.0
MG,42498,CAPIM BRANCO,26,6687.0,0.00547805709679056,0.058038423195878264,0.0943867320154831,0.04561088679527441,0.4287188327040411,0.547805709679056,3112505.0
MG,42501,VARJÃO DE MINAS,20,5173.0,0.00041896419048068864,0.04831028012731516,0.008672361024952982,0.028416779431664412,0.5159184337996343,0.041896419048068866,3170750.0
MG,42510,CAPINÓPOLIS,39,9194.0,0.007073539069986125,0.025316353694993014,0.2794059190042485,0.025777681096367196,0.5640692114662885,0.7073539069986124,3112604.0
MG,42528,VERDELÂNDIA,27,4873.0,0.09367309153641998,0.05193732806334584,1.8035793335800936,0.03324440796224092,0.7428543270299064,9.367309153641997,3171030.0
MG,42536,CAPITÃO ENÉAS,42,9559.0,0.032796739147936835,0.02841697841491813,1.1541247865649027,0.043833036928549014,0.7150279390908078,3.2796739147936833,3112703.0
MG,42544,VEREDINHA,18,3834.0,0.020140535966352117,0.06820469440213356,0.2952954505976364,0.046426708398539386,0.7364097846479157,2.0140535966352116,3171071.0
MG,42552,CAPITÓLIO,22,6221.0,0.1083443174893483,0.07707582634323448,1.4056847993671686,0.03632856453946311,0.38696646844582083,10.83443174893483,3112802.0
MG,42560,VERMELHO NOVO,15,3854.0,0.11683983654228706,0.12383620593717452,0.9435030382113216,0.04151530877010898,0.5539408390388912,11.683983654228706,3171154.0
MG,42579,CAPUTIRA,27,6648.0,0.17923629121192258,0.05887199149648129,3.0445087155347093,0.03805655836341757,0.5980278400893837,17.92362912119226,3112901.0
MG,42587,TOCOS DO MOJI,13,3407.0,-0.028552415945458393,0.05711777486488081,-0.49988669924559703,0.05195186380980334,0.5409353980135218,2.855241594545839,3169059.0
MG,42595,CARAÍ,47,9810.0,-0.0015122417706868864,0.060018362956663414,-0.025196318196462786,0.05076452599388379,0.776200020674633,0.15122417706868863,3113008.0
MG,42617,CARANAÍBA,12,2647.0,0.11124776084754155,0.05776348860128843,1.925918318670596,0.05742349829996222,0.5994015945590924,11.124776084754155,3113107.0
MG,42633,CARANDAÍ,64,17369.0,-0.019768855472872517,0.021986170338433798,-0.8991495639563378,0.05861016753986988,0.548838868007854,1.9768855472872517,3113206.0
MG,42650,CARANGOLA,75,19149.0,0.027337397748571742,0.020519812279158577,1.3322440467127277,0.035772102981878946,0.5275237482311604,2.7337397748571743,3113305.0
MG,42676,CARATINGA,216,49526.0,0.019281705768026933,0.01092824816859693,1.7643912794215488,0.03658684327423979,0.46073672112815856,1.9281705768026933,3113404.0
MG,42692,CARBONITA,32,5868.0,-0.06209994505309434,0.045043702241634606,-1.3786598783546344,0.04124062713019768,0.6561659556352056,6.209994505309433,3113503.0
MG,42714,CAREAÇU,16,4045.0,0.07221442535249938,0.07033882172820959,1.0266652693094172,0.0373300370828183,0.4618342717603752,7.221442535249937,3113602.0
MG,42730,CARLOS CHAGAS,54,11256.0,0.020805462968108285,0.02060888986355384,1.0095382675076583,0.03757995735607676,0.6214795287909887,2.0805462968108284,3113701.0
MG,42757,CARMÉSIA,10,1841.0,-0.08061982709062651,0.024900959226490858,-3.2376193365619104,0.04073872895165671,0.6148562349392808,8.06198270906265,3113800.0
MG,42773,CARMO DA CACHOEIRA,30,7383.0,-0.051391233947817805,0.05873777089931833,-0.8749265278709141,0.04767709603142354,0.5891302486516815,5.13912339478178,3113909.0
MG,42790,CARMO DA MATA,35,7939.0,0.012976677659639798,0.03327904733436512,0.3899353707231764,0.044212117395137925,0.5937639857652776,1.29766776596398,3114006.0
MG,42811,CARMO DE MINAS,31,8004.0,0.023888911588668252,0.03711649009137468,0.643619898591103,0.04097951024487756,0.4772989099619794,2.388891158866825,3114105.0
MG,42838,CARMO DO CAJURU,57,15561.0,0.014069449644623803,0.023158238811746272,0.6075353898452558,0.04087140929246193,0.4535315269706604,1.4069449644623804,3114204.0
MG,42854,CARMO DO PARANAÍBA,79,17684.0,0.004421220191802426,0.021163339093296086,0.20890938676132337,0.03726532458719747,0.35003972176083425,0.44212201918024263,3114303.0
MG,42870,CARMO DO RIO CLARO,54,12528.0,0.061799445120064606,0.027243079670011692,2.2684456334828935,0.035360791826309065,0.4193383225164876,6.17994451200646,3114402.0
MG,42897,CARMÓPOLIS DE MINAS,49,11893.0,0.010584922003226806,0.032317821568145236,0.3275258507417488,0.04178928781636257,0.5050506510520729,1.0584922003226807,3114501.0
MG,42919,CARRANCAS,12,2815.0,-0.055722668242393435,0.06770725809416722,-0.8229940158689394,0.04014209591474245,0.5440447049539433,5.572266824239343,3114600.0
MG,42935,CARVALHÓPOLIS,11,2709.0,-0.1264049508126811,0.08737667757279897,-1.4466669404700727,0.03322259136212625,0.43461166617042624,12.64049508126811,3114709.0
MG,42951,CARVALHOS,14,3334.0,-0.10545717703058428,0.09020716155474061,-1.1690554853185295,0.06778644271145771,0.5294380019214695,10.545717703058429,3114808.0
MG,42978,CASA GRANDE,9,2227.0,0.05435316508578203,0.02975885960197355,1.826453224779401,0.05388414907947912,0.47408246231529744,5.435316508578203,3114907.0
MG,42994,CASCALHO RICO,11,2699.0,0.18050627984344528,0.0801042175256503,2.2533929600603746,0.02223045572434235,0.43207494340778624,18.050627984344526,3115003.0
MG,43010,CÁSSIA,39,10842.0,0.0005705492170744483,0.031168522200864072,0.018305302169848502,0.042058660763696736,0.4761243722482668,0.05705492170744483,3115102.0
MG,43036,CONCEIÇÃO DA BARRA DE MINAS,13,3059.0,-0.0785102193237032,0.07781890697773955,-1.0088836039056859,0.03759398496240601,0.5976435872729742,7.85102193237032,3115201.0
MG,43052,CATAGUASES,170,41724.0,0.009020632368185543,0.01976617412781559,0.45636714064414835,0.04139104592081296,0.6107045010085855,0.9020632368185544,3115300.0
MG,43079,CATAS ALTAS DA NORUEGA,14,3019.0,-0.0378523020772064,0.031380166189963074,-1.2062492546426804,0.038092083471348126,0.6795767619335028,3.7852302077206397,3115409.0
MG,43095,CAXAMBU,48,13378.0,-6.618423375033249e-05,0.04570993379239286,-0.0014479179526037072,0.041785020182389,0.5069817131611355,0.006618423375033248,3115508.0
MG,43117,CEDRO DO ABAETÉ,4,935.0,,,,0.0481283422459893,0.4717799479492614,,3115607.0
MG,43133,CENTRAL DE MINAS,21,4322.0,0.0380143175671033,0.04529289274414375,0.839299838538541,0.032623785284590465,0.49906000359177627,3.80143175671033,3115706.0
MG,43150,CENTRALINA,25,5987.0,0.0042755700823809435,0.019867971310659847,0.2151991270536491,0.029397026891598465,0.650350361290757,0.42755700823809434,3115805.0
MG,43176,CHÁCARA,13,3023.0,0.018446597564215485,0.04020768514702904,0.458782879361522,0.02811776381078399,0.5994607328445539,1.8446597564215486,3115904.0
MG,43192,CHALÉ,17,4350.0,0.09491521961743624,0.07002472098957477,1.3554530211061768,0.029195402298850575,0.5269888282050362,9.491521961743624,3116001.0
MG,43214,CHAPADA DO NORTE,38,5873.0,0.008374280956586246,0.06226713404370073,0.1344895840349574,0.046143367955048524,0.8452618670544894,0.8374280956586245,3116100.0
MG,43230,CHIADOR,11,2395.0,-0.020182017318639583,0.021184314980042564,-0.9526868033095603,0.028392484342379957,0.5128542893733737,2.0182017318639582,3116209.0
MG,43257,CIPOTÂNEA,18,4091.0,0.2526233779756788,0.07947406749537886,3.1786894258352634,0.04546565631874847,0.6732668961319683,25.26233779756788,3116308.0
MG,43273,CLARAVAL,14,3800.0,0.005883087343424684,0.06811654241074375,0.08636796782710404,0.017368421052631578,0.3133421732682708,0.5883087343424684,3116407.0
MG,43290,CLARO DOS POÇÕES,32,5939.0,-0.014656451588270317,0.030497344920904664,-0.4805812317853259,0.03990570803165516,0.5881069392476068,1.4656451588270316,3116506.0
MG,43311,CLÁUDIO,68,18208.0,0.029387841671700353,0.020727355615604206,1.4178287967219638,0.04415641476274165,0.3323662136475195,2.938784167170035,3116605.0
MG,43338,COIMBRA,20,5414.0,-0.08554374314364983,0.060070332710649196,-1.4240597526852843,0.05319541928333949,0.6397698568441195,8.554374314364983,3116704.0
MG,43354,COLUNA,25,4838.0,-0.005886522000466831,0.039199963612328456,-0.15016651695603897,0.051260851591566764,0.6613980235093693,0.5886522000466832,3116803.0
MG,43370,COMENDADOR GOMES,8,2211.0,0.09859977161556532,0.09716331143207244,1.0147839772268068,0.02532790592492085,0.4298939993569025,9.859977161556532,3116902.0
MG,43397,COMERCINHO,25,4729.0,-0.07941626070182047,0.06518197015664322,-1.2183777279356525,0.03996616620850074,0.7914540809306506,7.941626070182046,3117009.0
MG,43419,CONCEIÇÃO DA APARECIDA,25,6450.0,-0.05937611026359497,0.04624800195270373,-1.2838632536886005,0.028992248062015506,0.47201186346840085,5.937611026359497,3117108.0
MG,43435,CONCEIÇÃO DAS PEDRAS,10,2234.0,-0.032551330263514186,0.07276305799985883,-0.4473606684256913,0.052820053715308866,0.4668522177732212,3.2551330263514187,3117207.0
MG,43451,CONCEIÇÃO DAS ALAGOAS,59,15533.0,0.030814642968284203,0.02396454815405845,1.2858428529588477,0.027489860297431275,0.5542393554103882,3.08146429682842,3117306.0
MG,43478,CONCEIÇÃO DE IPANEMA,15,3363.0,0.027078077657021027,0.07085026899162096,0.3821873655867614,0.031222123104371096,0.5887434694977526,2.7078077657021025,3117405.0
MG,43494,CONCEIÇÃO DO MATO DENTRO,65,13451.0,0.06453866130911737,0.02680827800600228,2.4074153996264656,0.04207865586201769,0.6954098119251335,6.453866130911737,3117504.0
MG,43516,CONCEIÇÃO DO PARÁ,16,4133.0,0.019461856223345276,0.07874654272972768,0.2471455323459961,0.03556738446648923,0.3452605541272621,1.9461856223345275,3117603.0
MG,43532,CONCEIÇÃO DO RIO VERDE,36,8068.0,0.05556216582184752,0.03169101571326144,1.7532466085836733,0.04090233019335647,0.5803521222763857,5.556216582184752,3117702.0
MG,43559,CONCEIÇÃO DOS OUROS,32,7436.0,0.0656697894968112,0.03706413672494891,1.7717879141268928,0.04397525551371705,0.37515732894053805,6.566978949681119,3117801.0
MG,43575,CONGONHAL,29,7821.0,0.025620956875995842,0.0526120212669299,0.48697914010956833,0.035928909346630865,0.37722989985196653,2.562095687599584,3117900.0
MG,43591,CONGONHAS,120,35377.0,-0.003091365230305291,0.021701668488514556,-0.1424482745159144,0.053707210899737116,0.5417637899836103,0.3091365230305291,3118007.0
MG,43613,CONGONHAS DO NORTE,15,3021.0,0.09874638190113606,0.12225505105533184,0.8077079928292213,0.07249255213505462,0.7596827097289199,9.874638190113606,3118106.0
MG,43630,CONQUISTA,20,4477.0,0.030146787561685224,0.08407388208688732,0.35857494400614937,0.04109895018985928,0.5080710776657934,3.0146787561685224,3118205.0
MG,43656,CONSELHEIRO LAFAIETE,310,81796.0,0.03141101974468589,0.012104281780443264,2.5950337504069245,0.053009927135801264,0.5704935660039172,3.141101974468589,3118304.0
MG,43672,CONSELHEIRO PENA,62,11944.0,-0.03951285484081267,0.03019863576735822,-1.308431782985449,0.03273610180843938,0.436575499868861,3.951285484081267,3118403.0
MG,43699,CONSOLAÇÃO,6,1452.0,,,,0.0371900826446281,0.46708640513716054,,3118502.0
MG,43710,CONTAGEM,1320,383547.0,0.015244380760801405,0.007224297358713626,2.110154109646983,0.046541884045501594,0.445179258342697,1.5244380760801404,3118601.0
MG,43737,COQUEIRAL,24,6081.0,0.07481037450385093,0.051342130010808784,1.45709526441738,0.038480513073507645,0.4619355057272066,7.481037450385093,3118700.0
MG,43753,CORAÇÃO DE JESUS,79,15758.0,-0.007023326229002084,0.020711552856709937,-0.3391018663637638,0.035093285949993655,0.7467234443400791,0.7023326229002084,3118809.0
MG,43770,CORDISBURGO,24,5648.0,-0.09322575622355014,0.058690731505952894,-1.588423824877603,0.032400849858356943,0.5489361334041216,9.322575622355014,3118908.0
MG,43796,CORDISLÂNDIA,12,2186.0,-0.012748628856475498,0.14410970648171828,-0.08846474791823121,0.032479414455626715,0.569722056788526,1.2748628856475497,3119005.0
MG,43818,CORINTO,72,14225.0,0.02325738851396347,0.02470202222425814,0.9415175932893463,0.03360281195079086,0.597610278541973,2.325738851396347,3119104.0
MG,43834,COROACI,30,5858.0,0.07984802446693892,0.048136728418181104,1.658775473340655,0.0500170706725845,0.5980330938199593,7.984802446693892,3119203.0
MG,43850,COROMANDEL,72,18812.0,0.031037322425646132,0.01795269254192489,1.728839412426004,0.035987667446310864,0.40961940689615306,3.103732242564613,3119302.0
MG,43877,CORONEL FABRICIANO,250,62797.0,0.0448082059289274,0.01412625026118146,3.1719816016610642,0.0306702549484848,0.41319184917251944,4.48082059289274,3119401.0
MG,43893,CORONEL MURTA,24,5426.0,0.022796642092120938,0.04557629276646158,0.5001864063172861,0.035569480280132695,0.7658068295362992,2.279664209212094,3119500.0
MG,43915,CORONEL PACHECO,9,2386.0,-0.12554945694979627,0.14049095325252323,-0.8936479826151468,0.04316848281642917,0.5810831252837372,12.554945694979628,3119609.0
MG,43931,CORONEL XAVIER CHAVES,13,2466.0,-0.030290278162573837,0.11275315535301057,-0.268642399121694,0.0494728304947283,0.6253206088117342,3.0290278162573836,3119708.0
MG,43958,CÓRREGO DANTA,13,2289.0,-0.02841552962461505,0.04000795732651096,-0.7102469489434723,0.02927042376583661,0.47244836619424446,2.841552962461505,3119807.0
MG,43974,CÓRREGO DO BOM JESUS,13,3332.0,-0.017182087682498643,0.07410896546845629,-0.23184897500440782,0.03811524609843937,0.44364211474823223,1.7182087682498643,3119906.0
MG,43990,CÓRREGO NOVO,13,2645.0,-0.03256386423640983,0.06929374614650136,-0.46993943966549395,0.023440453686200378,0.6550022323307924,3.2563864236409827,3120003.0
MG,44016,COUTO DE MAGALHÃES DE MINAS,14,2730.0,0.07897682130323877,0.10752643772958019,0.7344874709032836,0.04542124542124542,0.784065226259625,7.897682130323877,3120102.0
MG,44032,CRISTAIS,25,6804.0,0.02628560122046759,0.04268188054387628,0.6158491820304501,0.04467960023515579,0.49765377965852137,2.628560122046759,3120201.0
MG,44059,CRISTÁLIA,18,3622.0,0.05305947363167285,0.07333948525539273,0.72347758437221,0.05024848150193263,0.752807174827654,5.305947363167284,3120300.0
MG,44075,CRISTIANO OTONI,15,3696.0,0.3224295984988396,0.12345753823004774,2.6116639220363544,0.06168831168831169,0.5089816931895503,32.24295984988396,3120409.0
MG,44091,CRISTINA,25,6464.0,-0.00046854474333963186,0.049671043757309775,-0.009432955458494449,0.04733910891089109,0.39623154059893273,0.046854474333963184,3120508.0
MG,44113,CRUCILÂNDIA,14,4273.0,0.04122789096132823,0.10792250915376705,0.38201382903901066,0.04937982681956471,0.46657019424703317,4.122789096132823,3120607.0
MG,44130,CRUZEIRO DA FORTALEZA,13,3270.0,0.06717053753978477,0.017903598426037972,3.7517897766348343,0.022935779816513763,0.4251639872873775,6.717053753978478,3120706.0
MG,44156,CRUZÍLIA,35,10236.0,0.03898010757942619,0.02053500584343756,1.8982272455443778,0.04435326299335678,0.5643107365140504,3.8980107579426186,3120805.0
MG,44172,CURVELO,193,46689.0,0.046752429539046,0.010495758814274296,4.454411573888532,0.04217267450577224,0.5224286211606926,4.6752429539046,3120904.0
MG,44199,DATAS,18,3772.0,-0.0890751320079103,0.05093693546916025,-1.7487336288976554,0.043478260869565216,0.768481505418955,8.90751320079103,3121001.0
MG,44210,DELFIM MOREIRA,22,5461.0,0.022939370693762947,0.051580495213155025,0.4447295552120352,0.04486357809924922,0.4397195495753382,2.2939370693762946,3121100.0
MG,44237,DELFINÓPOLIS,19,4724.0,-0.021784573170876856,0.04532341805800097,-0.48064718205936835,0.03810330228619814,0.45232916835667986,2.1784573170876858,3121209.0
MG,44253,DESCOBERTO,13,3673.0,0.1240110492565103,0.1269833430197818,0.976593042106251,0.041927579635175606,0.5937617636456384,12.40110492565103,3121308.0
MG,44270,DESTERRO DE ENTRE RIOS,21,5086.0,0.038824170226220193,0.04669573169283986,0.8314286727875246,0.06508061344868266,0.4100378207569648,3.882417022622019,3121407.0
MG,44296,DESTERRO DO MELO,14,3035.0,-0.1269349299749169,0.11550141642472407,-1.0989902453503193,0.04514003294892916,0.5530069044282491,12.69349299749169,3121506.0
MG,44318,DIAMANTINA,132,28732.0,-0.009594136138447675,0.013608255188758625,-0.705023238127773,0.03560490045941807,0.6872370101669085,0.9594136138447675,3121605.0
MG,44334,DIOGO DE VASCONCELOS,16,2997.0,0.11252247470695245,0.07228385137495781,1.5566751434323132,0.046379713046379716,0.7627364355604771,11.252247470695245,3121704.0
MG,44350,DIONÍSIO,29,5024.0,-0.03149465973935342,0.056946513062859014,-0.5530568606472676,0.03722133757961783,0.5864029343801925,3.149465973935342,3121803.0
MG,44377,DIVINÉSIA,14,3712.0,0.04466299856937007,0.08615342818176626,0.5184123198805298,0.03421336206896552,0.6817822815948275,4.466299856937007,3121902.0
MG,44393,DIVINO,48,12181.0,-0.007375636570415041,0.04496285381675908,-0.16403844383351637,0.028076512601592645,0.5749502009940187,0.7375636570415042,3122009.0
MG,44415,DIVINO DAS LARANJEIRAS,16,3282.0,-0.22304254198310064,0.0770994440850238,-2.892920236067248,0.031992687385740404,0.48807478725795594,22.304254198310066,3122108.0
MG,44431,DIVINOLÂNDIA DE MINAS,19,4299.0,-0.07203267660883556,0.06939107996937459,-1.0380682450918306,0.05047685508257734,0.6072994729861816,7.203267660883555,3122207.0
MG,44458,DIVINÓPOLIS,500,143119.0,0.06468748864038502,0.008693744497584066,7.4406935536650805,0.04129430753428965,0.4439828474302218,6.468748864038503,3122306.0
MG,44474,DIVISA NOVA,14,3915.0,-0.07642907867998394,0.10417664868118176,-0.733648851710373,0.03524904214559387,0.5204584134970162,7.642907867998394,3122405.0
MG,44490,DOM CAVATI,21,3384.0,-0.030812646378183206,0.040577851601541745,-0.759346420819689,0.031323877068557916,0.46465225235847357,3.081264637818321,3122504.0
MG,44512,DOM JOAQUIM,17,3043.0,0.029649999905729807,0.058257234762319456,0.5089496613887913,0.03844889911271771,0.6504973217227658,2.9649999905729807,3122603.0
MG,44539,DOM SILVÉRIO,13,3543.0,-0.05239511882804173,0.14215608633409027,-0.36857457305700264,0.04064352243861134,0.6798608722177367,5.239511882804173,3122702.0
MG,44555,DOM VIÇOSO,9,2434.0,-0.050966284168200024,0.07251520086351772,-0.7028358683598583,0.04067378800328677,0.4756471122979344,5.0966284168200024,3122801.0
MG,44571,DONA EUSÉBIA,19,4741.0,0.06595888782878177,0.04967411910067341,1.3278320586844106,0.027209449483231386,0.5602227797751559,6.595888782878177,3122900.0
MG,44598,DORES DE CAMPOS,27,6884.0,-0.013505554251260885,0.05792545444135897,-0.2331540491397142,0.060284718187100524,0.5007910214186007,1.3505554251260885,3123007.0
MG,44610,DORES DE GUANHÃES,17,3778.0,0.035597792580758306,0.05014218774289798,0.7099369649223232,0.046585494970884066,0.6365105996204024,3.5597792580758307,3123106.0
MG,44636,DORES DO INDAIÁ,40,8350.0,-0.006289878738692247,0.016945193133308837,-0.3711895573694203,0.03317365269461078,0.40746649183521666,0.6289878738692247,3123205.0
MG,44652,DORES DO TURVO,18,4040.0,0.023184026757499053,0.08552888431540732,0.27106663372344075,0.03440594059405941,0.64319254524379,2.318402675749905,3123304.0
MG,44679,DORESÓPOLIS,6,1587.0,,,,0.028985507246376812,0.47592170380202625,,3123403.0
MG,44695,DOURADOQUARA,7,1635.0,,,,0.03302752293577982,0.5870537585454891,,3123502.0
MG,44717,ELÓI MENDES,55,16161.0,0.030285603408528792,0.023360646725661703,1.2964368565729825,0.03749767959903471,0.395726889111997,3.0285603408528794,3123601.0
MG,44733,ENGENHEIRO CALDAS,29,5535.0,-0.03618341035485027,0.038750145302960975,-0.933761927134901,0.042818428184281845,0.5146975194835786,3.6183410354850274,3123700.0
MG,44750,ENGENHEIRO NAVARRO,19,4618.0,-0.08462298651686069,0.05762217621592667,-1.4685836612583723,0.04244261585101776,0.7284421057903908,8.46229865168607,3123809.0
MG,44776,ENTRE RIOS DE MINAS,40,10115.0,-0.025374275436016454,0.03573537107980331,-0.710060499423702,0.04557587740978745,0.5645022389090653,2.5374275436016456,3123908.0
MG,44792,ERVÁLIA,60,13306.0,-0.14232561713209818,0.041665741871923234,-3.4158906271150626,0.06027356079963926,0.6704702847823821,14.232561713209819,3124005.0
MG,44814,ESMERALDAS,150,41636.0,0.016822111338595864,0.01767824019387836,0.951571601817077,0.043327889326544335,0.530234718965679,1.6822111338595864,3124104.0
MG,44830,ESPERA FELIZ,59,14432.0,-0.02002515931404525,0.03754139960909164,-0.5334153633738159,0.0355460088691796,0.5212446818643847,2.002515931404525,3124203.0
MG,44857,ESPINOSA,90,18419.0,0.0017212454083637514,0.020769056091561343,0.08287547593764308,0.03588685596395027,0.6669799703644561,0.17212454083637513,3124302.0
MG,44873,ESPÍRITO SANTO DO DOURADO,15,4168.0,0.03369262436410788,0.0419102292400102,0.8039236476412001,0.03478886756238004,0.5058026479866204,3.369262436410788,3124401.0
MG,44890,ESTIVA,33,7804.0,-0.033433773313542046,0.025419816296680293,-1.3152641593994658,0.049589953869810355,0.4402666013666826,3.343377331354205,3124500.0
MG,44911,ESTRELA DALVA,10,2044.0,-0.08575991293946834,0.06653592574098646,-1.288926425602279,0.03913894324853229,0.6349212152840059,8.575991293946835,3124609.0
MG,44938,ESTRELA DO INDAIÁ,11,2164.0,-0.3499724627582474,0.1553710861321,-2.2524941510719243,0.04066543438077634,0.49539078125961566,34.997246275824736,3124708.0
MG,44954,ESTRELA DO SUL,19,4534.0,-0.03923160221118261,0.05339933745731206,-0.7346833140494435,0.03462726069695633,0.5783106262620422,3.9231602211182612,3124807.0
MG,44970,EUGENÓPOLIS,30,7290.0,-0.02135841938971524,0.017401802600072947,-1.2273682146943619,0.02853223593964335,0.5130655336419885,2.1358419389715237,3124906.0
MG,44997,EWBANK DA CÂMARA,13,3492.0,-0.01835411461047019,0.07124740592709045,-0.25761098767936186,0.027491408934707903,0.6731184589216703,1.835411461047019,3125002.0
MG,45012,EXTREMA,100,28723.0,-0.006997475228885475,0.03284099756171886,-0.2130713360863949,0.04362357692441597,0.43941203775093257,0.6997475228885475,3125101.0
MG,45039,FAMA,11,2416.0,0.03141315023416008,0.03500779840978684,0.8973186450187671,0.02359271523178808,0.46092112979611494,3.1413150234160083,3125200.0
MG,45055,FARIA LEMOS,13,2483.0,0.12084770169935607,0.08304458376892265,1.4552147318315574,0.031816351188078934,0.6249966153140971,12.084770169935608,3125309.0
MG,45071,FELÍCIO DOS SANTOS,16,3338.0,-0.036085828495733066,0.07269803291997798,-0.49637970996346453,0.04733373277411624,0.6561821387005529,3.6085828495733066,3125408.0
MG,45098,SÃO GONÇALO DO RIO PRETO,12,2203.0,-0.09975696279207735,0.1108009749798908,-0.9003256768289465,0.05628688152519292,0.7756140011864393,9.975696279207735,3125507.0
MG,45110,FELISBURGO,17,3914.0,-0.0160632958915926,0.09042258404968412,-0.17764694584227286,0.047777210015329585,0.7246856883122083,1.60632958915926,3125606.0
MG,45136,FELIXLÂNDIA,37,8881.0,0.006500213912446759,0.033059920101586864,0.19661916581990624,0.034905979056412566,0.585136871832782,0.650021391244676,3125705.0
MG,45152,FERNANDES TOURINHO,10,1983.0,-0.0648236087480568,0.06238695620356027,-1.0390570832875075,0.02773575390821987,0.48376800348564025,6.48236087480568,3125804.0
MG,45179,FERROS,35,6304.0,-0.018310418079171144,0.04490899677114354,-0.40772271472643046,0.04600253807106599,0.682987107900541,1.8310418079171145,3125903.0
MG,45195,FLORESTAL,20,5356.0,-0.18099246528152765,0.0787823482304092,-2.297373324696945,0.042195668409260645,0.5259446533428452,18.099246528152765,3126000.0
MG,45217,FORMIGA,177,43870.0,0.06942817794217589,0.017937913403098953,3.870471240550279,0.0468201504444951,0.3782865655587998,6.942817794217588,3126109.0
MG,45233,FORMOSO,21,4538.0,-0.03520805343335934,0.040553578503855506,-0.8681861066838291,0.0370207139709123,0.6094625629472192,3.5208053433359336,3126208.0
MG,45250,FORTALEZA DE MINAS,10,2419.0,0.0618024093767726,0.134395760334581,0.4598538616316038,0.04795369987598181,0.44384578817994674,6.18024093767726,3126307.0
MG,45276,FORTUNA DE MINAS,11,2216.0,-0.06792874893892709,0.1841328668313022,-0.36891159143881497,0.026624548736462094,0.6211931544974615,6.792874893892709,3126406.0
MG,45292,FRANCISCO BADARÓ,30,4643.0,-0.02210112299723198,0.040853278657848144,-0.5409877425587292,0.040060305836743484,0.718070582233796,2.210112299723198,3126505.0
MG,45314,FRANCISCO DUMONT,16,3153.0,0.02874159884503043,0.021703349377904742,1.3242932390099673,0.034887408816999685,0.6179175501871857,2.874159884503043,3126604.0
MG,45330,FRANCISCO SÁ,77,14681.0,0.026315269438537927,0.0198634170115357,1.3248108028570968,0.034943123765411074,0.7274166068776191,2.6315269438537925,3126703.0
MG,45357,FREI GASPAR,21,3901.0,0.021580706783282323,0.07342300985884963,0.29392293811939413,0.03511920020507562,0.6873728476320936,2.158070678328232,3126802.0
MG,45373,FREI INOCÊNCIO,26,5022.0,0.0593052480543666,0.02482354867335441,2.389072119975531,0.02867383512544803,0.5838319516427376,5.93052480543666,3126901.0
MG,45390,FRONTEIRA,28,8065.0,0.0015448367771732957,0.02794987502817328,0.05527168817807275,0.027526348419094855,0.541759802801364,0.15448367771732957,3127008.0
MG,45411,FRUTAL,120,32228.0,0.0008142002634690565,0.009332653611296295,0.08724209612618046,0.029849820032270075,0.4383446819678876,0.08142002634690565,3127107.0
MG,45438,FUNILÂNDIA,17,3832.0,-0.05022780335660648,0.04408904856865781,-1.1392353654080123,0.03914405010438413,0.4576310183482202,5.022780335660649,3127206.0
MG,45454,GALILÉIA,19,3851.0,-0.13156332728011802,0.060148770709654,-2.1872986883670733,0.022591534666320436,0.5131109905525513,13.156332728011803,3127305.0
MG,45470,GONÇALVES,13,3110.0,-0.00590826889427284,0.06466099263685839,-0.09137300021752186,0.04565916398713826,0.3756539367439541,0.590826889427284,3127404.0
MG,45497,GONZAGA,18,3183.0,-0.06389516529022649,0.08698533411326614,-0.7345510130136044,0.0486961985548225,0.6223743066376983,6.389516529022648,3127503.0
MG,45519,GOUVEIA,31,7910.0,-0.04265173368350156,0.05122313054618264,-0.8326655014778308,0.04804045512010114,0.7009219948778881,4.265173368350156,3127602.0
MG,45535,GOVERNADOR VALADARES,652,156410.0,0.03993942330788621,0.005211426764401672,7.663817436849597,0.033233169234703666,0.37229417767458295,3.993942330788621,3127701.0
MG,45551,GRÃO MOGOL,42,8504.0,0.04820626915610869,0.04621032434832055,1.043192616280796,0.03974600188146755,0.7419807958017657,4.820626915610869,3127800.0
MG,45578,GRUPIARA,6,1349.0,,,,0.0340993328391401,0.40593791594933704,,3127909.0
MG,45594,GUANHÃES,85,17731.0,0.01488586449089887,0.01826355603223021,0.8150583853784755,0.04793863854266539,0.5597610564394532,1.488586449089887,3128006.0
MG,45616,GUAPÉ,36,8463.0,0.08375958637618382,0.03781658094395244,2.214890513246637,0.03627555240458466,0.37469929073073677,8.375958637618382,3128105.0
MG,45632,GUARACIABA,30,6458.0,0.03764868723827849,0.040059883317519154,0.9398102071309281,0.04258284298544441,0.7137514238428805,3.7648687238278487,3128204.0
MG,45659,GUARANÉSIA,43,12092.0,0.05319650957861849,0.035521961690195926,1.497566774114864,0.04416142904399603,0.5866582178033163,5.319650957861849,3128303.0
MG,45675,GUARANI,22,5518.0,-0.07643539628675716,0.10245844792784203,-0.7460136068095428,0.039688292859731786,0.6626675027594189,7.6435396286757165,3128402.0
MG,45691,GUARARÁ,14,2796.0,0.12514679010801602,0.09913042318158977,1.262445837427414,0.03683834048640915,0.5616468284328331,12.514679010801602,3128501.0
MG,45713,GUARDA-MOR,18,4418.0,0.0130713148839768,0.06823718065283564,0.19155707722566367,0.029198732458125848,0.47077423611414254,1.3071314883976801,3128600.0
MG,45730,GUAXUPÉ,111,30689.0,0.03610302457817339,0.023407823142034247,1.542348656648124,0.04526051679754961,0.5052243182508226,3.610302457817339,3128709.0
MG,45756,GUIDOVAL,25,5350.0,0.026143137615564804,0.05691227359181214,0.4593585173396757,0.045233644859813085,0.6067683314564273,2.61431376155648,3128808.0
MG,45772,GUIMARÂNIA,24,5475.0,-0.08208132140209991,0.052692572238258205,-1.557739884683473,0.04073059360730594,0.45592058170536426,8.20813214020999,3128907.0
MG,45799,GUIRICEMA,25,6099.0,-0.06648511988496454,0.0739240541362799,-0.899370585958373,0.04869650762420069,0.6272481260446098,6.6485119884964545,3129004.0
MG,45810,GURINHATÃ,17,3675.0,0.04777662146444446,0.07430026095429444,0.6430209107049313,0.025034013605442176,0.4881786280227996,4.777662146444446,3129103.0
MG,45837,HELIODORA,17,4258.0,0.1022899093878724,0.061971941918005286,1.650584219600728,0.040159699389384684,0.543523630229109,10.22899093878724,3129202.0
MG,45853,IAPU,25,6368.0,-0.009296969946385156,0.029232856180344456,-0.3180315289422947,0.03187814070351759,0.47406862971039004,0.9296969946385156,3129301.0
MG,45870,IBERTIOGA,16,4022.0,-0.10314946679775246,0.058437042886979734,-1.7651383728853094,0.03381402287419195,0.7187365486263123,10.314946679775245,3129400.0
MG,45896,IBIÁ,57,12991.0,-0.01150992027135243,0.017486112269748028,-0.6582320926341786,0.034023554768686015,0.5006542412678412,1.150992027135243,3129509.0
MG,45918,IBIAÍ,21,4502.0,0.05883271139448576,0.04098150739740742,1.4355916883186108,0.0308751665926255,0.7627709899577381,5.883271139448576,3129608.0
MG,45934,IBIRACI,26,7292.0,0.03413971074821192,0.02665936517984614,1.2805897859121098,0.027701590784421283,0.42119705102911514,3.413971074821192,3129707.0
MG,45950,IBIRITÉ,345,102977.0,-0.0036062100289673622,0.020458099099909553,-0.17627297684677387,0.04697165386445517,0.49804875662437315,0.3606210028967362,3129806.0
MG,45977,IBITIÚRA DE MINAS,11,2722.0,0.06538231845153368,0.09981925547139003,0.6550070739635341,0.03306392358559882,0.283855183815824,6.538231845153368,3129905.0
MG,45993,IBITURUNA,9,2046.0,0.20028612685883182,0.19652609165180487,1.0191324987711494,0.043010752688172046,0.5185399194088974,20.028612685883182,3130002.0
MG,46019,IGARAPÉ,92,25576.0,0.033149113831470414,0.02946170641193765,1.1251593294690716,0.04621520175164216,0.47735275198117905,3.3149113831470416,3130101.0
MG,46035,IGARATINGA,24,6695.0,0.05887335871621022,0.05061158826637575,1.163238711386642,0.041971620612397315,0.4309296796571869,5.887335871621022,3130200.0
MG,46051,IGUATAMA,25,5105.0,-0.0335667329018813,0.02617770692233129,-1.2822640654306772,0.02840352595494613,0.5411441477710505,3.35667329018813,3130309.0
MG,46078,IJACI,16,4546.0,-0.049411480932660345,0.07507645106550806,-0.6581488633439304,0.051693796744390674,0.5241696074784988,4.941148093266035,3130408.0
MG,46094,ILICÍNEA,26,7984.0,0.1016584377861275,0.06464566853834362,1.572548325118338,0.031062124248496994,0.513052022019725,10.16584377861275,3130507.0
MG,46116,INCONFIDENTES,17,5229.0,-0.00959727160940811,0.09170059933771862,-0.10465876644996501,0.030407343660355707,0.4303675311138711,0.959727160940811,3130606.0
MG,46132,INDIANÓPOLIS,16,3982.0,-0.01657215984996679,0.0663172229209818,-0.24989224699159715,0.03390256152687092,0.5435235646608069,1.657215984996679,3130705.0
MG,46159,INGAÍ,10,2139.0,-0.1831797637256353,0.12920873521477283,-1.4177041778262975,0.03880317905563347,0.5878414556963979,18.31797637256353,3130804.0
MG,46175,INHAPIM,75,15295.0,0.023465568340973943,0.014919460713805874,1.572816121916514,0.02693690748610657,0.4547242462709139,2.3465568340973944,3130903.0
MG,46191,INHAÚMA,17,4702.0,0.02320646902377627,0.05403558477143469,0.42946641776779865,0.03572947681837516,0.5196754544890462,2.320646902377627,3131000.0
MG,46213,INIMUTABA,22,4796.0,-0.06122877264728925,0.046440944596051956,-1.3184222065219242,0.03836530442035029,0.6015321668413879,6.122877264728925,3131109.0
MG,46230,IPANEMA,50,11625.0,-0.0257397140243147,0.025678530566819822,-1.0023826697300948,0.03027956989247312,0.4976388299774514,2.57397140243147,3131208.0
MG,46256,IPATINGA,541,141135.0,0.04593133247959356,0.010839810728051716,4.237281778429076,0.03127502037056719,0.3489145408124606,4.593133247959356,3131307.0
MG,46272,IPIAÇU,11,2814.0,0.09080105565619216,0.07011675234359889,1.2949980228866318,0.022743425728500355,0.6135736747536912,9.080105565619217,3131406.0
MG,46299,IPUIÚNA,24,6415.0,0.10000750854798171,0.06339822616733694,1.57744963217135,0.027903351519875292,0.4474716432488181,10.000750854798172,3131505.0
MG,46310,IRAÍ DE MINAS,18,5148.0,-0.01626866317109536,0.05704218481297908,-0.28520406825991124,0.034382284382284384,0.44997851924082805,1.6268663171095359,3131604.0
MG,46337,ITABIRA,276,75505.0,-0.009032935152194405,0.012595186557315965,-0.7171735893778872,0.0566187669690749,0.5376706532152298,0.9032935152194406,3131703.0
MG,46353,ITABIRINHA,30,6352.0,-0.0021858934671106383,0.029806394567422238,-0.07333639304029659,0.04093198992443325,0.5177134940860288,0.21858934671106384,3131802.0
MG,46370,ITABIRITO,130,34777.0,0.051319274235956704,0.028058665704584186,1.8289990969731762,0.05788308364723812,0.5474579058897386,5.131927423595671,3131901.0
MG,46396,ITACAMBIRA,23,3418.0,-0.06553309146837542,0.04660186830928979,-1.4062331371232129,0.03159742539496782,0.7984576629055798,6.553309146837543,3132008.0
MG,46418,ITACARAMBI,48,9474.0,0.013096795499457282,0.03571381157612084,0.3667151424468547,0.04549292801351066,0.7083418107901104,1.3096795499457283,3132107.0
MG,46434,ITAGUARA,43,8968.0,0.09626991083522497,0.062213421986272915,1.5474138499641839,0.06445138269402319,0.4590748409978168,9.626991083522498,3132206.0
MG,46450,ITAIPÉ,29,6217.0,0.003385384285690382,0.05251370909300115,0.06446667630532261,0.05211516808750201,0.6857403534704986,0.3385384285690382,3132305.0
MG,46477,ITAJUBÁ,218,58281.0,0.03456986376461218,0.019003772729178022,1.8191053038397098,0.04068221204166023,0.3452543696838488,3.456986376461218,3132404.0
MG,46493,ITAMARANDIBA,83,19709.0,-0.011268866859789745,0.020765190813660947,-0.5426806312984234,0.05500025369120706,0.6257533395788532,1.1268866859789746,3132503.0
MG,46515,ITAMARATI DE MINAS,13,2937.0,-0.1496267403364795,0.08560805280589996,-1.747811513430048,0.03949608443990466,0.6102548816368195,14.96267403364795,3132602.0
MG,46531,ITAMBACURI,64,12370.0,-0.009063678672857518,0.019453528417778206,-0.4659143821217747,0.03864187550525465,0.6751558283302205,0.9063678672857518,3132701.0
MG,46558,ITAMBÉ DO MATO DENTRO,10,2033.0,0.03347801001864684,0.09561563602117167,0.35013112302295385,0.050664043285784555,0.6840853971910118,3.3478010018646835,3132800.0
MG,46574,ITAMOGI,27,7277.0,0.03688517252017922,0.039832887653348116,0.9259979552870521,0.04892125876047822,0.46194106300166954,3.688517252017922,3132909.0
MG,46590,ITAMONTE,34,9717.0,0.028818080098950313,0.04448043434839405,0.6478821648465035,0.041164968611711435,0.3931310440060839,2.8818080098950314,3133006.0
MG,46612,ITANHANDU,34,10095.0,-0.09270196031082346,0.059670680068945325,-1.5535596410785462,0.043883110450718174,0.4589811643425646,9.270196031082346,3133105.0
MG,46639,ITANHOMI,33,6953.0,-0.04912771840941278,0.03699095056080023,-1.3281009994231951,0.03667481662591687,0.5609405553691826,4.912771840941279,3133204.0
MG,46655,ITAOBIM,53,11735.0,0.00960564290656613,0.024745127846601617,0.38818319978432947,0.03792074989348104,0.5928619206852491,0.9605642906566131,3133303.0
MG,46671,ITAPAGIPE,33,8053.0,0.046262897058217615,0.046979889046839626,0.984738320946072,0.028312430150254562,0.4600160943828994,4.626289705821762,3133402.0
MG,46698,ITAPECERICA,69,14744.0,0.04074165005443096,0.029061905052042394,1.4018919262681901,0.04333966359196961,0.538058673617332,4.074165005443096,3133501.0
MG,46710,ITAPEVA,22,6774.0,-0.07393103103565335,0.05489262568985943,-1.3468299267256763,0.03985828166519043,0.38035747904137546,7.393103103565335,3133600.0
MG,46736,ITATIAIUÇU,33,8390.0,0.033402741250036706,0.033310672624190796,1.0027639377590667,0.041716328963051254,0.4012678495006847,3.3402741250036705,3133709.0
MG,46752,ITAÚNA,227,58301.0,0.06472673889977862,0.015262413614759291,4.240924177102997,0.045179327970360714,0.3358681870100257,6.4726738899778615,3133808.0
MG,46779,ITAVERAVA,20,4736.0,-0.058693120423270975,0.07052255999226845,-0.8322602076513621,0.04814189189189189,0.6183947502239224,5.869312042327097,3133907.0
MG,46795,ITINGA,40,7853.0,-0.02261973358894366,0.036504185942213406,-0.6196476651951913,0.030688908697313128,0.7807920855848708,2.261973358894366,3134004.0
MG,46817,ITUETA,16,4015.0,-0.024334118774423572,0.044594815312923496,-0.5456714778090266,0.026899128268991282,0.36430221090160514,2.4334118774423574,3134103.0
MG,46833,ITUIUTABA,250,59671.0,0.00884186512132637,0.005296568734438593,1.669357194184238,0.02641148966834811,0.5579804767239974,0.884186512132637,3134202.0
MG,46850,ITUMIRIM,21,4827.0,0.0023834336084176655,0.048124450563951635,0.04952645859822062,0.053449347420758235,0.5548414813141703,0.23834336084176655,3134301.0
MG,46876,ITURAMA,85,23234.0,0.02246050999829404,0.009254129919462048,2.427079605945244,0.02582422312128777,0.5318884459804744,2.246050999829404,3134400.0
MG,46892,ITUTINGA,12,3008.0,0.005221858297274859,0.15389269547689083,0.033931813859605794,0.04488031914893617,0.6289656400943214,0.5221858297274858,3134509.0
MG,46914,JABOTICATUBAS,47,12089.0,-0.026746400525438713,0.028469658335569456,-0.9394703726395712,0.034990487219786585,0.529276438649898,2.674640052543871,3134608.0
MG,46930,JACINTO,31,6616.0,0.06771102382213266,0.04072380642789466,1.6626889714256308,0.042623941958887544,0.6736056648969344,6.771102382213266,3134707.0
MG,46957,JACUÍ,19,4923.0,0.056845056402374125,0.05845438653778489,0.9724686164592542,0.04245378834044282,0.2951865943085896,5.684505640237412,3134806.0
MG,46973,JACUTINGA,52,14947.0,0.07711780188567283,0.029050139395579263,2.654644813766653,0.03157824312571084,0.2772923214061564,7.711780188567283,3134905.0
MG,46990,JAGUARAÇU,11,2518.0,-0.0063722307305757635,0.03652862747717917,-0.17444484424049986,0.025019857029388404,0.47815266747823,0.6372230730575763,3135001.0
MG,47015,JANAÚBA,193,41368.0,0.027394467465314574,0.008463432695820977,3.236803369257163,0.03563140591761748,0.5564128428140015,2.7394467465314576,3135100.0
MG,47031,JANUÁRIA,182,35708.0,-0.010549451739958193,0.009223079655583243,-1.143810108326672,0.034726111795676036,0.7559976625281328,1.0549451739958193,3135209.0
MG,47058,JAPARAÍBA,10,2946.0,0.0556386445431559,0.04841348545572933,1.1492385648216439,0.04378818737270876,0.4712251830828589,5.56386445431559,3135308.0
MG,47074,JECEABA,23,4858.0,0.027725594555000267,0.038783256071259584,0.7148856842771997,0.0446685878962536,0.6254545783723939,2.772559455500027,3135407.0
MG,47090,JEQUERI,33,7751.0,0.03691418078038605,0.034340952815943106,1.0749317579577553,0.04193007353889821,0.6926076890361127,3.6914180780386054,3135506.0
MG,47112,JEQUITAÍ,22,4562.0,0.11503621754401358,0.09907433461491585,1.1611101703699418,0.04866286716352477,0.7051003350451865,11.503621754401358,3135605.0
MG,47139,JEQUITIBÁ,21,4655.0,-0.03146534184855577,0.04281696804420338,-0.7348801955353677,0.04103114930182599,0.49295436874848975,3.146534184855577,3135704.0
MG,47155,JEQUITINHONHA,61,12552.0,-0.025005798699204974,0.033314796405924156,-0.7505913707087327,0.03911727214786488,0.7642857092252083,2.5005798699204975,3135803.0
MG,47171,JESUÂNIA,13,3370.0,-0.01294496120615448,0.07061060241702796,-0.18332885944948069,0.04362017804154303,0.4458222619425979,1.294496120615448,3135902.0
MG,47198,JOAÍMA,39,7455.0,0.1137773113694467,0.04270096900588813,2.6645135700259566,0.04869215291750503,0.7639991998078,11.37773113694467,3136009.0
MG,47210,JOANÉSIA,23,3641.0,0.12125638258972844,0.05214437130431125,2.3253973450381418,0.04257072232903049,0.5681389035679905,12.125638258972844,3136108.0
MG,47236,JOÃO MONLEVADE,215,48414.0,0.030713159667063006,0.0167650027451967,1.8319805927775679,0.043809641839137436,0.4957724823475143,3.0713159667063006,3136207.0
MG,47252,JOÃO PINHEIRO,124,28291.0,0.003789579923236411,0.008833943594400068,0.4289794113739493,0.02714644233148351,0.4693672736909082,0.3789579923236411,3136306.0
MG,47279,JOAQUIM FELÍCIO,16,2485.0,-0.015171060849270427,0.03607532683261852,-0.42053841728616265,0.04426559356136821,0.5716368356774549,1.5171060849270426,3136405.0
MG,47295,JORDÂNIA,27,5438.0,0.1035013060108819,0.043703582965274726,2.3682567649686814,0.0443177638837808,0.6492989850183971,10.350130601088189,3136504.0
MG,47317,NOVA UNIÃO,17,4354.0,0.047371625858447806,0.05917843020445607,0.8004880442888257,0.040422599908130456,0.583432070042727,4.73716258584478,3136603.0
MG,47333,JUIZ DE FORA,1230,338194.0,0.020436073974008262,0.0067385359239185314,3.032717225928873,0.046094844970638156,0.5610024048654012,2.043607397400826,3136702.0
MG,47350,JURAMENTO,15,3626.0,-0.08602558228614156,0.05509547572585304,-1.5613910426001611,0.03337010479867623,0.6940155082800749,8.602558228614155,3136801.0
MG,47376,JURUAIA,24,7588.0,0.03956710821292996,0.0468702599387881,0.8441836734979504,0.032551396942540854,0.3836870230663221,3.956710821292996,3136900.0
MG,47392,LADAINHA,39,7979.0,0.10904397938271428,0.06975344067383744,1.563277428745011,0.050883569369595184,0.7478112184200156,10.904397938271428,3137007.0
MG,47414,LAGAMAR,21,5120.0,-0.04939662598229418,0.04168674204607094,-1.1849481047883885,0.022265625,0.43777405327727575,4.939662598229418,3137106.0
MG,47430,LAGOA DA PRATA,101,29085.0,0.0666332427832636,0.020380441907905267,3.2694699695111895,0.03902355165893072,0.38307831758678335,6.66332427832636,3137205.0
MG,47457,LAGOA DOS PATOS,14,2663.0,0.04081756418532795,0.0586784598546006,0.6956141024571848,0.03792714983101765,0.6347950360476723,4.081756418532795,3137304.0
MG,47473,LAGOA DOURADA,31,8756.0,-0.014409386670734412,0.04269856688900714,-0.33746768851027054,0.06624029237094564,0.5003661138158573,1.4409386670734412,3137403.0
MG,47490,LAGOA FORMOSA,50,12383.0,-0.05404446277352306,0.04505117709902996,-1.199623766871271,0.04352741661955907,0.4472520580250048,5.404446277352306,3137502.0
MG,47511,LAGOA SANTA,165,40439.0,0.038622399351874115,0.019885971669930527,1.9421932200715564,0.04198916887163382,0.3849052253715281,3.8622399351874117,3137601.0
MG,47538,LAJINHA,51,12631.0,0.032727667790446,0.026899794514735464,1.2166512191205803,0.03277650225635342,0.4822629429822804,3.2727667790446002,3137700.0
MG,47554,LAMBARI,50,13525.0,0.06765008889220522,0.020676595125175754,3.2718195855097387,0.03645101663585952,0.3653931763425886,6.765008889220522,3137809.0
MG,47570,LAMIM,11,2907.0,-0.21430094440747138,0.19723260053994154,-1.0865391614814375,0.0392156862745098,0.7370752312613725,21.430094440747137,3137908.0
MG,47597,LARANJAL,19,4591.0,-0.050937004630134536,0.08188446870361005,-0.6220594141546756,0.03223698540622958,0.5018393240274889,5.0937004630134535,3138005.0
MG,47619,LASSANCE,19,4248.0,0.03519870853058412,0.05337430609574674,0.6594691548297059,0.03225047080979284,0.6529781342556646,3.519870853058412,3138104.0
MG,47635,LAVRAS,207,60017.0,0.08454110364891684,0.01349658666016501,6.2638877352922675,0.05260176283386374,0.485209404887903,8.454110364891685,3138203.0
MG,47651,LEANDRO FERREIRA,10,2650.0,0.17318614888869902,0.06124753164374809,2.8276429145920883,0.03283018867924528,0.4310654901968428,17.318614888869902,3138302.0
MG,47678,LEOPOLDINA,130,31788.0,0.026324413371819254,0.013744969350276921,1.915203497437329,0.03466717000125834,0.5991662655277218,2.6324413371819255,3138401.0
MG,47694,LIBERDADE,17,3506.0,0.17026718056963144,0.14363259740983364,1.185435504475353,0.049914432401597264,0.6465442714623815,17.026718056963144,3138500.0
MG,47716,LIMA DUARTE,47,11532.0,-0.08139372771807829,0.029435170384234932,-2.765186226395062,0.043097467915365936,0.7033223558492029,8.139372771807828,3138609.0
MG,47732,LUMINÁRIAS,16,3682.0,0.056846883758696856,0.0823349341016768,0.690434557079935,0.048614883215643674,0.5542033957079598,5.684688375869686,3138708.0
MG,47759,LUZ,53,11086.0,0.04775906345152494,0.015730680799308856,3.036045550782728,0.036352155872271336,0.41953353004491106,4.775906345152494,3138807.0
MG,47775,MACHACALIS,21,4541.0,0.19563400938135184,0.08494183516245743,2.3031526103384463,0.037216472142699845,0.6476381699047292,19.563400938135185,3138906.0
MG,47791,MACHADO,90,24121.0,0.05132489919767209,0.01866817675233765,2.749325757870014,0.040089548526180505,0.38484486427564313,5.132489919767209,3139003.0
MG,47813,MADRE DE DEUS DE MINAS,16,3630.0,-0.029748698276599275,0.06922123598680825,-0.4297625988976648,0.04435261707988981,0.6110473381500957,2.9748698276599277,3139102.0
MG,47830,MALACACHETA,57,10533.0,0.04215750926342435,0.025297994334813095,1.6664368212546607,0.043102629830057915,0.6605829921039761,4.215750926342435,3139201.0
MG,47856,MANGA,63,11433.0,0.02833551467553606,0.018300837317570963,1.5483179367061322,0.03314965450887781,0.6574774124347836,2.833551467553606,3139300.0
MG,47872,MANHUAÇU,173,48147.0,0.03579006459020914,0.011448926623094007,3.1260628850582224,0.032774627702660604,0.4397666366800071,3.5790064590209143,3139409.0
MG,47899,MANHUMIRIM,59,13081.0,0.056513842917665036,0.026450814702014852,2.136563412292937,0.03585352801773565,0.5006425249547878,5.651384291766504,3139508.0
MG,47910,MANTENA,72,15217.0,0.06970770159997638,0.01801277541299394,3.8699034436243007,0.02937504107248472,0.412283261564312,6.970770159997638,3139607.0
MG,47937,MARAVILHAS,18,5282.0,0.02802036078848769,0.06970778424571175,0.40196889187754425,0.02820901173797804,0.43875976813079276,2.802036078848769,3139706.0
MG,47953,MAR DE ESPANHA,38,8427.0,0.02306130046110498,0.034480391950739465,0.66882361702998,0.039159843360626556,0.534953926394667,2.306130046110498,3139805.0
MG,47970,MARIA DA FÉ,37,10028.0,0.035556801598799335,0.02529639558498074,1.405607430487469,0.039988033506182685,0.37017399176699656,3.5556801598799335,3139904.0
MG,47996,MARIANA,154,40905.0,-0.0403695590673371,0.021638631283691947,-1.8656244259664336,0.05155848918225156,0.6935049384998103,4.03695590673371,3140001.0
MG,48011,MARILAC,13,3098.0,-0.10789077930399113,0.04983905903405424,-2.164783633460477,0.035183989670755325,0.6609283268892066,10.789077930399113,3140100.0
MG,48038,MARIPÁ DE MINAS,12,2471.0,-0.16772501717057733,0.15656424226425975,-1.0712855933443581,0.04208822339133954,0.48987476512484696,16.772501717057732,3140209.0
MG,48054,MARLIÉRIA,15,3443.0,-0.11273845924323966,0.05538548449251431,-2.0355235722182217,0.028463549230322394,0.5269832279469637,11.273845924323966,3140308.0
MG,48070,MARMELÓPOLIS,10,2396.0,-0.10591536411597648,0.13734822646101771,-0.7711447526119856,0.045909849749582635,0.5015115262914096,10.591536411597648,3140407.0
MG,48097,MARTINHO CAMPOS,38,8844.0,0.027749881965196458,0.02539383094386407,1.0927804483908201,0.03426051560379918,0.3840294716915255,2.774988196519646,3140506.0
MG,48119,MATERLÂNDIA,18,2801.0,0.2989162585487125,0.1330986618069017,2.2458246723951096,0.053552302749018205,0.775227502626906,29.89162585487125,3140605.0
MG,48135,MATEUS LEME,87,21428.0,-0.010150303913886338,0.030783163587264024,-0.329735567467336,0.051054694791861116,0.4706088900403949,1.0150303913886338,3140704.0
MG,48151,MATIAS BARBOSA,34,9855.0,0.025743327792319876,0.03244763414006089,0.7933807340528516,0.0397767630644343,0.5670645247679126,2.5743327792319874,3140803.0
MG,48178,MATIPÓ,42,11841.0,-0.06909980064264241,0.06472096209363332,-1.0676571918488191,0.04079047377755257,0.5465545540131761,6.909980064264241,3140902.0
MG,48194,MATO VERDE,35,8627.0,-0.062423691748788215,0.024671190909425666,-2.530226123982493,0.03338356323171438,0.6305805980075838,6.242369174878822,3141009.0
MG,48216,MATOZINHOS,91,24332.0,0.008437991007743987,0.024763736035909395,0.34073982195207647,0.052728916652967285,0.49155994527605884,0.8437991007743987,3141108.0
MG,48232,MATUTINA,12,2600.0,-0.06246494788768766,0.07584096226747362,-0.823630740171626,0.03769230769230769,0.46431729338793426,6.246494788768766,3141207.0
MG,48259,MEDEIROS,11,2469.0,0.025657073193063644,0.07761140887536454,0.33058378355514856,0.025921425678412314,0.39425750946413085,2.565707319306364,3141306.0
MG,48275,MEDINA,53,11694.0,0.009538538160302742,0.0268096137998276,0.3557879733561876,0.03882332820249701,0.6848187642639099,0.9538538160302743,3141405.0
MG,48291,MENDES PIMENTEL,14,3931.0,-0.00795626515044363,0.07730501552169478,-0.10292042627183477,0.04477232256423302,0.5611035116552779,0.795626515044363,3141504.0
MG,48313,MERCÊS,27,6919.0,0.0055139110281862014,0.06820317444684278,0.08084537227051972,0.04162451221274751,0.6757712791727698,0.5513911028186201,3141603.0
MG,48330,MESQUITA,21,3936.0,0.05758017053786485,0.04840934816532854,1.18944321128258,0.032520325203252036,0.530101316030169,5.758017053786485,3141702.0
MG,48356,MINAS NOVAS,78,14211.0,0.07775993493123771,0.03802823732287759,2.0447946159328754,0.04644289634789951,0.7884182064644395,7.775993493123772,3141801.0
MG,48372,MINDURI,15,2617.0,-0.0029417678336346974,0.04060797443262459,-0.07244310692018341,0.02980512036683225,0.5080643065830894,0.29417678336346975,3141900.0
MG,48399,MIRABELA,38,8635.0,0.014968375395757242,0.02314546920855577,0.646708660813156,0.03254198031268095,0.7222749356678875,1.4968375395757243,3142007.0
MG,48410,MIRADOURO,31,6693.0,0.04186020451744657,0.029214307743117427,1.4328665558508187,0.04422531002539967,0.5940697871162387,4.186020451744657,3142106.0
MG,48437,MIRAÍ,34,8200.0,0.05002062849144772,0.030691571154099224,1.6297838986573638,0.03817073170731707,0.48446123695379467,5.002062849144772,3142205.0
MG,48453,MOEDA,19,4273.0,0.04181852870466834,0.05526778630668202,0.7566528623494437,0.03908261174818629,0.5007307222430438,4.181852870466834,3142304.0
MG,48470,MOEMA,23,5307.0,0.023188915044870487,0.040706837987210594,0.5696565046923088,0.04277369511965329,0.4565980081949364,2.318891504487049,3142403.0
MG,48496,MONJOLOS,9,1638.0,0.013845278676911738,0.07724509349498793,0.17923829269246846,0.03724053724053724,0.658273270294732,1.3845278676911739,3142502.0
MG,48518,MONSENHOR PAULO,19,5627.0,0.13545466086450045,0.08200583020467443,1.6517686672572625,0.037497778567620405,0.49265966463708755,13.545466086450045,3142601.0
MG,48534,MONTALVÂNIA,51,9022.0,0.06165486090035102,0.017251838855511042,3.573813865103173,0.03724229660829084,0.6995778060791866,6.1654860900351025,3142700.0
MG,48550,MONTE ALEGRE DE MINAS,51,11591.0,0.0018177617244227334,0.01378593501697437,0.1318562522008523,0.03442325942541627,0.521913186731317,0.18177617244227334,3142809.0
MG,48577,MONTE AZUL,73,14005.0,0.04915221022099082,0.016873214095907488,2.913031858756088,0.03370224919671546,0.6057980480924862,4.9152210220990815,3142908.0
MG,48593,MONTE BELO,32,8672.0,-0.08039968920196504,0.054381268363443085,-1.4784445383773435,0.04462638376383764,0.49592011989761825,8.039968920196504,3143005.0
MG,48615,MONTE CARMELO,107,28906.0,0.015114917712921097,0.011835565425854727,1.2770760981053464,0.03459489379367605,0.5174126080005172,1.5114917712921097,3143104.0
MG,48631,MONTE SANTO DE MINAS,48,13025.0,0.0751906652920524,0.02882934220992798,2.6081297569862327,0.05159309021113244,0.4583953093706503,7.51906652920524,3143203.0
MG,48658,MONTES CLAROS,866,238281.0,0.03896538729435294,0.004961131123980473,7.854133728900472,0.043838996814685185,0.48794182408191056,3.896538729435294,3143302.0
MG,48674,MONTE SIÃO,53,15078.0,0.03735639562254109,0.03302408341683829,1.1311864481148277,0.03203342618384401,0.23535669976233442,3.735639562254109,3143401.0
MG,48690,MORADA NOVA DE MINAS,27,5604.0,0.052788525323104865,0.05127175872383177,1.0295828861155893,0.037116345467523196,0.44973045745368034,5.278852532310487,3143500.0
MG,48712,MORRO DA GARÇA,10,2157.0,-0.16232238325589912,0.07625142602660515,-2.1287783286736524,0.0315252665739453,0.7008601542420675,16.23223832558991,3143609.0
MG,48739,MORRO DO PILAR,17,2808.0,0.018037151630071104,0.057950275261766084,0.31125221663910707,0.05056980056980057,0.7101479698223848,1.8037151630071104,3143708.0
MG,48755,MUNHOZ,18,4855.0,0.02197509761976147,0.08332872124266365,0.26371576680946823,0.04613800205973224,0.4586758890927341,2.1975097619761472,3143807.0
MG,48771,MURIAÉ,263,63428.0,0.0041434874762420115,0.010646959151985512,0.3891709752140176,0.040313426247083305,0.4711915681145009,0.41434874762420115,3143906.0
MG,48798,MUTUM,64,16986.0,0.003019613162067968,0.020764904879623115,0.14541907028098913,0.03079006240433298,0.48000103748192896,0.3019613162067968,3144003.0
MG,48810,MUZAMBINHO,50,14203.0,0.04598680437104262,0.03930711771804609,1.169935804016733,0.0347109765542491,0.4476464908372345,4.598680437104262,3144102.0
MG,48836,NACIP RAYDAN,9,1873.0,0.10386568703193612,0.09539722324835881,1.0887705479805252,0.03737319807794982,0.6729504752116914,10.386568703193612,3144201.0
MG,48852,NANUQUE,102,20964.0,0.014792035198816045,0.011028289946600472,1.3412809484008685,0.033629078420148825,0.5002026258520691,1.4792035198816045,3144300.0
MG,48879,NATÉRCIA,17,3313.0,0.05425920209098585,0.04704880172465052,1.1532536451944864,0.0516148505885904,0.37789741312580366,5.425920209098585,3144409.0
MG,48895,NAZARENO,22,5350.0,0.004365747456804644,0.06449549176080394,0.06769073833867338,0.041308411214953274,0.6551084071456426,0.4365747456804644,3144508.0
MG,48917,NEPOMUCENO,64,16441.0,0.055639645355712065,0.026957825950150185,2.0639515018236136,0.04245483851347242,0.4799959339887243,5.563964535571206,3144607.0
MG,48933,NOVA ERA,61,11548.0,0.01739475178441478,0.034793541052161786,0.49994197941327423,0.04269137512989262,0.5901220340167153,1.739475178441478,3144706.0
MG,48950,NOVA LIMA,213,62499.0,0.04640419693645527,0.007988342631037976,5.808989308515136,0.04582473319573113,0.5119755530383713,4.640419693645527,3144805.0
MG,48976,NOVA MÓDICA,13,2569.0,0.005346173837705224,0.05127702490614106,0.10426060886900154,0.033086804203970414,0.6167663332348833,0.5346173837705224,3144904.0
MG,48992,NOVA PONTE,34,9741.0,0.03518757341684499,0.03127505762442904,1.125100194519222,0.03151627143003798,0.4838322767932138,3.518757341684499,3145000.0
MG,49018,NOVA RESENDE,37,10650.0,0.04754471438476688,0.03374368707073015,1.4089958303936494,0.04084507042253521,0.4061756519573005,4.754471438476688,3145109.0
MG,49034,NOVA SERRANA,161,49650.0,0.010720455053281184,0.013622768984050545,0.786951248004912,0.03027190332326284,0.2768601212477966,1.0720455053281184,3145208.0
MG,49050,NOVO CRUZEIRO,82,15411.0,-0.030387780471117152,0.029447992927764004,-1.031913466756748,0.051067419375770556,0.7667849077086801,3.038778047111715,3145307.0
MG,49077,OLARIA,7,1809.0,,,,0.04201216141514649,0.6808741630514707,,3145406.0
MG,49093,OLÍMPIO NORONHA,9,2102.0,0.05637671873797253,0.08280275534964884,0.6808555886807409,0.04281636536631779,0.5930560548598287,5.637671873797253,3145505.0
MG,49115,OLIVEIRA,110,27028.0,0.038216315836280816,0.013567497169325213,2.816755025583066,0.046433328400177595,0.49719980486364057,3.8216315836280814,3145604.0
MG,49131,OLIVEIRA FORTES,9,2018.0,-0.10295653839531069,0.08650520054149191,-1.1901774430998278,0.030723488602576808,0.7200749042597853,10.295653839531068,3145703.0
MG,49158,ONÇA DE PITANGUI,13,2655.0,0.07679716157813084,0.03077998360045705,2.4950358185697827,0.021845574387947268,0.39107804168653815,7.6797161578130835,3145802.0
MG,49174,OURO BRANCO,95,25934.0,0.0522910109040837,0.020363630000995513,2.5678629449428887,0.042723837433485,0.5215204677646894,5.229101090408371,3145901.0
MG,49190,OURO FINO,83,19721.0,0.10982373846765689,0.029729774633428633,3.6940656234968334,0.03874042898433142,0.32410961492534585,10.98237384676569,3146008.0
MG,49212,OURO PRETO,197,51815.0,-0.010848743086349545,0.01254683147399448,-0.8646599827881228,0.045469458650969796,0.6992026563797163,1.0848743086349544,3146107.0
MG,49239,OURO VERDE DE MINAS,25,4994.0,0.17254915192486753,0.07126604230299417,2.4211973381552303,0.03764517420905086,0.605843231534412,17.254915192486752,3146206.0
MG,49255,PADRE PARAÍSO,46,9434.0,0.0008450742888748138,0.020393477912743513,0.04143845853515463,0.04451982192071232,0.6207129011125945,0.08450742888748139,3146305.0
MG,49271,PAINEIRAS,15,3328.0,0.018232572207208825,0.07192837332228803,0.2534823375681597,0.03936298076923077,0.596861121063215,1.8232572207208826,3146404.0
MG,49298,PAINS,22,5570.0,-0.10833417550465166,0.07295032696245048,-1.4850403009216697,0.03698384201077199,0.4677504121007691,10.833417550465166,3146503.0
MG,49310,PAIVA,8,1392.0,-0.38104929758259093,0.12975022881362394,-2.936790948784672,0.05531609195402299,0.6624018476762764,38.10492975825909,3146602.0
MG,49336,PALMA,19,4181.0,0.116070979634019,0.0466756518513203,2.4867564785972185,0.02965797656063143,0.6389721025673712,11.6070979634019,3146701.0
MG,49352,FRONTEIRA DOS VALES,17,3138.0,-0.34927069799138166,0.1394884698177634,-2.5039395617981266,0.03760356915232632,0.784892998196221,34.92706979913817,3127057.0
MG,49379,PAPAGAIOS,33,9703.0,0.028124647842311473,0.036536572414433664,0.7697670028620669,0.036071318149026074,0.4924280040435725,2.8124647842311474,3146909.0
MG,49395,PARACATU,186,51431.0,0.03040130098852603,0.012008650099637455,2.5316168542077726,0.033190099356419284,0.4301152373002395,3.040130098852603,3147006.0
MG,49417,PARÁ DE MINAS,193,54052.0,0.08113674818873538,0.018003812574430355,4.506642571027907,0.04791682083919189,0.3541713439932315,8.113674818873537,3147105.0
MG,49433,PARAGUAÇU,49,13492.0,-0.01792594565706123,0.02959556317710539,-0.6056970617449993,0.03757782389564186,0.4591508118570346,1.792594565706123,3147204.0
MG,49450,PARAISÓPOLIS,48,13105.0,-0.03352519175937894,0.040215808253655866,-0.8336321763800754,0.04456314383822969,0.39957550086823107,3.3525191759378936,3147303.0
MG,49476,PARAOPEBA,61,16397.0,-0.0024735358328733456,0.01677252594741989,-0.14747545126044945,0.03964139781667378,0.46413174692562414,0.24735358328733456,3147402.0
MG,49492,PASSABÉM,7,1442.0,,,,0.036754507628294034,0.6271356223347895,,3147501.0
MG,49514,PASSA QUATRO,37,10810.0,0.03364520076131499,0.05482615365450069,0.6136706392598279,0.04366327474560592,0.5216392494161733,3.364520076131499,3147600.0
MG,49530,PASSA TEMPO,24,5946.0,0.1331012115690973,0.10451543972442659,1.2735076455693257,0.06104944500504541,0.5756939495011143,13.31012115690973,3147709.0
MG,49557,PASSA VINTE,8,1912.0,-0.008222602204193578,0.0989861016186018,-0.0830682496809063,0.03347280334728033,0.5411069214354435,0.8222602204193578,3147808.0
MG,49573,PASSOS,263,63387.0,0.029811065999691598,0.007888009614733932,3.7792887503595094,0.04250082824553931,0.4689106849266625,2.9811065999691597,3147907.0
MG,49590,PATOS DE MINAS,359,90431.0,0.05634428290604299,0.010898201750743087,5.170053206456854,0.03899105395273745,0.35254662807473375,5.6344282906042995,3148004.0
MG,49611,PATROCÍNIO,216,54491.0,0.005972299901882352,0.008544588817070287,0.6989569691113697,0.0401350681763961,0.38879482104655294,0.5972299901882352,3148103.0
MG,49638,PATROCÍNIO DO MURIAÉ,18,4144.0,-0.04044001891231929,0.12387001231240903,-0.3264714207852557,0.03692084942084942,0.5722497519032734,4.044001891231929,3148202.0
MG,49654,PAULA CÂNDIDO,27,6101.0,-0.007780822189189526,0.030643886317761833,-0.25391107735181745,0.04310768726438289,0.7157916987394239,0.7780822189189526,3148301.0
MG,49670,PAULISTAS,21,3017.0,-0.005139744955919711,0.09757772923703355,-0.052673340485659005,0.04010606562810739,0.8080028737224331,0.5139744955919712,3148400.0
MG,49697,PAVÃO,19,4552.0,0.03893832115739207,0.0772443091903289,0.5040930725582462,0.042398945518453426,0.6782244698787615,3.893832115739207,3148509.0
MG,49719,PEÇANHA,48,9237.0,0.02813459494261171,0.025604370271847334,1.0988200312642105,0.045361047959294146,0.6563175199288986,2.813459494261171,3148608.0
MG,49735,PEDRA AZUL,66,12307.0,0.019483316512735945,0.028017675593834283,0.695393750544515,0.04688388721865605,0.5984514728446514,1.9483316512735944,3148707.0
MG,49751,PEDRA DO ANTA,15,2808.0,-0.15723231759187806,0.078298080988477,-2.008124791909238,0.03881766381766382,0.7296148685015454,15.723231759187806,3148806.0
MG,49778,PEDRA DO INDAIÁ,14,3013.0,0.02666054835856161,0.05155775959547604,0.5171005987797219,0.03783604381015599,0.404784664435957,2.666054835856161,3148905.0
MG,49794,PEDRA DOURADA,10,2248.0,-0.05194496524815215,0.10126073181237934,-0.5129823211666911,0.04314946619217082,0.6168454733366053,5.194496524815214,3149002.0
MG,49816,PEDRALVA,29,7619.0,0.0013108443626444952,0.04780482047743124,0.02742075693524145,0.04291901824386402,0.4093567181906388,0.13108443626444952,3149101.0
MG,49832,PEDRINÓPOLIS,12,2554.0,0.14007793355912448,0.08804448232679221,1.5909904840964502,0.029365700861393892,0.4825629208562115,14.00779335591245,3149200.0
MG,49859,PEDRO LEOPOLDO,161,39956.0,0.018551135175256087,0.0190076681211911,0.9759816436701124,0.045049554509960954,0.44804602243305836,1.8551135175256088,3149309.0
MG,49875,PEDRO TEIXEIRA,10,1995.0,-0.10898873241638816,0.09062900359687555,-1.2025811615581479,0.03258145363408521,0.7743885958771363,10.898873241638816,3149408.0
MG,49891,PEQUERI,12,2536.0,-0.10677615180149161,0.10469288864571004,-1.0198988028960736,0.038249211356466875,0.5721989471376007,10.67761518014916,3149507.0
MG,49913,PEQUI,14,3018.0,-0.0765188836369753,0.06794574950670909,-1.1261761654335667,0.02982107355864811,0.48914658516701714,7.65188836369753,3149606.0
MG,49930,PERDIGÃO,25,6686.0,0.027986019424294253,0.04015553234281608,0.6969405656329449,0.031109781633263535,0.2448866829981968,2.7986019424294253,3149705.0
MG,49956,PERDIZES,49,10291.0,0.05196289818701986,0.016060563540831577,3.235434301848249,0.02730541249635604,0.41640229864083833,5.1962898187019855,3149804.0
MG,49972,PERDÕES,53,13962.0,0.022730218806766338,0.023280062949847927,0.9763813291971712,0.0446927374301676,0.4481287782547578,2.273021880676634,3149903.0
MG,49999,PESCADOR,15,2398.0,0.02900146331588396,0.09799918975185515,0.29593574589054145,0.03836530442035029,0.6644037676722292,2.9001463315883957,3150000.0
MG,50016,PIAU,13,2537.0,-0.004070272906784345,0.05107354286756822,-0.07969435207066818,0.03823413480488766,0.6553038403116862,0.4070272906784345,3150109.0
MG,50032,PIEDADE DE PONTE NOVA,13,3002.0,-0.1428925051120478,0.10091416882496938,-1.4159805979266178,0.038640906062624915,0.7094514772188824,14.289250511204779,3150208.0
MG,50059,PIEDADE DO RIO GRANDE,16,3170.0,0.0953180918708364,0.06913373856373561,1.3787492742485055,0.051735015772870666,0.6007516793841026,9.53180918708364,3150307.0
MG,50075,PIEDADE DOS GERAIS,13,3968.0,0.041338504750595875,0.06894312850280168,0.5996029720194084,0.04133064516129032,0.48930355727863056,4.133850475059588,3150406.0
MG,50091,PIMENTA,22,5703.0,0.0885238514297627,0.0377609739799508,2.34432118929889,0.049798351744695775,0.4446889304794716,8.852385142976269,3150505.0
MG,50113,PIRACEMA,20,4981.0,-0.04731883637525957,0.05040564591932801,-0.9387606390560149,0.05561132302750452,0.5895645702322756,4.731883637525957,3150604.0
MG,50130,PIRAJUBA,13,3473.0,0.007461014946161844,0.09567464419137788,0.07798320034760292,0.028217679239850274,0.5300860590182809,0.7461014946161845,3150703.0
MG,50156,PIRANGA,47,9779.0,-0.011501010227886008,0.031669839069129554,-0.3631534155504035,0.05000511299723898,0.6586738217770522,1.1501010227886008,3150802.0
MG,50172,PIRANGUÇU,15,3787.0,-0.03876129381671512,0.04934803905866395,-0.7854677623691689,0.03617639292315817,0.3798773311643081,3.8761293816715123,3150901.0
MG,50199,PIRANGUINHO,21,5869.0,0.020017005078061992,0.06651003803342877,0.30096216556065114,0.03987050604873062,0.46199881317788416,2.0017005078061993,3151008.0
MG,50210,PIRAPETINGA,35,8066.0,0.019854591800995216,0.025477301077495733,0.7793051446306024,0.03235804611951401,0.5569577379038998,1.9854591800995216,3151107.0
MG,50237,PIRAPORA,130,31657.0,0.00851178703177943,0.017179096358681957,0.4954735018689007,0.04700382221941435,0.4480225729935941,0.851178703177943,3151206.0
MG,50253,PIRAÚBA,27,7868.0,0.07727491525695372,0.04909937693278451,1.5738471663854439,0.03965429588205389,0.5766334391265758,7.727491525695372,3151305.0
MG,50270,PITANGUI,69,17539.0,0.019880026745827572,0.018582970106442578,1.0697981340956533,0.03557785506585324,0.3524714164217331,1.9880026745827573,3151404.0
MG,50296,PIUMHI,71,20227.0,0.04335034409175005,0.02151848957115832,2.0145625903898674,0.03505215800662481,0.36180481638403256,4.335034409175005,3151503.0
MG,50318,PLANURA,23,6344.0,0.04484212815040538,0.042297086817789264,1.0601706056868607,0.032471626733921816,0.5040528900501086,4.484212815040538,3151602.0
MG,50334,POÇO FUNDO,37,10734.0,0.11035391553635988,0.0729994510898337,1.5117088401193248,0.042947643003540155,0.4931790662819932,11.03539155363599,3151701.0
MG,50350,POÇOS DE CALDAS,392,93445.0,0.03572144602520967,0.013597270305066357,2.62710420722458,0.044314837605008296,0.41647990979460664,3.572144602520967,3151800.0
MG,50377,POCRANE,25,5717.0,0.025437739411144876,0.044882955950636315,0.5667572215858978,0.02693720482770684,0.5271169187288464,2.5437739411144875,3151909.0
MG,50393,POMPÉU,68,19044.0,0.03797741413599699,0.01513623057997376,2.509040407077548,0.03680949380382273,0.5593923107539912,3.797741413599699,3152006.0
MG,50415,PONTE NOVA,146,35583.0,0.021362882053470613,0.010958249647915854,1.9494794095636991,0.03408931231205913,0.6670194899712448,2.136288205347061,3152105.0
MG,50431,PORTEIRINHA,111,24381.0,-0.01519124823736378,0.014114956615895726,-1.0762518547351378,0.038390550018456995,0.6388898058767413,1.5191248237363781,3152204.0
MG,50458,PORTO FIRME,29,7139.0,-0.11219373661190578,0.05123214482624572,-2.189909030598111,0.03347807816220759,0.6678200183250994,11.219373661190577,3152303.0
MG,50474,POTÉ,40,8611.0,-0.0011912810683047737,0.04031060847492431,-0.029552544934810996,0.04552316804087795,0.5916733150243462,0.11912810683047736,3152402.0
MG,50490,POUSO ALEGRE,345,88345.0,0.04465295674821172,0.012858674557929705,3.4725940490246776,0.044767672194238495,0.4050618426296156,4.4652956748211725,3152501.0
MG,50512,POUSO ALTO,18,4548.0,-0.04672501790472954,0.0741049293291864,-0.6305250990412427,0.04331574318381706,0.4411262887228626,4.672501790472954,3152600.0
MG,50539,PRADOS,22,6258.0,-0.012780746464862363,0.049488553914052665,-0.2582566160057704,0.056887184403962926,0.6317769936036015,1.2780746464862363,3152709.0
MG,50555,PRATA,69,16707.0,0.016304698033820487,0.012142951354108126,1.3427294204142872,0.024241335966959956,0.5330080178389777,1.6304698033820488,3152808.0
MG,50571,PRATÁPOLIS,25,5848.0,0.09515032079343734,0.06558351205019107,1.4508268590529094,0.05249658002735978,0.47723225180383555,9.515032079343735,3152907.0
MG,50598,PRATINHA,10,2364.0,-0.07173100353204229,0.112258606022294,-0.6389799951533058,0.03722504230118443,0.3746651027286858,7.173100353204228,3153004.0
MG,50610,PRESIDENTE BERNARDES,23,4221.0,-0.031750742288983363,0.04874126152065742,-0.6514140442492821,0.037668798862828715,0.7015006155979373,3.1750742288983362,3153103.0
MG,50636,PRESIDENTE JUSCELINO,16,2747.0,-0.05335368043872817,0.07246301717720657,-0.7362884201778822,0.03349108117946851,0.6739821797759898,5.335368043872817,3153202.0
MG,50652,PRESIDENTE KUBITSCHEK,13,2297.0,0.013482152159322308,0.12084005857249801,0.11157022198258609,0.04005224205485416,0.8453695330414741,1.3482152159322307,3153301.0
MG,50679,PRESIDENTE OLEGÁRIO,50,12328.0,-0.0512457674670704,0.03722838150322046,-1.376524183911604,0.04234263465282284,0.4781045966040451,5.12457674670704,3153400.0
MG,50695,ALTO JEQUITIBÁ,27,5756.0,0.057480117545286626,0.05277316765878904,1.0891921045356023,0.03353022932592078,0.3565433868826894,5.748011754528663,3153509.0
MG,50717,PRUDENTE DE MORAIS,26,6925.0,0.017513222236769495,0.055446869872051455,0.3158559225648409,0.06180505415162455,0.4810605608715499,1.7513222236769495,3153608.0
MG,50733,QUARTEL GERAL,13,2646.0,0.0739542695871256,0.08608919821193795,0.8590423784068929,0.037037037037037035,0.5885316336504486,7.3954269587125605,3153707.0
MG,50750,QUELUZITO,8,2118.0,0.09079959016336762,0.1006590525586835,0.9020509120173977,0.046742209631728045,0.5564776770375212,9.079959016336762,3153806.0
MG,50776,RAPOSOS,42,11359.0,0.0836237075060855,0.06165355541735063,1.3563485015586303,0.05528655691522141,0.6254981742407875,8.36237075060855,3153905.0
MG,50792,RAUL SOARES,66,13959.0,9.3253266594454e-05,0.026494696930743775,0.003519695539005969,0.039544379969911884,0.5963307284612258,0.0093253266594454,3154002.0
MG,50814,RECREIO,26,6156.0,-0.051384666252592685,0.03144826305955051,-1.63394290346944,0.03541260558804418,0.6150312022988403,5.138466625259269,3154101.0
MG,50830,RESENDE COSTA,31,7743.0,0.06356746278582143,0.05983893563807627,1.062309382812161,0.05114296784192174,0.5392783793849206,6.3567462785821425,3154200.0
MG,50857,RESPLENDOR,51,9241.0,0.007629369458678952,0.028875348169561006,0.2642174014276117,0.02543014825235364,0.36191282794395446,0.7629369458678952,3154309.0
MG,50873,RESSAQUINHA,15,3632.0,0.00867528864018201,0.07319725512284687,0.11851931640909596,0.04460352422907489,0.6328686223858786,0.867528864018201,3154408.0
MG,50890,RIACHO DOS MACHADOS,30,5627.0,0.060670527155694196,0.03769409407155992,1.6095499480771425,0.041407499555713524,0.7194411420375575,6.067052715569419,3154507.0
MG,50911,RIBEIRÃO DAS NEVES,608,179260.0,0.017607943471178028,0.010109324542642698,1.7417527152190033,0.04492357469597233,0.5063416081475938,1.7607943471178027,3154606.0
MG,50938,RIBEIRÃO VERMELHO,12,2763.0,0.11830819927004198,0.07053925367149791,1.6771966403416256,0.051031487513572206,0.5949438826350693,11.830819927004198,3154705.0
MG,50954,RIO ACIMA,25,7180.0,0.027947953287339098,0.05990323344297596,0.46655166476019627,0.04637883008356546,0.5483235789846261,2.79479532873391,3154804.0
MG,50970,RIO CASCA,36,8096.0,0.03760005565778664,0.038367389575951524,0.9800003615923392,0.040266798418972335,0.6622670740007772,3.760005565778664,3154903.0
MG,50997,RIO DOCE,9,2039.0,0.09104110150263936,0.08501062464740003,1.0709379195865463,0.0392349190779794,0.6708897539610101,9.104110150263937,3155009.0
MG,51012,RIO DO PRADO,13,3052.0,0.02127253861892457,0.07695833355811868,0.27641631042932624,0.038335517693315856,0.7976754455242656,2.127253861892457,3155108.0
MG,51039,RIO ESPERA,23,4248.0,-0.17300648991812445,0.08838566461376245,-1.9574044125158478,0.05390772128060264,0.6274504892800318,17.300648991812444,3155207.0
MG,51055,RIO MANSO,15,3865.0,0.11848773052620712,0.08927928453601083,1.3271581547947446,0.04036222509702458,0.5644924050118297,11.848773052620713,3155306.0
MG,51071,RIO NOVO,30,5776.0,0.10194259949840997,0.0725774527214704,1.4046042631123172,0.040339335180055405,0.5915663434395876,10.194259949840998,3155405.0
MG,51098,RIO PARANAÍBA,36,8340.0,0.004632160320210359,0.03182663605167327,0.14554350992953355,0.038129496402877695,0.5092491561853605,0.4632160320210359,3155504.0
MG,51110,RIO PARDO DE MINAS,95,15870.0,0.0020200334202437947,0.015831516630346237,0.12759569834084913,0.050598613736609954,0.6076067833116175,0.20200334202437947,3155603.0
MG,51136,RIO PIRACICABA,47,9602.0,-0.009125582588656348,0.03938285844412177,-0.23171458216026014,0.051447615080191626,0.6060996564195066,0.9125582588656348,3155702.0
MG,51152,RIO POMBA,45,11558.0,-0.054331900698099136,0.03637503750530588,-1.4936589602189128,0.04516352310088251,0.5830876689019221,5.433190069809914,3155801.0
MG,51179,RIO PRETO,18,4211.0,0.027814555480720454,0.07057019840649668,0.3941402477077328,0.029446687247684636,0.6474576511188351,2.7814555480720453,3155900.0
MG,51195,RIO VERMELHO,38,6608.0,-0.03295326811232405,0.047484277435975816,-0.6939827221074538,0.050696125907990316,0.7031826033872064,3.2953268112324046,3156007.0
MG,51217,RITÁPOLIS,17,3765.0,0.12668288759635,0.06048356635279495,2.0945009567957786,0.04541832669322709,0.6396092926892698,12.668288759634999,3156106.0
MG,51233,ROCHEDO DE MINAS,7,1972.0,,,,0.04006085192697769,0.5036974990728178,,3156205.0
MG,51250,RODEIRO,19,5507.0,-0.055441574985669616,0.0754430683035389,-0.7348796414616258,0.03195932449609588,0.5307967588500001,5.544157498566961,3156304.0
MG,51276,ROMARIA,10,2644.0,0.11178381078779331,0.09934109597990504,1.1252524414508696,0.02685325264750378,0.6352273614654146,11.178381078779331,3156403.0
MG,51292,RUBELITA,34,4907.0,-0.002345511731046996,0.046437916553927885,-0.05050854786569025,0.03566333808844508,0.8231102889458584,0.2345511731046996,3156502.0
MG,51314,RUBIM,25,4948.0,0.07215513701479638,0.0475595690719885,1.5171528763344937,0.046079223928860144,0.7272034765631696,7.215513701479638,3156601.0
MG,51330,SABARÁ,295,79280.0,0.06328385925375715,0.011646056719341116,5.433930194471651,0.049608980827447025,0.5062695356162683,6.3283859253757155,3156700.0
MG,51357,SABINÓPOLIS,44,8468.0,0.029263794117603707,0.050648928710586995,0.5777771586210625,0.04829948039678791,0.7264925083581939,2.9263794117603705,3156809.0
MG,51373,SACRAMENTO,60,15637.0,0.0342441748086915,0.017009061384034116,2.013290094939363,0.032742853488520816,0.4140007199993048,3.42441748086915,3156908.0
MG,51390,SALINAS,107,24651.0,0.004321639023119182,0.01006919351933713,0.4291941568924859,0.03582004786824064,0.6200990623966358,0.43216390231191826,3157005.0
MG,51411,SALTO DA DIVISA,18,3608.0,0.09923255228986208,0.1311630072137041,0.7565589902050837,0.043514412416851445,0.6813555334451337,9.923255228986209,3157104.0
MG,51438,SANTA BÁRBARA,80,19456.0,0.01981304605421886,0.02443860645640549,0.8107273256174454,0.046463815789473686,0.6284993091191899,1.981304605421886,3157203.0
MG,51454,SANTA BÁRBARA DO TUGÚRIO,19,3597.0,-0.11130870493408729,0.061150878000818254,-1.8202306912518553,0.03892132332499305,0.745769984377191,11.130870493408729,3157302.0
MG,51470,SANTA CRUZ DO ESCALVADO,17,3838.0,-0.02400813963480432,0.054134916593892975,-0.4434871455498411,0.038301198540906724,0.7224886245435916,2.400813963480432,3157401.0
MG,51497,SANTA EFIGÊNIA DE MINAS,13,2734.0,0.19501656301660622,0.0683875091841576,2.851640092512435,0.0570592538405267,0.6740598743125219,19.50165630166062,3157500.0
MG,51519,SANTA FÉ DE MINAS,14,2353.0,-0.027570553805873622,0.1420818254082558,-0.19404701288608026,0.027624309392265192,0.757840220692623,2.7570553805873623,3157609.0
MG,51535,SANTA JULIANA,27,8628.0,-0.04152198604310944,0.02464126167566596,-1.6850592550670302,0.025846082522021325,0.4704918877613629,4.152198604310945,3157708.0
MG,51551,SANTA LUZIA,470,138684.0,0.02078673380321234,0.012800908398186676,1.623848336119404,0.046530241412131176,0.4824878689934676,2.078673380321234,3157807.0
MG,51578,SANTA MARGARIDA,38,10799.0,-0.007371693922560879,0.018703481357242837,-0.3941348555255048,0.03333642003889249,0.4988562244210945,0.7371693922560879,3157906.0
MG,51594,SANTA MARIA DE ITABIRA,28,6940.0,-0.09977432464514106,0.04556435555300362,-2.1897451074245224,0.04971181556195965,0.6721701258450591,9.977432464514106,3158003.0
MG,51616,SANTA MARIA DO SALTO,15,3087.0,0.09238815314690565,0.058181362424334054,1.5879338210248715,0.05377389050858439,0.6251344532510682,9.238815314690566,3158102.0
MG,51632,SANTA MARIA DO SUAÇUÍ,42,7989.0,0.04096243163730306,0.028818615762050658,1.4213878964736326,0.03692577293778946,0.6572087953079714,4.096243163730306,3158201.0
MG,51659,SANTANA DA VARGEM,20,5071.0,0.0906958638612688,0.08467580021746593,1.0710954443694896,0.04160915006901992,0.5184042354257933,9.069586386126879,3158300.0
MG,51675,SANTANA DE CATAGUASES,10,2783.0,-0.05481650861705799,0.0683484460665188,-0.8020154337336197,0.03233920229967661,0.5249662010184577,5.481650861705798,3158409.0
MG,51691,SANTANA DE PIRAPAMA,26,5830.0,0.0194278005782644,0.022649110339645978,0.8577732320133185,0.03207547169811321,0.584754131137422,1.94278005782644,3158508.0
MG,51713,SANTANA DO DESERTO,13,2782.0,-0.04984839649974788,0.07334233563664339,-0.6796674262830888,0.029834651329978434,0.6538388394706226,4.984839649974788,3158607.0
MG,51730,SANTANA DO GARAMBÉU,7,1880.0,,,,0.04468085106382979,0.7176465115712256,,3158706.0
MG,51756,SANTANA DO JACARÉ,13,3223.0,-0.04231558568874077,0.056327700654992,-0.7512393581965001,0.03971455165994415,0.5342469178116348,4.231558568874076,3158805.0
MG,51772,SANTANA DO MANHUAÇU,22,5927.0,-0.07786783114770474,0.07346766798717262,-1.0598925116460804,0.029525898430909397,0.5856216975583461,7.786783114770474,3158904.0
MG,51799,SANTANA DO RIACHO,20,4386.0,-0.04698921077187706,0.05975867866355659,-0.7863160937079604,0.03260373917008664,0.6255850802294306,4.6989210771877055,3159001.0
MG,51810,SANTANA DOS MONTES,12,3045.0,0.027085908563352815,0.05579434706580141,0.48545972823033273,0.04958949096880132,0.6235273155223635,2.7085908563352814,3159100.0
MG,51837,SANTA RITA DE CALDAS,23,5739.0,0.21263608055851566,0.057804344883513555,3.6785484030139375,0.0341522913399547,0.37118538008262,21.263608055851567,3159209.0
MG,51853,SANTA RITA DE JACUTINGA,19,3503.0,0.04959242035460073,0.0806216514114059,0.6151253352717192,0.03596916928347131,0.6305103020303002,4.959242035460073,3159308.0
MG,51870,SANTA RITA DE IBITIPOCA,14,2585.0,0.11623693942122384,0.07737003589332195,1.5023508530032441,0.044100580270793034,0.7379046572816448,11.623693942122385,3159407.0
MG,51896,SANTA RITA DO ITUETO,18,3823.0,-0.0053743284406923345,0.04572437936486295,-0.11753748252780562,0.028250065393669893,0.4136994032610514,0.5374328440692334,3159506.0
MG,51918,SANTA RITA DO SAPUCAÍ,90,25343.0,0.048498015392751934,0.027331479368306544,1.7744379928804734,0.04395691117862921,0.33451956373207764,4.849801539275194,3159605.0
MG,51934,SANTA ROSA DA SERRA,10,2457.0,-0.047488189979220295,0.08164812436320226,-0.5816200965986011,0.032153032153032154,0.5212850829276415,4.748818997922029,3159704.0
MG,51950,SANTA VITÓRIA,58,13379.0,0.006274405542287664,0.018806316342882042,0.3336328831170836,0.02855220868525301,0.5817186580503041,0.6274405542287664,3159803.0
MG,51977,SANTO ANTÔNIO DO AMPARO,49,11341.0,-0.02161786016118053,0.02098174124380195,-1.0303177372167094,0.043206066484437,0.6648302320451009,2.161786016118053,3159902.0
MG,51993,SANTO ANTÔNIO DO AVENTUREIRO,12,2968.0,0.04447870128008672,0.06306613120720608,0.7052708074632059,0.036725067385444746,0.5667529990312316,4.447870128008672,3160009.0
MG,52019,SANTO ANTÔNIO DO GRAMA,12,3078.0,0.057708841183947486,0.09248872632426082,0.6239554103234506,0.03573749187784275,0.7116471885150387,5.770884118394749,3160108.0
MG,52035,SANTO ANTÔNIO DO ITAMBÉ,11,2371.0,0.02803158490161722,0.12861791518140342,0.21794463751088888,0.05314213412062421,0.7857795820208882,2.803158490161722,3160207.0
MG,52051,SANTO ANTÔNIO DO JACINTO,30,6499.0,0.0673238911278666,0.06263886554781078,1.0747942278181881,0.048776734882289584,0.6219504436022121,6.73238911278666,3160306.0
MG,52078,SANTO ANTÔNIO DO MONTE,69,16483.0,0.048569743966285196,0.028079516599643157,1.7297215140413933,0.03312503791785476,0.27421376984027973,4.8569743966285195,3160405.0
MG,52094,SANTO ANTÔNIO DO RIO ABAIXO,8,1591.0,0.038582160248706004,0.14841010807413693,0.25996989524077857,0.039597737272155875,0.6296399832439881,3.8582160248706003,3160504.0
MG,52116,SANTO HIPÓLITO,11,2086.0,-0.18365269937949594,0.08538165065045837,-2.1509621561586663,0.039309683604985615,0.7211004560917152,18.365269937949595,3160603.0
MG,52132,SANTOS DUMONT,128,30465.0,0.01009038742330248,0.02081195154973968,0.4848361961244664,0.04181848022320696,0.6180102391327433,1.0090387423302478,3160702.0
MG,52159,SÃO BENTO ABADE,12,3363.0,0.14156210440851166,0.08766542801423893,1.6147996720613584,0.0440083258994945,0.5114966649841708,14.156210440851167,3160801.0
MG,52175,SÃO BRÁS DO SUAÇUÍ,12,2828.0,-0.03515418703025012,0.12190854988996624,-0.2883652300185674,0.048797736916548796,0.6333926926145452,3.515418703025012,3160900.0
MG,52191,SÃO DOMINGOS DO PRATA,41,11236.0,-0.03154011344927419,0.048795574403373995,-0.6463724187063434,0.03996084015663937,0.6175236774498818,3.1540113449274187,3161007.0
MG,52213,SÃO FRANCISCO,151,29019.0,-0.0034436352381848243,0.007567788109453385,-0.4550385381275633,0.028567490264998795,0.6831138235766597,0.34436352381848245,3161106.0
MG,52230,SÃO FRANCISCO DE PAULA,22,4883.0,0.08004262129150734,0.07677800377622859,1.0425202187438156,0.03665779234077411,0.6241620769511053,8.004262129150733,3161205.0
MG,52256,SÃO FRANCISCO DE SALES,17,3725.0,-0.12306047399273097,0.07373752074138885,-1.6688989913876662,0.025771812080536912,0.6077601310438846,12.306047399273098,3161304.0
MG,52272,SÃO FRANCISCO DO GLÓRIA,13,3423.0,-0.024977298796309045,0.07146600829846342,-0.34949900506540643,0.032719836400818,0.643270441793117,2.4977298796309046,3161403.0
MG,52299,SÃO GERALDO,20,5805.0,-0.02292576458088337,0.041159768699107875,-0.5569944950001694,0.03893195521102498,0.6541510637031589,2.292576458088337,3161502.0
MG,52310,SÃO GERALDO DA PIEDADE,15,2557.0,0.043267891644959644,0.0739893296904477,0.5847855606474792,0.03402424716464607,0.651905242303649,4.326789164495964,3161601.0
MG,52337,SÃO GONÇALO DO ABAETÉ,18,4087.0,-0.04051232728342878,0.04471398718061553,-0.9060325378675186,0.02666992904330805,0.5056869344218603,4.051232728342878,3161700.0
MG,52353,SÃO GONÇALO DO PARÁ,30,7170.0,0.0019627817117512667,0.033880735838454835,0.057932086277875286,0.04100418410041841,0.4453279544476147,0.19627817117512666,3161809.0
MG,52370,SÃO GONÇALO DO RIO ABAIXO,35,9206.0,0.08696415870987423,0.04738107309868427,1.8354197788797895,0.04833804040842928,0.5969268080914438,8.696415870987423,3161908.0
MG,52396,SÃO GONÇALO DO SAPUCAÍ,57,14491.0,0.009090435195554532,0.021785666608678436,0.41726679099795405,0.03961079290594162,0.4640911053688471,0.9090435195554532,3162005.0
MG,52418,SÃO GOTARDO,96,21787.0,-0.009213456745114321,0.014135413105040847,-0.6517996097212538,0.03570936797172626,0.3753221251148027,0.9213456745114321,3162104.0
MG,52434,SÃO JOÃO BATISTA DO GLÓRIA,17,5123.0,0.06928037883989385,0.04545646733722439,1.5241038932024535,0.03494046457154011,0.41178769492788236,6.9280378839893855,3162203.0
MG,52450,SÃO JOÃO DA MATA,10,2424.0,-0.03111722693826168,0.0757150299071643,-0.41097820309144867,0.039191419141914194,0.3885119728910393,3.111722693826168,3162302.0
MG,52477,SÃO JOÃO DA PONTE,80,15307.0,-0.006102742468869343,0.01933856060188148,-0.31557376965665157,0.03031292872541974,0.8104379847580715,0.6102742468869343,3162401.0
MG,52493,SÃO JOÃO DEL REI,220,57712.0,0.03286168458301335,0.012917425806801679,2.5439809041295214,0.04647213751039645,0.47693854821579557,3.2861684583013346,3162500.0
MG,52515,SÃO JOÃO DO ORIENTE,22,5445.0,0.0010150650965834338,0.06069262850135826,0.01672468505068482,0.03140495867768595,0.5422845033607083,0.10150650965834339,3162609.0
MG,52531,SÃO JOÃO DO PARAÍSO,72,12787.0,0.051491373032579876,0.02299178490811129,2.239555268908861,0.06225072339094393,0.5363448126482048,5.149137303257987,3162708.0
MG,52558,SÃO JOÃO EVANGELISTA,38,9196.0,0.03424905203603419,0.03577911825740422,0.9572357761764184,0.03284036537625054,0.7193770948905529,3.4249052036034193,3162807.0
MG,52574,SÃO JOÃO NEPOMUCENO,67,16238.0,-0.018542372506102595,0.029364173414332295,-0.6314624370475993,0.04255450178593423,0.5188654782562653,1.8542372506102596,3162906.0
MG,52590,SÃO JOSÉ DA SAFIRA,15,2738.0,-0.006504675767053251,0.04970421837310311,-0.1308676804496977,0.031409788166544925,0.607032989770642,0.6504675767053252,3163003.0
MG,52612,SÃO JOSÉ DA VARGINHA,11,3042.0,0.04477988971851298,0.036883586323383864,1.2140871911396245,0.03353057199211045,0.4872679277731316,4.477988971851298,3163102.0
MG,52639,SÃO JOSÉ DO ALEGRE,11,3002.0,-0.26452715627285284,0.17955966063421827,-1.473199243853118,0.04830113257828115,0.3850837053471929,26.452715627285283,3163201.0
MG,52655,SÃO JOSÉ DO DIVINO,12,2433.0,0.06385777273351287,0.07002449153183614,0.9119348293229718,0.03616933826551583,0.49672989734046225,6.3857772733512865,3163300.0
MG,52671,SÃO JOSÉ DO GOIABAL,16,3537.0,-0.0651098993742274,0.127352312325352,-0.511258085427523,0.04523607577042692,0.6774420052750361,6.51098993742274,3163409.0
MG,52698,SÃO JOSÉ DO JACURI,21,3975.0,0.0993485689297515,0.08530908196221514,1.1645720085670912,0.043522012578616355,0.710015942158332,9.93485689297515,3163508.0
MG,52710,SÃO JOSÉ DO MANTIMENTO,9,2317.0,-0.0321776256533134,0.12628289361495484,-0.25480589438681356,0.029779887785930083,0.5911428524808959,3.21776256533134,3163607.0
MG,52736,SÃO LOURENÇO,113,27133.0,0.06015463023699187,0.025577678818050936,2.3518408634695556,0.04057789407732282,0.3661617573447993,6.015463023699187,3163706.0
MG,52752,SÃO MIGUEL DO ANTA,22,5142.0,-0.0020636299592157415,0.06295864365791877,-0.03277754791587197,0.051730844029560484,0.6855963344606301,0.20636299592157414,3163805.0
MG,52779,SÃO PEDRO DA UNIÃO,13,3403.0,-0.215234367630618,0.08188035333740767,-2.6286448318523137,0.040846312077578606,0.439145594157939,21.523436763061802,3163904.0
MG,52795,SÃO PEDRO DOS FERROS,24,4689.0,-0.014626416084373695,0.09309233778513454,-0.15711729270493535,0.04201322243548731,0.7219353825207365,1.4626416084373695,3164001.0
MG,52817,SÃO PEDRO DO SUAÇUÍ,15,3533.0,0.07076268964109877,0.06954277478449916,1.0175419353107482,0.037928106425134445,0.6566125782457989,7.076268964109877,3164100.0
MG,52833,SÃO ROMÃO,21,4718.0,0.07056226830357619,0.04007398901867536,1.7607997115209226,0.033488766426451884,0.6956139325402848,7.056226830357619,3164209.0
MG,52850,SÃO ROQUE DE MINAS,18,4511.0,0.028115498815730198,0.050182793082524775,0.5602617369163714,0.03125692751052982,0.25616975808925724,2.8115498815730198,3164308.0
MG,52876,SÃO SEBASTIÃO DA BELA VISTA,16,4577.0,0.011742956675508941,0.02570157958020977,0.4568963023794469,0.02731046537032991,0.4686131605102657,1.1742956675508942,3164407.0
MG,52892,SÃO SEBASTIÃO DO MARANHÃO,32,5703.0,-0.03629791461683973,0.03924868520511613,-0.9248186130858783,0.03945291951604419,0.6361520029382003,3.6297914616839733,3164506.0
MG,52914,SÃO SEBASTIÃO DO OESTE,24,5259.0,0.03466554280549158,0.032064111777194045,1.0811321718928084,0.03080433542498574,0.5100316044635617,3.4665542805491576,3164605.0
MG,52930,SÃO SEBASTIÃO DO PARAÍSO,144,38613.0,0.02027084074087268,0.014801772762148972,1.3694873625346544,0.04583948411156864,0.4402499918799938,2.027084074087268,3164704.0
MG,52957,SÃO SEBASTIÃO DO RIO PRETO,7,1340.0,,,,0.03805970149253731,0.5557300057905207,,3164803.0
MG,52973,SÃO SEBASTIÃO DO RIO VERDE,6,1760.0,,,,0.03977272727272727,0.3868447704496603,,3164902.0
MG,52990,SÃO TIAGO,30,7473.0,-0.16454784441624687,0.043780610464781364,-3.7584639106075244,0.06249163655827646,0.5361706439281616,16.454784441624685,3165008.0
MG,53015,SÃO TOMÁS DE AQUINO,17,4504.0,-0.15980826827998476,0.05785253767498397,-2.7623380875319405,0.03507992895204263,0.4735730622664659,15.980826827998476,3165107.0
MG,53031,SÃO THOMÉ DAS LETRAS,18,4009.0,-0.041855579007242044,0.0758581490342314,-0.551761142871473,0.03991020204539786,0.6982625530592969,4.185557900724205,3165206.0
MG,53058,SÃO VICENTE DE MINAS,22,4486.0,-0.007150173758840503,0.04726052535578219,-0.15129272696427398,0.04213107445385644,0.5491988664038449,0.7150173758840502,3165305.0
MG,53074,SAPUCAÍ-MIRIM,17,4338.0,-0.0765080263392636,0.11073901677438154,-0.6908859096621763,0.0417242969110189,0.4531385833500755,7.65080263392636,3165404.0
MG,53090,SARDOÁ,16,3339.0,-0.06609221722937386,0.08191244651489046,-0.8068641585178301,0.05630428271937706,0.588591773183053,6.609221722937386,3165503.0
MG,53112,SENADOR CORTES,9,1967.0,0.19054365666913847,0.12672129568110915,1.5036435324070283,0.04016268429079817,0.6225074027046038,19.054365666913846,3165602.0
MG,53139,SENADOR FIRMINO,22,5403.0,-0.06348520206956228,0.07947724064349572,-0.7987846779222297,0.05015732000740329,0.6855657519508979,6.348520206956228,3165701.0
MG,53155,SENADOR JOSÉ BENTO,8,1783.0,0.0431189236642036,0.04879067462522259,0.8837533810592783,0.020190689848569827,0.40819985896805516,4.31189236642036,3165800.0
MG,53171,SENADOR MODESTINO GONÇALVES,20,3124.0,-0.0016776674400484266,0.07120779268084802,-0.023560166336958375,0.03937259923175416,0.7104228725263938,0.16776674400484265,3165909.0
MG,53198,SENHORA DE OLIVEIRA,16,4468.0,0.1780390759770519,0.10882414549854964,1.636025490128243,0.04140555058191585,0.7331786591248054,17.80390759770519,3166006.0
MG,53210,SENHORA DO PORTO,14,2300.0,0.012726221302755684,0.08152075413699975,0.1561102008620851,0.03826086956521739,0.6505924274738035,1.2726221302755685,3166105.0
MG,53236,SENHORA DOS REMÉDIOS,30,6839.0,0.021258856662857782,0.040399564644550454,0.5262149938966091,0.048106448311156604,0.6627825119696722,2.1258856662857784,3166204.0
MG,53252,SERICITA,21,5372.0,-0.01083041189364146,0.0715774216566235,-0.1513104501807555,0.03592702903946389,0.4852127279807827,1.0830411893641458,3166303.0
MG,53279,SERITINGA,7,1506.0,,,,0.04714475431606906,0.5881489401667933,,3166402.0
MG,53295,SERRA AZUL DE MINAS,10,2330.0,-0.12724108598050551,0.26315392977660834,-0.483523411900102,0.05665236051502146,0.7469616325585428,12.72410859805055,3166501.0
MG,53317,SERRA DA SAUDADE,4,843.0,,,,0.028469750889679714,0.46148348483193213,,3166600.0
MG,53333,SERRA DOS AIMORÉS,24,4162.0,0.023272596363804875,0.03126999829570542,0.7442468062750456,0.034839019702066314,0.6317590865139808,2.3272596363804876,3166709.0
MG,53350,SERRA DO SALITRE,30,7361.0,0.03694642845893608,0.019801245200765132,1.865863893120643,0.025947561472626002,0.44215469482830044,3.694642845893608,3166808.0
MG,53376,SERRANIA,18,4988.0,0.04774350325549334,0.09204293261288167,0.5187090621753125,0.0404971932638332,0.516339977929116,4.774350325549334,3166907.0
MG,53392,SERRANOS,10,1654.0,0.09609575647680044,0.15133070389591408,0.6350050188287998,0.041112454655380895,0.5884159751845599,9.609575647680044,3167004.0
MG,53414,SERRO,56,11783.0,-0.02412225323986961,0.02200931579299041,-1.0960019596589248,0.048289909191207674,0.7382356005599501,2.412225323986961,3167103.0
MG,53430,SETE LAGOAS,520,142641.0,0.09618503522025557,0.013163145985734601,7.307146431749289,0.05324556053308656,0.41586696141611385,9.618503522025556,3167202.0
MG,53457,SILVEIRÂNIA,10,2185.0,-0.005374208404571044,0.12134009424819713,-0.04429045846608855,0.037070938215102975,0.6810770781315215,0.5374208404571045,3167301.0
MG,53473,SILVIANÓPOLIS,18,3842.0,-0.020736448043328873,0.05825671326263477,-0.3559495014736612,0.03695991671004685,0.42265150006796365,2.0736448043328872,3167400.0
MG,53490,SIMÃO PEREIRA,10,2459.0,-0.03718281147435545,0.04043586286811408,-0.9195503406377451,0.028060187067913786,0.5779925306557487,3.718281147435545,3167509.0
MG,53511,SIMONÉSIA,55,12426.0,-0.04499193095913667,0.02892869993371557,-1.5552697170016918,0.04208916787381297,0.502174300974866,4.499193095913667,3167608.0
MG,53538,SOBRÁLIA,18,3226.0,0.12085728713732655,0.08398615942468968,1.4390143324234177,0.036267823930564165,0.528617271003134,12.085728713732655,3167707.0
MG,53554,SOLEDADE DE MINAS,15,4068.0,0.041875303961160806,0.09773132498981256,0.4284737157254939,0.03711897738446411,0.46698078444457886,4.187530396116081,3167806.0
MG,53570,TABULEIRO,13,3335.0,-0.005982346364001878,0.060808376191427635,-0.09838030118036978,0.039280359820089955,0.6157722663015547,0.5982346364001878,3167905.0
MG,53597,TAIOBEIRAS,83,20222.0,0.027469997500310914,0.01305652558891702,2.1039285921232147,0.03738502620907922,0.4223881868573795,2.746999750031091,3168002.0
MG,53619,TAPIRA,14,3657.0,0.031423770942366355,0.061134798818525606,0.5140079226504962,0.02652447361225048,0.2733636539831089,3.1423770942366356,3168101.0
MG,53635,TAPIRAÍ,7,1517.0,,,,0.024390243902439025,0.5188198964739836,,3168200.0
MG,53651,TAQUARAÇU DE MINAS,16,3790.0,0.02349932402879717,0.06784184018341692,0.34638394190464905,0.035883905013192614,0.48008790492096226,2.349932402879717,3168309.0
MG,53678,TARUMIRIM,45,7785.0,-0.017639200410021098,0.031145454118322275,-0.5663491160863919,0.035581245985870265,0.520425431131909,1.7639200410021099,3168408.0
MG,53694,TEIXEIRAS,38,8472.0,0.03205648015803015,0.027221012481900838,1.1776373189404472,0.04579792256846081,0.6575896780829135,3.205648015803015,3168507.0
MG,53716,TEÓFILO OTONI,331,78657.0,0.01939941057115347,0.007160995376647234,2.7090382762174388,0.038419975335952296,0.5019712780075425,1.939941057115347,3168606.0
MG,53732,TIMÓTEO,174,47717.0,-0.003318108921941919,0.021719901922278233,-0.1527681355935827,0.0343064316700547,0.40008030355079355,0.3318108921941919,3168705.0
MG,53759,TIRADENTES,24,5793.0,0.0332219966421646,0.05838428423924222,0.5690229327130276,0.041256689107543584,0.5310610522731615,3.3221996642164604,3168804.0
MG,53775,TIROS,24,4530.0,0.04279631717365168,0.03619538943791491,1.1823692972570217,0.03664459161147903,0.3320032042789241,4.2796317173651675,3168903.0
MG,53791,TOCANTINS,48,10959.0,0.022484074495626217,0.03386799603949501,0.6638737783424362,0.05347203211971895,0.5293677923230111,2.2484074495626216,3169000.0
MG,53813,TOLEDO,19,5075.0,0.05089588908978453,0.10403662191405418,0.4892112811182027,0.040985221674876844,0.38775758055146364,5.0895889089784525,3169109.0
MG,53830,TOMBOS,24,5619.0,-0.02784821781987977,0.06714629074692005,-0.41473948166164554,0.03345791066025983,0.5709339028835225,2.784821781987977,3169208.0
MG,53856,TRÊS CORAÇÕES,168,45121.0,0.09787982809508051,0.01287490279479273,7.602374142558041,0.05135081226036657,0.40204959444668054,9.787982809508051,3169307.0
MG,53872,TRÊS PONTAS,146,36709.0,0.05940848019435244,0.012353399405703002,4.809079528904914,0.03952709144896347,0.5197752259680061,5.9408480194352435,3169406.0
MG,53899,TUMIRITINGA,18,3909.0,0.030137495656873643,0.030189347595676545,0.9982824425523417,0.026349449987209006,0.5607005834083106,3.0137495656873643,3169505.0
MG,53910,TUPACIGUARA,64,15796.0,-0.00029903617171788435,0.013159344970665761,-0.022724244434999066,0.026968852874145355,0.5458654877308375,0.029903617171788435,3169604.0
MG,53937,TURMALINA,52,12383.0,0.055965621121077724,0.029043274079731837,1.926973555647913,0.03868206412016474,0.7079141549707604,5.596562112107772,3169703.0
MG,53953,TURVOLÂNDIA,15,3622.0,0.04803417499719202,0.08128335292940146,0.5909472636901684,0.041413583655438985,0.4813627831947038,4.8034174997192025,3169802.0
MG,53970,UBÁ,231,58080.0,0.0024156800775532684,0.015483211150970283,0.15601932015258252,0.03977272727272727,0.5130827730925439,0.24156800775532683,3169901.0
MG,53996,UBAÍ,43,6713.0,-0.035484857526573904,0.02604341465273406,-1.3625270725722087,0.027409503947564428,0.7635156099556444,3.5484857526573905,3170008.0
MG,54011,UBERABA,764,189228.0,0.02625586381281159,0.0048758450618974,5.384884769614544,0.03572938465766166,0.460047134034999,2.625586381281159,3170107.0
MG,54038,UBERLÂNDIA,1619,423731.0,0.0325742825783172,0.00403091476070146,8.081114216528018,0.04194170358080952,0.4690018928681834,3.2574282578317204,3170206.0
MG,54054,UMBURATIBA,13,1879.0,0.14349742114443959,0.12244945900659544,1.1718910178011521,0.05162320383182544,0.7214041898456364,14.34974211444396,3170305.0
MG,54070,UNAÍ,181,49684.0,0.005682647744005275,0.007267345670244391,0.7819426791919993,0.02912406408501731,0.39950165281900685,0.5682647744005275,3170404.0
MG,54097,URUCÂNIA,27,6773.0,-0.09475911380129404,0.07304278836534767,-1.2973096444145176,0.041783552340174224,0.6481023455701787,9.475911380129403,3170503.0
MG,54119,VARGEM BONITA,8,1956.0,0.017915705183173494,0.05810311240274639,0.30834329594926596,0.022494887525562373,0.4001854284597025,1.7915705183173494,3170602.0
MG,54135,VARGINHA,298,84200.0,0.031440480891436806,0.012508619851611303,2.5135051879753774,0.04321852731591449,0.39522933758066525,3.1440480891436806,3170701.0
MG,54151,VÁRZEA DA PALMA,84,20020.0,0.03045904804262503,0.021918253585336445,1.3896658291700061,0.04025974025974026,0.5357834386469811,3.045904804262503,3170800.0
MG,54178,VARZELÂNDIA,51,11086.0,-0.026731022210231454,0.020296474831596065,-1.3170278303017704,0.03310481688616273,0.7530985664955713,2.673102221023145,3170909.0
MG,54194,VAZANTE,52,12771.0,-0.03648308082377662,0.019308229327789944,-1.8895094005988036,0.03351342886226607,0.5258322220090669,3.6483080823776617,3171006.0
MG,54216,WENCESLAU BRAZ,11,2139.0,0.020556031816837045,0.11391993154870136,0.18044280344435806,0.03740065451145395,0.4342313825103751,2.0556031816837046,3172202.0
MG,54232,VERÍSSIMO,10,2293.0,-0.060109712140983484,0.10368912516068708,-0.579710862135556,0.02398604448320977,0.56738486621997,6.0109712140983484,3171105.0
MG,54259,VESPASIANO,257,72171.0,0.01813770023193456,0.01670145638189512,1.0859951262451801,0.0437571877901096,0.47919170476401296,1.8137700231934561,3171204.0
MG,54275,VIÇOSA,180,49429.0,0.01538429057258291,0.01334058305662938,1.153194767221058,0.04434643630257541,0.6748070263917181,1.538429057258291,3171303.0
MG,54291,VIEIRAS,12,3112.0,-0.04198393388242009,0.13512758197340963,-0.3106984767231436,0.030848329048843187,0.570902296691809,4.198393388242009,3171402.0
MG,54313,MATHIAS LOBATO,13,2348.0,-0.15325085809127878,0.12610481497199388,-1.2152657146780133,0.028109028960817718,0.6195228047525801,15.325085809127877,3171501.0
MG,54330,VIRGEM DA LAPA,31,6798.0,-0.022651738862637504,0.034981599428798964,-0.6475329668313915,0.045748749632244776,0.7123991316216282,2.2651738862637503,3171600.0
MG,54356,VIRGÍNIA,23,5936.0,-0.006985910953665021,0.04492566367125372,-0.15549933785697304,0.02931266846361186,0.5317284413619416,0.6985910953665021,3171709.0
MG,54372,VIRGINÓPOLIS,29,6133.0,0.012688112271722824,0.07066288956454375,0.1795583558769339,0.054785586173161586,0.6676168318729638,1.2688112271722825,3171808.0
MG,54399,VIRGOLÂNDIA,16,3236.0,0.015918885122555064,0.06360541110406065,0.2502756423743763,0.04882571075401731,0.7294285010995626,1.5918885122555064,3171907.0
MG,54410,VISCONDE DO RIO BRANCO,99,24765.0,0.025740036258854525,0.023283829814088903,1.1054897954665253,0.03836058954169191,0.5740164735494444,2.5740036258854526,3172004.0
MG,54437,VOLTA GRANDE,16,3149.0,0.019994016961799418,0.0740078920297165,0.270160606030654,0.032391235312797716,0.6394056973193842,1.9994016961799417,3172103.0
MG,54453,ITAÚ DE MINAS,35,9473.0,0.13687086365203321,0.05941553145883398,2.3036209605709597,0.05119814208803969,0.41433844065059283,13.68708636520332,3133758.0
MS,55000,NOVA ALVORADA DO SUL,51,11105.0,0.07956107788032676,0.035462852485145996,2.2435047466543137,0.036740207113912654,0.4474288796955903,7.956107788032677,5006002.0
MS,55018,ALCINÓPOLIS,12,2702.0,0.09406934373593732,0.082992026699468,1.1334744731151425,0.03997039230199852,0.5090820429048,9.406934373593732,5000252.0
MS,55026,LAGUNA CARAPÃ,18,4394.0,0.01887587796587234,0.02882528455672746,0.6548375239358026,0.035275375512061904,0.37218337305489885,1.8875877965872339,5005251.0
MS,55034,JAPORÃ,22,4575.0,0.05382663523614627,0.02581499222252592,2.0850920570558085,0.05508196721311476,0.7183391003210733,5.382663523614626,5004809.0
MS,55042,NOVO HORIZONTE DO SUL,16,2960.0,0.06277489695035514,0.10193081817419639,0.6158578737499676,0.03885135135135135,0.5024001535925843,6.277489695035514,5006259.0
MS,55050,PARAÍSO DAS ÁGUAS,16,2999.0,-0.01334289294118882,0.06756808590629675,-0.19747330063031104,0.04668222740913638,0.2780089446947142,1.334289294118882,5006275.0
MS,55069,FIGUEIRÃO,10,1926.0,0.11864791363935186,0.0896246923402494,1.3238306379777491,0.040498442367601244,0.47167192521108736,11.864791363935186,5003900.0
MS,90034,ÁGUA CLARA,38,8206.0,0.03257147128037255,0.05907518891085903,0.5513561933677601,0.039483304898854495,0.4145406835451817,3.257147128037255,5000203.0
MS,90115,AMAMBAI,94,20073.0,0.07747872619819346,0.007590859026401361,10.206845619016088,0.043092711602650324,0.43182032575204554,7.747872619819346,5000609.0
MS,90131,ANASTÁCIO,76,13372.0,0.056179178820717234,0.019700820788167466,2.851616154716715,0.039335925815136105,0.45984092754245876,5.6179178820717235,5000708.0
MS,90158,ANAURILÂNDIA,22,4623.0,0.005362544571979525,0.05648006640874099,0.09494579084187488,0.04715552671425481,0.5232886948877425,0.5362544571979525,5000807.0
MS,90174,ANTÔNIO JOÃO,27,5893.0,0.13542072828720317,0.033235102154032414,4.074629518500594,0.056168335313083316,0.46733621938529185,13.542072828720316,5000906.0
MS,90190,APARECIDA DO TABOADO,59,14074.0,0.07595778684770646,0.019652752356994648,3.8649948601561745,0.049239732840699164,0.3937336709985309,7.595778684770646,5001003.0
MS,90212,AQUIDAUANA,133,25913.0,0.022995954257499698,0.010465018217466981,2.197411775081055,0.04028865820244665,0.4858236232861403,2.2995954257499696,5001102.0
MS,90298,BANDEIRANTES,23,4696.0,-0.01048407468839966,0.05328113566101,-0.19676897945836547,0.048977853492333905,0.4591874294671476,1.048407468839966,5001508.0
MS,90379,BATAGUASSU,67,13989.0,0.08443024864083022,0.025803547864716177,3.2720403056000027,0.045464293373364786,0.43471560229857675,8.443024864083021,5001904.0
MS,90395,BATAYPORÃ,30,6214.0,0.08834353295976027,0.03809596736320475,2.31897334742804,0.04859993562922433,0.46785725489777236,8.834353295976028,5002001.0
MS,90417,BELA VISTA,59,11884.0,0.10091793738314878,0.020355996894594507,4.957651443243604,0.036435543588017504,0.4292817374030409,10.091793738314877,5002100.0
MS,90433,BONITO,60,13493.0,0.0365928401852077,0.019201556735315425,1.905722577060968,0.03312828874231083,0.39820255808763233,3.65928401852077,5002209.0
MS,90450,BRASILÂNDIA,33,6456.0,0.11689197350968258,0.03318584755771253,3.522344074726408,0.04073729863692689,0.40247739824133794,11.689197350968259,5002308.0
MS,90492,CAMAPUÃ,48,8486.0,0.05802612050529713,0.017774382583287483,3.264592749334466,0.03841621494225784,0.42521008870957455,5.802612050529713,5002605.0
MS,90514,CAMPO GRANDE,2160,526179.0,0.07988867322501926,0.004327939818275503,18.458822575969055,0.047824029465258024,0.373952552841652,7.988867322501926,5002704.0
MS,90530,CARACOL,19,3397.0,0.0842358846257078,0.07411096988464944,1.136618300324734,0.03179275831616132,0.451094547200157,8.42358846257078,5002803.0
MS,90557,CAARAPÓ,71,16438.0,0.09734084857879383,0.010360784906571816,9.395123000483371,0.041793405523786346,0.3900284122396952,9.734084857879383,5002407.0
MS,90573,CASSILÂNDIA,55,11574.0,0.12339923130563923,0.03471828068107147,3.5543013330414412,0.05339554173146708,0.3507140329697313,12.339923130563923,5002902.0
MS,90611,CORGUINHO,16,2962.0,-0.018395463467462025,0.06146799123954252,-0.2992689869394687,0.044226873733963536,0.4739505795803437,1.8395463467462025,5003108.0
MS,90638,CORUMBÁ,262,51620.0,0.032659070788565135,0.012784768671691794,2.5545296616026607,0.03847345989926385,0.49483668084292176,3.2659070788565137,5003207.0
MS,90654,COXIM,96,19101.0,0.06504586594553455,0.017278871839470394,3.7644741248065325,0.03842730747081305,0.4478565870942752,6.504586594553455,5003306.0
MS,90735,DOURADOS,551,135268.0,0.0873700665252306,0.006317416658247932,13.830030731178931,0.04688470296004968,0.3729435748957068,8.73700665252306,5003702.0
MS,90751,FÁTIMA DO SUL,61,13146.0,0.046386795472393036,0.026550200957940497,1.747135381230322,0.04845580404685836,0.45559514215605273,4.638679547239303,5003801.0
MS,90794,GLÓRIA DE DOURADOS,34,6044.0,0.06691958701310849,0.0302048275406042,2.215526207628526,0.04632693580410324,0.4645736184274322,6.691958701310849,5004007.0
MS,90816,GUIA LOPES DA LAGUNA,28,5658.0,0.08731942766123187,0.054355006188592896,1.606465232627588,0.054259455638034644,0.43827013747060334,8.731942766123186,5004106.0
MS,90859,IGUATEMI,34,7740.0,0.08873776338673672,0.03920909860984173,2.263193149879324,0.03669250645994832,0.39152216360713643,8.873776338673672,5004304.0
MS,90875,INOCÊNCIA,21,4554.0,0.14211124060564165,0.08178649261510626,1.7375881525379557,0.04743083003952569,0.4172926457970381,14.211124060564165,5004403.0
MS,90891,ITAPORÃ,45,11432.0,0.038344548420015556,0.0328705649407221,1.1665314693910827,0.043212036389083275,0.36259640942907717,3.8344548420015556,5004502.0
MS,90930,IVINHEMA,64,16077.0,0.0868935365083179,0.015226642593656718,5.706677356735027,0.04186104372706351,0.3873117445396185,8.689353650831789,5004700.0
MS,90972,JARAGUARI,18,3957.0,0.12504031491499207,0.04728514131969259,2.6443891553501016,0.047510740459944405,0.4875815691588151,12.504031491499207,5004908.0
MS,90999,JARDIM,68,13366.0,0.04420314322801035,0.015594966016701845,2.83444947431561,0.04010175071075864,0.3723305281052009,4.420314322801035,5005004.0
MS,91014,JATEÍ,15,3319.0,-0.11996803536820402,0.046443816782178765,-2.5830787321131123,0.031033443808376016,0.48201909767754997,11.996803536820403,5005103.0
MS,91030,LADÁRIO,50,10123.0,0.04472983633321723,0.02269110856500349,1.9712494964747593,0.03971154796009088,0.490782003454916,4.472983633321722,5005202.0
MS,91073,MARACAJU,108,22404.0,0.06576875807107847,0.012759295199430112,5.154576098687333,0.034101053383324406,0.32081633013916794,6.5768758071078475,5005400.0
MS,91111,MIRANDA,74,14078.0,0.005350569337018709,0.009964721945139645,0.5369511930665043,0.04610029833783208,0.5825232690914198,0.5350569337018709,5005608.0
MS,91138,NAVIRAÍ,133,28032.0,0.08662218587295933,0.01627197440621904,5.323397377017316,0.044306506849315065,0.340302226203762,8.662218587295934,5005707.0
MS,91154,NIOAQUE,43,7922.0,0.004430812338705919,0.015248550943403636,0.2905726816371783,0.0342085331986872,0.46777180818959235,0.44308123387059195,5005806.0
MS,91235,NOVA ANDRADINA,121,26068.0,0.0518565756134286,0.012812284559379042,4.047410543615172,0.040662881694031,0.4148137863998114,5.18565756134286,5006200.0
MS,91251,PARANAÍBA,106,23688.0,0.06666770135686297,0.018088575199323813,3.685624800307939,0.050700776764606555,0.4304220514131698,6.6667701356862965,5006309.0
MS,91278,PEDRO GOMES,22,4398.0,0.055711149408686995,0.04314142074776774,1.2913610271300497,0.03979081400636653,0.46566018592362246,5.5711149408687,5006408.0
MS,91316,PONTA PORÃ,241,52850.0,0.05610562970216085,0.01076705178073242,5.210862810427044,0.04771996215704825,0.3738101854625638,5.610562970216085,5006606.0
MS,91375,PORTO MURTINHO,30,5398.0,0.02309659331222683,0.030800146041154823,0.7498858375984779,0.0381622823267877,0.4722810399901269,2.309659331222683,5006903.0
MS,91413,RIBAS DO RIO PARDO,58,10206.0,0.12511613212271191,0.036104367641601916,3.4654015648385035,0.04448363707622967,0.4444503229856218,12.511613212271191,5007109.0
MS,91430,RIO BRILHANTE,84,19463.0,0.0352545344880881,0.017241283292162242,2.0447743877692997,0.037250166983507166,0.4146762826019249,3.5254534488088103,5007208.0
MS,91456,RIO NEGRO,16,3030.0,0.06502594402412501,0.09905190618606201,0.6564835198827811,0.04554455445544554,0.4634965790894268,6.502594402412501,5007307.0
MS,91472,RIO VERDE DE MATO GROSSO,56,10637.0,0.061189864076667114,0.024356846190237064,2.5122244316340843,0.03516028955532575,0.42145140140969045,6.1189864076667115,5007406.0
MS,91499,ROCHEDO,15,3316.0,0.21364556268443294,0.08352924429789828,2.5577336953090164,0.043124246079613994,0.43720677978615835,21.364556268443295,5007505.0
MS,91570,SIDROLÂNDIA,115,25330.0,0.02813567711579427,0.009845990236102569,2.857577190420969,0.0431504145282274,0.44374732585565085,2.8135677115794273,5007901.0
MS,91596,TERENOS,49,10220.0,0.043415685045514824,0.0333652857181441,1.301223235798796,0.04726027397260274,0.47841763855022895,4.341568504551482,5008008.0
MS,91650,TRÊS LAGOAS,291,66286.0,0.062448477981977855,0.012472970822789906,5.006704406609813,0.04409679268623842,0.4098254071696623,6.244847798197785,5008305.0
MS,91693,ANGÉLICA,29,6543.0,0.025318245839551248,0.050284601882503915,0.5034989816308063,0.04325233073513679,0.48730673873390334,2.5318245839551246,5000856.0
MS,91715,ARAL MOREIRA,28,6100.0,0.08709122708728972,0.01941973711930579,4.484675902265923,0.03950819672131148,0.4501550075350379,8.709122708728973,5001243.0
MS,91731,ELDORADO,33,6450.0,0.019516460810741938,0.027685261091112683,0.7049404644049743,0.04790697674418604,0.38130310179909443,1.9516460810741938,5003751.0
MS,91758,DEODÁPOLIS,42,8071.0,0.042245519864140706,0.03923833582529742,1.076638929138899,0.05278156362284723,0.45198232386064874,4.22455198641407,5003454.0
MS,91782,CHAPADÃO DO SUL,72,15925.0,0.013270190476853887,0.027106629623626706,0.48955516274466343,0.03510204081632653,0.2845737846985949,1.3270190476853887,5002951.0
MS,91790,MUNDO NOVO,48,10837.0,0.207932476590952,0.042923581820279375,4.844248028078441,0.05222847651564086,0.3732555849324184,20.793247659095197,5005681.0
MS,91804,DOIS IRMÃOS DO BURITI,31,6273.0,-0.028531064976146738,0.01693817856859832,-1.684423437891986,0.04591104734576758,0.6304817463319075,2.853106497614674,5003488.0
MS,91820,JUTI,17,4139.0,0.01661493109844619,0.052942404696540546,0.3138303066073588,0.04445518241121044,0.5097723301743728,1.661493109844619,5005152.0
MS,91847,PARANHOS,29,6142.0,0.10216328762833476,0.026788351901194964,3.8137205306675663,0.07473135786388799,0.5827681941810211,10.216328762833477,5006358.0
MS,91863,SANTA RITA DO PARDO,18,3690.0,-0.006926708723957437,0.11219285223919545,-0.06173930500661197,0.053387533875338754,0.46348199835225884,0.6926708723957437,5007554.0
MS,91880,SONORA,39,8476.0,0.0856002466544548,0.02412907867289246,3.5475969810078753,0.034450212364322795,0.42902445595156685,8.56002466544548,5007935.0
MS,91901,VICENTINA,21,4667.0,-0.08327169249653851,0.04810614589802116,-1.7309990426808206,0.0432826226698093,0.5780948169166069,8.327169249653851,5008404.0
MS,98019,BODOQUENA,27,4966.0,0.07077069767246659,0.03866215908583866,1.8304900539915472,0.04269029399919452,0.4801973867616855,7.077069767246659,5002159.0
MS,98035,COSTA RICA,73,16108.0,0.07073158995750105,0.02450077610939777,2.886912220318217,0.041345915073255524,0.3847153513968066,7.073158995750105,5003256.0
MS,98051,DOURADINA,18,4077.0,0.03094075097696928,0.023092128129856004,1.3398830459876812,0.0399803777287221,0.3975773589660002,3.094075097696928,5003504.0
MS,98078,ITAQUIRAÍ,52,10190.0,0.07926251582771687,0.03479776023144902,2.277805102987121,0.04857703631010795,0.5365034959032302,7.9262515827716875,5004601.0
MS,98094,SÃO GABRIEL DO OESTE,65,16562.0,0.07563332997939569,0.011816402562853483,6.400706947574692,0.031216036710542204,0.3107359344792118,7.563332997939569,5007695.0
MS,98116,SELVÍRIA,22,4986.0,-0.021596826220149,0.04907554302365102,-0.44007309730104915,0.05395106297633374,0.5761413458003427,2.1596826220149,5007802.0
MS,98132,SETE QUEDAS,28,5583.0,0.15568802318018482,0.04375940000027112,3.557818964136168,0.055167472684936415,0.3623923559201955,15.568802318018482,5007703.0
MS,98159,TACURU,22,4834.0,0.15303078221557423,0.05819127369168837,2.629789184996514,0.0560612329333885,0.6410577751613926,15.303078221557422,5007950.0
MS,98175,TAQUARUSSU,11,2825.0,0.2583851601494503,0.200137260131179,1.291039759313648,0.03929203539823009,0.5384618565826667,25.83851601494503,5007976.0
MS,98590,CORONEL SAPUCAIA,43,9115.0,0.08368001788752812,0.013562183072170752,6.170099418524835,0.05430608886450905,0.478611315535059,8.368001788752812,5003157.0
MT,89788,COLNIZA,60,12704.0,-0.002033124719923936,0.020399583613026805,-0.09966501074196531,0.01873425692695214,0.24433439021107922,0.20331247199239358,5103254.0
MT,89796,COLÍDER,78,18495.0,0.01766645612208418,0.021473830916728654,0.8226969929395116,0.02038388753717221,0.1948277305204844,1.766645612208418,5103205.0
MT,89800,CURVELÂNDIA,16,3375.0,0.04486470768334297,0.04425581950650414,1.0137583753646082,0.024592592592592593,0.3703650500510139,4.486470768334297,5103437.0
MT,89818,NOVA BRASILÂNDIA,11,2763.0,0.0027196759980807916,0.07262674163355931,0.03744730848318942,0.025696706478465437,0.5122648715762348,0.27196759980807916,5106208.0
MT,89826,NOVA SANTA HELENA,10,2259.0,-0.017434347470889858,0.06567042024801631,-0.26548250193992773,0.027888446215139442,0.2768023130793788,1.7434347470889857,5106190.0
MT,89834,PARANATINGA,51,11373.0,0.01769087830519219,0.011932882726906307,1.482531816499188,0.020047480875758375,0.30042034480547075,1.769087830519219,5106307.0
MT,89843,SANTO ANTÔNIO DO LESTE,10,1819.0,0.17068248974105887,0.175763910773746,0.9710895085895748,0.02034084661902144,0.3671437043239291,17.068248974105888,5107792.0
MT,89850,SINOP,297,86311.0,0.015251026106017949,0.007484109312808643,2.0377877271135865,0.018016243584247662,0.23061304573662122,1.5251026106017949,5107909.0
MT,89877,ALTA FLORESTA,119,32011.0,0.03594731729438905,0.00865706659469599,4.152366959544153,0.022367311236762364,0.28979204585629004,3.5947317294389047,5100250.0
MT,89893,ARAPUTANGA,33,8956.0,-0.006857273595213454,0.0491684805444314,-0.1394648262318547,0.024787851719517643,0.2845126397633201,0.6857273595213453,5101258.0
MT,89915,JAURU,24,5129.0,0.0845418455944478,0.053314751489625514,1.5857120821598267,0.023786313121466174,0.2879452598244637,8.45418455944478,5105002.0
MT,89931,SÃO JOSÉ DOS QUATRO MARCOS,57,10543.0,0.010082320572925376,0.021475665149778392,0.46947652157024883,0.028075500331973823,0.3122636970427507,1.0082320572925376,5107107.0
MT,89958,RIO BRANCO,13,3014.0,-0.0780361544941722,0.05237727058320103,-1.4898858536397417,0.03185136031851361,0.42752840907873363,7.80361544941722,5107206.0
MT,89960,RONDOLÂNDIA,12,1879.0,0.04305911861203929,0.01691349433913759,2.5458440313188913,0.016498137307078234,0.44465391406753024,4.305911861203929,5107578.0
MT,89974,SALTO DO CÉU,9,2291.0,0.09080241196178199,0.04808095273566614,1.8885318779140028,0.020515058926233086,0.342645101288711,9.080241196178198,5107750.0
MT,89990,PONTES E LACERDA,115,23821.0,0.001399982251265801,0.01660725104731675,0.0842994573440857,0.023676587884639604,0.24500646920479272,0.1399982251265801,5106752.0
MT,90018,ACORIZAL,29,5293.0,0.016309079500561024,0.02113175870679907,0.7717805094619803,0.01889287738522577,0.546594058728152,1.6309079500561023,5100102.0
MT,90026,SÃO JOSÉ DO POVO,10,2124.0,0.11215064946310824,0.09589975469061342,1.169457104712338,0.035781544256120526,0.4473796459856267,11.215064946310823,5107297.0
MT,90042,ALTO BOA VISTA,16,2959.0,0.03405624242704194,0.01606582892479117,2.1197936680683664,0.022642784724569112,0.24882965994732778,3.4056242427041936,5100359.0
MT,90050,ALTO ARAGUAIA,45,9019.0,0.032337897671612444,0.024574976666034334,1.3158872177611232,0.028938906752411574,0.3707023861110522,3.2337897671612446,5100300.0
MT,90069,QUERÊNCIA,42,10690.0,-0.0029895277545242747,0.018461443810589586,-0.16193358359162924,0.011506080449017774,0.24821538294988885,0.2989527754524275,5107065.0
MT,90077,ALTO GARÇAS,31,6302.0,0.054675697612007634,0.05964149552737609,0.9167392119956298,0.02269120913995557,0.3827736832991302,5.467569761200764,5100409.0
MT,90085,CANABRAVA DO NORTE,12,2614.0,-0.08946850292643443,0.04334180802095483,-2.064254054265072,0.01224177505738332,0.3166796235539713,8.946850292643443,5102694.0
MT,90093,ALTO PARAGUAI,24,4582.0,-0.10727922138259287,0.04317937558449947,-2.4845014530757585,0.0257529463116543,0.5925773909224694,10.727922138259286,5100508.0
MT,90107,SANTA CARMEM,12,2948.0,0.06909716062827652,0.05225338039085017,1.3223481449704597,0.013229308005427409,0.22626801480039477,6.909716062827652,5107248.0
MT,90123,NOVA MARINGÁ,14,3071.0,0.03503704533240642,0.025674210139221276,1.3646786071475663,0.017583848909150115,0.28789691561473335,3.503704533240642,5108907.0
MT,90140,NOVA GUARITA,11,2985.0,0.007174758265617762,0.032562188344992284,0.22034017460995256,0.017755443886097153,0.35473078389934115,0.7174758265617762,5108808.0
MT,90166,NOVA MARILÂNDIA,9,2004.0,-0.03466601863088584,0.16541781680930692,-0.20956641370045834,0.020459081836327345,0.3937682753443596,3.4666018630885844,5108857.0
MT,90182,PORTO ESTRELA,11,2357.0,0.0855066904492432,0.06043418552107026,1.414872885470285,0.027577428935086974,0.6438510349844522,8.55066904492432,5106851.0
MT,90204,GLÓRIA D'OESTE,9,2055.0,-0.04537075340693163,0.10127965187511975,-0.4479750134101454,0.022871046228710463,0.32563338028726857,4.537075340693162,5103957.0
MT,90220,TABAPORÃ,20,5129.0,-0.013789818390241822,0.032824693435200336,-0.420105016897248,0.015792552154416065,0.23113467994087727,1.3789818390241821,5107941.0
MT,90239,ARAGUAINHA,5,797.0,,,,0.020075282308657464,0.5328201770278805,,5101209.0
MT,90247,SÃO JOSÉ DO XINGU,14,2925.0,0.03456695447429421,0.03060619360148671,1.1294104364750246,0.0211965811965812,0.42317904797562816,3.4566954474294214,5107354.0
MT,90255,ARENÁPOLIS,28,6063.0,-0.009611059347203646,0.021502796107106644,-0.44696788730779086,0.030512947385782616,0.4104459421120232,0.9611059347203645,5101308.0
MT,90263,APIACÁS,21,4289.0,0.0023672920978308498,0.06001885980256934,0.03944247034378865,0.020750757752389836,0.3571490075331138,0.23672920978308498,5100805.0
MT,90271,ARIPUANÃ,41,9644.0,0.014420898560240581,0.027800289767059245,0.5187319513959888,0.01773123185400249,0.25021009195073585,1.442089856024058,5101407.0
MT,90280,CONFRESA,64,16227.0,-0.022032798151745164,0.009834455978160975,-2.2403677641826465,0.01787144881986812,0.3013781328383005,2.2032798151745165,5103353.0
MT,90301,LAMBARI D'OESTE,15,3106.0,-0.1669449554416748,0.058533857373665614,-2.852109239545579,0.024790727623953637,0.4800265248228714,16.69449554416748,5105234.0
MT,90310,BARÃO DE MELGAÇO,23,4703.0,-0.025529365946358254,0.023673678136185483,-1.0783861214762538,0.01807357006166277,0.6314384754050281,2.5529365946358253,5101605.0
MT,90328,SANTO AFONSO,7,1714.0,,,,0.020420070011668612,0.4101855950387162,,5107263.0
MT,90336,BARRA DO BUGRES,75,18031.0,0.031929994750922154,0.010401164840514973,3.0698479680417474,0.027619100438134325,0.49360169710503127,3.1929994750922153,5101704.0
MT,90344,PLANALTO DA SERRA,9,2017.0,-0.060573265981219794,0.03467177237512012,-1.747048444073374,0.023797719385225583,0.5038914076666753,6.057326598121979,5106455.0
MT,90352,BARRA DO GARÇAS,141,35075.0,-0.0040203421886453716,0.007146759833861172,-0.5625405473396614,0.026029935851746257,0.39132518487499074,0.40203421886453716,5101803.0
MT,90360,NOVA MONTE VERDE,20,4558.0,0.05613929815312645,0.05097762030277952,1.1012538015640856,0.017112768758227294,0.27977426851950304,5.613929815312646,5108956.0
MT,90387,NOVA BANDEIRANTES,29,6712.0,0.12067146932663293,0.03533513869105618,3.4150557715845777,0.020709177592371873,0.1982068382534172,12.067146932663293,5106158.0
MT,90409,SÃO PEDRO DA CIPA,10,2743.0,0.1130891756156416,0.08867630040753986,1.275303267004878,0.025154939846882975,0.4668423810347016,11.30891756156416,5107404.0
MT,90425,COTRIGUAÇU,30,6315.0,0.022708731536897835,0.029195414461984,0.7778184333182658,0.024386381631037214,0.29728822565206703,2.2708731536897835,5103379.0
MT,90441,RIBEIRÃOZINHO,6,1656.0,,,,0.020531400966183576,0.4778202282616159,,5107198.0
MT,90468,BRASNORTE,38,8469.0,0.022089841279450687,0.007295475108194183,3.0278824822032036,0.017475498878261896,0.2756180517947838,2.208984127945069,5101902.0
MT,90476,CÁCERES,199,47983.0,0.005685793126008514,0.006788367086606445,0.8375789130830408,0.02250797157326553,0.48373622742745276,0.5685793126008514,5102504.0
MT,90484,CAMPO NOVO DO PARECIS,73,20554.0,0.02343683975397566,0.008249882918062392,2.8408693779959915,0.017028315656319938,0.310117604806885,2.3436839753975662,5102637.0
MT,90506,CAMPO VERDE,86,24238.0,0.034252883268656865,0.009556698905768138,3.5841752059367327,0.018978463569601454,0.3094568857520706,3.4252883268656866,5102678.0
MT,90522,CLÁUDIA,28,6429.0,-0.0024443079663694282,0.012888796191036691,-0.18964594754545683,0.01850987711930316,0.24671343602061865,0.2444307966369428,5103056.0
MT,90549,CASTANHEIRA,17,4284.0,0.024788298565306916,0.048190933086051775,0.5143768127718938,0.026377217553688142,0.3258801649557625,2.4788298565306914,5102850.0
MT,90565,JANGADA,24,5222.0,-0.017702305954240383,0.02020777591922904,-0.8760145611766935,0.022213711221754116,0.5855459260511992,1.7702305954240383,5104906.0
MT,90581,JURUENA,21,4621.0,0.002267478689373879,0.05988627469923512,0.037863077988433295,0.02207314434105172,0.28081792177394416,0.2267478689373879,5105176.0
MT,90590,CHAPADA DOS GUIMARÃES,53,12660.0,0.006792899166625933,0.013902065791046631,0.48862516324737687,0.019589257503949447,0.4979023549467181,0.6792899166625933,5103007.0
MT,90603,LUCAS DO RIO VERDE,139,37956.0,0.04105630001023845,0.007212188831094595,5.692626880930867,0.017388555169143217,0.251805330379206,4.105630001023846,5105259.0
MT,90620,MATUPÁ,44,9984.0,0.028372793739434115,0.023300670294167714,1.217681439256105,0.015825320512820512,0.25839622747347296,2.8372793739434115,5105606.0
MT,90646,NOVA MUTUM,88,25368.0,0.021962117560944773,0.010233453371479793,2.1461100924300176,0.015689057079785556,0.25353575410102136,2.196211756094477,5106224.0
MT,90662,RIBEIRÃO CASCALHEIRA,26,5122.0,0.0017905747626214088,0.02459588299639934,0.07279977559185559,0.016009371339320577,0.33076720990646924,0.17905747626214089,5107180.0
MT,90670,CUIABÁ,1275,358003.0,0.010372389450753817,0.00429901890473274,2.4127340866854468,0.028949478076999356,0.3850845006755997,1.0372389450753816,5103403.0
MT,90689,TAPURAH,26,6842.0,0.0006310799167260843,0.026907536894535414,0.023453648663555256,0.016807950891552178,0.2287818515460328,0.06310799167260843,5108006.0
MT,90697,DIAMANTINO,54,12625.0,-0.0029840012174470474,0.011578559477135913,-0.25771782952270794,0.0179009900990099,0.3705573989280634,0.29840012174470476,5103502.0
MT,90700,PONTAL DO ARAGUAIA,17,3809.0,-0.0013586952321692504,0.050966492291155276,-0.02665859805315734,0.01785245471252297,0.4153941939953935,0.13586952321692505,5106653.0
MT,90719,DOM AQUINO,21,4867.0,0.04476955945017307,0.03031586614601537,1.4767699274875394,0.02794329155537292,0.4251572702229847,4.476955945017307,5103601.0
MT,90727,SAPEZAL,48,13648.0,0.013156758695644005,0.024153731466986995,0.5447091565800709,0.016998827667057445,0.3027994756777468,1.3156758695644006,5107875.0
MT,90743,CAMPOS DE JÚLIO,14,3957.0,-0.03428941588929943,0.05605547013286696,-0.611705080842673,0.016426585797321203,0.2720568128492589,3.428941588929943,5102686.0
MT,90760,CARLINDA,27,5925.0,0.005668191044487659,0.030615560234367144,0.18514085651533813,0.026329113924050632,0.4181185806022917,0.5668191044487658,5102793.0
MT,90778,GENERAL CARNEIRO,14,3081.0,-0.022526223152898307,0.01928126886857393,-1.168295681494969,0.017526777020447908,0.4954813117673616,2.252622315289831,5103908.0
MT,90786,FELIZ NATAL,22,4681.0,-0.0010557503180730007,0.01115656392332984,-0.09463041894693834,0.013458662678914763,0.3215344434494133,0.10557503180730007,5103700.0
MT,90808,NOVO MUNDO,16,3911.0,0.055987149013695746,0.06154243570441072,0.9097324207739015,0.019688059319867043,0.2898543754056218,5.598714901369575,5106265.0
MT,90824,GAÚCHA DO NORTE,18,4079.0,-0.004667988546627927,0.0056547210491411275,-0.8255028861833827,0.013238538857563127,0.31471444007537125,0.46679885466279264,5103858.0
MT,90832,GUIRATINGA,27,6434.0,-0.003265962254039379,0.05582332298984853,-0.05850533574709076,0.029219769972023624,0.45788490115314445,0.3265962254039379,5104203.0
MT,90840,UNIÃO DO SUL,9,2277.0,-0.04087095189926267,0.05270835079862022,-0.7754170122949962,0.006587615283267457,0.30720346343617744,4.087095189926266,5108303.0
MT,90867,NOVA LACERDA,15,3112.0,0.011834770761427004,0.043787006369081394,0.2702804266103859,0.02217223650385604,0.3737090078676019,1.1834770761427005,5106182.0
MT,90883,NOVA UBIRATÃ,22,5662.0,0.029898825545173324,0.02594676732663933,1.1523140886408785,0.01748498763687743,0.30360984263093954,2.989882554517332,5106240.0
MT,90905,BOM JESUS DO ARAGUAIA,17,3425.0,-0.010276216553481541,0.020620752887105798,-0.49834342178200886,0.016058394160583942,0.37730149571087496,1.027621655348154,5101852.0
MT,90913,ITIQUIRA,26,6634.0,0.0007323609812826744,0.03561616462440895,0.0205626009708177,0.024419656315948148,0.38906290402022137,0.07323609812826744,5104609.0
MT,90921,SERRA NOVA DOURADA,5,1123.0,,,,0.014247551202137132,0.3251913208740774,,5107883.0
MT,90948,NOVO SANTO ANTÔNIO,6,1253.0,,,,0.02314445331205108,0.3928162793827134,,5106315.0
MT,90956,JACIARA,60,15845.0,0.009582585896358867,0.015857961430565316,0.6042760249050032,0.023161880719469865,0.3208427306653151,0.9582585896358866,5104807.0
MT,90964,NOVA NAZARÉ,9,1878.0,-0.0007020560215456377,0.0350739451959253,-0.020016454311709387,0.01757188498402556,0.4612445280376631,0.07020560215456377,5106174.0
MT,90980,SANTA CRUZ DO XINGU,6,1317.0,,,,0.016704631738800303,0.31166778932960626,,5107743.0
MT,91006,CONQUISTA D'OESTE,9,2192.0,-0.02441412945237543,0.048903443725140716,-0.4992312931905938,0.019616788321167884,0.2703331977082499,2.441412945237543,5103361.0
MT,91022,VALE DE SÃO DOMINGOS,10,1947.0,0.030323634058143242,0.05253846062100626,0.5771702044505479,0.019003595274781716,0.2471906644522808,3.032363405814324,5108352.0
MT,91049,SANTA RITA DO TRIVELATO,7,1651.0,,,,0.021804966686856452,0.3167259770191131,,5107768.0
MT,91057,LUCIARA,8,1634.0,-0.013420495258125715,0.026898849164511632,-0.498924514429849,0.014075887392900856,0.45309748252981313,1.3420495258125715,5105309.0
MT,91081,IPIRANGA DO NORTE,16,3809.0,-0.028324646755502024,0.04168403015620291,-0.6795083548630217,0.01181412444211079,0.2571065296601385,2.8324646755502023,5104526.0
MT,91090,VILA BELA DA SANTÍSSIMA TRINDADE,39,7455.0,-0.022014842447951977,0.019305809089011243,-1.1403221872986768,0.02119382964453387,0.4301133203412377,2.2014842447951977,5105507.0
MT,91103,ITANHANGÁ,17,3979.0,-0.05840863439946456,0.025417790022722292,-2.2979430685063504,0.009801457652676551,0.1914329066864464,5.840863439946456,5104542.0
MT,91170,NOBRES,39,9134.0,-0.04335411618743502,0.020999072217482203,-2.0645729362910488,0.019049704401138602,0.3129119496783683,4.3354116187435014,5105903.0
MT,91197,NORTELÂNDIA,21,3688.0,-0.12516870974352023,0.06670217694970622,-1.876531103893327,0.031182212581344904,0.503227653072633,12.516870974352024,5106000.0
MT,91219,NOSSA SENHORA DO LIVRAMENTO,54,9539.0,-0.004997421043402877,0.01382984338764573,-0.3613505159333257,0.020756892756054093,0.670110070826785,0.4997421043402877,5106109.0
MT,91294,POCONÉ,78,18262.0,0.014821413803950833,0.009845310783622165,1.5054287395992108,0.0196035483517687,0.636585886257447,1.4821413803950834,5106505.0
MT,91332,PONTE BRANCA,9,1419.0,-0.09351335680846042,0.06635062431675294,-1.4093817167723188,0.02466525722339676,0.5964720386026764,9.351335680846041,5106703.0
MT,91359,PORTO DOS GAÚCHOS,12,3098.0,0.15389919646689598,0.1182386383980453,1.3015981793430413,0.019690122659780502,0.25498675103762714,15.389919646689599,5106802.0
MT,91391,POXORÉU,51,10035.0,0.05329299163359929,0.022160339184162582,2.4048815855529146,0.026407573492775286,0.4817462511157446,5.329299163359929,5107008.0
MT,91510,RONDONÓPOLIS,505,130852.0,0.015941578249703808,0.005079083449009714,3.1386722446570534,0.025127625103169994,0.3514179204777245,1.5941578249703807,5107602.0
MT,91537,ROSÁRIO OESTE,45,9475.0,0.026044506709814255,0.013733998715852002,1.8963527846957833,0.022902374670184696,0.5178456291811571,2.6044506709814255,5107701.0
MT,91553,SANTO ANTÔNIO DO LEVERGER,53,12722.0,0.004171384322361992,0.015099056624065757,0.27626787727343155,0.018943562332966516,0.5329227305287736,0.41713843223619923,5107800.0
MT,91618,TESOURO,10,2005.0,0.14920683616799618,0.12465947371317798,1.1969153384306583,0.035910224438902745,0.5185732147717627,14.920683616799618,5108105.0
MT,91634,TORIXORÉU,12,2672.0,-0.08507631153359274,0.05229140376338806,-1.6269655318214866,0.021706586826347306,0.4707798118916529,8.507631153359274,5108204.0
MT,91677,VÁRZEA GRANDE,557,147458.0,-0.0002477695631506335,0.004887245106192958,-0.05069718374400088,0.025519130871163313,0.4124550590076385,0.02477695631506335,5108402.0
MT,91774,MIRASSOL D'OESTE,64,15035.0,0.01678524376901411,0.011712967237400158,1.4330479569188832,0.02726970402394413,0.31098703495283325,1.678524376901411,5105622.0
MT,91812,PEDRA PRETA,42,10932.0,0.02063610492865603,0.02269486286072495,0.9092852887147538,0.028905964141968533,0.4384255227822515,2.063610492865603,5106372.0
MT,91839,SÃO FÉLIX DO ARAGUAIA,29,5172.0,0.00493214348123359,0.020874319081366565,0.23627805352636685,0.01817478731631864,0.3901772887425968,0.493214348123359,5107859.0
MT,91855,TANGARÁ DA SERRA,214,54288.0,0.008514474814263972,0.008980343245536994,0.9481235384288293,0.021680666077217803,0.26641259607273865,0.8514474814263971,5107958.0
MT,91898,JUSCIMEIRA,32,6981.0,0.010860319390152534,0.03488480523636925,0.3113194789698891,0.025068041827818365,0.41847930972567293,1.0860319390152533,5105200.0
MT,91910,ÁGUA BOA,73,14675.0,0.012522584015178428,0.01696023968696522,0.7383494718416421,0.01594548551959114,0.21589208904657614,1.2522584015178428,5100201.0
MT,91936,CANARANA,47,12196.0,0.05963197798457603,0.010650901919103894,5.598772614516116,0.0177107248278124,0.22343958037523745,5.963197798457602,5102702.0
MT,91952,NOVA XAVANTINA,46,11851.0,0.03190242587706201,0.021880389085068817,1.4580374120875317,0.021854695806261076,0.3090015515095558,3.190242587706201,5106257.0
MT,91979,SANTA TEREZINHA,22,3407.0,0.009029001341373653,0.016376184763084226,0.5513495036845912,0.024948635162899913,0.5547327708048068,0.9029001341373654,5107776.0
MT,91995,SÃO JOSÉ DO RIO CLARO,39,8662.0,0.08447258589397082,0.02650411927096116,3.187149326879235,0.018240591087508657,0.23238651220756862,8.447258589397082,5107305.0
MT,98191,JUARA,76,18404.0,0.0018654089605915289,0.009429872902235669,0.1978190989349677,0.02097370136926755,0.23923738919508986,0.1865408960591529,5105101.0
MT,98310,JUÍNA,106,24695.0,0.017162065029585994,0.011693859394872068,1.4676134242824757,0.02194776270500101,0.29651051160115854,1.7162065029585993,5105150.0
MT,98337,DENISE,17,4519.0,0.13118738820338854,0.06523919651688923,2.010867625713731,0.025226820092940916,0.451055858083073,13.118738820338855,5103452.0
MT,98612,ALTO TAQUARI,24,5444.0,-0.05711761862653941,0.023030558549848302,-2.4800796082696674,0.0213078618662748,0.3331873141023802,5.711761862653941,5100607.0
MT,98639,ARAGUAIANA,10,2347.0,-0.03791338382916737,0.08591388122239052,-0.44129520503243824,0.026416702172986792,0.4782348695347798,3.791338382916737,5101001.0
MT,98655,CAMPINÁPOLIS,32,7552.0,0.005754841160433014,0.01012990434731804,0.5681041955698868,0.02264300847457627,0.5658912785574245,0.5754841160433014,5102603.0
MT,98671,COCALINHO,16,3199.0,0.0794184903965505,0.034396123223959386,2.3089372566623956,0.01312910284463895,0.4251235019926519,7.941849039655049,5103106.0
MT,98698,ITAÚBA,12,3030.0,-0.006752255909492987,0.08920445888515023,-0.07569415244350558,0.01485148514851485,0.31088363902214033,0.6752255909492988,5104559.0
MT,98710,MARCELÂNDIA,32,6502.0,-0.004170551375788298,0.01065219168601186,-0.3915204963186065,0.018302060904337128,0.22740551063502998,0.4170551375788298,5105580.0
MT,98736,NOVA OLÍMPIA,44,9551.0,-0.024309538056820228,0.026435712867673728,-0.9195718753076093,0.03141032352633232,0.51822708314405,2.4309538056820226,5106232.0
MT,98752,NOVA CANAÃ DO NORTE,36,7349.0,0.0071558989260316576,0.025208647131789445,0.2838668369873641,0.021363450809633963,0.26573832532556,0.7155898926031657,5106216.0
MT,98779,NOVO SÃO JOAQUIM,17,3979.0,-0.042279734657611034,0.05741062406475184,-0.7364444359623212,0.020105554159336517,0.31822342936557646,4.227973465761103,5106281.0
MT,98795,NOVO HORIZONTE DO NORTE,10,2414.0,-0.0064566374873598195,0.1383982800888643,-0.04665258472297539,0.018227009113504555,0.3236249361225439,0.645663748735982,5106273.0
MT,98817,PEIXOTO DE AZEVEDO,77,17141.0,0.0015206540038611262,0.012219622200677184,0.12444361854140261,0.023744238959220582,0.42442243160894494,0.15206540038611263,5106422.0
MT,98833,PARANAÍTA,29,7148.0,-0.03560539684390099,0.03531163094815276,-1.0083192389549935,0.01944599888080582,0.3003563455452376,3.5605396843900987,5106299.0
MT,98850,PORTO ALEGRE DO NORTE,25,5724.0,-0.004793193722391378,0.020255894093598816,-0.23663204893562823,0.022711390635918937,0.38892657672538433,0.4793193722391378,5106778.0
MT,98876,PORTO ESPERIDIÃO,25,5496.0,0.024889301570801645,0.01714051359584902,1.4520744335706006,0.024017467248908297,0.44575224050140355,2.4889301570801643,5106828.0
MT,98892,PRIMAVERA DO LESTE,144,39759.0,0.04920049949216244,0.00918493782729806,5.356650248185271,0.020473351945471466,0.24385599028943053,4.920049949216244,5107040.0
MT,98914,RESERVA DO CABAÇAL,6,1361.0,,,,0.0213078618662748,0.42551978181465744,,5107156.0
MT,98930,SORRISO,182,53738.0,0.011614739426638897,0.00479693460899491,2.4212836682950956,0.014775391715359708,0.25676041832083624,1.1614739426638896,5107925.0
MT,98957,TERRA NOVA DO NORTE,34,6489.0,0.045592773211371895,0.027094740754431915,1.6827167170408979,0.02034211742949607,0.3397013308966638,4.5592773211371895,5108055.0
MT,98973,VERA,22,5459.0,-0.130775794500661,0.09048878771189255,-1.4452154549471738,0.021432496794284668,0.27978056913943444,13.077579450066102,5108501.0
MT,98990,VILA RICA,47,10098.0,0.04345940148723963,0.028924700166497057,1.5025013651680943,0.019805902158843335,0.301600091525358,4.3459401487239635,5108600.0
MT,99015,COMODORO,48,10157.0,0.02988905097335011,0.012217039379012884,2.446505249438354,0.022349118834301466,0.31478526603530943,2.988905097335011,5103304.0
MT,99031,FIGUEIRÓPOLIS D'OESTE,8,2228.0,0.06611642503347813,0.13628570608481821,0.4851310304862799,0.019748653500897665,0.2468213250017682,6.611642503347813,5103809.0
MT,99058,GUARANTÃ DO NORTE,66,17005.0,0.012099955425743627,0.013169815308595286,0.9187642455279221,0.017230226403998825,0.1886725252458021,1.2099955425743627,5104104.0
MT,99074,INDIAVAÍ,9,1490.0,0.09892677234942338,0.15197141124823796,0.6509564630404812,0.027516778523489934,0.4279702946924034,9.892677234942337,5104500.0
PA,4006,GOIANÉSIA DO PARÁ,83,15596.0,-0.011758810399171466,0.015662554822803584,-0.7507594088067587,0.02346755578353424,0.5694459991327536,1.1758810399171467,1503093.0
PA,4014,ABAETETUBA,346,99608.0,-0.045184978768655966,0.006323303859672472,-7.145786407138817,0.02185567424303269,0.7418264102690806,4.518497876865597,1500107.0
PA,4022,TAILÂNDIA,161,39765.0,0.004667330969029605,0.007108320600892238,0.6566010779597871,0.02238149126115931,0.5351933185082772,0.4667330969029605,1507953.0
PA,4030,ACARÁ,144,36529.0,0.016710072808709356,0.01165338682418114,1.433924151048984,0.022858550740507542,0.6912449994175898,1.6710072808709355,1500206.0
PA,4049,BOM JESUS DO TOCANTINS,39,8566.0,-0.008744726337021372,0.017401728326249147,-0.5025205642264071,0.026149894933457856,0.5488049038352454,0.8744726337021372,1501576.0
PA,4057,AFUÁ,90,19363.0,-0.020797986588449283,0.012915031353539391,-1.6103705844081866,0.023343490161648505,0.6682826606643658,2.079798658844928,1500305.0
PA,4065,SÃO JOÃO DE PIRABAS,61,12798.0,-0.006144280422694499,0.02169476192512703,-0.28321492735894693,0.021722144085013283,0.7044430842500145,0.6144280422694499,1507474.0
PA,4073,ALENQUER,153,32163.0,-0.0010972248022467878,0.005605856948337639,-0.1957282913849878,0.018033143674408482,0.5072104348837831,0.10972248022467879,1500404.0
PA,4081,TUCUMÃ,85,20273.0,0.016388475003399725,0.015512422739398509,1.0564742386613932,0.016129827849849555,0.34102750653170777,1.6388475003399725,1508084.0
PA,4090,ALMEIRIM,85,16655.0,-0.02725432932269398,0.013850683101561767,-1.9677245607923015,0.02095466826778745,0.7019475209331326,2.725432932269398,1500503.0
PA,4103,MÃE DO RIO,84,19286.0,-0.01448569740437785,0.009097037222550055,-1.5923533178989522,0.0252514777558851,0.5431426260709945,1.4485697404377849,1504059.0
PA,4111,ALTAMIRA,273,65143.0,0.02973986235206959,0.007165614594512043,4.150357510833276,0.024223631088528316,0.3754994783294622,2.9739862352069593,1500602.0
PA,4120,ELDORADO DOS CARAJÁS,64,14853.0,0.011197074887258072,0.01584916466055373,0.7064772893126643,0.023025651383558877,0.49519920840332243,1.1197074887258072,1502954.0
PA,4138,ANAJÁS,66,14542.0,0.0372094111521555,0.013284734622989318,2.800914900307032,0.02564984183743639,0.5087416007017607,3.7209411152155503,1500701.0
PA,4146,SANTA LUZIA DO PARÁ,64,13224.0,-0.008861015165825336,0.018731765397980278,-0.4730475199513635,0.025257108287961284,0.7373229168297654,0.8861015165825336,1506559.0
PA,4154,ANANINDEUA,911,285709.0,-0.031898532543207084,0.008407050293144647,-3.7942597499646307,0.03263810380492039,0.4970976666333861,3.1898532543207083,1500800.0
PA,4162,PALESTINA DO PARÁ,20,4438.0,0.0002862923768880909,0.04587177263708118,0.006241144835476924,0.01892744479495268,0.5925594480408325,0.028629237688809088,1505494.0
PA,4170,AUGUSTO CORRÊA,122,27048.0,-0.012415601015366661,0.012137206123674317,-1.022937312661216,0.025288376220053237,0.7311038671854978,1.2415601015366662,1500909.0
PA,4189,IPIXUNA DO PARÁ,77,17324.0,0.014436063775261524,0.012244494274862008,1.1789840765329782,0.024532440544908798,0.6585861421546592,1.4436063775261525,1503457.0
PA,4197,AVEIRO,49,7583.0,-0.012945114955134611,0.007239481088137419,-1.7881274634927105,0.015561123565871027,0.599048716251261,1.2945114955134611,1501006.0
PA,4200,JACAREACANGA,44,8692.0,0.027837803232285005,0.008574827353386986,3.246456410727535,0.023815002300966406,0.5323167089739802,2.7837803232285006,1503754.0
PA,4219,BAGRE,47,10557.0,-0.012428485384121132,0.019690002487498845,-0.6312079133566367,0.017050298380221655,0.7873657184699756,1.2428485384121133,1501105.0
PA,4227,BRASIL NOVO,46,12448.0,0.03609759757474068,0.025249177509439835,1.4296543941379865,0.02016388174807198,0.33697995589209334,3.609759757474068,1501725.0
PA,4235,BAIÃO,85,20141.0,-0.009963764008274166,0.011275839686220104,-0.8836383174594624,0.01985998709100839,0.747493656240893,0.9963764008274166,1501204.0
PA,4243,SANTA BÁRBARA DO PARÁ,56,13552.0,0.06698292278650543,0.0335155650465478,1.9985616442234164,0.029146989374262102,0.5694116839137862,6.698292278650543,1506351.0
PA,4251,BARCARENA,287,76545.0,-0.026732280006392505,0.005738339533557841,-4.65853926036652,0.02486119276242733,0.6462717696217101,2.6732280006392504,1501303.0
PA,4260,ÁGUA AZUL DO NORTE,30,7676.0,0.047281391382714165,0.02294113793215663,2.0609871891507074,0.016935904116727463,0.4138702830357647,4.728139138271416,1500347.0
PA,4278,BELÉM,2646,888359.0,-0.017096557589465877,0.0035648430239905078,-4.795879502802871,0.0331510121471162,0.5027412941440141,1.7096557589465877,1501402.0
PA,4286,TRAIRÃO,37,8309.0,0.04521400753703775,0.01659262818516662,2.724945501849906,0.020339391021783608,0.3199085086151359,4.521400753703775,1508050.0
PA,4294,BENEVIDES,127,37529.0,-0.014416223677175434,0.01769750010214141,-0.8145909644849252,0.024967358576034535,0.5429452966072589,1.4416223677175435,1501501.0
PA,4308,PAU D'ARCO,24,5304.0,-0.026600162232113984,0.016693054172645282,-1.5934868453073954,0.016214177978883863,0.4537884147760917,2.6600162232113984,1505551.0
PA,4316,BONITO,42,9722.0,0.00999985674779208,0.019613589589538273,0.5098432748448005,0.024069121579921828,0.7090823222248968,0.999985674779208,1501600.0
PA,4324,ULIANÓPOLIS,61,14625.0,0.02768510820523776,0.013373880963926589,2.070087828649955,0.0172991452991453,0.5027238469992196,2.768510820523776,1508126.0
PA,4332,BRAGANÇA,279,67936.0,-0.03004582287586548,0.005856149719730958,-5.1306445896751836,0.024655558172397552,0.6240855060897336,3.004582287586548,1501709.0
PA,4340,AURORA DO PARÁ,64,13791.0,0.03136535598630936,0.016796911721311123,1.867328739158311,0.02755420201580741,0.713600666077497,3.136535598630936,1500958.0
PA,4359,BREVES,205,50108.0,0.02924679155907639,0.00784283449951793,3.729109872313904,0.022271892711742635,0.6316450669602599,2.924679155907639,1501808.0
PA,4367,TERRA SANTA,52,10652.0,0.039883275763156444,0.02219746750358516,1.7967489199709294,0.015583927900863688,0.5841558181706737,3.9883275763156445,1507979.0
PA,4375,BUJARU,75,17395.0,-0.022021428919803816,0.012085970255711832,-1.8220654572103125,0.017131359586087955,0.7024108444844414,2.2021428919803814,1501907.0
PA,4383,NOVO PROGRESSO,75,16888.0,0.01456813461870181,0.020148092483507588,0.7230527967164482,0.01622453813358598,0.1708606211716299,1.4568134618701811,1505031.0
PA,4391,CACHOEIRA DO ARARI,60,13636.0,0.0014512206303370658,0.013880508632533128,0.10455096918679879,0.0167937811674978,0.7948991407960664,0.1451220630337066,1502004.0
PA,4405,VITÓRIA DO XINGU,45,11268.0,0.02886778583929597,0.011793580984411358,2.447754068713577,0.020766773162939296,0.4806504940494548,2.8867785839295967,1508357.0
PA,4413,CAMETÁ,304,81657.0,-0.037574410245345975,0.005413277924875711,-6.941156683029291,0.01762249409113732,0.7593826274112608,3.7574410245345975,1502103.0
PA,4421,NOVO REPARTIMENTO,135,32782.0,0.02157115945173451,0.009859347468908639,2.187889159983352,0.020316027088036117,0.43860498682955895,2.157115945173451,1505064.0
PA,4430,CAPANEMA,182,42419.0,-0.0331035406693272,0.00757337428319645,-4.371042474789109,0.028713548174167235,0.6000641089508627,3.31035406693272,1502202.0
PA,4448,BREU BRANCO,105,22168.0,0.001071428956256089,0.012864355885370918,0.08328663835198279,0.02273547455792133,0.5718338687152408,0.1071428956256089,1501782.0
PA,4456,CAPITÃO POÇO,133,33118.0,0.005082760442222436,0.007716074431018534,0.6587236149239042,0.02146868772268857,0.6408909904248915,0.5082760442222436,1502301.0
PA,4464,SÃO DOMINGOS DO ARAGUAIA,55,12142.0,0.05868522297768995,0.046032422979962316,1.2748671301364114,0.02775490034590677,0.5728377466453309,5.868522297768995,1507151.0
PA,4472,CASTANHAL,384,115107.0,-0.0079231283755007,0.006700049557118812,-1.1825477271406695,0.0278089082332091,0.4774690993643093,0.79231283755007,1502400.0
PA,4480,NOVA ESPERANÇA DO PIRIÁ,45,11819.0,0.01738165524695823,0.01605122264483073,1.082886682937886,0.02174464844741518,0.5761559154280017,1.7381655246958232,1504950.0
PA,4499,CHAVES,52,9324.0,0.028402580803531658,0.010747615381236862,2.642686753855814,0.024667524667524667,0.6734587975681504,2.840258080353166,1502509.0
PA,4502,ABEL FIGUEIREDO,18,4239.0,0.08007822534228534,0.09107335676507554,0.8792717012599829,0.02689313517338995,0.5714635896294109,8.007822534228534,1500131.0
PA,4510,COLARES,37,8448.0,-0.016170538247320107,0.026716825536676935,-0.60525672202789,0.023792613636363636,0.7540020781738924,1.6170538247320108,1502608.0
PA,4529,CUMARU DO NORTE,29,5218.0,0.04468088321716683,0.018292392298175742,2.4425937564012745,0.01245688003066309,0.37612850004280285,4.468088321716683,1502764.0
PA,4537,CONCEIÇÃO DO ARAGUAIA,105,24774.0,0.014434894628401584,0.01351548506611319,1.068026382907528,0.027569225801243238,0.44176596781591726,1.4434894628401584,1502707.0
PA,4545,TERRA ALTA,32,8268.0,-0.02997812402293398,0.024473516848162263,-1.2249209710612172,0.01983551040154814,0.6590546897933607,2.997812402293398,1507961.0
PA,4553,CURRALINHO,72,17548.0,-0.07007125812568828,0.022672863658501515,-3.0905340931388725,0.018064736722133577,0.7812189550824115,7.007125812568828,1502806.0
PA,4561,FLORESTA DO ARAGUAIA,46,10551.0,-0.005834648575426143,0.017543076972740403,-0.3325898064799241,0.020282437683631884,0.4645053466407998,0.5834648575426143,1503044.0
PA,4570,CURUÇÁ,99,25148.0,0.0039109053932564345,0.029134888583426298,0.13423443793367365,0.026324160967074916,0.7268867067952294,0.39109053932564347,1502905.0
PA,4588,BANNACH,11,2167.0,-0.012834216577705747,0.03381645194438382,-0.3795258177532499,0.01707429626211352,0.37081224343422364,1.2834216577705746,1501253.0
PA,4596,FARO,23,4773.0,0.005903563671333081,0.018966955098024773,0.31125521417762414,0.012361198407710036,0.8001995385352166,0.5903563671333081,1503002.0
PA,4600,NOVA IPIXUNA,36,8067.0,-0.06975700055643516,0.025058656860271578,-2.7837485841880496,0.030990454939878516,0.5333695211419828,6.975700055643516,1504976.0
PA,4618,GURUPÁ,73,16315.0,-0.028615258736435598,0.011567273540611342,-2.473811882806331,0.014342629482071713,0.7158793688600961,2.8615258736435596,1503101.0
PA,4626,PLACAS,44,10415.0,-0.006420782981516466,0.02116411052099436,-0.3033807149677839,0.023235717714834375,0.3569915755691538,0.6420782981516466,1505650.0
PA,4634,IGARAPÉ-AÇU,96,24969.0,0.025225644801811845,0.0191689456235533,1.3159641274591831,0.028194961752573192,0.7249732253952257,2.5225644801811846,1503200.0
PA,4642,MARITUBA,234,68802.0,-0.014480321019602475,0.014493913360637788,-0.9990622035128052,0.026874218772710096,0.5386584398366915,1.4480321019602476,1504422.0
PA,4650,IGARAPÉ-MIRI,151,40037.0,0.0022618273011838115,0.008830074710679968,0.2561504149504118,0.023678097759572397,0.6417624671514469,0.22618273011838114,1503309.0
PA,4669,TRACUATEUA,75,18670.0,-0.049212549396256224,0.012973545281096123,-3.7933000062800333,0.018478843063738617,0.785552917329347,4.921254939625622,1508035.0
PA,4677,INHANGAPI,32,7446.0,0.0037246868727864213,0.025672930759684052,0.14508226223379025,0.0212194466827827,0.6290070911036632,0.37246868727864213,1503408.0
PA,4685,QUATIPURU,34,7114.0,-0.0008812029752875635,0.04195201993734213,-0.021005018986062968,0.02136631993252741,0.7555281189207137,0.08812029752875634,1506112.0
PA,4693,IRITUIA,99,20431.0,-0.016389111953122516,0.010880720387534092,-1.506252469450398,0.026234643433997357,0.7469561399346789,1.6389111953122517,1503507.0
PA,4707,CANAÃ DOS CARAJÁS,130,36948.0,-0.0036533466755425165,0.015711279781638953,-0.23253017744690754,0.019865757280502327,0.37042992485771675,0.36533466755425165,1502152.0
PA,4715,ITAITUBA,264,58588.0,0.013580289554867645,0.006849691742279283,1.9826132424389522,0.021608520516146652,0.3756572432146971,1.3580289554867646,1503606.0
PA,4723,ANAPU,63,16044.0,-0.0010220154997873066,0.012943033352781838,-0.07896259492892718,0.02081775118424333,0.3842675346272881,0.10220154997873067,1500859.0
PA,4731,ITUPIRANGA,113,23462.0,0.025179075254104014,0.008410564391610694,2.9937438299883237,0.02131105617594408,0.6059258421866102,2.5179075254104015,1503705.0
PA,4740,CURUÁ,48,8449.0,0.011008065503302739,0.01855567255669472,0.5932452984212166,0.016688365487039888,0.7700682685126833,1.100806550330274,1502855.0
PA,4758,JACUNDÁ,113,24293.0,0.0031653755937595903,0.014152921203796418,0.22365528276314442,0.02733297657761495,0.5585745215837797,0.316537559375959,1503804.0
PA,4766,CACHOEIRA DO PIRIÁ,50,10192.0,0.004915173780456621,0.01502045207746689,0.3272320803067025,0.022468602825745684,0.7356698067477416,0.49151737804566215,1501956.0
PA,4774,JURUTI,120,28479.0,-0.010486487719698472,0.005282955897567975,-1.984965977952979,0.013834755433828436,0.5882706767617832,1.0486487719698472,1503903.0
PA,4782,PIÇARRA,34,6942.0,-0.016464959000465726,0.019038133570073265,-0.8648410276072227,0.018006338231057333,0.4704466462638375,1.6464959000465726,1505635.0
PA,4790,LIMOEIRO DO AJURU,69,17552.0,-0.0015995242380664573,0.016300052916157427,-0.09813000278550808,0.018744302643573383,0.7321493278992104,0.15995242380664573,1504000.0
PA,4804,BELTERRA,65,11967.0,-0.04030049315932552,0.012550126843832722,-3.2111622185818502,0.02348124007687808,0.5183990728522466,4.030049315932552,1501451.0
PA,4812,MAGALHÃES BARATA,29,6108.0,0.03391976739554607,0.018379926161324785,1.8454789805913567,0.0183366077275704,0.6995471860149407,3.391976739554607,1504109.0
PA,4820,SÃO JOÃO DA PONTA,19,4573.0,-0.059524495155734186,0.029731609661730697,-2.0020609658531763,0.022304832713754646,0.6979348806961303,5.952449515573418,1507466.0
PA,4839,MARABÁ,555,142569.0,-0.008596315205619735,0.004749817410601354,-1.8098201388611679,0.02578400634078937,0.4600335481145459,0.8596315205619735,1504208.0
PA,4847,SAPUCAIA,14,3528.0,0.06291348633565849,0.06539418910396276,0.96206539445943,0.01927437641723356,0.5113599136279503,6.291348633565849,1507755.0
PA,4855,MARACANÃ,101,19556.0,0.013262708801300663,0.011017665960997557,1.2037675536951782,0.021323379014113315,0.6887003684853463,1.3262708801300662,1504307.0
PA,4863,MOJUÍ DOS CAMPOS,82,15869.0,-0.0049749642237888235,0.014210249498174283,-0.35009689481018624,0.023063835150293026,0.409600919539766,0.49749642237888236,1504752.0
PA,4871,MARAPANIM,88,17682.0,-0.02432876206536581,0.01265067399473954,-1.9231198334161725,0.0222825472231648,0.6733881971826382,2.432876206536581,1504406.0
PA,4898,MELGAÇO,52,11415.0,0.021091550948181458,0.02219695239112744,0.9502003057235987,0.021901007446342532,0.6774405948953374,2.1091550948181457,1504505.0
PA,4910,MOCAJUBA,82,21161.0,-0.022416026852088412,0.01067205803107658,-2.1004408696817327,0.018430130901186146,0.7436500303134912,2.241602685208841,1504604.0
PA,4936,MOJU,175,43111.0,0.005685963602570067,0.011630399739927253,0.4888880631548811,0.02099232214516017,0.7213901729335407,0.5685963602570068,1504703.0
PA,4952,MONTE ALEGRE,194,38438.0,-0.01248798039081434,0.005930343795339266,-2.1057768017815097,0.020240387116915552,0.484051147670521,1.248798039081434,1504802.0
PA,4979,MUANÁ,80,21127.0,0.05061691701350469,0.022894591132576726,2.2108679172471373,0.021205093008945897,0.7584034380292439,5.061691701350469,1504901.0
PA,4995,NOVA TIMBOTEUA,37,9060.0,-0.0624408626463671,0.017463043986170778,-3.5756001471344208,0.02682119205298013,0.7288060536743393,6.24408626463671,1505007.0
PA,5010,ÓBIDOS,158,29099.0,-0.01766539104666576,0.007662233474200625,-2.305514587378027,0.022200075603972646,0.6982588396436199,1.7665391046665762,1505106.0
PA,5037,OEIRAS DO PARÁ,78,18464.0,-0.040028485060325594,0.015637354563829645,-2.559799031027565,0.01944324090121317,0.8016930883040467,4.002848506032559,1505205.0
PA,5053,ORIXIMINÁ,177,34221.0,-0.015203332908095397,0.005475639586661727,-2.7765401041240274,0.02010461412582917,0.5692281799566273,1.5203332908095397,1505304.0
PA,5070,OURÉM,51,12480.0,-0.012285587070687162,0.01882678756972936,-0.6525588619505399,0.02548076923076923,0.7440396575586222,1.228558707068716,1505403.0
PA,5096,PARAGOMINAS,210,55546.0,0.00726413887970809,0.005562843597013932,1.3058319460226049,0.021567709646059124,0.407772917101856,0.726413887970809,1505502.0
PA,5118,PEIXE-BOI,33,6767.0,-0.03384439073727188,0.022314363144782186,-1.5167087905525003,0.021723067829170977,0.7066249183532443,3.384439073727188,1505601.0
PA,5134,PONTA DE PEDRAS,62,16618.0,0.00047736181610340007,0.017930704527166375,0.026622591174828673,0.02100132386568781,0.74553098441429,0.04773618161034,1505700.0
PA,5150,PORTEL,120,25321.0,0.012020863709464771,0.010280742341993127,1.1692602838964143,0.024327633189842424,0.6620121723011446,1.202086370946477,1505809.0
PA,5177,PORTO DE MOZ,70,16119.0,0.0027812702659305447,0.008294060264921419,0.3353327775653551,0.015013338296420374,0.6266739396760211,0.2781270265930545,1505908.0
PA,5193,PRAINHA,97,19699.0,-0.0005523625814894944,0.007159867692404565,-0.07714703751795018,0.017208995380476166,0.5753974636428159,0.05523625814894944,1506005.0
PA,5215,PRIMAVERA,31,8016.0,-0.03753057331455623,0.03095211930179868,-1.2125364647446053,0.021956087824351298,0.7530974329073634,3.7530573314556235,1506104.0
PA,5231,SALINÓPOLIS,100,26752.0,-0.007588196379714534,0.013571253518157632,-0.5591374716832106,0.021045155502392346,0.6511140260462775,0.7588196379714535,1506203.0
PA,5258,SALVATERRA,65,14993.0,-0.013401951463428935,0.014288189775799851,-0.9379740662549182,0.023811111852197694,0.7140498320864069,1.3401951463428934,1506302.0
PA,5274,SANTA CRUZ DO ARARI,22,4324.0,-0.004644674756783242,0.02699613099951941,-0.17204964507195225,0.01942645698427382,0.7223662876873378,0.46446747567832414,1506401.0
PA,5290,SANTA ISABEL DO PARÁ,143,38859.0,-0.006915504659818343,0.01035942318439919,-0.6675569224966861,0.02421575439409146,0.5412779193387499,0.6915504659818342,1506500.0
PA,5312,SANTA MARIA DO PARÁ,62,17292.0,-0.0176331494336339,0.02065468787530562,-0.8537117355675842,0.028568123987971317,0.563697196203866,1.7633149433633901,1506609.0
PA,5339,SANTANA DO ARAGUAIA,76,16936.0,0.012660500596492102,0.011340708725968698,1.1163764895487756,0.01747756258856873,0.35941463886481756,1.2660500596492101,1506708.0
PA,5355,SANTARÉM,792,189616.0,-0.022569927931476046,0.0031126147682170053,-7.251115095237033,0.026253058813602227,0.4437656908789749,2.2569927931476044,1506807.0
PA,5371,SANTARÉM NOVO,24,4907.0,-0.06131034164691078,0.03761352095669975,-1.63000804198816,0.014265335235378032,0.7505006920106069,6.131034164691078,1506906.0
PA,5398,SANTO ANTÔNIO DO TAUÁ,75,19653.0,-0.027410156393521512,0.016044634788869812,-1.7083689815449075,0.02279550195898845,0.6369809996704092,2.741015639352151,1507003.0
PA,5410,SÃO CAETANO DE ODIVELAS,53,11527.0,-0.00593841038666203,0.019454332546000257,-0.30524873431769045,0.022989502906220177,0.7443304676220306,0.5938410386662031,1507102.0
PA,5436,SÃO DOMINGOS DO CAPIM,86,18522.0,0.004039716190646795,0.015511158235816431,0.2604393643099318,0.024943310657596373,0.7529120613177458,0.4039716190646795,1507201.0
PA,5452,SÃO FÉLIX DO XINGU,138,29887.0,0.0054730467493274634,0.0076111063711251665,0.7190868820452934,0.017633084618730553,0.3342665893913791,0.5473046749327464,1507300.0
PA,5479,SÃO FRANCISCO DO PARÁ,49,12463.0,-0.03087072115463677,0.018548064422781063,-1.6643634856433214,0.02431196341169863,0.6304356567855407,3.087072115463677,1507409.0
PA,5495,SÃO JOÃO DO ARAGUAIA,40,8430.0,0.021694442841582614,0.018671054063872,1.161929196250403,0.02372479240806643,0.6030693761933733,2.1694442841582613,1507508.0
PA,5517,SÃO MIGUEL DO GUAMÁ,133,32324.0,-0.018155834365771884,0.008384286281673235,-2.165459736919737,0.024099740131171884,0.6804209232622777,1.8155834365771883,1507607.0
PA,5533,SÃO SEBASTIÃO DA BOA VISTA,68,16712.0,-0.013220500924930993,0.012720506508983818,-1.039306171935375,0.0159167065581618,0.7588178383916733,1.3220500924930993,1507706.0
PA,5550,SENADOR JOSÉ PORFÍRIO,41,9203.0,0.021546258399334106,0.012297180235911415,1.7521299993971495,0.01771161577746387,0.5240513769879095,2.1546258399334106,1507805.0
PA,5576,SOURE,65,15910.0,-0.024908285977292985,0.012699341241949384,-1.96138409880775,0.02011313639220616,0.7645942251258828,2.4908285977292985,1507904.0
PA,5592,TOMÉ-AÇU,158,38762.0,0.01393914179152033,0.008983598596381953,1.5516211729600395,0.021025746865486816,0.606481102178355,1.393914179152033,1508001.0
PA,5614,TUCURUÍ,225,53997.0,-0.005021965326442343,0.007674258111914885,-0.6543909851879167,0.024001333407411524,0.565258709499683,0.5021965326442344,1508100.0
PA,5630,VIGIA,128,29461.0,-0.02965769131287771,0.016081187585159272,-1.8442475815808335,0.026170191100098435,0.6974911266024602,2.9657691312877708,1508209.0
PA,5657,VISEU,151,32268.0,-0.006380061074060491,0.008522056728334167,-0.7486527345972761,0.01902813933308541,0.8059685258952161,0.638006107406049,1508308.0
PA,5673,REDENÇÃO,186,48302.0,0.033412190153999655,0.008252986317146332,4.048496976734686,0.019523001117966128,0.3078268004714205,3.3412190153999655,1506138.0
PA,5690,RIO MARIA,45,10628.0,0.026741437193098395,0.01263128662760733,2.1170794378659323,0.022299585999247272,0.4143520871521345,2.6741437193098396,1506161.0
PA,5711,XINGUARA,112,26906.0,0.03448090991438637,0.01120275573927565,3.077895360469213,0.021705195867092842,0.3683906615206432,3.448090991438637,1508407.0
PA,5738,RONDON DO PARÁ,96,20778.0,0.02470606190468254,0.008663730682726937,2.851665501784299,0.025507748580229087,0.4661585325836575,2.4706061904682537,1506187.0
PA,5754,URUARÁ,97,22768.0,0.11503134017077922,0.020628678290350973,5.5762826174173705,0.023761419536191146,0.2669398991970235,11.503134017077922,1508159.0
PA,5770,MEDICILÂNDIA,66,15431.0,0.008500136763752985,0.02175316843241975,0.39075396258527745,0.027477156373533797,0.32709454620310646,0.8500136763752985,1504455.0
PA,5797,SÃO GERALDO DO ARAGUAIA,72,14662.0,0.02687261511269911,0.015285981374067899,1.7579908319322897,0.020051834674669214,0.43529100919020475,2.6872615112699108,1507458.0
PA,5819,CONCÓRDIA DO PARÁ,76,18628.0,-0.032125262284552494,0.008489623275718065,-3.784062171102085,0.017768949967790423,0.6311973613253429,3.2125262284552494,1502756.0
PA,5835,PARAUAPEBAS,495,143558.0,-0.003423564648296386,0.004962088214963128,-0.68994433391423,0.023398208389640424,0.4021817097813224,0.34235646482963855,1505536.0
PA,5851,CURIONÓPOLIS,55,12606.0,0.0037896359235681967,0.03336712856992175,0.11357392997203546,0.020863081072505157,0.47144917886428983,0.37896359235681965,1502772.0
PA,5878,GARRAFÃO DO NORTE,73,16785.0,-0.016716912921680458,0.020504683077479807,-0.8152729236786187,0.03163538873994638,0.7319464663797209,1.6716912921680458,1503077.0
PA,5894,RURÓPOLIS,64,14272.0,0.00020176790214944824,0.024208700400251342,0.008334520185451732,0.02445347533632287,0.3935941834008223,0.020176790214944822,1506195.0
PA,5916,PACAJÁ,88,20600.0,0.0028414216513056724,0.011197448165109926,0.25375617814059137,0.021796116504854367,0.3989659916832318,0.2841421651305672,1505486.0
PA,5932,BREJO GRANDE DO ARAGUAIA,24,5044.0,-0.03297788102663758,0.01585187176951148,-2.0803777311689604,0.0204203013481364,0.5685343365475541,3.297788102663758,1501758.0
PA,5959,OURILÂNDIA DO NORTE,73,16859.0,-0.012818545996065706,0.014219665605245794,-0.9014660648093441,0.016608339759179074,0.38808692172919645,1.2818545996065707,1505437.0
PA,5975,DOM ELISEU,102,23037.0,0.03867354380134283,0.0141485899019132,2.733385027727273,0.019794244042192995,0.5182977821106723,3.867354380134283,1502939.0
PA,5991,SANTA MARIA DAS BARREIRAS,48,9080.0,0.03121188203132864,0.016276884333923235,1.9175587533222709,0.01751101321585903,0.3783945446258777,3.121188203132864,1506583.0
PB,19003,RIACHÃO DO POÇO,15,3754.0,0.14291340970797858,0.10918543801549829,1.3089054026388829,0.07192328183271178,0.7219958660419716,14.291340970797858,2512762.0
PB,19011,ÁGUA BRANCA,29,6148.0,0.13443175167285062,0.11722831792642434,1.1467515191783577,0.06457384515289526,0.868257746179731,13.443175167285062,2500106.0
PB,19020,SOBRADO,25,6082.0,0.03275630585517599,0.08395094442630717,0.3901838874955093,0.07185136468267017,0.7207211402937495,3.2756305855175993,2515971.0
PB,19038,AGUIAR,15,3752.0,-0.15792822577321408,0.1754603024159076,-0.900079525674498,0.049307036247334755,0.8257942122320122,15.792822577321408,2500205.0
PB,19046,SÃO JOSÉ DOS RAMOS,15,4524.0,0.23066407671371633,0.118600406433882,1.9448843697033045,0.07891246684350132,0.777827392942501,23.066407671371632,2514453.0
PB,19054,ALAGOA GRANDE,70,17412.0,0.12139983550568803,0.03637662572737093,3.3373033666050818,0.07420169997702734,0.7561138873032249,12.139983550568804,2500304.0
PB,19062,CAPIM,20,5203.0,0.1900383807347949,0.07564487803568984,2.512243864616099,0.07822410147991543,0.7502400905271064,19.00383807347949,2504033.0
PB,19070,ALAGOA NOVA,47,13086.0,0.1131577674496254,0.07046681337822736,1.6058306318217672,0.08451780528809415,0.7730795947729956,11.31577674496254,2500403.0
PB,19089,CUITÉ DE MAMANGUAPE,23,5526.0,0.13107113762355316,0.05487897059798909,2.388367277945187,0.07727108215707565,0.8226400902999585,13.107113762355315,2505238.0
PB,19097,ALAGOINHA,35,9425.0,-0.10211453289440937,0.1272785365466576,-0.8022918526956535,0.06917771883289124,0.8217818629977178,10.211453289440938,2500502.0
PB,19100,CURRAL DE CIMA,20,4545.0,0.05577671098417476,0.1143056116024919,0.48796126631248266,0.0891089108910891,0.8218466932635005,5.577671098417476,2505279.0
PB,19119,ALHANDRA,53,15901.0,0.036435171903514044,0.056432604602116736,0.6456404442148926,0.07169360417583799,0.6020726724847675,3.6435171903514045,2500601.0
PB,19127,RIACHÃO DO BACAMARTE,15,3754.0,0.30437730898206167,0.15622161200281545,1.9483687633217877,0.0908364411294619,0.7642908757221606,30.437730898206166,2512754.0
PB,19135,SÃO JOÃO DO RIO DO PEIXE,48,11687.0,0.049421417314295335,0.04836613934211667,1.0218185281383363,0.06374604261144862,0.8324232988775324,4.942141731429533,2500700.0
PB,19143,MATINHAS,14,3646.0,0.24933483974151702,0.12786683088143264,1.9499571391795758,0.08145913329676358,0.7987762801291033,24.933483974151702,2509339.0
PB,19151,ARAÇAGI,53,11232.0,-0.0992142409453614,0.07477813154633721,-1.3267814920446634,0.07238247863247864,0.8267772698341299,9.921424094536139,2500809.0
PB,19160,LOGRADOURO,14,3319.0,0.0756132374329084,0.10034891458528965,0.7535032914445963,0.06658632118107864,0.6816116681860973,7.56132374329084,2508554.0
PB,19178,ARARA,37,6919.0,0.09262743457239957,0.08918530065963068,1.038595305362097,0.08108108108108109,0.7728874718801608,9.262743457239957,2500908.0
PB,19186,SERTÃOZINHO,15,3582.0,0.4070062914030076,0.24399484656898277,1.6680938024973322,0.06420993858179788,0.7850525184103179,40.70062914030076,2515930.0
PB,19194,ARARUNA,40,10635.0,0.13526492242884305,0.08257194134141765,1.6381463270864733,0.07992477668077104,0.7468318706016313,13.526492242884306,2501005.0
PB,19208,RIACHÃO,10,2561.0,0.2113737447547831,0.09167013486731918,2.305808157266482,0.04880905896134322,0.7994870099451817,21.13737447547831,2512747.0
PB,19216,AREIA,65,14978.0,0.01696813392488905,0.04202964746691677,0.40371820720707574,0.08599278942448925,0.7784652845382983,1.696813392488905,2501104.0
PB,19224,SÃO DOMINGOS DO CARIRI,9,2335.0,0.18465353377850174,0.2348032211878033,0.7864182307397299,0.054389721627408995,0.7451222697979151,18.465353377850175,2513943.0
PB,19232,AREIAL,16,5059.0,0.1443180480330595,0.11886733234679729,1.2141102621198678,0.07392765368649931,0.7476106486203397,14.431804803305951,2501203.0
PB,19240,CARAÚBAS,13,3597.0,-0.0943821488453209,0.1376946580146248,-0.6854452467959679,0.053655824298026136,0.800397036776323,9.438214884532089,2504074.0
PB,19259,AROEIRAS,50,13007.0,0.09202778609345133,0.08532091965096673,1.078607526382993,0.06696394249250404,0.8064471087727978,9.202778609345133,2501302.0
PB,19267,SANTO ANDRÉ,9,2357.0,0.17559934281822603,0.4490719757762944,0.3910271677823446,0.06364022061943148,0.8233669619422833,17.559934281822603,2513851.0
PB,19275,DAMIÃO,14,3606.0,0.12041451731491343,0.14024125212073124,0.8586240888041321,0.07265668330560178,0.8533146052117536,12.041451731491343,2505352.0
PB,19283,SOSSÊGO,11,2783.0,0.018000993064598892,0.19852751309973346,0.0906725359298477,0.063600431189364,0.8545826278111196,1.8000993064598891,2516151.0
PB,19291,BAÍA DA TRAIÇÃO,22,6119.0,-0.023389421512695834,0.07847191141895345,-0.2980610652877069,0.06291877757803563,0.8300961405267521,2.3389421512695834,2501401.0
PB,19305,BARAÚNA,14,3646.0,0.12055351352046369,0.15984823197742995,0.7541748321463164,0.06253428414701043,0.8254232377408875,12.055351352046369,2501534.0
PB,19313,BANANEIRAS,63,14576.0,0.17033182584385076,0.05004579219566254,3.403519424328613,0.07279088913282107,0.8034263220080106,17.033182584385077,2501500.0
PB,19321,ASSUNÇÃO,12,3230.0,0.22395480699952072,0.12178531764108588,1.838931090688116,0.05727554179566564,0.7769316952593031,22.39548069995207,2501351.0
PB,19330,BARRA DE SANTA ROSA,38,8782.0,0.051025236202906776,0.10153143890235701,0.502556023577858,0.06046458665452061,0.7960763331112768,5.102523620290677,2501609.0
PB,19348,ZABELÊ,9,1879.0,0.35005472883121275,0.3835280595036156,0.9127226030978646,0.05800957956359766,0.8639315986391691,35.00547288312127,2517407.0
PB,19356,BARRA DE SÃO MIGUEL,17,4934.0,0.03670800645148019,0.0592799350286919,0.6192315567436647,0.05330360762059181,0.7319824019536475,3.670800645148019,2501708.0
PB,19364,CACIMBAS,19,4600.0,0.20101928691974316,0.27185792389373886,0.7394277276917468,0.07717391304347826,0.8639558213104299,20.101928691974315,2503555.0
PB,19372,BAYEUX,228,63133.0,0.10874613051875792,0.02171052434700261,5.008913132665614,0.0673340408344289,0.5251749395842563,10.874613051875793,2501807.0
PB,19380,CAJAZEIRINHAS,12,3036.0,0.041859416562548546,0.140285556160065,0.2983872161064621,0.057971014492753624,0.8234688536087276,4.185941656254855,2503753.0
PB,19399,BELÉM,43,10543.0,0.045527105591022785,0.05195763241099142,0.8762351839071042,0.06886085554396282,0.7138879559261189,4.5527105591022785,2501906.0
PB,19402,SÃO BENTINHO,11,2990.0,0.07419984532126188,0.34789617586698207,0.21328157786256366,0.048494983277591976,0.8516951566681898,7.419984532126188,2513927.0
PB,19410,BELÉM DO BREJO DO CRUZ,21,4880.0,0.07447813790279686,0.05145796029655706,1.4473589212159277,0.05348360655737705,0.7519297227938817,7.447813790279686,2502003.0
PB,19429,SÃO DOMINGOS,10,2575.0,0.16311117291069238,0.2047567728201465,0.7966094144976849,0.07728155339805826,0.773269232378401,16.311117291069237,2513968.0
PB,19437,BOA VENTURA,17,3944.0,0.265422279445026,0.14923383492885747,1.778566365808114,0.06465517241379311,0.8199648298510064,26.5422279445026,2502102.0
PB,19445,SÃO JOSÉ DE PRINCESA,11,2622.0,0.18614989039050786,0.15823597859473723,1.1764068579324918,0.07894736842105263,0.8470081908824223,18.614989039050787,2514552.0
PB,19453,BOM JESUS,10,2520.0,0.30823051386662814,0.051501943972997545,5.984832611915257,0.044444444444444446,0.8891025426019122,30.823051386662815,2502201.0
PB,19461,MARIZÓPOLIS,19,5152.0,-0.005291289997771283,0.10619362841446031,-0.049826812368817905,0.06482919254658386,0.7326608435215016,0.5291289997771284,2509156.0
PB,19470,BOM SUCESSO,15,3709.0,0.07797410850645076,0.12124899429007452,0.6430907651069379,0.044755998921542195,0.8817979872194708,7.797410850645075,2502300.0
PB,19488,MATO GROSSO,10,2273.0,0.13229370142449223,0.22370166702540403,0.5913845130598364,0.05411350637923449,0.9051779252101506,13.229370142449223,2509370.0
PB,19496,BONITO DE SANTA FÉ,25,6000.0,0.11149901945357756,0.07669535433206713,1.4537910467278283,0.06516666666666666,0.7635417982670282,11.149901945357756,2502409.0
PB,19500,BERNARDINO BATISTA,10,2419.0,0.009045413751646242,0.16068470926239403,0.056292934114068764,0.06200909466721786,0.8515042040271762,0.9045413751646242,2502052.0
PB,19518,BOQUEIRÃO,48,12467.0,0.022297810467378082,0.04036753346031423,0.5523699011558214,0.06625491297024144,0.6990624562013273,2.2297810467378083,2502508.0
PB,19526,POÇO DE JOSÉ DE MOURA,14,3205.0,0.23643045061250462,0.1204175373104424,1.9634220720107833,0.057722308892355696,0.8470562694257371,23.64304506125046,2512077.0
PB,19534,IGARACY,18,4136.0,0.40664236224807965,0.1856857830929801,2.189948823623497,0.06141199226305609,0.8108440573868434,40.664236224807965,2502607.0
PB,19542,SÃO JOSÉ DO BREJO DO CRUZ,7,1835.0,,,,0.04577656675749319,0.7055546977799982,,2514651.0
PB,19550,BORBOREMA,14,3579.0,-0.14261465641381074,0.1558408743595238,-0.9151299811421729,0.073484213467449,0.7969145649061268,14.261465641381074,2502706.0
PB,19569,SANTA INÊS,12,2972.0,-0.11930412829075975,0.5103495976457664,-0.23376941775031776,0.063257065948856,0.9173453907374716,11.930412829075975,2513356.0
PB,19577,BREJO DO CRUZ,34,8293.0,-0.006278576988126055,0.07184939775269347,-0.08738524169314538,0.06065356324611118,0.7085893864665818,0.6278576988126056,2502805.0
PB,19585,AMPARO,9,2088.0,0.15562851785741,0.11732883814213774,1.3264302308088503,0.034482758620689655,0.8836834306344253,15.562851785741,2500734.0
PB,19593,BREJO DOS SANTOS,18,4803.0,0.009612060369098056,0.09473019046298906,0.10146776146146855,0.05288361440766188,0.7384185505748938,0.9612060369098057,2502904.0
PB,19607,CASSERENGUE,21,4686.0,0.2217805417424836,0.1952623911878973,1.1358077732903946,0.08472044387537345,0.8381204724882504,22.17805417424836,2504157.0
PB,19615,CAAPORÃ,50,13787.0,-0.010443784052292663,0.05831750753730865,-0.1790848836536995,0.06977587582505258,0.6819316214919684,1.0443784052292662,2503001.0
PB,19623,GADO BRAVO,23,6184.0,0.2613322634444536,0.17430355748676937,1.499293916960302,0.07713454075032342,0.82551424503379,26.133226344445358,2506251.0
PB,19631,CABACEIRAS,15,4225.0,-0.45066645382309,0.1507040970118989,-2.9904061187368214,0.06319526627218935,0.6828870279393612,45.066645382309,2503100.0
PB,19640,POÇO DANTAS,13,3105.0,-0.05535333329103856,0.15678743360394984,-0.35304700139976064,0.057648953301127216,0.8833542206781133,5.535333329103856,2512036.0
PB,19658,CABEDELO,146,41029.0,0.15689147580948778,0.018944310411818075,8.281720073147333,0.05849521070462356,0.5215156227112867,15.689147580948779,2503209.0
PB,19666,JOCA CLAUDINO,9,1977.0,0.3307251506136784,0.2731876842335932,1.210615154711319,0.05918057663125948,0.8631692390890584,33.07251506136784,2513653.0
PB,19674,CACHOEIRA DOS ÍNDIOS,24,6162.0,0.07730920282466078,0.11293039592291822,0.6845739111499172,0.058747160012982795,0.8628234362395407,7.730920282466077,2503308.0
PB,19682,TENÓRIO,10,2385.0,0.40780603496492035,0.31962416869558236,1.275892360171688,0.06834381551362684,0.823043025033952,40.780603496492034,2516755.0
PB,19690,CACIMBA DE AREIA,18,3210.0,0.04146777277187594,0.11291654848355236,0.36724265246131055,0.04236760124610592,0.8207967520776976,4.146777277187594,2503407.0
PB,19704,COXIXOLA,6,1611.0,,,,0.04717566728739913,0.8137640165197223,,2504850.0
PB,19712,CACIMBA DE DENTRO,40,10821.0,0.11283577067600442,0.08598472336879137,1.312276951709759,0.08363367526106645,0.7634646402040929,11.283577067600442,2503506.0
PB,19720,PARARI,8,1786.0,0.091542121732729,0.24958284548621357,0.3667805035013338,0.04983202687569989,0.8068428298969171,9.154212173272901,2510659.0
PB,19739,CAIÇARA,22,4896.0,0.10192421569547651,0.11583014215000391,0.8799455288890282,0.07312091503267974,0.7176335947083419,10.192421569547651,2503605.0
PB,19747,PEDRO RÉGIS,15,4117.0,0.035144938244581356,0.1436694286907428,0.244623637504907,0.08865678892397377,0.742059864418277,3.5144938244581354,2512721.0
PB,19755,CAJAZEIRAS,147,37986.0,0.08662769144941927,0.019639667324374742,4.410853301059019,0.05141367872374032,0.8071661638782828,8.662769144941928,2503704.0
PB,19763,ALCANTIL,19,4094.0,-0.03129357202218804,0.06999579246301124,-0.44707790169994716,0.06888128969223253,0.6280730049307293,3.129357202218804,2500536.0
PB,19771,CALDAS BRANDÃO,22,4393.0,-0.08431353485980551,0.0791389198547047,-1.0653864750062443,0.06783519235146825,0.7640389711083098,8.431353485980551,2503803.0
PB,19780,BARRA DE SANTANA,25,6189.0,0.07040125027580503,0.11701540977440136,0.6016408472314406,0.07481014703506221,0.7455423375083845,7.040125027580503,2501575.0
PB,19798,CAMALAÚ,18,5030.0,0.16695935688193017,0.1797169165480355,0.9290130283161439,0.05745526838966203,0.8970083276459757,16.695935688193018,2503902.0
PB,19801,CATURITÉ,18,4295.0,0.10581787737137718,0.11333380144078238,0.9336832968288608,0.06868451688009314,0.7765000662351885,10.581787737137718,2504355.0
PB,19810,CAMPINA GRANDE,913,258967.0,0.13155545782871048,0.009392619590898084,14.006258483649681,0.07120598377399437,0.5190191501664793,13.155545782871048,2504009.0
PB,19828,RIACHO DE SANTO ANTÔNIO,7,2044.0,,,,0.05185909980430528,0.6991567780672344,,2512788.0
PB,19836,CARRAPATEIRA,8,1674.0,0.34312904600050304,0.2782785397701463,1.233041708081127,0.06810035842293907,0.8605219769000054,34.3129046000503,2504108.0
PB,19844,APARECIDA,22,5775.0,0.051168803589954626,0.07882852700440446,0.6491153080546034,0.05714285714285714,0.7707487619133659,5.116880358995463,2500775.0
PB,19852,CATINGUEIRA,16,3941.0,-0.19539031060670625,0.16432314111465285,-1.1890614388290994,0.06013702106064451,0.7592749193657036,19.539031060670624,2504207.0
PB,19860,SÃO FRANCISCO,14,3453.0,-0.006606418876572681,0.13413649671924108,-0.04925146427821556,0.05154937735302635,0.7847216232210084,0.6606418876572681,2513984.0
PB,19879,CATOLÉ DO ROCHA,70,17860.0,0.035887110709091494,0.0326340262493967,1.0996838218745666,0.05083986562150056,0.7582996065948002,3.588711070909149,2504306.0
PB,19887,VIEIRÓPOLIS,17,4021.0,0.4237086875170802,0.1862022707028951,2.2755291109910845,0.06640139268838598,0.8236864670032829,42.37086875170802,2517209.0
PB,19895,CONCEIÇÃO,46,11448.0,0.12011528479089315,0.06075387100068402,1.9770803540986017,0.06804682040531097,0.7956800585439526,12.011528479089314,2504405.0
PB,19909,AREIA DE BARAÚNAS,8,1728.0,-0.006487323603854038,0.15637620136602665,-0.04148536380334044,0.061921296296296294,0.8476052242415201,0.6487323603854037,2501153.0
PB,19917,CONDADO,16,4455.0,0.1229877156434815,0.17170979925090757,0.7162533307942904,0.06846240179573512,0.8225198697980018,12.29877156434815,2504504.0
PB,19925,ALGODÃO DE JANDAÍRA,10,2423.0,-0.14694499120731017,0.3254366245618892,-0.45153181945987525,0.059017746595130004,0.8714183810861058,14.694499120731017,2500577.0
PB,19933,CONDE,61,19153.0,0.10617081477169608,0.03286388178332219,3.2306230734305954,0.07288675403331071,0.618577007134621,10.617081477169608,2504603.0
PB,19941,BOA VISTA,18,5198.0,0.324975548313181,0.1407433675763609,2.30899369476053,0.061754520969603696,0.6879858546627351,32.4975548313181,2502151.0
PB,19950,CONGO,16,4322.0,0.005894244984886111,0.18312166720737383,0.032187589130079554,0.04974548819990745,0.8242051414311505,0.5894244984886111,2504702.0
PB,19968,MARCAÇÃO,21,5849.0,0.10593244904402747,0.08574591213418513,1.235422732202698,0.056590870234228076,0.8462894252507243,10.593244904402747,2509057.0
PB,19976,COREMAS,38,9440.0,-0.04603283692442794,0.053237478843952114,-0.8646697387635095,0.06207627118644068,0.7811009885563024,4.603283692442794,2504801.0
PB,19984,MATURÉIA,23,4334.0,0.1687739860571494,0.1484671028798305,1.1367769881908139,0.07337332718043378,0.8517927331756467,16.87739860571494,2509396.0
PB,19992,CRUZ DO ESPÍRITO SANTO,48,13614.0,0.1746806047332603,0.08358886024172854,2.0897593797559364,0.08792419568091671,0.7273723110651247,17.46806047332603,2504900.0
PB,20001,SANTA CECÍLIA,24,5896.0,0.16192596264986792,0.1210176977176848,1.3380353923738961,0.06343283582089553,0.7643446096351371,16.19259626498679,2513158.0
PB,20010,CUBATI,21,5372.0,0.08831605551672171,0.10854177116817626,0.8136596129418552,0.06794489947877885,0.7608679557887718,8.83160555167217,2505006.0
PB,20036,CUITÉ,57,13651.0,0.10826401813185872,0.04940829509292411,2.191211373074953,0.06336532122188851,0.8236400086419856,10.826401813185873,2505105.0
PB,20052,CUITEGI,19,4629.0,0.10382270201185932,0.13575145790754353,0.764799904267474,0.07517822423849643,0.7730712281881655,10.382270201185932,2505204.0
PB,20079,CURRAL VELHO,8,1816.0,0.17555970691601694,0.14628617328553706,1.2001114184136914,0.06828193832599119,0.7910506246674581,17.555970691601694,2505303.0
PB,20095,DESTERRO,30,5802.0,0.14228778903837916,0.10293443008764214,1.3823148281603166,0.060324026197862805,0.810722598017879,14.228778903837917,2505402.0
PB,20117,VISTA SERRANA,10,2423.0,0.033405677149644604,0.09131696217206814,0.36582116131610287,0.058192323565827486,0.7696000867645495,3.3405677149644606,2505501.0
PB,20133,DIAMANTE,18,4113.0,-0.05699839598823599,0.18669224924149103,-0.3053067078028888,0.07439824945295405,0.8202772304207343,5.6998395988235995,2505600.0
PB,20150,DONA INÊS,31,7173.0,0.03782229952813009,0.10951028680601049,0.3453766822392635,0.07040289976300014,0.8577116755117893,3.782229952813009,2505709.0
PB,20176,DUAS ESTRADAS,17,2866.0,0.1050384569614639,0.1282175842652739,0.8192203710853427,0.0628053035589672,0.7685836661300046,10.50384569614639,2505808.0
PB,20192,EMAS,10,2580.0,0.12271494303781214,0.22519852304043828,0.5449189514257008,0.05891472868217054,0.7792965252388859,12.271494303781214,2505907.0
PB,20214,ESPERANÇA,78,20757.0,0.1222326010192843,0.03844622249146486,3.179313677603052,0.07380642674760322,0.6865755970283862,12.22326010192843,2506004.0
PB,20230,FAGUNDES,36,8070.0,0.1631743191629005,0.09537845715886913,1.710808960676579,0.08884758364312267,0.8050092964968858,16.31743191629005,2506103.0
PB,20257,FREI MARTINHO,9,2334.0,0.060073438644748636,0.08982080667091694,0.6688142855902429,0.05826906598114824,0.7444429914886281,6.007343864474864,2506202.0
PB,20273,GUARABIRA,148,35760.0,0.09370740939501153,0.016916759477396265,5.53932385929001,0.06512863534675616,0.6243008877976468,9.370740939501152,2506301.0
PB,20290,GURINHÉM,39,9203.0,0.1737908435503404,0.06586506162151413,2.6385892500793386,0.07378028903618385,0.7616604722415872,17.379084355034042,2506400.0
PB,20311,GURJÃO,11,2602.0,-0.337935782247356,0.20430002496693,-1.654115227357694,0.0622598001537279,0.843189917839722,33.7935782247356,2506509.0
PB,20338,IBIARA,18,4136.0,0.22197359588315713,0.105129422264435,2.1114317105711917,0.06818181818181818,0.854323316718081,22.197359588315713,2506608.0
PB,20354,IMACULADA,30,6669.0,0.1783043184814754,0.08401979612531056,2.122170330139162,0.06087869245763983,0.8698060104810844,17.83043184814754,2506707.0
PB,20370,INGÁ,48,12044.0,0.024663465013213065,0.03273014601384792,0.7535397184839355,0.0641813351046164,0.7047009640532942,2.4663465013213064,2506806.0
PB,20397,ITABAIANA,62,15911.0,0.12660870522862577,0.03308428827199979,3.8268529214750697,0.06787756897743699,0.6328310048688717,12.660870522862577,2506905.0
PB,20419,ITAPORANGA,51,13391.0,-0.15943939930241657,0.09018325066435681,-1.7679491272255938,0.06287805242326935,0.7730625345852001,15.943939930241658,2507002.0
PB,20435,ITAPOROROCA,41,10990.0,-0.01127671542097684,0.0882280685377946,-0.12781324138526495,0.07888989990900819,0.7559872271049733,1.127671542097684,2507101.0
PB,20451,ITATUBA,28,6998.0,-0.02526667914173561,0.07018405258007572,-0.36000598729900746,0.0685910260074307,0.7491098724907054,2.526667914173561,2507200.0
PB,20478,JACARAÚ,42,10688.0,0.03569577675405007,0.038638333593651195,0.9238435883248177,0.07372754491017965,0.7151074152384898,3.5695776754050073,2507309.0
PB,20494,JERICÓ,21,5467.0,0.14800296046159245,0.10154422370577153,1.4575222012670752,0.04883848545820377,0.8438224155007511,14.800296046159245,2507408.0
PB,20516,JOÃO PESSOA,1458,485482.0,0.08395609251236527,0.00943562703305935,8.89777565584254,0.057478959055124595,0.5012729706794204,8.395609251236527,2507507.0
PB,20532,JUAREZ TÁVORA,21,6182.0,-0.10823834312211462,0.12411236098045636,-0.8720996222057095,0.06761565836298933,0.7748322803567904,10.823834312211462,2507606.0
PB,20559,JUAZEIRINHO,44,10719.0,0.1315056114818806,0.08639481789823425,1.5221469838246902,0.06241253848306745,0.7651227316971082,13.15056114818806,2507705.0
PB,20575,JUNCO DO SERIDÓ,20,4655.0,0.2677347791529574,0.16847902955777083,1.5891282129041,0.0653061224489796,0.7724063163101389,26.77347791529574,2507804.0
PB,20591,JURIPIRANGA,30,8249.0,0.2406759798832503,0.11262282235992979,2.13700895466886,0.07540307916111044,0.7341742794921914,24.06759798832503,2507903.0
PB,20613,JURU,29,6029.0,0.045110554562867264,0.12403069345633916,0.3637047677940051,0.06286282965665949,0.8705023240206149,4.511055456286726,2508000.0
PB,20630,LAGOA,15,3605.0,0.3755375864665262,0.17685329222492246,2.123441309698191,0.056588072122052704,0.8544450163215985,37.55375864665262,2508109.0
PB,20656,LAGOA DE DENTRO,19,5616.0,0.030070946097307313,0.11573596719897884,0.2598236902933372,0.06944444444444445,0.780551868385935,3.007094609730731,2508208.0
PB,20672,LAGOA SECA,60,17757.0,0.12146342054066904,0.05321949441885727,2.282310680832603,0.08661372979669989,0.6325123547419607,12.146342054066904,2508307.0
PB,20699,LASTRO,14,3438.0,-0.03256772696001521,0.13918638610083356,-0.23398643985498357,0.048283885980221056,0.841663583927856,3.256772696001521,2508406.0
PB,20710,LIVRAMENTO,19,4588.0,0.09396714407430877,0.12179362409655492,0.7715276129710532,0.07279860505666957,0.7751829299467788,9.396714407430878,2508505.0
PB,20737,LUCENA,37,9867.0,0.17734729799419782,0.04127714716959267,4.296500852288623,0.07074085334954901,0.6618003620411045,17.73472979941978,2508604.0
PB,20753,MÃE D'ÁGUA,16,3070.0,0.1564512194465451,0.12692317125933936,1.2326450552269272,0.04429967426710098,0.8284993785646427,15.64512194465451,2508703.0
PB,20770,MALTA,15,4075.0,-0.23220750855561365,0.17401831412112687,-1.334385462405892,0.05595092024539877,0.861728382214834,23.220750855561363,2508802.0
PB,20796,MAMANGUAPE,110,26983.0,0.07198863510395706,0.02828180264369349,2.54540476117811,0.07319423340621874,0.6797609411866032,7.198863510395706,2508901.0
PB,20818,MANAÍRA,27,6861.0,0.329215623259609,0.16326471136326612,2.016453038201868,0.0685031336539863,0.8781755255625104,32.9215623259609,2509008.0
PB,20834,MARI,57,14626.0,0.11316184421717794,0.04492477961086455,2.518918182735192,0.07233693422671954,0.7227315362678002,11.316184421717795,2509107.0
PB,20850,MASSARANDUBA,35,9799.0,0.020133341321179256,0.034143523931974305,0.5896679370674166,0.08827431370548015,0.7254774066852392,2.0133341321179254,2509206.0
PB,20877,MATARACA,25,6453.0,0.14894961648007773,0.15040911883714583,0.9902964503192897,0.07205950720595072,0.7137310116872313,14.894961648007774,2509305.0
PB,20893,MOGEIRO,33,8799.0,-0.05843560103481276,0.08166118365126696,-0.7155860155586435,0.07341743379929537,0.6991382530964094,5.843560103481276,2509404.0
PB,20915,MONTADAS,14,4201.0,0.06777304919561741,0.10539425651082014,0.6430430977864491,0.07807664841704356,0.725137860469681,6.777304919561741,2509503.0
PB,20931,MONTE HOREBE,12,3036.0,0.710057834977226,0.20457843764869504,3.470834185353137,0.055994729907773384,0.8643677954694879,71.0057834977226,2509602.0
PB,20958,MONTEIRO,92,21259.0,0.10526584629873514,0.04330402348980348,2.4308560225014983,0.0627028552613011,0.7907612488385011,10.526584629873515,2509701.0
PB,20974,MULUNGU,32,7415.0,0.005913894438337651,0.10206701554972261,0.05794128893145366,0.06716115981119353,0.7675364625199753,0.5913894438337651,2509800.0
PB,20990,NATUBA,23,5417.0,0.17139473893442922,0.17616406484489647,0.9729267946066844,0.10522429388960679,0.7534958354875649,17.139473893442922,2509909.0
PB,21016,NAZAREZINHO,22,5730.0,0.3810854686771168,0.11585456677690548,3.2893435216149167,0.05846422338568935,0.8642790315238679,38.10854686771168,2510006.0
PB,21032,NOVA FLORESTA,25,6400.0,-0.1551123186545673,0.1277378408165485,-1.2143020240754878,0.06703125,0.7906740468420391,15.511231865456729,2510105.0
PB,21059,NOVA OLINDA,18,3905.0,0.13560323677729358,0.10534875285709959,1.2871840728976898,0.07272727272727272,0.8464735003832858,13.560323677729357,2510204.0
PB,21075,NOVA PALMEIRA,10,2974.0,-0.21377850557436318,0.39679142817083557,-0.5387679531280661,0.06018829858776059,0.862215131740542,21.377850557436318,2510303.0
PB,21091,OLHO D'ÁGUA,22,5399.0,0.275729510853466,0.1252386296375451,2.201633087582152,0.07205037969994443,0.7964406621541753,27.5729510853466,2510402.0
PB,21113,OLIVEDOS,13,3271.0,0.03529399295604238,0.1417074997657181,0.24906227979742193,0.0651177010088658,0.7439908154605964,3.529399295604238,2510501.0
PB,21130,OURO VELHO,12,2478.0,0.06993673955952046,0.1365247911875328,0.5122640287612976,0.03631961259079903,0.8141122018932511,6.993673955952046,2510600.0
PB,21156,PASSAGEM,10,2069.0,-0.08163443643599258,0.21164996446659134,-0.3857049380647473,0.05268245529241179,0.7774892246773428,8.163443643599258,2510709.0
PB,21172,PATOS,225,55123.0,0.1213227452277954,0.015952698236326328,7.60515515497736,0.05719935417157992,0.6637170035736787,12.13227452277954,2510808.0
PB,21199,PAULISTA,31,8095.0,0.19064056464511958,0.11930457767749503,1.597931683396596,0.05855466337245213,0.740461919734312,19.064056464511957,2510907.0
PB,21210,PEDRA BRANCA,12,2961.0,0.1241334023992155,0.1826417897156581,0.6796549825342266,0.07497467071935157,0.7631714016969992,12.41334023992155,2511004.0
PB,21237,PEDRA LAVRADA,19,5071.0,-0.11331384960777803,0.15084936016834963,-0.7511722255985605,0.06941431670281996,0.8023779542026942,11.331384960777804,2511103.0
PB,21253,PEDRAS DE FOGO,71,19715.0,-0.0015002860149458824,0.05456751987644641,-0.027494121381050115,0.07167131625665736,0.6819989561699876,0.15002860149458824,2511202.0
PB,21270,PIANCÓ,40,10091.0,-0.008501166109068287,0.10905858171628934,-0.0779504553908803,0.07045882469527301,0.7463691488528877,0.8501166109068287,2511301.0
PB,21296,PICUÍ,48,12443.0,0.10039672014885787,0.03447374953983396,2.9122657526083953,0.06348951217552037,0.7381153478911383,10.039672014885786,2511400.0
PB,21318,PILAR,31,8419.0,0.1699976277751077,0.06333021644786911,2.6843051754772214,0.06853545551728234,0.7203845680815465,16.99976277751077,2511509.0
PB,21334,PILÕES,23,5449.0,0.12856952034988017,0.09947247076379877,1.2925135905709377,0.0820334006239677,0.7851548369083045,12.856952034988018,2511608.0
PB,21350,PILÕEZINHOS,17,4362.0,0.06865528117780796,0.14098119826668132,0.4869818246823169,0.07817514901421366,0.8177975207283268,6.865528117780796,2511707.0
PB,21377,PIRPIRITUBA,34,6284.0,0.1982830213077904,0.10152988117722103,1.9529523624841654,0.0790897517504774,0.7534903767960744,19.82830213077904,2511806.0
PB,21393,PITIMBU,36,9869.0,0.0727073185043385,0.038057416164875256,1.9104638683128217,0.05978315938798257,0.6863305140009398,7.270731850433849,2511905.0
PB,21415,POCINHOS,41,11804.0,0.12853133166793843,0.04904008356550237,2.6209443851428262,0.07954930532023043,0.6662913313684827,12.853133166793842,2512002.0
PB,21431,POMBAL,78,20084.0,0.061294407267843756,0.03431032280940325,1.7864713080182715,0.05780720971917944,0.6652579929489855,6.129440726784376,2512101.0
PB,21458,PRATA,13,3284.0,0.09222169251595948,0.07335994295880237,1.2571123803592585,0.05328867235079172,0.738998846120638,9.222169251595949,2512200.0
PB,21474,PRINCESA ISABEL,48,12845.0,0.03794124082737117,0.10053760513466069,0.37738357479823037,0.060879719735305565,0.8444272052227513,3.794124082737117,2512309.0
PB,21490,PUXINANÃ,35,10488.0,-0.05038069100953066,0.05935388522310165,-0.8488187558431566,0.07694508009153318,0.683754088776301,5.038069100953066,2512408.0
PB,21512,QUEIMADAS,119,29489.0,0.024514770199396897,0.021688374617602597,1.1303184600795468,0.06799145444063888,0.7218932938585454,2.4514770199396896,2512507.0
PB,21539,QUIXABA,7,1921.0,,,,0.05049453409682457,0.722806329164785,,2512606.0
PB,21555,REMÍGIO,50,11484.0,0.08601940779488282,0.07303186648442231,1.1778338954712426,0.056600487634970394,0.7824814771403408,8.601940779488281,2512705.0
PB,21571,RIACHO DOS CAVALOS,26,6469.0,-0.0140075298975935,0.12321479750209183,-0.11368382841643426,0.052712938630391094,0.836152248202619,1.40075298975935,2512804.0
PB,21598,RIO TINTO,63,15785.0,0.03250905418944135,0.024034857616044715,1.3525794372811093,0.06537852391510929,0.7054924002516205,3.250905418944135,2512903.0
PB,21610,SALGADINHO,13,2414.0,0.01982538148343908,0.104250196332252,0.1901711668748741,0.05550952775476388,0.8009149410425045,1.982538148343908,2513000.0
PB,21636,SALGADO DE SÃO FÉLIX,31,7833.0,0.13070801637360868,0.06372037803972666,2.051274967203088,0.07442869909357845,0.7381887766241736,13.070801637360868,2513109.0
PB,21652,SANTA CRUZ,20,4632.0,-0.010387645048368057,0.11205338216331552,-0.09270264625505258,0.04253022452504318,0.845992588634411,1.0387645048368057,2513208.0
PB,21679,SANTA HELENA,18,4698.0,-0.13786238387589186,0.11865933759915646,-1.1618334188043866,0.05512984248616432,0.88472893524769,13.786238387589187,2513307.0
PB,21695,SANTA LUZIA,47,9873.0,0.10735652753497936,0.06494052524680967,1.6531515125103404,0.05854350248151524,0.7185384737638773,10.735652753497936,2513406.0
PB,21717,SANTANA DE MANGUEIRA,14,3464.0,0.42606987827425624,0.19969364850482282,2.133617576044068,0.06437644341801385,0.893539515299543,42.60698782742563,2513505.0
PB,21733,SANTANA DOS GARROTES,20,4666.0,0.11961193221259858,0.09110680981670018,1.3128758701270355,0.08251178739819974,0.7785793364270305,11.961193221259858,2513604.0
PB,21750,SANTA RITA,296,83206.0,0.10699959416280119,0.01881057131352919,5.688269238576689,0.08468139316876187,0.5808736077617941,10.69995941628012,2513703.0
PB,21776,SANTA TERESINHA,22,4636.0,-0.00233944546434446,0.15421062637940505,-0.0151704556246903,0.05845556514236411,0.7544086889736019,0.23394454643444598,2513802.0
PB,21792,SÃO BENTO,81,21877.0,0.04368074349360726,0.036115709133280514,1.209466587860948,0.06248571559171733,0.5553775931915531,4.368074349360726,2513901.0
PB,21814,SÃO JOÃO DO CARIRI,13,3443.0,0.10162237492165344,0.09541362216348037,1.0650719741834669,0.04821376706360732,0.8196355338061961,10.162237492165344,2514008.0
PB,21830,SÃO JOÃO DO TIGRE,13,3246.0,0.4381315597682412,0.2576603240884059,1.7004230718033009,0.06746765249537892,0.8304014263624873,43.81315597682412,2514107.0
PB,21857,SÃO JOSÉ DA LAGOA TAPADA,22,5487.0,0.17262568558013336,0.20479385222088067,0.8429241586507573,0.07417532349188992,0.8229160992272601,17.262568558013335,2514206.0
PB,21873,SÃO JOSÉ DE CAIANA,16,3914.0,-0.2325491876899273,0.19094339664670645,-1.217895940754642,0.06463975472662238,0.8296264338144557,23.25491876899273,2514305.0
PB,21890,SÃO JOSÉ DE ESPINHARAS,13,3507.0,0.1325608580241865,0.1649363250282633,0.8037092981274502,0.05018534359851725,0.7998877480651755,13.25608580241865,2514404.0
PB,21911,SÃO JOSÉ DE PIRANHAS,49,12167.0,-0.10115541098459857,0.04848990923344284,-2.0861126074212786,0.06049149338374291,0.8406512447276848,10.115541098459857,2514503.0
PB,21938,SÃO JOSÉ DO BONFIM,16,3341.0,0.12196837920961001,0.09489128697513491,1.285348561470879,0.051780903920981745,0.7520084768961195,12.196837920961002,2514602.0
PB,21954,SÃO JOSÉ DO SABUGI,17,3607.0,0.2151358286694479,0.13166737188060465,1.6339342511106856,0.05794288882728029,0.7457972888578057,21.513582866944787,2514701.0
PB,21970,SÃO JOSÉ DOS CORDEIROS,13,2785.0,0.28308773322754766,0.21060940595788927,1.3441362314280978,0.06319569120287254,0.8300926254852462,28.308773322754767,2514800.0
PB,21997,SÃO MAMEDE,27,5580.0,0.05743611786120032,0.08704580944278147,0.6598378282524361,0.05555555555555555,0.7323875561460725,5.743611786120032,2514909.0
PB,22012,SÃO MIGUEL DE TAIPU,17,5206.0,0.023725247695907323,0.11311761128948612,0.20973964553751587,0.07971571263926239,0.5986523182361061,2.3725247695907323,2515005.0
PB,22039,SÃO SEBASTIÃO DE LAGOA DE ROÇA,25,7159.0,-0.02112549864579295,0.08376516078179473,-0.25219910579320826,0.08087721748847604,0.7116717538271848,2.112549864579295,2515104.0
PB,22055,SÃO SEBASTIÃO DO UMBUZEIRO,12,2561.0,0.17093132639072686,0.14828642265151287,1.1527105673891105,0.05857087075361187,0.8766021015374732,17.093132639072685,2515203.0
PB,22071,SAPÉ,127,30266.0,0.09135711804782477,0.02507998849147266,3.642629982820236,0.08127932333311307,0.6830407288373959,9.135711804782478,2515302.0
PB,22098,SÃO VICENTE DO SERIDÓ,28,7159.0,0.14599319873560804,0.0897042998105247,1.6274938775953651,0.07570889789076686,0.7974157944250297,14.599319873560804,2515401.0
PB,22110,SERRA BRANCA,34,8485.0,-0.004647569603012067,0.054830379820521656,-0.08476267387213314,0.06234531526222746,0.7291143986104208,0.4647569603012067,2515500.0
PB,22136,SERRA DA RAIZ,9,2403.0,-0.13329025116298845,0.131253967941469,-1.0155140698102743,0.071993341656263,0.7379334658903722,13.329025116298846,2515609.0
PB,22152,SERRA GRANDE,10,2406.0,0.4100719050922062,0.2116828527170784,1.9371994463825644,0.06234413965087282,0.8581226815742743,41.00719050922062,2515708.0
PB,22179,SERRA REDONDA,19,5193.0,0.060118186014225986,0.06625651616881088,0.9073550722325118,0.07279029462738301,0.7664061228097375,6.011818601422599,2515807.0
PB,22195,SERRARIA,14,3379.0,0.15538984064551592,0.08949417728563325,1.7363122982802266,0.08730393607576206,0.7596349839486803,15.538984064551592,2515906.0
PB,22217,SOLÂNEA,72,17190.0,0.090695055032871,0.036389344364751795,2.4923519952374282,0.07260034904013962,0.7290935144280257,9.069505503287099,2516003.0
PB,22233,SOLEDADE,36,9297.0,0.08656448227066837,0.08437519906142125,1.0259469990423777,0.06991502635258685,0.7208379736301589,8.656448227066837,2516102.0
PB,22250,SOUSA,149,39572.0,0.032712586539543544,0.022441821382739757,1.4576618350907624,0.05698473668250278,0.717080045380565,3.2712586539543542,2516201.0
PB,22276,SUMÉ,45,11041.0,0.06446784206621008,0.056646600350564305,1.1380708050835016,0.0545240467348972,0.8047733398208847,6.4467842066210075,2516300.0
PB,22292,TACIMA,22,6026.0,0.3074234446514824,0.09572960323339101,3.2113728070299934,0.05974112180550946,0.7686919471908444,30.742344465148243,2516409.0
PB,22314,TAPEROÁ,35,8511.0,0.08608619380205307,0.16436260931605076,0.5237577704581158,0.07613676418752204,0.8016468325964288,8.608619380205306,2516508.0
PB,22330,TAVARES,36,8655.0,-0.06904012678531063,0.07403779203634789,-0.9324984563480266,0.058925476603119586,0.8858138326037884,6.904012678531063,2516607.0
PB,22357,TEIXEIRA,39,9465.0,0.1444899294740991,0.10374986832829303,1.3926757865069608,0.05747490755414686,0.8188313804423231,14.448992947409911,2516706.0
PB,22373,TRIUNFO,25,5864.0,-0.0065059637807742075,0.1181614462397286,-0.05505995388355997,0.05115961800818554,0.8806552973306262,0.6505963780774208,2516805.0
PB,22390,UIRAÚNA,40,9898.0,0.11795943808477306,0.043622470064754615,2.704098092328798,0.05586987270155587,0.8056949475186365,11.795943808477306,2516904.0
PB,22411,UMBUZEIRO,23,5600.0,0.1882742726421071,0.10194337915545106,1.846851401256889,0.07178571428571429,0.789170357198814,18.827427264210712,2517001.0
PB,22438,VÁRZEA,10,2198.0,0.19430007866570181,0.09719543536861563,1.9990658813226658,0.042311191992720654,0.8386045652895169,19.430007866570183,2517100.0
PE,23000,QUIXABA,20,5015.0,0.14270331258085903,0.15663444919946953,0.9110595613556913,0.04067796610169491,0.9021598161560248,14.270331258085903,2611533.0
PE,23019,AFOGADOS DA INGAZEIRA,99,22798.0,0.05457932245144666,0.024194030105746445,2.255900410675411,0.05206597069918414,0.7792227507985451,5.457932245144666,2600104.0
PE,23027,LAGOA DO CARRO,41,12602.0,0.05041181619070566,0.04872858537832326,1.034542985381455,0.06014918266941755,0.7041919024195853,5.041181619070565,2608453.0
PE,23035,AFRÂNIO,49,13862.0,0.0130644834299661,0.03405577060600628,0.38362025575959124,0.06636848939546963,0.7771806163691368,1.3064483429966098,2600203.0
PE,23043,SANTA CRUZ DA BAIXA VERDE,27,7711.0,0.01745878193026643,0.06897473211412597,0.2531185173924131,0.06380495396187265,0.8520797873599445,1.745878193026643,2612471.0
PE,23051,AGRESTINA,59,16708.0,0.06322652132938009,0.05169759693683348,1.2230069689048253,0.06864974862341393,0.7649846947086517,6.322652132938009,2600302.0
PE,23060,XEXÉU,33,7771.0,-0.006254580595315769,0.09640656253079015,-0.06487712486707731,0.07013254407412174,0.7034241079983011,0.6254580595315768,2616506.0
PE,23078,ÁGUA PRETA,69,15715.0,-0.04844500456609271,0.06484659893013466,-0.7470708620861839,0.06700604517976455,0.746172675702146,4.84450045660927,2600401.0
PE,23086,VERTENTE DO LÉRIO,25,6328.0,0.0666308340218407,0.09588845466047109,0.6948785884366586,0.06479140328697851,0.8091244322497303,6.6630834021840695,2616183.0
PE,23094,ÁGUAS BELAS,102,24259.0,0.0316257468397524,0.037718213422879,0.8384741473616285,0.06842821220990147,0.7860684588365073,3.16257468397524,2600500.0
PE,23108,SANTA CRUZ,37,10225.0,-0.05287833002115184,0.05290781073765952,-0.99944279084512,0.03970660146699267,0.880329280495457,5.287833002115184,2612455.0
PE,23116,ALAGOINHA,42,10034.0,0.01513486488281848,0.07857498934624801,0.19261682386141074,0.05301973290811242,0.8802510947952158,1.513486488281848,2600609.0
PE,23124,JUCATI,32,8121.0,0.08120459398658761,0.0882482888805025,0.9201832128048081,0.06427779830070188,0.8559946101623673,8.120459398658761,2608255.0
PE,23132,ALIANÇA,96,22466.0,-0.007482315356218255,0.04639632925574664,-0.16126955464459503,0.0693492388498175,0.7140128134121351,0.7482315356218255,2600708.0
PE,23140,DORMENTES,45,13231.0,0.009743754495371942,0.028171451395987156,0.3458733580464327,0.06371400498828508,0.7893664190782457,0.9743754495371941,2605152.0
PE,23159,ALTINHO,51,13969.0,0.10713810989309382,0.04277497610393721,2.5046912856891654,0.07208819528956976,0.7695326640992814,10.713810989309382,2600807.0
PE,23167,CARNAUBEIRA DA PENHA,37,9080.0,0.07745839871962024,0.05945520316493061,1.3028026917130902,0.051982378854625554,0.9231512563891437,7.745839871962024,2603926.0
PE,23175,AMARAJI,50,13625.0,0.07755815003275432,0.05533684787845993,1.40156429226147,0.07038532110091743,0.6883833541132275,7.755815003275432,2600906.0
PE,23183,LAGOA GRANDE,61,16272.0,0.015235958239490255,0.05112957673412693,0.2979871771424399,0.060779252704031464,0.8033429897533134,1.5235958239490255,2608750.0
PE,23191,ANGELIM,25,7150.0,0.145758391759235,0.09158329784317285,1.591539016304387,0.06475524475524476,0.7818226743687313,14.5758391759235,2601003.0
PE,23205,ARAÇOIABA,45,13924.0,0.061491300814227934,0.05938235580541491,1.035514674017374,0.06485205400746911,0.7034381463877146,6.149130081422793,2601052.0
PE,23213,ARARIPINA,169,47041.0,0.1503131627847771,0.02359618818529329,6.370230717114819,0.07706043664037754,0.7934691006681966,15.03131627847771,2601102.0
PE,23221,CASINHAS,38,9413.0,0.24242706527489677,0.06364876620280935,3.8088258380756552,0.07362158716668438,0.8182556800686692,24.242706527489677,2604155.0
PE,23230,ARCOVERDE,166,40425.0,0.13532128550595907,0.018250522548955993,7.414652656819408,0.051923314780457634,0.745275561898865,13.532128550595907,2601201.0
PE,23248,MANARI,42,9643.0,-0.06768966329385231,0.08781365498332357,-0.7708330020736189,0.04511044280825469,0.8937192825466723,6.768966329385232,2609154.0
PE,23256,BARRA DE GUABIRABA,30,8210.0,0.008004800165446819,0.055346627433944945,0.14463031509915183,0.05956151035322777,0.6373677915712976,0.8004800165446819,2601300.0
PE,23264,JATOBÁ,36,8361.0,0.0157143677727559,0.03908716957872511,0.40203391399588906,0.049037196507594784,0.8546563344236869,1.5714367772755902,2608057.0
PE,23272,BARREIROS,96,23691.0,0.05732706002801889,0.03336090215247796,1.718390580866255,0.06833818749736187,0.6461368049266761,5.732706002801889,2601409.0
PE,23280,TAMANDARÉ,51,14848.0,0.11436197995957142,0.03313665143706063,3.4512231924456596,0.05630387931034483,0.6687513868156711,11.436197995957142,2614857.0
PE,23299,BELÉM DE MARIA,32,7560.0,0.06458675376396973,0.08832647453752432,0.7312275747689999,0.06878306878306878,0.7455634353850935,6.4586753763969735,2601508.0
PE,23302,JAQUEIRA,29,7069.0,0.06929116548316419,0.08223372892826855,0.8426124704086568,0.05814117979912293,0.745216747970572,6.929116548316419,2607950.0
PE,23310,BELÉM DO SÃO FRANCISCO,49,12037.0,0.13006981244955232,0.05458027176917609,2.383092063000839,0.05433247486915344,0.8443849803256049,13.006981244955233,2601607.0
PE,23329,SANTA FILOMENA,34,9597.0,0.04244630001091479,0.04898036996316848,0.8665981911290772,0.048556840679378974,0.8797323166600952,4.244630001091479,2612554.0
PE,23337,BELO JARDIM,178,49492.0,0.10396367682667246,0.015272273654318977,6.807347692939727,0.07762870766992645,0.703056903821588,10.396367682667245,2601706.0
PE,23353,BETÂNIA,29,7286.0,-0.07058663197380124,0.12206157672197249,-0.5782870733726548,0.07397749107878122,0.887412166368941,7.058663197380125,2601805.0
PE,23370,BEZERROS,146,39764.0,0.09711081950097152,0.027109839820626567,3.582124429487945,0.06581329846091942,0.7233534615673207,9.711081950097151,2601904.0
PE,23396,BODOCÓ,75,21116.0,0.14285861165518204,0.07451313820457656,1.9172271507738987,0.0650217844288691,0.8925114682131705,14.285861165518204,2602001.0
PE,23418,BOM CONSELHO,108,26354.0,0.0713905626559842,0.027563480839568447,2.590041623244488,0.06902178037489565,0.801532640531247,7.13905626559842,2602100.0
PE,23434,BOM JARDIM,102,24127.0,-0.007197711506275982,0.0361673646832388,-0.19901122377355984,0.06391180005802628,0.7661952847764187,0.7197711506275982,2602209.0
PE,23450,BONITO,92,24862.0,0.03530592017157476,0.026092667982963808,1.3530973603246086,0.06797522323224198,0.6721650413386006,3.530592017157476,2602308.0
PE,23477,BREJÃO,34,7504.0,-0.058969420980380334,0.13090231290545556,-0.4504841791677975,0.06916311300639659,0.8198515984266387,5.896942098038034,2602407.0
PE,23493,BREJINHO,23,5894.0,0.1796174911936851,0.12809598633277922,1.4022101420653315,0.06871394638615541,0.8513511744879114,17.961749119368513,2602506.0
PE,23515,BREJO DA MADRE DE DEUS,94,26830.0,0.012135987745389305,0.018442289545433664,0.6580521206703531,0.06354826686544912,0.6904394639623329,1.2135987745389305,2602605.0
PE,23531,BUENOS AIRES,32,9374.0,-0.025298790230406834,0.12398186710301852,-0.20405234105230619,0.06603371026242799,0.7716505268596241,2.5298790230406834,2602704.0
PE,23558,BUÍQUE,112,28625.0,0.05017910022314455,0.054131128720012,0.9269915741585782,0.08146724890829694,0.871016292290573,5.017910022314455,2602803.0
PE,23574,CABO DE SANTO AGOSTINHO,478,137688.0,0.08422530107761074,0.018054060275073898,4.665172254570087,0.07610685027017605,0.6811366709962363,8.422530107761075,2602902.0
PE,23590,CABROBÓ,81,20186.0,0.009466203616917536,0.03187613340694323,0.2969683774398941,0.05870405231348459,0.8318353128200416,0.9466203616917536,2603009.0
PE,23612,CACHOEIRINHA,50,12898.0,0.21107859901276563,0.05572325379176314,3.7879805045405783,0.06698712978756396,0.758806398496772,21.107859901276562,2603108.0
PE,23639,CAETÉS,59,14818.0,0.14618102148027803,0.09851816365384351,1.483797667949884,0.0586448913483601,0.9082615794490674,14.618102148027804,2603207.0
PE,23655,CALÇADO,22,6334.0,0.036911574684298405,0.14611054845736632,0.2526277197232536,0.06630880959898958,0.8776183924901259,3.6911574684298407,2603306.0
PE,23671,CALUMBI,21,5275.0,0.17472611254833817,0.11249842274450869,1.5531427755671976,0.044739336492890996,0.8844682303087509,17.47261125483382,2603405.0
PE,23698,CAMOCIM DE SÃO FÉLIX,44,12575.0,0.09554551811171347,0.0895957130102582,1.066407252105623,0.060914512922465205,0.7329103833204731,9.554551811171347,2603504.0
PE,23710,CAMUTANGA,21,5944.0,0.024054403115031153,0.059631375013538525,0.4033850151798431,0.055518169582772545,0.715585244141227,2.4054403115031153,2603603.0
PE,23736,CANHOTINHO,60,13520.0,0.05380519204948834,0.042038381376377734,1.2799063686053962,0.07396449704142012,0.7207770372222316,5.3805192049488335,2603702.0
PE,23752,CAPOEIRAS,47,11925.0,0.1686286688745351,0.0726656229509431,2.32061134311581,0.0620545073375262,0.8820008122084853,16.86286688745351,2603801.0
PE,23779,CARNAÍBA,48,12425.0,0.09285191464333976,0.07541324400580285,1.2312414863919003,0.05979879275653924,0.8687560126508944,9.285191464333977,2603900.0
PE,23795,CARPINA,161,49181.0,0.08709146046463538,0.022632656762366886,3.848044062129253,0.06417112299465241,0.5606044819294951,8.709146046463538,2604007.0
PE,23817,CARUARU,661,209306.0,0.12248553121014537,0.010195547131030968,12.013630032404127,0.06261645628887848,0.5775489140086125,12.248553121014536,2604106.0
PE,23833,CATENDE,84,19679.0,0.12441706524425161,0.046367461466227534,2.6832839519341105,0.061639310940596576,0.7324338384063093,12.441706524425161,2604205.0
PE,23850,CEDRO,27,7191.0,-0.10875682608875505,0.15289046475394005,-0.7113381875304446,0.06063134473647615,0.8816467681328894,10.875682608875504,2604304.0
PE,23876,CHÃ DE ALEGRIA,36,9284.0,0.053464556329615213,0.09643911948705665,0.5543866079863041,0.06258078414476519,0.7122112174463886,5.346455632961521,2604403.0
PE,23892,CHÃ GRANDE,54,15833.0,-0.022672951647705497,0.06338308956695264,-0.3577129452447355,0.06315922440472431,0.6834466845557886,2.26729516477055,2604502.0
PE,23914,CONDADO,55,16223.0,0.09808470097389506,0.04608815962410206,2.1281973889580335,0.06250385255501449,0.7099854790998622,9.808470097389506,2604601.0
PE,23930,CORRENTES,41,9766.0,-0.05632031436135273,0.09566076491565029,-0.5887504078711231,0.05078844972353062,0.8522577431577084,5.632031436135273,2604700.0
PE,23957,CORTÊS,37,8440.0,0.057610473415272735,0.06774872602094013,0.8503550811784444,0.06303317535545024,0.7272315298288142,5.761047341527274,2604809.0
PE,23973,CUMARU,50,11796.0,0.11539933638989222,0.05291912849716106,2.1806734099198746,0.06400474737199051,0.771656250840469,11.539933638989222,2604908.0
PE,23990,CUPIRA,61,15970.0,0.08112570042790589,0.03678484196130974,2.205411144982866,0.06355666875391358,0.6564641529679413,8.112570042790589,2605004.0
PE,24015,CUSTÓDIA,81,21708.0,0.08795854148358463,0.0525687974152619,1.673208173068237,0.05210060807075732,0.874286326523357,8.795854148358464,2605103.0
PE,24031,ESCADA,152,39457.0,0.0939820083911245,0.02796753932853905,3.360396039390637,0.06265048026966065,0.7028832699690163,9.39820083911245,2605202.0
PE,24058,EXU,83,21829.0,0.06754487250471274,0.04638558647848706,1.4561607954669071,0.062210820468184526,0.8735465183429375,6.754487250471273,2605301.0
PE,24074,FEIRA NOVA,55,14833.0,0.0914597820874927,0.03849892550105886,2.3756450575478327,0.06647340389671678,0.6547497121335929,9.14597820874927,2605400.0
PE,24090,FERREIROS,29,8235.0,0.1253661022455127,0.07927822534917907,1.5813434482588462,0.06448087431693988,0.7269314503149084,12.53661022455127,2605509.0
PE,24112,FLORES,56,12794.0,0.1970620830278962,0.055833918309065825,3.5294331652861803,0.0650304830389245,0.8695468379065634,19.706208302789623,2605608.0
PE,24139,FLORESTA,66,18509.0,0.026955053496836974,0.039217777965404585,0.6873172039633403,0.045329299259819544,0.8574847706876575,2.6955053496836974,2605707.0
PE,24155,FREI MIGUELINHO,39,10353.0,0.03270217828574169,0.05859094879836191,0.5581438593576076,0.04926108374384237,0.7296269682401731,3.2702178285741694,2605806.0
PE,24171,GAMELEIRA,46,11792.0,0.08485331521377104,0.05840763479264551,1.452777800625056,0.06784260515603799,0.6927939603766968,8.485331521377104,2605905.0
PE,24198,GARANHUNS,284,79623.0,0.09461910065067192,0.013806534922636879,6.853211264148299,0.05596372907325773,0.7381026273219728,9.461910065067192,2606002.0
PE,24210,GLÓRIA DO GOITÁ,66,19070.0,0.11026529519872698,0.05706548279389047,1.9322590434743887,0.07089669638175145,0.7544768520751538,11.026529519872698,2606101.0
PE,24236,GOIANA,193,52480.0,0.10408791077518963,0.0203914185113103,5.104495830805309,0.05905106707317073,0.6459589360873734,10.408791077518963,2606200.0
PE,24252,GRANITO,22,5659.0,0.03471969643943347,0.04722876065358388,0.7351388424967874,0.046474642162926315,0.8690449098957117,3.471969643943347,2606309.0
PE,24279,GRAVATÁ,183,55829.0,0.16242612719680435,0.018968771291420584,8.562817522623003,0.06686489100646617,0.6348039551437387,16.242612719680434,2606408.0
PE,24295,IATI,48,11162.0,0.17948798003134056,0.08239090864850557,2.1784925421452574,0.06145851997849848,0.8628548304607957,17.948798003134055,2606507.0
PE,24317,IBIMIRIM,64,15305.0,0.03853068653474174,0.04225038769336601,0.9119605437559494,0.046520744854622674,0.8888193228423042,3.853068653474174,2606606.0
PE,24333,IBIRAJUBA,24,5491.0,-0.14695742153146324,0.1989030788328895,-0.7388393502693392,0.06392278273538518,0.8123562476823034,14.695742153146323,2606705.0
PE,24350,IGARASSU,231,73497.0,0.07266799091584433,0.022397419688927306,3.244480476997512,0.0679347456358763,0.6508994264453676,7.266799091584433,2606804.0
PE,24376,IGUARACY,33,7092.0,-0.11086638498268547,0.07524159073467576,-1.4734721036618343,0.05767061477721376,0.8584140094510826,11.086638498268547,2606903.0
PE,24392,INAJÁ,41,11040.0,-0.14877680771243332,0.053987573384432164,-2.7557602312115503,0.04682971014492754,0.9027477189635968,14.877680771243332,2607000.0
PE,24414,INGAZEIRA,12,3440.0,-0.11180499589864734,0.14102070165231176,-0.7928268303068291,0.05232558139534884,0.876829736971987,11.180499589864734,2607109.0
PE,24430,IPOJUCA,228,67170.0,0.07946851830348667,0.020475925729988444,3.8810708415053194,0.061991960696739616,0.7222079818732761,7.946851830348667,2607208.0
PE,24457,IPUBI,62,17146.0,0.11683248049138505,0.06017621276699358,1.9415060390019627,0.06759594074419689,0.8318597144585593,11.683248049138504,2607307.0
PE,24473,ITACURUBA,16,3391.0,0.11602270166928538,0.1860111711333959,0.6237405041984331,0.04423473901503981,0.8729308013173239,11.602270166928538,2607406.0
PE,24490,ITAÍBA,61,14899.0,0.036923639449131254,0.07488540414550439,0.4930685741828623,0.07188401906168199,0.8410195153593472,3.6923639449131254,2607505.0
PE,24511,ILHA DE ITAMARACÁ,47,14234.0,0.01944970786833986,0.034334216012121985,0.5664817819481585,0.05725727132218632,0.722933252011503,1.9449707868339858,2607604.0
PE,24538,ITAPETIM,38,9550.0,0.1999253223660695,0.09733253379815893,2.054044157328319,0.058219895287958116,0.823128520144761,19.992532236606948,2607703.0
PE,24554,ITAQUITINGA,39,10770.0,0.06279572126078511,0.05770018482828665,1.0883105738337333,0.0680594243268338,0.6843374373876312,6.279572126078511,2607802.0
PE,24570,JABOATÃO DOS GUARARAPES,1283,391756.0,0.11429716258862042,0.010127504969307706,11.285816490340713,0.06583689847762382,0.5577530935315869,11.429716258862042,2607901.0
PE,24597,JATAÚBA,44,11564.0,0.15815990397870827,0.047065754410622024,3.3604030352696097,0.06018678657903839,0.8087635734896033,15.815990397870827,2608008.0
PE,24619,JOÃO ALFREDO,73,19222.0,0.04859572502893028,0.033802340692091676,1.4376437854287303,0.06731869732598064,0.8004267125267515,4.859572502893029,2608107.0
PE,24635,JOAQUIM NABUCO,42,10918.0,0.22402574047210716,0.0784918020868252,2.8541291512748916,0.08060084264517312,0.7129806324585298,22.402574047210717,2608206.0
PE,24651,JUPI,43,10214.0,-0.08233659960533954,0.09545847561740042,-0.8625383872181906,0.07000195809672997,0.8424180574536154,8.233659960533954,2608305.0
PE,24678,JUREMA,34,9205.0,-0.0890609969855816,0.11097231477148348,-0.8025514937575006,0.06887561108093428,0.7912978634499708,8.90609969855816,2608404.0
PE,24694,LAGOA DE ITAENGA,54,15048.0,0.055387967728646965,0.0700532627917264,0.7906550747439066,0.0720361509835194,0.6796656234329538,5.538796772864696,2608503.0
PE,24716,LAGOA DO OURO,33,8566.0,0.32858445913129214,0.11278029796549804,2.913491674155829,0.07109502685033854,0.852265873530693,32.858445913129216,2608602.0
PE,24732,LAGOA DOS GATOS,41,9123.0,0.1659540842028874,0.06257585227450188,2.652046726825159,0.06039679929847638,0.7961079313490161,16.59540842028874,2608701.0
PE,24759,LAJEDO,85,25124.0,0.021559214147855922,0.03388746422375695,0.6362002776454941,0.06388313962744786,0.7020583411331672,2.1559214147855923,2608800.0
PE,24775,LIMOEIRO,145,37644.0,0.12972736856348874,0.02444069350315599,5.307843189749802,0.061630007438104345,0.7215544928949729,12.972736856348874,2608909.0
PE,24791,MACAPARANA,62,15317.0,0.1301359781176244,0.03466839017670291,3.7537358225844453,0.07188091662858262,0.6705077362905528,13.01359781176244,2609006.0
PE,24813,MACHADOS,34,8721.0,0.1757445083909816,0.12421892229798286,1.4147965957182953,0.06925811260176586,0.7726306370296676,17.57445083909816,2609105.0
PE,24830,MARAIAL,36,6070.0,-0.009869909241970062,0.06594716470258873,-0.14966389057788596,0.06441515650741352,0.711371852158438,0.9869909241970062,2609204.0
PE,24856,MIRANDIBA,35,9038.0,0.021085841922761295,0.09603202607901047,0.2195709367353438,0.06395220181456074,0.8161005411764987,2.1085841922761297,2609303.0
PE,24872,MORENO,133,40565.0,0.048527542029682395,0.03527848036812291,1.375556473048401,0.0774312831258474,0.6510330543194621,4.85275420296824,2609402.0
PE,24899,NAZARÉ DA MATA,72,21614.0,0.13384423572325124,0.05528041779677974,2.4211871229932727,0.06690108263162765,0.6324531429067544,13.384423572325124,2609501.0
PE,24910,OLINDA,878,261744.0,-0.00016824883149054872,0.011011482393138056,-0.015279398856905504,0.059202885261935324,0.5882153983332896,0.01682488314905487,2609600.0
PE,24937,OROBÓ,65,14681.0,0.19729059729128262,0.056729624134513774,3.477734963014727,0.07227028131598665,0.8037747859032437,19.729059729128263,2609709.0
PE,24953,OROCÓ,40,9572.0,0.0010625665361754747,0.05321689013966994,0.019966716081806446,0.05860844128708734,0.8104578553427246,0.10625665361754746,2609808.0
PE,24970,OURICURI,147,37940.0,0.1280705812929842,0.023671878732963045,5.410241524879315,0.06465471797575119,0.8591460726943874,12.80705812929842,2609907.0
PE,24996,PALMARES,123,32029.0,0.06086297483384388,0.03262405666939983,1.8655857378684337,0.05610540447719255,0.698464946925997,6.086297483384389,2610004.0
PE,25011,PALMEIRINA,23,4548.0,-0.15831824324239593,0.10809271242274779,-1.4646523312618653,0.0806948109058927,0.8385032227195334,15.831824324239593,2610103.0
PE,25038,PANELAS,74,15522.0,0.052497425622309704,0.0507314040366346,1.0348112105156761,0.07080273160675171,0.7709462421777838,5.249742562230971,2610202.0
PE,25054,PARANATAMA,44,8835.0,0.07442815834857866,0.07313486590767164,1.0176836646222847,0.06802490096208262,0.8593628321618392,7.442815834857866,2610301.0
PE,25070,PARNAMIRIM,65,14291.0,-0.0472893663135215,0.041083352138879516,-1.1510590994051062,0.03652648520047582,0.905418815818769,4.72893663135215,2610400.0
PE,25097,PASSIRA,78,20905.0,0.11671080277530438,0.02946322440409558,3.961236597006023,0.06572590289404448,0.755344814944462,11.671080277530438,2610509.0
PE,25119,PAUDALHO,137,37605.0,0.06674394989392878,0.031114968213588317,2.145075303814092,0.0705757213136551,0.6077878687552436,6.674394989392877,2610608.0
PE,25135,PAULISTA,641,197716.0,0.03284379258735107,0.015241701582559893,2.1548639047579914,0.05507900220518319,0.5828173167214291,3.2843792587351066,2610707.0
PE,25151,PEDRA,59,14801.0,0.015640514338741165,0.04132775539194295,0.3784506124373345,0.0645226673873387,0.8330701322848805,1.5640514338741165,2610806.0
PE,25178,PESQUEIRA,166,38607.0,0.12623164968411268,0.028825965917484268,4.3790952242660985,0.07475328308337867,0.8281985619220167,12.623164968411269,2610905.0
PE,25194,PETROLÂNDIA,85,19398.0,0.09805473798806434,0.03987107985050637,2.4592947659234023,0.04845860397979173,0.8109823441001289,9.805473798806434,2611002.0
PE,25216,PETROLINA,673,194266.0,0.0901466218957187,0.006824680245617486,13.208915092191603,0.05926410179856485,0.6770606928935229,9.01466218957187,2611101.0
PE,25232,POÇÃO,30,7930.0,-0.07616569150165717,0.08522071679350636,-0.8937461965523016,0.07112232030264817,0.8459279275059103,7.6165691501657165,2611200.0
PE,25259,POMBOS,59,16949.0,0.031124990315512982,0.04545631686277241,0.6847231026102683,0.06602159419434775,0.6587601245342625,3.112499031551298,2611309.0
PE,25275,PRIMAVERA,32,8780.0,0.09389862066415068,0.06572242950228378,1.4287149969233532,0.06571753986332574,0.7216554182223904,9.389862066415068,2611408.0
PE,25291,QUIPAPÁ,59,11578.0,0.003979799538264017,0.05756414577718932,0.06913677749459585,0.06823285541544308,0.817677480794642,0.39797995382640167,2611507.0
PE,25313,RECIFE,3406,1054049.0,0.05138905886478173,0.0048279356528169795,10.644106003110771,0.05886064120358731,0.563410969568388,5.138905886478173,2611606.0
PE,25330,RIACHO DAS ALMAS,60,17529.0,-0.05348475976054559,0.04021473025182819,-1.329979324133702,0.07028353015003708,0.7189834464311909,5.3484759760545595,2611705.0
PE,25356,RIBEIRÃO,91,22401.0,0.08893768228893051,0.03511384224041978,2.5328382374103664,0.06053301191911076,0.6963064897479666,8.893768228893052,2611804.0
PE,25372,RIO FORMOSO,54,12861.0,-0.021034349428078053,0.05445215713285767,-0.38629047104151265,0.06508047585724283,0.7171140194844582,2.103434942807805,2611903.0
PE,25399,SAIRÉ,38,9594.0,0.09715090508771826,0.09395345220275662,1.0340323086592003,0.07494267250364811,0.7109071890485462,9.715090508771826,2612000.0
PE,25410,SALGADINHO,22,5437.0,0.16542990863913984,0.061780935646339526,2.677685388031857,0.06345411072282509,0.7706069721281404,16.542990863913985,2612109.0
PE,25437,SALGUEIRO,125,34273.0,0.029248822213349023,0.023135032741483052,1.2642654341657116,0.04945583987395326,0.8071194411593466,2.924882221334902,2612208.0
PE,25453,SALOÁ,46,9405.0,0.18791273676489495,0.10353637468755858,1.8149441424036594,0.06411483253588517,0.8846101426526817,18.791273676489496,2612307.0
PE,25470,SANHARÓ,42,13021.0,0.07471754975732448,0.06849432879933703,1.0908574631955175,0.05959603717072422,0.796183593813101,7.4717549757324475,2612406.0
PE,25496,SANTA CRUZ DO CAPIBARIBE,173,54049.0,0.0414536445814694,0.02144423134554139,1.9330907185949708,0.054672611889211645,0.478868480238379,4.14536445814694,2612505.0
PE,25518,SANTA MARIA DA BOA VISTA,95,24056.0,0.02864429987645849,0.02594274949680096,1.1041350832914092,0.055786498170934486,0.8279810439531118,2.864429987645849,2612604.0
PE,25534,SANTA MARIA DO CAMBUCÁ,31,9178.0,0.0539208380531108,0.05834139452475084,0.924229502780146,0.06831553715406406,0.7176042096438371,5.39208380531108,2612703.0
PE,25550,SANTA TEREZINHA,27,6411.0,-0.06698064382921547,0.07945862667905915,-0.8429625155712366,0.062236780533458116,0.8385524791659958,6.6980643829215465,2612802.0
PE,25577,SÃO BENEDITO DO SUL,27,5869.0,0.055581223199165454,0.06864748731676788,0.8096614365896703,0.08212642698926563,0.7888933906601713,5.558122319916546,2612901.0
PE,25593,SÃO BENTO DO UNA,107,27973.0,0.04158808884091695,0.02382915421448944,1.7452608039117519,0.06052264683802238,0.7541231049077887,4.158808884091695,2613008.0
PE,25615,SÃO CAITANO,98,25520.0,0.1952848491458084,0.0430185597721947,4.539548747794944,0.07018025078369906,0.7796068079152211,19.52848491458084,2613107.0
PE,25631,SÃO JOÃO,52,14524.0,0.09393236521295946,0.0958433904856578,0.9800609592063177,0.06513357201872762,0.8621990234733954,9.393236521295947,2613206.0
PE,25658,SÃO JOAQUIM DO MONTE,55,14178.0,0.04258431312978885,0.05420791086041488,0.785573774267805,0.07892509521794329,0.7372173180167245,4.258431312978885,2613305.0
PE,25674,SÃO JOSÉ DA COROA GRANDE,46,11983.0,0.07711248484658019,0.0409298037266233,1.884017948427674,0.062171409496787115,0.5808454870931504,7.711248484658019,2613404.0
PE,25690,SÃO JOSÉ DO BELMONTE,80,20574.0,0.19624964193513536,0.0546238774954132,3.5927446189006735,0.06172839506172839,0.8738506202460666,19.624964193513534,2613503.0
PE,25712,SÃO JOSÉ DO EGITO,74,18763.0,-0.016037411746612367,0.033582313871477226,-0.4775552931816759,0.0571870170015456,0.7973972986663199,1.6037411746612367,2613602.0
PE,25739,SÃO LOURENÇO DA MATA,225,68279.0,0.08753310422596827,0.021670341399128233,4.039304347530473,0.06559850027094714,0.6237208449396084,8.753310422596828,2613701.0
PE,25755,SÃO VICENTE FÉRRER,42,11373.0,0.08829713937253891,0.07951451230583308,1.1104531337993448,0.06453882001230986,0.7613828050584269,8.829713937253892,2613800.0
PE,25771,SERRA TALHADA,189,49370.0,0.06190965106213492,0.014166683563845756,4.3700878037632,0.058962932955235976,0.7743894172365693,6.190965106213492,2613909.0
PE,25798,SERRITA,49,12153.0,0.12981959878563334,0.08551861886759674,1.5180273080254618,0.060149757261581505,0.894929196683887,12.981959878563334,2614006.0
PE,25810,SERTÂNIA,93,19100.0,0.010533041447519528,0.03483399628934339,0.3023782100689336,0.05581151832460733,0.8573563894264424,1.0533041447519529,2614105.0
PE,25836,SIRINHAÉM,85,22588.0,0.11252744371679356,0.031140803056644035,3.6135048769330087,0.06534443067115282,0.6696767715528101,11.252744371679356,2614204.0
PE,25852,MOREILÂNDIA,29,7678.0,-0.1837007155221089,0.09359371100337326,-1.962746359266469,0.05365980724146913,0.8871941482779382,18.37007155221089,2614303.0
PE,25879,SOLIDÃO,16,4437.0,-0.05781056917816626,0.15568984545568873,-0.3713188166444668,0.043497858913680416,0.8840229641026702,5.781056917816626,2614402.0
PE,25895,SURUBIM,140,38922.0,0.09898675146639867,0.0179905585889582,5.5021499736618695,0.06047993422742922,0.6920726853667624,9.898675146639867,2614501.0
PE,25917,TABIRA,66,16729.0,-0.039002526549493585,0.033245062682762,-1.1731825240238427,0.04620718512762269,0.8302484964492624,3.9002526549493584,2614600.0
PE,25933,TACAIMBÓ,39,8443.0,0.11162947045112838,0.06028588969855699,1.851668292685085,0.07674997038967192,0.7733056738639965,11.162947045112839,2614709.0
PE,25950,TACARATU,55,13532.0,-0.0012523340962646804,0.04694621021055561,-0.026675935941323323,0.05387230268992019,0.8748689924126106,0.12523340962646803,2614808.0
PE,25976,ITAMBÉ,76,19560.0,0.07207686698608132,0.030233661435921697,2.383993984282837,0.0628323108384458,0.7208295391742309,7.207686698608132,2607653.0
PE,25992,TAQUARITINGA DO NORTE,60,17616.0,0.09761598495024737,0.023992735869017852,4.068564147213417,0.05091961852861036,0.5743306766528673,9.761598495024737,2615003.0
PE,26018,TEREZINHA,19,5102.0,-0.28702691449768214,0.1652219696501464,-1.7372200265222284,0.06781654253234026,0.8353934126415771,28.702691449768214,2615102.0
PE,26034,TERRA NOVA,26,6893.0,-0.09502338873701366,0.07935506198248458,-1.1974458385274453,0.03800957493108951,0.9231459291381496,9.502338873701365,2615201.0
PE,26050,TIMBAÚBA,130,34297.0,0.08079981151981465,0.02030927677546217,3.978468185407647,0.06528267778522903,0.6764992017952473,8.079981151981466,2615300.0
PE,26077,TORITAMA,90,27547.0,0.0689293370127816,0.03251155229876209,2.1201490589979044,0.044650960177151776,0.5555007286825366,6.89293370127816,2615409.0
PE,26093,TRACUNHAÉM,30,9546.0,0.04950967975792417,0.05090753984456449,0.9725411974157778,0.06589147286821706,0.7026635644967206,4.950967975792417,2615508.0
PE,26115,TRINDADE,68,17553.0,0.08521948812795978,0.03733855299370753,2.2823457604883983,0.06078732980117359,0.7526604834510394,8.521948812795978,2615607.0
PE,26131,TRIUNFO,37,9513.0,-0.06439930925068318,0.08712531536989415,-0.7391572584532203,0.059182171764953224,0.843717638748741,6.439930925068318,2615706.0
PE,26158,TUPANATINGA,56,12626.0,0.1693408413390774,0.058035205928741944,2.9178985174447587,0.07682559797243782,0.8400438541181356,16.93408413390774,2615805.0
PE,26174,TUPARETAMA,23,6552.0,-0.059288444921584825,0.1302887396415213,-0.4550542516929098,0.040293040293040296,0.86256762770729,5.928844492158483,2615904.0
PE,26190,VENTUROSA,39,11479.0,0.23617219286432092,0.08255927086128485,2.8606380652408467,0.05871591602055928,0.8247883887793231,23.617219286432093,2616001.0
PE,26212,VERDEJANTE,29,6329.0,0.19858343999715794,0.09070414565914808,2.1893535136023803,0.05656501817032707,0.8855119788445539,19.858343999715792,2616100.0
PE,26239,VERTENTES,48,13506.0,0.03546983163245085,0.06773546261332346,0.5236523124516756,0.06523026802902414,0.7055994806432446,3.546983163245085,2616209.0
PE,26255,VICÊNCIA,63,17550.0,-0.01666260075695045,0.04575972259213228,-0.364132468753544,0.07407407407407407,0.6771828104203949,1.666260075695045,2616308.0
PE,26271,VITÓRIA DE SANTO ANTÃO,289,86647.0,0.08986429745433548,0.016405620138553147,5.477653188077585,0.06282964211109444,0.5889152984859736,8.986429745433549,2616407.0
PE,26298,CAMARAGIBE,350,106071.0,0.006482871705605378,0.022368674091834292,0.28981922124619613,0.06524874847979184,0.5644502225106411,0.6482871705605379,2603454.0
PE,26310,ABREU E LIMA,231,69586.0,0.06793759362417215,0.017723260816348046,3.8332445890265348,0.05986836432615756,0.5873950335023657,6.793759362417215,2600054.0
PE,26336,ITAPISSUMA,56,16411.0,-0.05318191745783717,0.03848220518188515,-1.3819872641516828,0.06916092864542076,0.7202214329251491,5.318191745783717,2607752.0
PE,30015,FERNANDO DE NORONHA,9,2089.0,0.0807485876085686,0.10176424840214791,0.7934867979319175,0.047391096218286265,0.5369734605340714,8.07485876085686,2605459.0
PI,10006,BRASILEIRA,26,5869.0,-0.11179370596072052,0.03935418481229967,-2.840706941178483,0.024024535696029987,0.8489004207872823,11.179370596072053,2201960.0
PI,10014,AGRICOLÂNDIA,17,3952.0,-0.2764099701978289,0.08606911404828071,-3.2114885026326165,0.03719635627530364,0.831387562877271,27.640997019782894,2200103.0
PI,10022,ALEGRETE DO PIAUÍ,16,3297.0,0.06682255769215391,0.035462702875778275,1.8843052636519433,0.02335456475583864,0.8028572924301519,6.6822557692153906,2200277.0
PI,10030,ÁGUA BRANCA,53,12256.0,0.014977104401360516,0.026861561562145676,0.557566408293508,0.026843994778067884,0.7190932631997997,1.4977104401360515,2200202.0
PI,10049,BAIXA GRANDE DO RIBEIRO,33,8362.0,0.03123253542522866,0.017089932815058568,1.8275399770857217,0.024156900263094954,0.7016886276619559,3.123253542522866,2201150.0
PI,10057,ALTO LONGÁ,45,10145.0,0.015815916591756407,0.018932574693477797,0.8353811802049793,0.025726959093149336,0.8369914537133073,1.5815916591756407,2200301.0
PI,10065,BOM PRINCÍPIO DO PIAUÍ,20,4974.0,-0.009154903849192602,0.033130832289719366,-0.2763258033826517,0.032569360675512665,0.7873252306971569,0.9154903849192603,2201919.0
PI,10073,ALTOS,118,29052.0,0.0065453393903213974,0.019176865018543536,0.34131435894199713,0.03108219743907476,0.8295048999552713,0.6545339390321397,2200400.0
PI,10081,BONFIM DO PIAUÍ,21,4008.0,0.08736147655055472,0.1544262908860691,0.5657163430481361,0.03468063872255489,0.9258665501632535,8.736147655055472,2201929.0
PI,10090,AMARANTE,68,11702.0,0.0223613727627566,0.020134918547529995,1.1105767679154446,0.02888395146128867,0.8388217538896903,2.23613727627566,2200509.0
PI,10103,BURITI DOS MONTES,30,5361.0,-0.011020551928401274,0.04563749966738392,-0.24148018644144548,0.022756948330535348,0.879149244750405,1.1020551928401274,2202026.0
PI,10111,ANGICAL DO PIAUÍ,22,5275.0,-0.026729762693349614,0.041917866626637754,-0.6376699208342707,0.025402843601895736,0.8178447989706643,2.6729762693349612,2200608.0
PI,10120,CABECEIRAS DO PIAUÍ,32,7036.0,0.05616577942830364,0.062186650123887036,0.9031806555974838,0.028851620238772028,0.8768707183289418,5.616577942830364,2202059.0
PI,10138,ANÍSIO DE ABREU,25,5708.0,-0.009685931320912671,0.04298281501207043,-0.2253442758040084,0.02803083391730904,0.8855090441321276,0.9685931320912672,2200707.0
PI,10146,CALDEIRÃO GRANDE DO PIAUÍ,17,4250.0,0.009309815821867462,0.053138964937187054,0.17519753786834455,0.027294117647058823,0.8381904514317831,0.9309815821867462,2202091.0
PI,10154,ANTÔNIO ALMEIDA,13,2311.0,0.07011260323293415,0.055652107796250856,1.259837336074043,0.028991778450887063,0.7117495886406506,7.011260323293415,2200806.0
PI,10162,CANAVIEIRA,13,2512.0,-0.04992931255099529,0.055787550911515084,-0.8949902215673247,0.025477707006369428,0.8471100581240937,4.992931255099529,
PI,10170,AROAZES,20,4251.0,0.003443715224353893,0.11529587797560778,0.029868502541629913,0.03222771112679369,0.8614529306230092,0.3443715224353893,2200905.0
PI,10189,COIVARAS,22,4285.0,-0.02971436661639656,0.059179096301534825,-0.5021091647799615,0.02193698949824971,0.8078649461088765,2.971436661639656,2202737.0
PI,10197,ARRAIAL,16,3290.0,0.0366172478915698,0.04788198089973216,0.7647396202811365,0.031914893617021274,0.8510683418580551,3.66172478915698,2201002.0
PI,10200,COLÔNIA DO GURGUÉIA,18,4093.0,-0.03883178018555894,0.03643064509626144,-1.0659097603941112,0.024187637429758123,0.8108368451939889,3.8831780185558937,2202752.0
PI,10219,AVELINO LOPES,34,7116.0,-0.024355130263339048,0.059252519556273926,-0.4110395717469573,0.040893760539629,0.7750123333572997,2.4355130263339047,2201101.0
PI,10227,COLÔNIA DO PIAUÍ,27,4685.0,-0.12346505306254286,0.0661652558765545,-1.8660103618868102,0.030096051227321237,0.867055454096744,12.346505306254286,2202778.0
PI,10235,BARRAS,128,28195.0,-0.040141317658417934,0.01500804843484471,-2.674652726014692,0.0344387302713247,0.7835808437287801,4.014131765841793,2201200.0
PI,10243,CORONEL JOSÉ DIAS,21,3982.0,0.037913749819825336,0.051008332758263296,0.7432854157281459,0.01757910597689603,0.9195434981000641,3.7913749819825338,2202851.0
PI,10251,BARREIRAS DO PIAUÍ,13,2526.0,0.03353217860225666,0.05659431802533229,0.5925007981763691,0.03167062549485352,0.8060336898720073,3.3532178602256657,2201309.0
PI,10260,FARTURA DO PIAUÍ,15,3627.0,-0.20405206957292618,0.1294503544145437,-1.5762959514153405,0.026743865453542872,0.9250643030050726,20.405206957292616,2203750.0
PI,10278,BARRO DURO,21,4501.0,0.041453343263779176,0.04084936640519617,1.0147854645428767,0.02310597644967785,0.7493006386118907,4.145334326377918,2201408.0
PI,10286,JACOBINA DO PIAUÍ,20,4359.0,-0.15678236168390147,0.09627775996792604,-1.6284379875075192,0.04037623308098188,0.8616507638748315,15.678236168390146,2205151.0
PI,10294,BATALHA,81,16305.0,-0.02855489773705841,0.017735781579205655,-1.6100163169881188,0.04041704998466728,0.7626465673248912,2.855489773705841,2201507.0
PI,10308,JARDIM DO MULATO,16,3391.0,0.04926022659605868,0.03604346064779209,1.3666897048931457,0.02624594514892362,0.7871989477869138,4.926022659605868,2205250.0
PI,10316,BENEDITINOS,36,7592.0,-0.12469041379605063,0.03771478739851026,-3.30614123522743,0.03714436248682824,0.8620553057934178,12.469041379605063,2201606.0
PI,10324,LAGOA ALEGRE,30,6463.0,-0.013188425619378446,0.04186645308318823,-0.3150117731056217,0.021661766981278044,0.8663305755376403,1.3188425619378445,2205557.0
PI,10332,BERTOLÍNIA,18,3677.0,-0.09044465644084708,0.08586927568796829,-1.0532830947532945,0.03671471308131629,0.7363922334157996,9.044465644084708,2201705.0
PI,10340,LAGOA DO BARRO DO PIAUÍ,15,3670.0,-0.07547287993293014,0.06502994318166667,-1.1605865888901399,0.04386920980926431,0.8857890683140062,7.547287993293014,2205565.0
PI,10359,BOCAINA,19,4341.0,-0.07160958860813608,0.024083551020231474,-2.973381647414876,0.0211932734392997,0.777982435854809,7.160958860813609,2201804.0
PI,10367,MARCOLÂNDIA,26,6323.0,-0.09959004338864524,0.06844034774796294,-1.4551364314423643,0.04096156887553377,0.749617394646815,9.959004338864524,2205953.0
PI,10375,BOM JESUS,65,15623.0,0.039877285502104856,0.013043178621439971,3.057328789207549,0.028547654099724765,0.6958856741696166,3.987728550210486,2201903.0
PI,10383,PATOS DO PIAUÍ,21,4308.0,-0.06922491737784732,0.11148193779801835,-0.6209518666895457,0.051764159702878364,0.8777560644629525,6.922491737784732,2207777.0
PI,10391,BURITI DOS LOPES,60,13498.0,0.009387091233257367,0.02829999869225473,0.3316993521920716,0.032152911542450736,0.7436894387481507,0.9387091233257366,2202000.0
PI,10405,PASSAGEM FRANCA DO PIAUÍ,16,2831.0,-0.01182607275424494,0.0515477025405672,-0.22941997744590098,0.023666548922642177,0.7745672779657768,1.182607275424494,2207751.0
PI,10413,CAMPINAS DO PIAUÍ,21,4055.0,-0.08033805657434985,0.06059245766009434,-1.3258755243931917,0.02688039457459926,0.9309534428330938,8.033805657434986,2202109.0
PI,10421,QUEIMADA NOVA,24,5923.0,0.03324614012472831,0.055418916915748476,0.5999059883337544,0.03883167313861219,0.8739789883295479,3.324614012472831,2208650.0
PI,10430,CAMPO MAIOR,123,29050.0,-0.005064690962261866,0.011271320914000913,-0.44934316047825873,0.032461273666092944,0.7496999892517112,0.5064690962261866,2202208.0
PI,10448,SANTA CRUZ DOS MILAGRES,12,2573.0,0.05522276534035423,0.07823828118519191,0.7058279464197406,0.02487368830159347,0.8398260904757227,5.522276534035423,2209153.0
PI,10456,CANTO DO BURITI,59,12002.0,-0.029194455525594014,0.03206107784154276,-0.9105887103946845,0.03899350108315281,0.8026252251881162,2.9194455525594014,2202307.0
PI,10464,SANTA ROSA DO PIAUÍ,18,3460.0,-0.06452887777470052,0.055911843928287665,-1.1541182197007316,0.025722543352601157,0.778786658107076,6.452887777470052,2209377.0
PI,10472,CAPITÃO DE CAMPOS,35,7967.0,-0.0529633996338195,0.031872815095081934,-1.6617107549433843,0.03840843479352329,0.8347288163924186,5.29633996338195,2202406.0
PI,10480,SANTANA DO PIAUÍ,14,3429.0,0.040409705213684595,0.06936188226061833,0.5825923965247992,0.03499562554680665,0.8221035881976969,4.040970521368459,2209351.0
PI,10499,CARACOL,26,6519.0,0.05060153356373155,0.05811536195206873,0.87070839557819,0.02991256327657616,0.868818045720728,5.0601533563731556,2202505.0
PI,10502,SÃO BRAZ DO PIAUÍ,16,3239.0,0.21618293628284221,0.15674779948173354,1.3791768496758698,0.023464032108675516,0.9235830075955551,21.61829362828422,2209559.0
PI,10510,CASTELO DO PIAUÍ,67,12167.0,0.004156954162661576,0.02027134747084066,0.20506550778832788,0.03640996137092135,0.7692266211036948,0.4156954162661576,2202604.0
PI,10529,SÃO JOSÉ DO DIVINO,19,4122.0,-0.06532873062945391,0.07437965316698263,-0.878314536944541,0.049490538573508006,0.844040672339372,6.532873062945391,2210052.0
PI,10537,COCAL,78,17461.0,-0.023448419198200007,0.03045457242900098,-0.769947411110943,0.03739762900177539,0.7835886740813575,2.344841919820001,2202703.0
PI,10545,SIGEFREDO PACHECO,32,7008.0,0.014312048492985549,0.05483294433808533,0.2610118545657747,0.030536529680365295,0.8470980175617163,1.431204849298555,2210656.0
PI,10553,CONCEIÇÃO DO CANINDÉ,20,3643.0,-0.04590258098137224,0.07637390134202947,-0.6010244360282732,0.04337084820203129,0.8613090601057517,4.590258098137224,2202802.0
PI,10561,SÃO LOURENÇO DO PIAUÍ,16,4090.0,0.10201096592673625,0.0964763666087443,1.057367410408782,0.027383863080684596,0.9168437278871892,10.201096592673625,2210359.0
PI,10570,CORRENTE,68,16031.0,-0.012234403841825824,0.014215961268056554,-0.8606103809045038,0.03175098247146154,0.7442332933782787,1.2234403841825825,2202901.0
PI,10588,VÁRZEA BRANCA,16,3705.0,-0.09788853301434813,0.07781314325719915,-1.257994844017455,0.02699055330634278,0.9026857432774389,9.788853301434813,2211357.0
PI,10596,CRISTALÂNDIA DO PIAUÍ,17,4389.0,-0.015019455865617804,0.05536535201744189,-0.27127897355165714,0.023923444976076555,0.8223203863864006,1.5019455865617803,2203008.0
PI,10600,BARRA D'ALCÂNTARA,12,2646.0,-0.013887433585465618,0.0958611087658505,-0.14487036259289407,0.035147392290249435,0.8530849857092317,1.3887433585465618,2201176.0
PI,10618,CRISTINO CASTRO,31,6075.0,-0.044027768745229984,0.03472708274337863,-1.2678222662865255,0.03489711934156379,0.8095687783621534,4.402776874522998,2203107.0
PI,10626,BELA VISTA DO PIAUÍ,12,3074.0,-0.4295028440348702,0.06822680560526656,-6.295221360938465,0.0797007156798959,0.8405968184592041,42.95028440348702,2201556.0
PI,10634,CURIMATÁ,34,7041.0,0.027577584719922166,0.03210272863366605,0.8590417666553622,0.02655872745348672,0.7395749211368636,2.757758471992217,2203206.0
PI,10642,BREJO DO PIAUÍ,13,3104.0,0.021360905294835687,0.1199826258646992,0.17803332058196275,0.02190721649484536,0.904165323224171,2.136090529483569,2201988.0
PI,10650,DEMERVAL LOBÃO,40,10001.0,0.054208680825104855,0.03678186680163073,1.4737881880073989,0.0313968603139686,0.7741637996716878,5.420868082510485,2203305.0
PI,10669,BOA HORA,21,4910.0,0.061059899161072205,0.06385352916463338,0.9562494032810878,0.026680244399185336,0.811314586382036,6.10598991610722,2201770.0
PI,10677,DOM EXPEDITO LOPES,25,5376.0,-0.0006551221094761844,0.03634155433897807,-0.018026804890222712,0.031436011904761904,0.8066045378599777,0.06551221094761844,2203404.0
PI,10685,DOM INOCÊNCIO,28,5999.0,0.08518369314529288,0.1042212212254535,0.8173353962243616,0.030838473078846473,0.9034568369930032,8.518369314529288,2203453.0
PI,10693,ELESBÃO VELOSO,46,9525.0,0.055673219022075,0.027185677317524564,2.047887877569512,0.03254593175853018,0.8515952677522304,5.5673219022075,2203503.0
PI,10707,CAPITÃO GERVÁSIO OLIVEIRA,14,3092.0,-0.04519736483912727,0.2821896176410153,-0.16016664687013626,0.03266494178525226,0.9244101542187919,4.519736483912727,2202455.0
PI,10715,ELISEU MARTINS,15,2839.0,0.044304596027097944,0.07645501836368047,0.5794857809902063,0.029235646354350123,0.8237749979905458,4.430459602709794,2203602.0
PI,10723,CAMPO GRANDE DO PIAUÍ,18,4058.0,0.03047208580707164,0.115150830280892,0.26462758221317095,0.04706752094627895,0.8769357117268253,3.047208580707164,2202133.0
PI,10731,ESPERANTINA,104,23780.0,-0.037352217380867456,0.012587603712466278,-2.9673811023995977,0.03776282590412111,0.7370869393310859,3.7352217380867456,2203701.0
PI,10740,CAMPO LARGO DO PIAUÍ,18,4099.0,0.02619319638000178,0.08631968496742061,0.3034440682897279,0.0312271285679434,0.821238698035651,2.619319638000178,2202174.0
PI,10758,FLORES DO PIAUÍ,16,3122.0,-0.004684922139648695,0.07536709349442701,-0.062161374711831224,0.033632286995515695,0.8412175747125238,0.46849221396486945,2203800.0
PI,10766,CURRAIS,20,4282.0,-0.07628307608049097,0.04102441439771601,-1.859455575427737,0.027790751985053715,0.8330332288851157,7.628307608049097,2203230.0
PI,10774,FLORIANO,163,35708.0,-0.0018432983610283474,0.012159262047253762,-0.15159623617493026,0.03027332810574661,0.7566792979900626,0.18432983610283474,2203909.0
PI,10782,GEMINIANO,22,5132.0,0.1344881952787749,0.05176527822944942,2.598038683046509,0.036438035853468435,0.8551028421323307,13.44881952787749,2204352.0
PI,10790,FRANCINÓPOLIS,13,3264.0,-0.05834180883631003,0.07969078379259922,-0.7321023342943724,0.02696078431372549,0.8761503795886814,5.834180883631003,2204006.0
PI,10804,GUARIBAS,14,3195.0,-0.06671773397639723,0.10612254297205408,-0.6286857825671067,0.016588419405320815,0.9385098442186138,6.671773397639723,2204550.0
PI,10812,FRANCISCO AYRES,19,3462.0,-0.06456797211915064,0.04664806541895204,-1.384151122651233,0.027440785673021374,0.8481926248347714,6.456797211915063,2204105.0
PI,10820,ILHA GRANDE,31,7009.0,-0.07173911340242736,0.056084061496492484,-1.2791354885543365,0.03709516336139249,0.8136073512791286,7.173911340242737,2204659.0
PI,10839,FRANCISCO SANTOS,26,5677.0,0.06087887191335704,0.06809059395593903,0.8940863690034978,0.03417297868592566,0.8419364481908505,6.087887191335704,2204204.0
PI,10847,JUREMA,19,3832.0,-0.011401771065850825,0.05065102025894548,-0.22510446991118913,0.026096033402922755,0.8807225459717183,1.1401771065850825,2205532.0
PI,10855,FRONTEIRAS,30,7348.0,-0.06223908896528757,0.05594738180790653,-1.1124575798557188,0.03579205225911813,0.8049434139691617,6.223908896528757,2204303.0
PI,10863,LAGOA DE SÃO FRANCISCO,22,4574.0,-0.05467182695303137,0.056675200416499726,-0.9646516739465271,0.03279405334499344,0.8454667173089407,5.467182695303137,2205573.0
PI,10871,GILBUÉS,34,6332.0,0.02966497341535557,0.02352436983387433,1.2610315865991433,0.026847757422615286,0.8169616840307217,2.966497341535557,2204402.0
PI,10880,MORRO CABEÇA NO TEMPO,14,2805.0,-0.03095090331128656,0.09806634876682052,-0.3156118658489139,0.0427807486631016,0.7935542086726459,3.095090331128656,2206654.0
PI,10898,GUADALUPE,30,6349.0,-0.024181135515432224,0.055494381313346275,-0.4357402487090475,0.031501023783272956,0.8038087656783413,2.4181135515432226,2204501.0
PI,10901,NOVO SANTO ANTÔNIO,15,3481.0,-0.056563551665036745,0.04400795886711741,-1.2853027752509745,0.017810973858086755,0.8787874104175651,5.656355166503674,2206951.0
PI,10910,HUGO NAPOLEÃO,15,3232.0,0.0323762865484564,0.027307625302388082,1.1856134024815794,0.03217821782178218,0.8165490518317015,3.2376286548456403,2204600.0
PI,10928,NOSSA SENHORA DE NAZARÉ,20,4529.0,0.011818293837854262,0.0742809564781631,0.1591026071578463,0.022742327224552883,0.8741673235597367,1.1818293837854261,2206753.0
PI,10936,INHUMA,46,9994.0,-0.00457603017172657,0.04851245594580395,-0.09432691218186759,0.0339203522113268,0.8295069569638922,0.45760301717265695,2204709.0
PI,10944,PAQUETÁ,17,3303.0,0.036705972888811514,0.0516801733558708,0.7102525108817531,0.02512867090523766,0.8313264983004901,3.6705972888811513,2207553.0
PI,10952,IPIRANGA DO PIAUÍ,28,6091.0,0.0834516415234804,0.09638808548228768,0.8657879353648488,0.042193400098505994,0.8844461576899328,8.34516415234804,2204808.0
PI,10960,NOVA SANTA RITA,13,3270.0,-0.03396306376949065,0.08342349794608866,-0.40711627545801105,0.02507645259938838,0.9202971826963031,3.3963063769490653,2207959.0
PI,10979,ISAÍAS COELHO,23,5077.0,0.11539377175727682,0.10653017053596728,1.083202731927637,0.04412054362812685,0.920975551147064,11.539377175727681,2204907.0
PI,10987,SÃO JOÃO DO ARRAIAL,30,5698.0,-0.0035508798576121847,0.035537040904242666,-0.09992052706865234,0.032467532467532464,0.7362391669672085,0.35508798576121847,2209971.0
PI,10995,ITAINÓPOLIS,34,7907.0,-0.07173211209965713,0.06017917691382783,-1.1919756264259356,0.04262046288099153,0.8338503422457919,7.173211209965713,2205003.0
PI,11010,ITAUEIRA,33,6900.0,0.061208564891881916,0.0641845694092179,0.9536336452089902,0.04028985507246377,0.7992384376219792,6.120856489188191,2205102.0
PI,11037,JAICÓS,53,10272.0,0.04240587460208574,0.04419543458593834,0.9595080351484544,0.04750778816199377,0.8351844250782622,4.240587460208574,2205201.0
PI,11053,JERUMENHA,21,3559.0,0.007946434914949113,0.08021577118319854,0.0990632490062443,0.03287440292216915,0.8100078784067041,0.7946434914949113,2205300.0
PI,11070,JOAQUIM PIRES,43,9136.0,0.022591755422864086,0.021317963814350305,1.0597520297720142,0.031085814360770576,0.7791861596167433,2.2591755422864086,2205409.0
PI,11088,SÃO JOÃO DA CANABRAVA,17,3735.0,-0.0285455802990567,0.06241639482749935,-0.4573410620390417,0.022757697456492636,0.8686855927305505,2.85455802990567,2209856.0
PI,11096,JOSÉ DE FREITAS,113,28241.0,-0.02616555059044216,0.018156144859963474,-1.4411402195925638,0.02832760879572253,0.8599747783967775,2.616555059044216,2205508.0
PI,11118,LANDRI SALES,15,3438.0,-0.12614283272101534,0.076978710051025,-1.638671687761488,0.029959278650378125,0.8476604414854508,12.614283272101535,2205607.0
PI,11134,LUIS CORREIA,98,20778.0,-0.03856225129089265,0.024469836654963033,-1.5759096325259432,0.036721532390027914,0.7817186810501023,3.856225129089265,2205706.0
PI,11150,LUZILÂNDIA,71,15282.0,-0.021214592722448168,0.020519255786162288,-1.0338870446146882,0.03585918073550583,0.7838218613526733,2.1214592722448167,2205805.0
PI,11177,MANOEL EMÍDIO,17,3625.0,0.07417738245877839,0.0628581970914461,1.180074928825355,0.031172413793103447,0.8501272279853315,7.417738245877839,2205904.0
PI,11193,MARCOS PARENTE,14,3088.0,0.13822223251214888,0.08610542689440005,1.6052673739329466,0.027849740932642485,0.7223601186498512,13.822223251214888,2206001.0
PI,11215,MATIAS OLÍMPIO,34,6587.0,-0.005644298081238972,0.06415557829533287,-0.0879782901380156,0.039775315014422344,0.8022016840692349,0.5644298081238972,2206100.0
PI,11231,MIGUEL ALVES,96,18957.0,-0.02190466275774217,0.01857549572675123,-1.1792235900437633,0.0358179036767421,0.8361927911095702,2.190466275774217,2206209.0
PI,11258,MIGUEL LEÃO,6,1261.0,,,,0.02141157811260904,0.6216037937251286,,
PI,11274,MONSENHOR GIL,38,8234.0,0.002820785093740275,0.01609599916387527,0.17524759196502984,0.02477532183628856,0.8142276112840636,0.28207850937402745,2206407.0
PI,11290,MONSENHOR HIPÓLITO,25,5753.0,-0.005840739892061971,0.12742875970818052,-0.04583533501728821,0.039457674256909436,0.856670837184482,0.5840739892061971,2206506.0
PI,11312,MONTE ALEGRE DO PIAUÍ,37,6829.0,0.004944000418174412,0.031127917892318883,0.15882849714771294,0.025333138087567725,0.856990849773033,0.49440004181744124,2206605.0
PI,11339,NAZARÉ DO PIAUÍ,25,5086.0,-0.06967642192778599,0.08376888711714,-0.8317696978635096,0.02595359811246559,0.9049706886937382,6.967642192778599,2206704.0
PI,11355,NOSSA SENHORA DOS REMÉDIOS,28,6491.0,-0.015235146291916342,0.04209115247379789,-0.36195602630268564,0.02557387151440456,0.7996336295270655,1.5235146291916342,2206803.0
PI,11371,NOVO ORIENTE DO PIAUÍ,18,3946.0,0.04101416088954305,0.057786177834974105,0.7097572884413879,0.03446528129751647,0.8909260293154325,4.101416088954305,2206902.0
PI,11398,OEIRAS,121,23687.0,0.011114815650859158,0.013725797780445184,0.8097755648632804,0.03157850297631612,0.7750485325202346,1.1114815650859158,2207009.0
PI,11410,DOMINGOS MOURÃO,17,3283.0,-0.03557494151940231,0.051815864333124066,-0.6865646646496351,0.023149558330795003,0.8777085589153735,3.557494151940231,2203420.0
PI,11436,PADRE MARCOS,23,4853.0,-0.07415475633746524,0.09458879196966012,-0.783969800156141,0.03832680815990109,0.833897147526029,7.4154756337465235,2207207.0
PI,11452,PAES LANDIM,15,3093.0,0.0400372586634841,0.04212896584932365,0.950349904307629,0.030391205948916908,0.7295048648731597,4.00372586634841,2207306.0
PI,11479,PALMEIRA DO PIAUÍ,17,3542.0,0.1268794441522718,0.07262230196332357,1.7471140506720606,0.03387916431394692,0.7861295683719861,12.687944415227179,2207405.0
PI,11495,PALMEIRAIS,50,9734.0,-0.05066143001094876,0.032496956267652796,-1.5589592327874944,0.025066776248202177,0.865087060788863,5.0661430010948765,2207504.0
PI,11517,PARNAGUÁ,30,5562.0,0.08067105744723792,0.06834093335149966,1.1804207740669919,0.0296655879180151,0.8482151729593446,8.067105744723792,2207603.0
PI,11533,PARNAÍBA,362,91133.0,-0.017593016828062098,0.008943134118140073,-1.9672093245674107,0.03501475864944641,0.6566538103850129,1.7593016828062098,2207702.0
PI,11550,PAULISTANA,60,13214.0,0.022389560350200434,0.028286288971402555,0.7915340316588113,0.04101710307249887,0.8509337263629035,2.2389560350200433,2207801.0
PI,11576,PEDRO II,117,25027.0,-0.05361713380254234,0.015914901911592727,-3.3689892718400336,0.03368362168857634,0.7662818801867441,5.361713380254234,2207900.0
PI,11592,PICOS,180,44689.0,0.011354000964126287,0.011784838499027369,0.9634413713063068,0.03278211640448433,0.7325755358167828,1.1354000964126287,2208007.0
PI,11614,PIMENTEIRAS,37,7060.0,-0.0023946738572967314,0.06943201170898752,-0.03448947824432338,0.030878186968838525,0.8332292009045378,0.23946738572967313,2208106.0
PI,11630,PIO IX,48,11678.0,0.04918149490343778,0.035933328219272614,1.3686874370033888,0.03896215105326255,0.8597452412991717,4.918149490343779,2208205.0
PI,11657,PIRACURUCA,87,19447.0,-0.029236515534558388,0.02353444293692497,-1.2422862785796813,0.03635522188512367,0.7794604674393493,2.923651553455839,2208304.0
PI,11673,PIRIPIRI,180,38949.0,-0.03246074710774005,0.011314726850486723,-2.8688935700063936,0.03566201956404529,0.7526832199851494,3.246074710774005,2208403.0
PI,11690,PORTO,31,6664.0,0.08222384286739479,0.07271410053670312,1.1307826440882884,0.031062424969987994,0.7636509422942732,8.222384286739478,2208502.0
PI,11711,PRATA DO PIAUÍ,12,2556.0,-0.2841059206190246,0.14667627408928824,-1.9369589416082178,0.03442879499217527,0.8834554697936976,28.410592061902463,2208601.0
PI,11738,REDENÇÃO DO GURGUÉIA,22,5074.0,-0.04404756756930308,0.034960789978279914,-1.259913394310269,0.02778872684272763,0.7226014267024311,4.404756756930308,2208700.0
PI,11754,REGENERAÇÃO,49,10408.0,0.021144117943103793,0.027719984826293353,0.7627752351093596,0.034588777863182166,0.864275615711296,2.1144117943103793,2208809.0
PI,11770,RIBEIRO GONÇALVES,20,4067.0,0.10163872270307633,0.05138427856912197,1.9780120599796345,0.024342267027292846,0.751256279998079,10.163872270307634,2208908.0
PI,11797,RIO GRANDE DO PIAUÍ,20,4156.0,-0.05362220527964253,0.15497089309078949,-0.3460146883726613,0.02670837343599615,0.8617597338128937,5.362220527964253,2209005.0
PI,11819,SANTA CRUZ DO PIAUÍ,18,4491.0,-0.0899643671492097,0.1316425529181634,-0.6833988338492397,0.034290803829881984,0.8551258821961175,8.99643671492097,2209104.0
PI,11835,SANTA FILOMENA,20,4073.0,0.03221270424676821,0.03988785431821356,0.8075817763919999,0.027007120058924625,0.7387591675661754,3.2212704246768213,2209203.0
PI,11851,SANTA LUZ,20,4090.0,-0.05700007998585251,0.048873850488335674,-1.166269475728258,0.026405867970660146,0.7589020173932168,5.700007998585251,2209302.0
PI,11878,SANTO ANTÔNIO DE LISBOA,19,4784.0,0.06430510922617638,0.04824697591328868,1.3328319134809195,0.028428093645484948,0.7784121905862104,6.430510922617638,2209401.0
PI,11894,SANTO INÁCIO DO PIAUÍ,15,2700.0,-0.01639514991415355,0.0872696605126734,-0.18786769442941315,0.02851851851851852,0.8627192860436117,1.6395149914153548,2209500.0
PI,11916,SÃO FÉLIX DO PIAUÍ,13,2734.0,-0.053400638591176205,0.08757444372577448,-0.6097742254394656,0.025237746891002194,0.7327329487914732,5.34006385911762,2209609.0
PI,11932,SÃO FRANCISCO DO PIAUÍ,27,4459.0,-0.05158696299277529,0.040390562064875256,-1.2772033949395503,0.03543395380130074,0.7143043149078613,5.158696299277529,2209708.0
PI,11959,SÃO GONÇALO DO PIAUÍ,16,3603.0,0.0145576826566792,0.0455025763532603,0.3199309538796286,0.03358312517346656,0.7588525761022568,1.45576826566792,2209807.0
PI,11975,SÃO JOÃO DA SERRA,25,5026.0,-0.014585467793402576,0.0603402146958191,-0.24172051536325054,0.03223239156386789,0.8239815219336551,1.4585467793402576,2209906.0
PI,11991,SÃO JOÃO DO PIAUÍ,58,11971.0,-6.245923895604043e-05,0.026912837181473973,-0.0023207972661847625,0.032745802355692924,0.8082733242434116,0.006245923895604043,2210003.0
PI,12009,SÃO JOÃO DA FRONTEIRA,19,3844.0,-0.060940849594558706,0.08257534690597135,-0.7380029497660134,0.039802289281997916,0.8232224677210734,6.094084959455871,2209872.0
PI,12017,SÃO JOSÉ DO PEIXE,11,2359.0,-0.023409252998166714,0.10045468449597687,-0.23303296521830433,0.04111911827045358,0.8589462936114922,2.3409252998166714,2210102.0
PI,12025,SÃO JOÃO DA VARJOTA,20,3089.0,0.01947550733070919,0.058977117622720863,0.3302214166398372,0.03302039494982195,0.8216551016603267,1.947550733070919,2209955.0
PI,12033,SÃO JOSÉ DO PIAUÍ,23,4750.0,0.05801191215190287,0.04139110146644479,1.401555167574662,0.028842105263157895,0.8559614778242951,5.801191215190287,2210201.0
PI,12041,SEBASTIÃO BARROS,16,3427.0,0.020110360662853134,0.08114154677116173,0.2478429542336565,0.02713743799241319,0.8398599970382096,2.0110360662853135,2210623.0
PI,12050,SÃO JULIÃO,17,4214.0,-0.08616969212439014,0.03900970704372416,-2.2089294858791573,0.03013763644992881,0.6993953050131639,8.616969212439015,2210300.0
PI,12068,SEBASTIÃO LEAL,16,3421.0,0.007713120077399808,0.02133051762141067,0.36160022997555885,0.027185033615901782,0.6633442689415447,0.7713120077399809,2210631.0
PI,12076,SÃO MIGUEL DO TAPUIO,58,11642.0,-0.028365375371316417,0.03856186989861145,-0.7355809105184966,0.04208898814636661,0.8610250992350011,2.8365375371316417,2210409.0
PI,12084,ALVORADA DO GURGUÉIA,16,3548.0,0.0072880654604165615,0.03263742116877924,0.22330396212150122,0.02649379932356257,0.8173484536627026,0.7288065460416562,2200459.0
PI,12092,SÃO PEDRO DO PIAUÍ,41,8943.0,0.0027213262316229123,0.027878489379898137,0.097613833896794,0.0358939953035894,0.7790760774899336,0.27213262316229125,2210508.0
PI,12106,ASSUNÇÃO DO PIAUÍ,28,5168.0,0.04277210870150942,0.06519172435252081,0.6560972136619904,0.034636222910216716,0.8938343117201649,4.277210870150943,2201051.0
PI,12114,SÃO RAIMUNDO NONATO,85,21353.0,-0.025450351824293078,0.02138970496172112,-1.1898411815328387,0.02346274528169344,0.8483960097171875,2.5450351824293076,2210607.0
PI,12122,BETÂNIA DO PIAUÍ,19,4503.0,0.087924760113443,0.18354629133410855,0.47903316092284276,0.0379746835443038,0.9130394366152619,8.7924760113443,2201739.0
PI,12130,SIMÕES,36,9447.0,-0.04307808798264417,0.07250595016591196,-0.5941317627597542,0.0463639250555732,0.8567289345082965,4.307808798264417,2210706.0
PI,12149,BOQUEIRÃO DO PIAUÍ,18,4142.0,0.004331371913956883,0.049188356506646574,0.0880568537265848,0.032592950265572185,0.8667443903396336,0.4331371913956883,2201945.0
PI,12157,SIMPLÍCIO MENDES,39,7930.0,-0.008551491371906061,0.044771170667609377,-0.1910044174496606,0.03240857503152585,0.8382412645995834,0.8551491371906061,2210805.0
PI,12165,CARIDADE DO PIAUÍ,17,3650.0,0.1834145192739402,0.11600256698178056,1.5811246599633213,0.03671232876712329,0.891287303797875,18.34145192739402,2202554.0
PI,12173,SOCORRO DO PIAUÍ,15,3089.0,-0.029908301097964326,0.13215225812418832,-0.22631698861973587,0.035933959210100355,0.8277020362192508,2.9908301097964327,2210904.0
PI,12181,CURRAL NOVO DO PIAUÍ,16,3821.0,0.0037094767003978753,0.1394789171065703,0.026595250216658994,0.03585448835383408,0.9207420524369992,0.3709476700397875,2203271.0
PI,12190,TERESINA,1678,496191.0,-0.013108016850595795,0.0032162717046491864,-4.075531563968271,0.03570197766585851,0.6643165110778193,1.3108016850595796,2211001.0
PI,12203,JÚLIO BORGES,18,3548.0,-0.015014046564512206,0.06565793806050631,-0.22867069859361386,0.02536640360766629,0.8790783608003006,1.5014046564512207,2205524.0
PI,12211,UNIÃO,138,29665.0,-0.02568039473037853,0.01474427044664119,-1.7417202718381117,0.033810888252149,0.7877481582850852,2.568039473037853,2211100.0
PI,12220,LAGOA DO SÍTIO,17,3634.0,0.18891721982622967,0.0693672995145318,2.7234333922232805,0.035498073747936155,0.8595320012946455,18.89172198262297,2205599.0
PI,12238,URUÇUÍ,64,14342.0,0.012973203101285979,0.012114127797000749,1.070915159446966,0.029772695579417096,0.6971062058595842,1.297320310128598,2211209.0
PI,12246,MILTON BRANDÃO,27,5071.0,-0.009254290094240931,0.02508458344425815,-0.3689234112579706,0.031946361664366006,0.6821218137933848,0.9254290094240931,2206357.0
PI,12254,VALENÇA DO PIAUÍ,59,13465.0,0.006868397132713435,0.022977977884656504,0.29891216569147244,0.04173783884144077,0.7938163748638295,0.6868397132713435,2211308.0
PI,12262,PAJEÚ DO PIAUÍ,13,2582.0,0.2962467697451715,0.12885009831293737,2.299158274801459,0.021688613477924088,0.8458281445240089,29.62467697451715,2207355.0
PI,12270,VÁRZEA GRANDE,18,2945.0,0.044388878957031086,0.05719949549942976,0.776036196988374,0.042784380305602714,0.822802801552205,4.438887895703108,2211407.0
PI,12289,PAVUSSU,14,2901.0,0.0672025571019352,0.19300415493287135,0.3481922817947048,0.02930024129610479,0.8999003965418494,6.720255710193521,2207850.0
PI,12297,DIRCEU ARCOVERDE,21,4804.0,0.1098465609426392,0.059330828391587535,1.8514246964098389,0.020815986677768527,0.9019259655025031,10.98465609426392,2203354.0
PI,12300,RIACHO FRIO,16,3241.0,0.057728778491133115,0.07759999283403932,0.7439276265733149,0.0212897253933971,0.8928866100025411,5.7728778491133115,2208858.0
PI,12319,ALAGOINHA DO PIAUÍ,23,5063.0,-0.1277142590320807,0.07129370720641678,-1.7913819330829495,0.04384752123247087,0.7753235542153378,12.771425903208069,2200251.0
PI,12327,ACAUÃ,25,5404.0,0.017731069829785936,0.06552218896672506,0.2706116829947566,0.03238341968911917,0.8977156244899538,1.7731069829785937,2200053.0
PI,12335,BELÉM DO PIAUÍ,11,2529.0,-0.0401193727179486,0.07392003821500163,-0.5427401512058013,0.03479636219849743,0.844610671607185,4.01193727179486,2201572.0
PI,12343,CAJAZEIRAS DO PIAUÍ,17,2645.0,0.04889400997737074,0.04351486279401752,1.1236163195277902,0.027977315689981096,0.8572661672093422,4.8894009977370745,2202075.0
PI,12351,CAMPO ALEGRE DO FIDALGO,17,3673.0,-0.09933211506183046,0.06393305469310057,-1.5536894887731687,0.0302205281786006,0.8969944991909324,9.933211506183046,2202117.0
PI,12360,COCAL DE TELHA,15,3497.0,0.05272657273867294,0.07409551894507391,0.7116027188872042,0.04003431512725193,0.8791657753304323,5.272657273867294,2202711.0
PI,12378,FRANCISCO MACEDO,11,2211.0,-0.0986034316684327,0.06760580735283106,-1.4585053493086284,0.031207598371777476,0.849433732571522,9.86034316684327,2204154.0
PI,12386,JOÃO COSTA,13,2745.0,-0.04169162768489593,0.12123396269704592,-0.34389396137351386,0.025500910746812388,0.8638848978287316,4.169162768489593,2205359.0
PI,12394,JATOBÁ DO PIAUÍ,23,5142.0,-0.008022235876960949,0.0434607956868476,-0.184585573047589,0.022364838584208478,0.8541687682217848,0.8022235876960949,2205276.0
PI,12408,JOCA MARQUES,18,3772.0,-0.006233519662164936,0.03804806177960794,-0.16383277808663102,0.028366914103923647,0.8136045768206407,0.6233519662164936,2205458.0
PI,12416,JUAZEIRO DO PIAUÍ,25,4337.0,-0.03344456697528127,0.05503990529235664,-0.6076421606765682,0.03643071247406041,0.8182710472019672,3.344456697528127,2205516.0
PI,12424,LAGOA DO PIAUÍ,14,3697.0,0.06325241844836607,0.0516297978998307,1.2251145854005654,0.023803083581282122,0.7967432244668526,6.325241844836607,2205581.0
PI,12432,LAGOINHA DO PIAUÍ,13,2446.0,0.11904698730224988,0.0847378228791112,1.4048860739800322,0.026573998364677023,0.823376039796228,11.904698730224988,2205540.0
PI,12440,MADEIRO,23,4732.0,-0.004901539354482704,0.09619576734820443,-0.05095379442985644,0.0338123415046492,0.8306911279914228,0.49015393544827046,2205854.0
PI,12459,MORRO DO CHAPÉU DO PIAUÍ,22,4153.0,-0.2690217829925629,0.09650796448116107,-2.787560430259386,0.03371057067180352,0.8228682489871355,26.902178299256292,2206670.0
PI,12467,MASSAPÊ DO PIAUÍ,23,4773.0,0.0015186583805549315,0.08783874568926076,0.01728916287041886,0.052587471192122356,0.9082280460496052,0.15186583805549314,2206050.0
PI,12475,MURICI DOS PORTELAS,22,4637.0,0.00948776996270082,0.044657543603572526,0.21245615403579463,0.04593487168427863,0.8187773602464196,0.948776996270082,2206696.0
PI,12483,OLHO D'ÁGUA DO PIAUÍ,10,1856.0,-0.11514081478905863,0.061100681760519075,-1.8844440269970641,0.023706896551724137,0.8174782158416225,11.514081478905863,2207108.0
PI,12491,PEDRO LAURENTINO,9,2257.0,-0.07820842365309986,0.053223954155987734,-1.4694215206913814,0.02658396101019052,0.7017689145711558,7.8208423653099866,2207934.0
PI,12505,SÃO FRANCISCO DE ASSIS DO PIAUÍ,19,3937.0,-0.046140585872460366,0.042016072157729616,-1.098165142597033,0.049276098552197105,0.7741437362997257,4.614058587246037,2209658.0
PI,12513,SUSSUAPARA,21,5397.0,0.040722209394287764,0.055010963480127684,0.7402562474478087,0.03261070965351121,0.8424578473851946,4.072220939428776,2210938.0
PI,12521,TANQUE DO PIAUÍ,9,1939.0,0.10419784483172713,0.09176860297898153,1.1354411143819239,0.04589994842702424,0.8241568623771652,10.419784483172712,2210979.0
PI,12530,TAMBORIL DO PIAUÍ,9,2144.0,0.1768772152186774,0.14600885436210437,1.2114143076557466,0.034981343283582086,0.855771314556889,17.68772152186774,2210953.0
PI,12548,VILA NOVA DO PIAUÍ,10,2354.0,0.17882780679210902,0.19616561780735758,0.9116164636339331,0.03865760407816483,0.817341911703994,17.882780679210903,2211605.0
PI,12556,VERA MENDES,13,2770.0,-0.02429621065353864,0.17725055462703349,-0.13707269184382617,0.05703971119133574,0.8828199972295363,2.4296210653538637,2211506.0
PI,12564,WALL FERRAZ,15,3363.0,-0.01182793640723535,0.05051237325306607,-0.23415919002612695,0.033303597977995834,0.7923123345519713,1.182793640723535,2211704.0
PI,12572,CAJUEIRO DA PRAIA,28,5658.0,0.0022971377805809435,0.0497010915795674,0.04621906094161761,0.02562743018734535,0.8013856480253226,0.22971377805809434,2202083.0
PI,12580,CURRALINHOS,18,3939.0,-0.01816674124017503,0.0784416298738304,-0.2315956625250567,0.01827875095201828,0.8647387376792072,1.8166741240175028,2203255.0
PI,12599,PORTO ALEGRE DO PIAUÍ,7,1570.0,,,,0.034394904458598725,0.7942498422947225,,2208551.0
PI,12602,RIBEIRA DO PIAUÍ,15,2787.0,0.14362478048763355,0.09358963133315064,1.5346227829060786,0.030498744169357734,0.868088605520401,14.362478048763355,2208874.0
PI,12610,SÃO GONÇALO DO GURGUÉIA,11,2037.0,0.05180106469346016,0.064467664378933,0.8035201087630517,0.030927835051546393,0.8173700298487949,5.180106469346016,2209757.0
PI,12629,SÃO LUIS DO PIAUÍ,9,2256.0,0.1426417761023905,0.11960151155919037,1.1926419176717311,0.022163120567375887,0.8301340114146002,14.26417761023905,2210375.0
PI,12637,FLORESTA DO PIAUÍ,10,1966.0,0.14527535026191535,0.1825509868052558,0.7958069841435267,0.05239064089521872,0.8777594568191631,14.527535026191535,2203859.0
PI,12653,SANTO ANTÔNIO DOS MILAGRES,7,1512.0,,,,0.02976190476190476,0.8339277866392231,,2209450.0
PI,12661,SÃO MIGUEL DA BAIXA GRANDE,8,1955.0,-0.09354426544660079,0.03740054583337034,-2.501147065162259,0.02762148337595908,0.7969126938858765,9.354426544660079,2210383.0
PI,12670,CARAÚBAS DO PIAUÍ,18,4095.0,-0.0059934408321713735,0.056156041680479704,-0.10672833506095823,0.04566544566544566,0.7768453117564528,0.5993440832171374,2202539.0
PI,12688,CAXINGÓ,21,4447.0,-0.027573707821919972,0.07617684487005506,-0.36196967554847015,0.040026984483921745,0.8528214451657862,2.7573707821919973,2202653.0
PI,12696,COCAL DOS ALVES,21,4447.0,0.01653137104420671,0.0748070855075845,0.22098670108636484,0.031032156510006747,0.9078975112046236,1.653137104420671,2202729.0
PI,12700,SÃO MIGUEL DO FIDALGO,12,2156.0,0.06535442106195564,0.10146603903108806,0.6441014322233647,0.02411873840445269,0.9078490491440906,6.535442106195564,2210391.0
PI,12718,PAU D'ARCO DO PIAUÍ,19,4036.0,-0.07507891072852656,0.09211073797804721,-0.8150940094131061,0.02601585728444004,0.8487981003125168,7.507891072852655,2207793.0
PI,12726,NAZÁRIA,38,9053.0,0.04611699347778578,0.06248174293740196,0.7380875005997929,0.024190875952722853,0.8101282520613006,4.611699347778578,2206720.0
PI,12734,AROEIRAS DO ITAIM,14,3282.0,0.05935224539383696,0.16975006084930186,0.3496449138037588,0.02894576477757465,0.8322112605537618,5.935224539383696,2200954.0
PR,74004,GODOY MOREIRA,11,2134.0,-0.09185776616746943,0.07899771335578497,-1.1627901905687594,0.02999062792877226,0.6042128429098378,9.185776616746944,4108551.0
PR,74012,ABATIÁ,16,4692.0,0.0454519027439751,0.07588120764323875,0.5989876038566844,0.03111679454390452,0.42704963041207833,4.54519027439751,4100103.0
PR,74020,IBEMA,20,3974.0,0.02644296052807655,0.05448813011192179,0.4852976322322159,0.022898842476094614,0.49765828602200807,2.644296052807655,4109757.0
PR,74039,ADRIANÓPOLIS,22,4117.0,0.003461574255187618,0.035835037300284,0.09659747877980258,0.02720427495749332,0.6162456115842304,0.3461574255187618,4100202.0
PR,74047,LINDOESTE,15,3999.0,-0.011499057065079237,0.01383260750814272,-0.8313007549957726,0.015503875968992248,0.5634951595396173,1.1499057065079237,4113452.0
PR,74055,AGUDOS DO SUL,24,6597.0,0.00968090223825163,0.03484655260045159,0.27781520741096705,0.030771562831590115,0.3664749423760464,0.968090223825163,4100301.0
PR,74063,OURO VERDE DO OESTE,14,4059.0,0.062284455942266365,0.053924019553292867,1.1550410458684541,0.02463661000246366,0.37110080809890006,6.228445594226637,4117453.0
PR,74071,ALMIRANTE TAMANDARÉ,194,60346.0,-0.030022855655668836,0.015594735251442119,-1.9251917503948957,0.03824611407549796,0.42211637721096795,3.0022855655668836,4100400.0
PR,74080,SANTA TEREZA DO OESTE,28,7618.0,-0.008157373140829849,0.05380804517750085,-0.1516013658165889,0.02362824888422158,0.3991561132719726,0.8157373140829849,4124020.0
PR,74098,ALTO PARANÁ,31,8555.0,-0.01900371767912628,0.03713135007483303,-0.5117971105501672,0.028170660432495616,0.4486957886025879,1.900371767912628,4100608.0
PR,74101,ANAHY,8,2246.0,0.12523552304403823,0.0906879723603595,1.3809496428743595,0.0213713268032057,0.5060577490066449,12.523552304403823,4101051.0
PR,74110,ALTO PIQUIRI,21,5866.0,-0.026427979973049825,0.019212489122397185,-1.3755625210603812,0.029491987725877942,0.514434997040359,2.6427979973049824,4100707.0
PR,74128,ÂNGULO,8,2240.0,-0.15242486952786258,0.08533007777907138,-1.786297088847226,0.033035714285714286,0.33642302610563607,15.242486952786258,4101150.0
PR,74136,ALVORADA DO SUL,25,5742.0,0.025088077932249004,0.08043931973745984,0.3118882409017405,0.02647161267850923,0.39411739863985257,2.5088077932249004,4100806.0
PR,74144,BOA ESPERANÇA DO IGUAÇU,8,1961.0,0.050088367927930436,0.11154310618582876,0.4490494270841278,0.01988781234064253,0.6249082541645975,5.008836792793043,4103024.0
PR,74152,AMAPORÃ,13,3272.0,0.015311750950616617,0.03513615934300972,0.4357832852799509,0.029645476772616138,0.5106519346826831,1.5311750950616618,4100905.0
PR,74160,BOM SUCESSO DO SUL,11,2507.0,0.01767134553038427,0.01887605018551664,0.9361781387900354,0.019146390107698443,0.36660784005740965,1.767134553038427,4103222.0
PR,74179,AMPÉRE,47,12372.0,0.0023165072263554467,0.014467449098128093,0.1601185675956637,0.022389266084707402,0.560912630261309,0.23165072263554468,4101002.0
PR,74187,BRASILÂNDIA DO SUL,9,2546.0,0.0031568840425406208,0.05268080350192799,0.05992475119376428,0.025923016496465043,0.5427504982435442,0.3156884042540621,4103370.0
PR,74195,ANDIRÁ,55,13069.0,0.024294774302410675,0.02078742629106188,1.1687244953867557,0.040707016604177824,0.4102372350856556,2.4294774302410675,4101101.0
PR,74209,CAFEZAL DO SUL,12,3291.0,0.10121582054686437,0.07901255633248375,1.2810093135191019,0.025220297781829232,0.3811123309694755,10.121582054686437,4103479.0
PR,74217,ANTONINA,50,11942.0,-0.0439255702476503,0.04192377948078655,-1.0477483373792946,0.027131133813431588,0.3460922643694449,4.39255702476503,4101200.0
PR,74225,CANDÓI,40,9376.0,0.002608050250107156,0.015821909295092883,0.16483789670795515,0.022077645051194538,0.5509087399506485,0.2608050250107156,4104428.0
PR,74233,ANTONIO OLINTO,21,5468.0,0.004449835657980297,0.04623188003434231,0.09625037213876739,0.03182150694952451,0.47698473696671806,0.4449835657980297,4101309.0
PR,74241,CRUZEIRO DO IGUAÇU,13,2932.0,-0.05031476958226867,0.05107695668610498,-0.9850776719427442,0.022510231923601638,0.5381506231903059,5.031476958226867,4106571.0
PR,74250,APUCARANA,281,76487.0,0.026883548336787758,0.011593898422851105,2.3187669372539412,0.03894779505013924,0.29416397845791076,2.6883548336787757,4101408.0
PR,74268,DIAMANTE DO SUL,9,2402.0,-0.043394287020182255,0.026357096878129305,-1.646398585581333,0.017901748542880933,0.5004925817266832,4.339428702018226,4107124.0
PR,74276,ARAPONGAS,239,68659.0,0.017178650911700764,0.014599146603154527,1.1766887050773822,0.03498448855940226,0.2393177913049488,1.7178650911700764,4101507.0
PR,74284,ENTRE RIOS DO OESTE,14,3054.0,-0.07675400588852609,0.08228966763200733,-0.9327295649286582,0.015062213490504257,0.2551880635721889,7.675400588852608,4107538.0
PR,74292,ARAPOTI,64,15285.0,0.028774799328174942,0.020751244511132895,1.386654150440831,0.028197579326136736,0.32595533045479724,2.877479932817494,4101606.0
PR,74306,FAROL,10,2296.0,-0.029875708790874374,0.10165285250319413,-0.2938993648991367,0.028745644599303136,0.4842853728657999,2.9875708790874373,4107553.0
PR,74314,ARARUNA,34,9114.0,0.032095483314392236,0.03708369323340031,0.8654877795581772,0.03500109721307878,0.40296368512283814,3.2095483314392235,4101705.0
PR,74322,FAZENDA RIO GRANDE,226,66078.0,0.02445961374297565,0.01522327095687193,1.6067252440208555,0.03713792790338691,0.398515357642664,2.445961374297565,4107652.0
PR,74330,MARILÂNDIA DO SUL,27,5798.0,0.12890428491740885,0.046001039352021766,2.8022037487234175,0.032942393928941015,0.3500750826122831,12.890428491740884,4114906.0
PR,74349,FLOR DA SERRA DO SUL,17,3719.0,0.019035053927376186,0.03951385694777967,0.4817311039145671,0.01936004302231783,0.5303968863573887,1.9035053927376187,4107850.0
PR,74357,ARAUCÁRIA,316,86584.0,0.017945556614052314,0.011689304416126159,1.5352116751528215,0.041601219624872954,0.4501602264729881,1.7945556614052314,4101804.0
PR,74365,HONÓRIO SERPA,14,3525.0,-0.0346725758816027,0.05262968342948576,-0.6588026684229948,0.015602836879432624,0.5860425518363509,3.46725758816027,4109658.0
PR,74373,ASSAÍ,43,9892.0,-0.004035259019389386,0.016062518387159705,-0.2512220638212717,0.03234937323089365,0.29561323465420186,0.4035259019389386,4101903.0
PR,74381,IGUATU,8,1673.0,0.1607525792012545,0.140698727149017,1.1425304440103288,0.02092050209205021,0.5269351643587143,16.07525792012545,4110052.0
PR,74390,ASTORGA,62,16603.0,-0.004656857698150794,0.019467270872623572,-0.23921471728734395,0.026862615190025897,0.27348347959451674,0.46568576981507936,4102109.0
PR,74403,IRACEMA DO OESTE,9,1912.0,-0.08467375223181593,0.17464984876770903,-0.48482007187097687,0.02301255230125523,0.4903168036429301,8.467375223181593,4110656.0
PR,74411,ATALAIA,12,2977.0,0.054223132513237376,0.06683227024270956,0.8113315964925244,0.022169969768223042,0.40094393088201125,5.422313251323738,4102208.0
PR,74420,NOVO ITACOLOMI,8,2390.0,0.06630374472776134,0.15460521214600872,0.4288584052725484,0.03221757322175732,0.3779426132597581,6.630374472776134,4117297.0
PR,74438,BALSA NOVA,37,9690.0,0.04157649249749092,0.03067099701758155,1.3555637749127625,0.037977296181630545,0.37437541198400787,4.157649249749093,4102307.0
PR,74446,ITAPERUÇU,55,17549.0,-0.02132162862401654,0.01791488387262496,-1.1901628152107249,0.028947518377115504,0.604985457365235,2.1321628624016538,4111258.0
PR,74454,BANDEIRANTES,81,19823.0,0.030516715622033085,0.024123299272793296,1.2650307603840243,0.025778136508096655,0.2887660347079877,3.0516715622033086,4102406.0
PR,74462,IVATÉ,18,4581.0,-0.06953149864360028,0.03975685920460752,-1.7489183007580766,0.02532198209997817,0.4562549075505579,6.953149864360028,4111555.0
PR,74470,BARBOSA FERRAZ,35,6791.0,0.029954586882424777,0.023779389585082043,1.2596869560191206,0.031070534530996907,0.45329909891509573,2.995458688242478,4102505.0
PR,74489,LIDIANÓPOLIS,12,2759.0,0.13067818634590278,0.1311841109825977,0.9961434000436072,0.02899601304820587,0.38828153191786186,13.067818634590278,4113429.0
PR,74497,BARRACÃO,28,6123.0,-0.013651337018909715,0.02362079024541695,-0.5779373542152524,0.016985138004246284,0.4500061137218902,1.3651337018909715,4102604.0
PR,74500,MARIPÁ,16,4326.0,0.06641232878862585,0.05357025805541184,1.2397238915655489,0.012713823393435044,0.18666972330342124,6.641232878862585,4115358.0
PR,74519,BARRA DO JACARÉ,9,2155.0,-0.1059512667088844,0.1452155971137679,-0.7296135457534757,0.029698375870069606,0.48099636949402913,10.59512667088844,4102703.0
PR,74527,MATO RICO,16,2640.0,-0.015860338887353116,0.03639602537231246,-0.4357711789985329,0.02727272727272727,0.6248952678342232,1.5860338887353116,4115739.0
PR,74535,BELA VISTA DO PARAÍSO,43,10087.0,0.018376457901779705,0.015593183119876173,1.178493047923985,0.03271537622682661,0.3753672265103176,1.8376457901779706,4102802.0
PR,74543,MAUÁ DA SERRA,23,5814.0,0.059844500102720806,0.04595929332064399,1.302119675452883,0.02562779497764018,0.40479567447223386,5.984450010272081,4115754.0
PR,74551,BITURUNA,42,9954.0,-0.009152795968995028,0.018424730826046728,-0.4967668757502756,0.028330319469559977,0.5547040399854593,0.9152795968995029,4102901.0
PR,74560,MERCEDES,16,4123.0,-0.01184947929250382,0.05007400130026301,-0.23663935345309783,0.017220470531166626,0.17619557828206828,1.184947929250382,4115853.0
PR,74578,BOA ESPERANÇA,11,3203.0,-0.04259240611173576,0.05170258297914928,-0.8237964847696779,0.027474242897283795,0.2817072003362572,4.259240611173576,4103008.0
PR,74586,NOVA LARANJEIRAS,25,6531.0,-0.011990386974938207,0.01151541178107064,-1.0412469135188327,0.01607717041800643,0.5817917530517939,1.1990386974938207,4117057.0
PR,74594,BOCAIÚVA DO SUL,30,7691.0,0.03138703296905113,0.03775831495611202,0.8312614851995785,0.03380574697698609,0.42307047108939433,3.1387032969051134,4103107.0
PR,74608,NOVA SANTA BÁRBARA,12,2817.0,-0.012505791769628913,0.08837938759833869,-0.1415012268071429,0.0362087326943557,0.534419770043099,1.2505791769628913,4117214.0
PR,74616,BOM SUCESSO,18,4295.0,0.040989101098784696,0.061800231320821776,0.6632515804997419,0.03259604190919674,0.5413302112948859,4.09891010987847,4103206.0
PR,74624,PATO BRAGADO,14,3725.0,-0.041745645023919066,0.05769587390293133,-0.723546454884326,0.012080536912751677,0.22414588085795303,4.174564502391907,4118451.0
PR,74632,BORRAZÓPOLIS,27,5305.0,0.21748492621509882,0.05689185771769274,3.8227777214499956,0.031856738925541944,0.4064116536453977,21.748492621509882,4103305.0
PR,74640,PINHAL DE SÃO BENTO,8,1952.0,0.06636646506248432,0.06402509465603252,1.0365695735247333,0.01639344262295082,0.7179569921992984,6.636646506248432,4119251.0
PR,74659,CAFEARA,7,1880.0,,,,0.032446808510638296,0.5619599187338978,,4103404.0
PR,74667,PITANGUEIRAS,7,2106.0,,,,0.020892687559354226,0.36372960357809453,,4119657.0
PR,74675,CALIFÓRNIA,25,5763.0,-0.010377211256652202,0.07204866353576275,-0.1440305863758496,0.03140725316675343,0.33319744373669635,1.0377211256652201,4103503.0
PR,74683,QUATRO PONTES,12,3319.0,0.21845811307552776,0.09853662231404875,2.2170245736582483,0.013558300692979813,0.1478935524442499,21.845811307552776,4120853.0
PR,74691,CAMBARÁ,55,14350.0,0.04100499805511824,0.02750144787550871,1.4910123365408354,0.03686411149825784,0.38237827304040944,4.100499805511824,4103602.0
PR,74705,RAMILÂNDIA,10,2742.0,-0.030984824039771007,0.14977464427719217,-0.20687629865056809,0.01787016776075857,0.5321042751761939,3.098482403977101,4121257.0
PR,74713,CAMBÉ,208,60973.0,0.07664244391308585,0.015827093658479185,4.842483753928223,0.03998491135420596,0.3079801828456801,7.664244391308585,4103701.0
PR,74721,RANCHO ALEGRE D'OESTE,10,1940.0,0.05378248475019148,0.08780564321361603,0.6125174052805232,0.023711340206185566,0.4425576425591354,5.378248475019148,4121356.0
PR,74730,CAMBIRA,17,5202.0,0.01356438685002837,0.06902316795277706,0.19651933187576365,0.029796232218377548,0.35647365575376805,1.356438685002837,4103800.0
PR,74748,RIO BONITO DO IGUAÇU,37,8738.0,-0.04923585407187194,0.010863723367491753,-4.532134371094507,0.019455252918287938,0.6841557267110449,4.923585407187194,4122156.0
PR,74756,CAMPINA DA LAGOA,40,9672.0,0.011494200990596351,0.02370243084666536,0.4849376447907006,0.03556658395368073,0.4184002227340678,1.149420099059635,4103909.0
PR,74764,SANTA LÚCIA,13,2639.0,-0.02812454036326348,0.07343296288131862,-0.3829961268036806,0.023493747631678667,0.4454361710143188,2.812454036326348,4123824.0
PR,74772,CAMPINA GRANDE DO SUL,93,27381.0,0.006751359706164999,0.02104965810777958,0.32073488659988336,0.032321682918812315,0.37480035534256284,0.6751359706164999,4104006.0
PR,74780,CAMPO BONITO,12,2950.0,0.07137211073297436,0.029240509307874595,2.4408641443790975,0.01830508474576271,0.5264295487488102,7.137211073297436,4104055.0
PR,74799,CAMPO DO TENENTE,18,5109.0,0.03622297157834319,0.05126086859266798,0.7066398321530645,0.03073008416519867,0.3730550060373503,3.622297157834319,4104105.0
PR,74802,SANTA MARIA DO OESTE,33,6506.0,0.004488441960824622,0.017540770348391677,0.2558862508131617,0.022748232400860744,0.5953908575673551,0.44884419608246223,4123857.0
PR,74810,CAMPO LARGO,268,75545.0,-0.01049441059065381,0.011190338152882092,-0.9378099613505384,0.03947316169170693,0.3488243043669372,1.0494410590653809,4104204.0
PR,74829,SANTA MÔNICA,8,2200.0,-0.09517860238511841,0.1810798805718553,-0.5256166620197767,0.019090909090909092,0.5500077272149078,9.51786023851184,4123956.0
PR,74837,CAMPO MOURÃO,207,56567.0,0.005412053233018104,0.0075607629221001735,0.7158078210862329,0.029752329096469673,0.38331538146335464,0.5412053233018104,4104303.0
PR,74845,SÃO MANOEL DO PARANÁ,7,1643.0,,,,0.024954351795496044,0.37876591091882583,,4125555.0
PR,74853,CÂNDIDO DE ABREU,47,9186.0,-0.02514004987114221,0.026173635775726737,-0.9605104192080541,0.033964728935336384,0.45695976099523455,2.5140049871142214,4104402.0
PR,74861,SÃO PEDRO DO IGUAÇU,18,4069.0,-0.015183176234563271,0.019669277133226203,-0.7719234485193758,0.021381174735807324,0.4201358977323871,1.5183176234563271,4125753.0
PR,74870,CAPANEMA,52,12606.0,0.025192561284546614,0.012713279493749577,1.9815942296346443,0.02006980802792321,0.4771480805419941,2.5192561284546615,4104501.0
PR,74888,TUNAS DO PARANÁ,16,4152.0,-0.11791598119867897,0.06799662004997586,-1.734144742959482,0.02432562620423892,0.47923876335015864,11.791598119867896,4127882.0
PR,74896,CAPITÃO LEÔNIDAS MARQUES,35,9522.0,-0.041116898826870966,0.02786831582219436,-1.4753994855378172,0.02215921024994749,0.4547113786722249,4.111689882687097,4104600.0
PR,74900,VENTANIA,22,6158.0,0.04161405307650255,0.027788127118357802,1.4975479599346897,0.0384865215979214,0.5363926105159503,4.161405307650255,4128534.0
PR,74918,CARLÓPOLIS,37,9374.0,-0.00237708227453012,0.052797057867714665,-0.045023006404750876,0.03520375506720717,0.38865153180396483,0.237708227453012,4104709.0
PR,74926,ALTO PARAÍSO,11,2267.0,0.20211669298741233,0.13888624227949695,1.4552679204947412,0.029113365681517425,0.41267946272064027,20.211669298741235,4128625.0
PR,74934,CASCAVEL,660,192956.0,0.012552115713140003,0.003724330913046839,3.370300869122083,0.02858164555649993,0.3311676637540892,1.2552115713140002,4104808.0
PR,74942,DOUTOR ULYSSES,16,4030.0,-0.025244515892955764,0.050756060055495086,-0.49736949371866535,0.034739454094292806,0.5706914331051699,2.5244515892955763,4128633.0
PR,74950,CASTRO,177,44986.0,0.023515887238321414,0.009547075701772005,2.463150808991354,0.03685591072778198,0.3560185020226063,2.3515887238321413,4104907.0
PR,74969,VIRMOND,12,2907.0,0.007531983563259022,0.05532290805445717,0.13614583593192361,0.029239766081871343,0.4635508347501006,0.7531983563259022,4128658.0
PR,74977,CATANDUVAS,27,5595.0,0.015300680895788623,0.017571194200859626,0.8707820721166508,0.026630920464700624,0.42844575275487357,1.5300680895788623,4105003.0
PR,74985,LARANJAL,17,3591.0,-0.03221539099577898,0.02422186758616286,-1.3300126788812334,0.02172096908939014,0.6617017183028341,3.221539099577898,4113254.0
PR,74993,CENTENÁRIO DO SUL,32,6894.0,0.08720268929369115,0.03599664413794232,2.4225227484962972,0.02901073397156948,0.5752042002469167,8.720268929369116,4105102.0
PR,75000,ITAIPULÂNDIA,29,7733.0,0.0011439417933695767,0.014576155616808034,0.07848034992508425,0.016552437605069185,0.378970234514761,0.11439417933695767,4110953.0
PR,75019,CERRO AZUL,46,10668.0,0.00684219270759137,0.02551271679689198,0.2681875380839449,0.03805774278215223,0.5641736420635026,0.6842192707591369,4105201.0
PR,75027,NOVA ESPERANÇA DO SUDOESTE,16,3980.0,-0.006791452257091336,0.03940083097696669,-0.1723682493158976,0.016582914572864323,0.5822357106409238,0.6791452257091336,4116950.0
PR,75035,CHOPINZINHO,52,13704.0,0.02451278985907974,0.016595807112128748,1.4770471657967759,0.024518388791593695,0.4225332313189834,2.451278985907974,4105409.0
PR,75043,PINHAIS,257,77664.0,0.006074105148120963,0.016486943962290973,0.3684191055670286,0.03927173465183354,0.37427143435052956,0.6074105148120963,4119152.0
PR,75051,CIANORTE,183,46714.0,0.0565346927791615,0.012957770092557408,4.362995513528481,0.02889925932268699,0.27574015352413156,5.65346927791615,4105508.0
PR,75060,SAUDADE DO IGUAÇU,16,4255.0,-0.05940372969516393,0.03970004201633638,-1.4963140258320022,0.02209165687426557,0.5607848698434537,5.9403729695163925,4126272.0
PR,75078,CIDADE GAÚCHA,32,7109.0,-0.0072789618649665745,0.020545970731167474,-0.3542768536083165,0.025601350400900266,0.4434509642888599,0.7278961864966574,4105607.0
PR,75086,ARIRANHA DO IVAÍ,7,1893.0,,,,0.020073956682514528,0.5756005489227038,,4101853.0
PR,75094,CLEVELÂNDIA,48,10290.0,-0.010683223890939404,0.01541170693128076,-0.6931888815803997,0.019922254616132166,0.4904058003287145,1.0683223890939404,4105706.0
PR,75108,ARAPUÃ,13,2621.0,0.018676784244119303,0.03515859756081546,0.5312152798988412,0.020984357115604733,0.5238711707796495,1.8676784244119302,4101655.0
PR,75116,MANGUEIRINHA,44,10956.0,-0.04437021193476733,0.01644332899841237,-2.6983715973238356,0.020262869660460023,0.52171285292027,4.437021193476733,4114401.0
PR,75124,BELA VISTA DA CAROBA,9,2496.0,0.03181396736069254,0.04761165038229337,0.6681971136317522,0.018028846153846152,0.5888311145498482,3.181396736069254,4102752.0
PR,75132,COLOMBO,453,128154.0,0.008920396350653446,0.010993939860463136,0.8113921363835495,0.037314481015028794,0.38838457576389335,0.8920396350653446,4105805.0
PR,75140,BOA VENTURA DE SÃO ROQUE,20,4156.0,-0.03976689634928805,0.021973866506484894,-1.8097359578275451,0.021896053897978825,0.6075596831644945,3.9766896349288055,4103040.0
PR,75159,COLORADO,58,15141.0,0.005650024662623647,0.016463658358563907,0.3431816027501975,0.03876890562050063,0.4621277854196071,0.5650024662623647,4105904.0
PR,75167,BOM JESUS DO SUL,17,2957.0,-0.006725511673276987,0.017814155778513342,-0.3775374907964488,0.014541765302671627,0.5328279016479301,0.6725511673276987,4103156.0
PR,75175,CONGONHINHAS,21,5183.0,-0.06392164218293209,0.047806261629749165,-1.3370976939797892,0.03144896777927841,0.5890971065804452,6.392164218293209,4106001.0
PR,75183,CAMPINA DO SIMÃO,11,2857.0,-0.08306641658578445,0.09808083161962276,-0.846917947310365,0.032201610080504026,0.6360678512118857,8.306641658578446,4103958.0
PR,75191,CONSELHEIRO MAIRINCK,9,2391.0,-0.036521897563970146,0.15328435859450734,-0.23826238958003404,0.027185278126306986,0.4857975284531779,3.6521897563970147,4106100.0
PR,75205,CAMPO MAGRO,54,16587.0,-0.016432858688402135,0.02194836841798046,-0.748705251135664,0.03165129318140713,0.4177268091890572,1.6432858688402137,4104253.0
PR,75213,CONTENDA,36,10862.0,-0.009190902814267852,0.03944845947975154,-0.23298508827665224,0.034800220953783836,0.4231849794613539,0.9190902814267852,4106209.0
PR,75221,CARAMBEÍ,46,13930.0,0.05706693615272148,0.033231634520099466,1.7172473450923915,0.03819095477386935,0.27948307830114905,5.706693615272148,4104659.0
PR,75230,CORBÉLIA,43,11594.0,0.021895412852209896,0.013511180544638998,1.620540320653003,0.02285664999137485,0.33413897740842347,2.1895412852209897,4106308.0
PR,75248,CORONEL DOMINGOS SOARES,17,4000.0,0.0488462090529757,0.03091185110015019,1.580177417868656,0.02375,0.6090078338004238,4.88462090529757,4106456.0
PR,75256,CORNÉLIO PROCÓPIO,112,28920.0,-0.01052927271125358,0.014817993826927021,-0.7105734308054544,0.033852005532503456,0.3586629422455138,1.0529272711253579,4106407.0
PR,75264,CRUZMALTINA,11,2182.0,0.019512114130024624,0.07889108000356707,0.24732978847725728,0.0307057745187901,0.4099847262047872,1.9512114130024623,4106852.0
PR,75272,CORONEL VIVIDA,55,14503.0,-0.006341339668416202,0.011660382538240468,-0.5438363319230434,0.023857133006964078,0.4751478878654557,0.6341339668416203,4106506.0
PR,75280,CORUMBATAÍ DO SUL,12,2840.0,0.001146713836479856,0.15127165057709935,0.007580493979573555,0.03697183098591549,0.522486958693898,0.1146713836479856,4106555.0
PR,75299,CRUZEIRO DO OESTE,56,13370.0,-0.014976558817686694,0.012834532978293376,-1.1668955031722663,0.02632759910246821,0.3703274453554029,1.4976558817686694,4106605.0
PR,75302,ESPERANÇA NOVA,7,1623.0,,,,0.022181146025878003,0.3209635265151716,,4107520.0
PR,75310,CRUZEIRO DO SUL,12,3278.0,0.1251416627490209,0.08239909973738617,1.5187260922493009,0.027760829774252593,0.5781560529253829,12.514166274902088,4106704.0
PR,75329,ESPIGÃO ALTO DO IGUAÇU,15,3309.0,0.04549748846456727,0.01684664728915932,2.70068504929432,0.020550015110305228,0.4000013527425501,4.549748846456727,4107546.0
PR,75337,CRUZ MACHADO,49,11271.0,-0.011324112950685453,0.029399102698432947,-0.385185665931534,0.04028036553988111,0.4153127069635856,1.1324112950685452,4106803.0
PR,75345,FERNANDES PINHEIRO,19,4500.0,-0.026486374184069388,0.029154968709094606,-0.9084686198207863,0.025111111111111112,0.47209571654064014,2.648637418406939,4107736.0
PR,75353,CURITIBA,4001,1163770.0,-0.01217926239639503,0.003395653489335064,-3.5867212112917826,0.04448731278517233,0.35218092941661655,1.217926239639503,4106902.0
PR,75361,FOZ DO JORDÃO,15,3309.0,-0.04497311258384651,0.04190450639005952,-1.0732285488635398,0.024176488365064974,0.637496801715426,4.49731125838465,4108452.0
PR,75370,CURIÚVA,33,8412.0,-0.020075608282684065,0.025937452550931474,-0.7740007714043261,0.0468378506894912,0.45633869987721676,2.0075608282684065,4107009.0
PR,75388,GOIOXIM,19,4209.0,-0.0570725077809475,0.028294693963687747,-2.017074574271488,0.023521026372059873,0.6407935069453912,5.707250778094751,4108650.0
PR,75396,DIAMANTE DO NORTE,19,3509.0,-0.012599564501939761,0.05612474917188639,-0.22449213026062032,0.023938444001139925,0.4239057916834955,1.2599564501939762,4107108.0
PR,75400,DIAMANTE D'OESTE,15,3014.0,0.057499254452810636,0.06460070929314095,0.8900715654977442,0.019575315195753153,0.5922920487074301,5.749925445281064,4107157.0
PR,75418,DOIS VIZINHOS,96,27019.0,0.010461769206827023,0.012221273078160549,0.8560294119867297,0.021392353528998112,0.476841689816078,1.0461769206827023,4107207.0
PR,75426,GUAMIRANGA,21,5595.0,0.06930379808854603,0.046724905179311466,1.4832303633915536,0.025915996425379804,0.3945097014188695,6.930379808854603,4108957.0
PR,75434,DOUTOR CAMARGO,17,4205.0,0.08050147625882259,0.11334319455799158,0.7102453444404582,0.030677764565992867,0.33788939771080123,8.050147625882259,4107306.0
PR,75442,IMBAÚ,27,6950.0,0.010356718157755997,0.03125133870084276,0.33140078435989384,0.03741007194244604,0.5141180695043666,1.0356718157755997,4110078.0
PR,75450,ENÉAS MARQUES,16,4496.0,-0.05833223833873354,0.032810824322170654,-1.7778351974935838,0.020462633451957295,0.564292822307556,5.833223833873355,4107405.0
PR,75469,MANFRINÓPOLIS,11,2388.0,0.030379820293567585,0.04413020444668725,0.6884133140663056,0.017169179229480736,0.6686906216137423,3.0379820293567583,4114351.0
PR,75477,ENGENHEIRO BELTRÃO,32,8426.0,0.020457003633987437,0.021824197824885854,0.9373542064698743,0.02432945644433895,0.38902617216222,2.0457003633987436,4107504.0
PR,75485,MARQUINHO,14,3051.0,-0.0444492788492187,0.038407617484463086,-1.1573037267203472,0.020321206161914126,0.573960454241608,4.44492788492187,4115457.0
PR,75493,FAXINAL,45,9775.0,-0.010803679591446519,0.02672451649663952,-0.4042609935639071,0.02782608695652174,0.2933383137689157,1.0803679591446518,4107603.0
PR,75507,PEROBAL,15,4386.0,-0.09697114896129516,0.11276000450029273,-0.8599782289033469,0.025991792065663474,0.3419435406701766,9.697114896129516,4118857.0
PR,75515,FÊNIX,12,3138.0,0.03626142056680042,0.058571593874839054,0.6190956770663784,0.03218610579987253,0.5061518829823187,3.626142056680042,4107702.0
PR,75523,PONTAL DO PARANÁ,59,16108.0,-0.039098147612663836,0.030235726594105367,-1.2931108994842628,0.030667991060342688,0.41403012234366926,3.9098147612663836,4119954.0
PR,75531,FLORAÍ,15,3785.0,-0.027015923830850424,0.10592892817126887,-0.25503820625061285,0.025891677675033024,0.41115004459171467,2.7015923830850426,4107801.0
PR,75540,PORTO BARREIRO,12,2528.0,-0.013915944675840945,0.01778377726968177,-0.7825078139932171,0.013449367088607595,0.5234329742444966,1.3915944675840946,4120150.0
PR,75558,FLORESTA,19,5734.0,0.02008500218963535,0.032699108535060556,0.6142369957303228,0.02511335891175445,0.3684102585977195,2.008500218963535,4107900.0
PR,75566,PRADO FERREIRA,9,2607.0,-0.14429452019012837,0.08135504968609211,-1.7736393837492295,0.02263137706175681,0.4803120834311028,14.429452019012837,4120333.0
PR,75574,FLORESTÓPOLIS,34,7812.0,0.02162235330936125,0.02851984009934159,0.7581512811448203,0.023681515616999486,0.523326342894597,2.162235330936125,4108007.0
PR,75582,QUARTO CENTENÁRIO,12,2943.0,0.0037753387433265956,0.07613959424100258,0.04958443476040362,0.02072714916751614,0.44414058499654774,0.37753387433265956,4120655.0
PR,75590,FLÓRIDA,9,1979.0,-0.024818647747503086,0.06025755406048987,-0.41187612299345494,0.027791814047498736,0.48540530728931613,2.4818647747503086,4108106.0
PR,75604,RESERVA DO IGUAÇU,19,4144.0,-0.056924082817698986,0.03310031456771524,-1.7197444665139383,0.020752895752895753,0.6193451088790236,5.692408281769898,4121752.0
PR,75612,FORMOSA DO OESTE,19,5046.0,-0.002546269758379528,0.049655811097914664,-0.051278384182641225,0.03428458184700753,0.3511106859400357,0.2546269758379528,4108205.0
PR,75620,RIO BRANCO DO IVAÍ,12,2611.0,0.084596332879538,0.05893097643581746,1.4355155471023466,0.02987361164304864,0.4707960805912131,8.4596332879538,4122172.0
PR,75639,FOZ DO IGUAÇU,587,161717.0,-0.013897055856376248,0.006513017909784002,-2.133735243611073,0.026113519296054218,0.3381049983279371,1.3897055856376248,4108304.0
PR,75647,SERRANÓPOLIS DO IGUAÇU,17,3668.0,0.014545352463100132,0.07532516072110997,0.19310084869190036,0.02099236641221374,0.2787751843986376,1.4545352463100132,4126355.0
PR,75655,FRANCISCO BELTRÃO,204,55789.0,-0.006520332811001953,0.005369236006658322,-1.2143874478447532,0.023983222499058956,0.4596464979529608,0.6520332811001953,4108403.0
PR,75663,TAMARANA,26,6465.0,-0.05046511694035969,0.023810971457533837,-2.1194060490292355,0.027532869296210363,0.399508253124136,5.046511694035969,4126678.0
PR,75671,GENERAL CARNEIRO,32,6722.0,-0.0151199731935556,0.017988912941806563,-0.8405162247695638,0.025141326986016066,0.526529928219651,1.51199731935556,4108502.0
PR,75698,GOIOERÊ,72,17617.0,0.009489122029772045,0.010642017343235884,0.8916657174782162,0.028041096667991147,0.35577394922229005,0.9489122029772045,4108601.0
PR,75710,GUAÍRA,79,18559.0,0.006713373811474773,0.01134376975430384,0.5918115368065991,0.023492645077859798,0.31054906090976714,0.6713373811474773,4108809.0
PR,75736,GUAIRAÇÁ,15,4168.0,-0.11752913688894143,0.058060594467770434,-2.024249630344073,0.027351247600767754,0.412491131747298,11.752913688894143,4108908.0
PR,75744,ROSÁRIO DO IVAÍ,18,3578.0,0.10271695514980865,0.05098532927230195,2.014637477404901,0.03325880380100615,0.4257873950883187,10.271695514980864,4122651.0
PR,75752,GUAPIRAMA,12,3030.0,0.0018611957081446078,0.15129744018141653,0.01230156773249369,0.029042904290429043,0.46567058748249524,0.1861195708144608,4109005.0
PR,75760,NOVA TEBAS,22,4647.0,0.05340701887790954,0.04082461665047535,1.3082062554355347,0.02646868947708199,0.6441654751327853,5.340701887790954,4117271.0
PR,75779,GUAPOREMA,6,1598.0,,,,0.01939924906132666,0.4370371744228908,,4109104.0
PR,75787,SULINA,10,2397.0,0.0294976874919969,0.03524768388710121,0.8368688163023245,0.025448477263245724,0.5199433738411855,2.94976874919969,4126652.0
PR,75795,GUARACI,13,3512.0,0.0016816635166617638,0.04726614545156543,0.03557860495277742,0.021070615034168565,0.3778395307701527,0.16816635166617638,4109203.0
PR,75809,LUIZIANA,19,4581.0,-0.013628155269742965,0.02566220027976027,-0.5310595007900186,0.026631739794804626,0.5074344203982013,1.3628155269742965,4113734.0
PR,75817,GUARANIAÇU,40,8863.0,0.011115985401169391,0.013727186030741509,0.809778885219124,0.02324269434728647,0.3737386414485978,1.111598540116939,4109302.0
PR,75833,GUARAPUAVA,402,108671.0,0.006618074270507587,0.004607669797158457,1.4363169588647482,0.02940987015855196,0.45801822841764867,0.6618074270507587,4109401.0
PR,75850,GUARAQUEÇABA,27,5171.0,0.04461453350008235,0.02454025716854389,1.8180140979643034,0.026107135950493136,0.4514491291160072,4.4614533500082345,4109500.0
PR,75876,GUARATUBA,79,22167.0,0.014233678198340224,0.0245020180377111,0.5809186074564612,0.025668786935534805,0.31700265322113474,1.4233678198340225,4109609.0
PR,75892,IBAITI,70,16873.0,-0.01817778615440707,0.022011582957773102,-0.8258282100510096,0.03526343862976353,0.3951593151173767,1.8177786154407067,4109708.0
PR,75914,IBIPORÃ,112,31974.0,0.03802178765324661,0.017558791802718528,2.1653988543425813,0.04000125101645086,0.31403833168903517,3.802178765324661,4109807.0
PR,75930,ICARAÍMA,21,5657.0,0.11416349287163757,0.03699550980710106,3.0858742984459315,0.025101643980908608,0.3553575054510791,11.416349287163758,4109906.0
PR,75957,IGUARAÇU,11,3164.0,0.10082704038220881,0.17878754456928145,0.5639489072077816,0.022756005056890013,0.3800346720805795,10.082704038220882,4110003.0
PR,75973,IMBITUVA,71,19257.0,0.017086055407299284,0.016128623433992188,1.0593622870064188,0.030015059458898062,0.367064711328179,1.7086055407299283,4110102.0
PR,75990,INÁCIO MARTINS,31,6652.0,-0.02946078921393717,0.020378835431296694,-1.4456561717306433,0.03382441371016236,0.5430394871764487,2.9460789213937173,4110201.0
PR,76015,INAJÁ,8,1899.0,-0.20092921451652113,0.07837351793594385,-2.563738617433817,0.026856240126382307,0.6002880462303224,20.092921451652114,4110300.0
PR,76031,IPIRANGA,38,9623.0,0.02924874976212637,0.024442031267677744,1.1966578981021538,0.03502026395095085,0.34017420757275535,2.924874976212637,4110508.0
PR,76058,IPORÃ,43,9436.0,-0.012483982651471813,0.020459580807760946,-0.6101778315387701,0.029355659177617635,0.35082482693299993,1.2483982651471814,4110607.0
PR,76074,IRATI,150,38188.0,-0.00774518043418124,0.013124072514126648,-0.5901506888082483,0.03757724939771656,0.3907895308969208,0.774518043418124,4110706.0
PR,76090,IRETAMA,25,6192.0,0.1283665563427228,0.04946850531935125,2.594914795060686,0.03617571059431524,0.5417416818345524,12.83665563427228,4110805.0
PR,76112,ITAGUAJÉ,11,2802.0,-0.07953926663340605,0.08831598702099645,-0.9006213859614816,0.032119914346895075,0.5323487706215304,7.953926663340605,4110904.0
PR,76139,ITAMBARACÁ,15,3970.0,0.07330576006460932,0.06609949559668737,1.1090214744132343,0.02619647355163728,0.3860247796557683,7.330576006460932,4111001.0
PR,76155,ITAMBÉ,18,4237.0,0.02502991373592679,0.024537100531713728,1.0200844106896865,0.03422232711824404,0.40533936291518435,2.5029913735926788,4111100.0
PR,76171,ITAPEJARA D'OESTE,27,7592.0,0.011309224682098778,0.028515502863869162,0.39659916698955494,0.018835616438356163,0.5123179863119551,1.1309224682098777,4111209.0
PR,76198,ITAÚNA DO SUL,9,2220.0,0.22828777902792594,0.13752308204954902,1.6599960939333425,0.03288288288288288,0.6275668352177128,22.828777902792595,4111308.0
PR,76210,IVAÍ,33,8854.0,0.0028080472473961922,0.02831721463035304,0.09916396383090109,0.02631578947368421,0.3947485110413369,0.2808047247396192,4111407.0
PR,76236,IVAIPORÃ,82,19920.0,0.025140497680909906,0.01574652884212185,1.5965739454691281,0.0303714859437751,0.43011103761180486,2.514049768090991,4111506.0
PR,76252,IVATUBA,10,2090.0,0.004993102453294171,0.028152173094481946,0.17736117338213084,0.029186602870813396,0.3761489452005476,0.49931024532941715,4111605.0
PR,76279,JABOTI,12,3543.0,-0.13609750497068615,0.0580774314362846,-2.3433802357460585,0.02681343494213943,0.4097362784355855,13.609750497068616,4111704.0
PR,76295,JACAREZINHO,97,24049.0,0.0020534107234236342,0.015155896442722042,0.13548592992727232,0.028275603975217264,0.480951559495513,0.20534107234236343,4111803.0
PR,76317,JAGUAPITÃ,30,8432.0,-0.01884170447166999,0.06193189503862057,-0.30423264878170364,0.03178368121442125,0.37197606010241957,1.8841704471669989,4111902.0
PR,76333,JAGUARIAÍVA,81,21010.0,-0.01591440360528775,0.015442992816831633,-1.0305258698263666,0.029557353641123274,0.3528595622585154,1.591440360528775,4112009.0
PR,76350,JANDAIA DO SUL,56,13712.0,0.04251488252308536,0.02370075191047723,1.7938199886515453,0.032890898483080515,0.30284198188521483,4.251488252308536,4112108.0
PR,76376,JANIÓPOLIS,16,3900.0,-0.006169549016668199,0.04305525655860538,-0.14329374645045756,0.03282051282051282,0.4930672145083353,0.6169549016668199,4112207.0
PR,76392,JAPIRA,11,3021.0,0.05421920570966044,0.0748097085955696,0.7247616215533745,0.026481297583581597,0.4931313063798609,5.421920570966044,4112306.0
PR,76414,JAPURÁ,23,5989.0,0.016392504043241447,0.07854158241090141,0.2087111507058992,0.02871931875104358,0.3025815470118164,1.6392504043241447,4112405.0
PR,76430,JARDIM ALEGRE,31,7526.0,-0.0270037838528225,0.011027523937614575,-2.448762206782735,0.02763752325272389,0.4616530355511789,2.70037838528225,4112504.0
PR,76457,JARDIM OLINDA,5,1050.0,,,,0.022857142857142857,0.6714572960926123,,4112603.0
PR,76473,JATAIZINHO,28,7722.0,0.04988300130330014,0.03113375434073429,1.602216062906201,0.033152033152033154,0.3781337370983635,4.988300130330014,4112702.0
PR,76490,JOAQUIM TÁVORA,27,7470.0,-0.07188828863746403,0.06869523653659969,-1.0464814194090901,0.03253012048192771,0.3858462342669325,7.188828863746403,4112801.0
PR,76511,JUNDIAÍ DO SUL,9,2084.0,0.03383625380523148,0.0873663228562345,0.38729172407668655,0.02111324376199616,0.5804586115782236,3.3836253805231484,4112900.0
PR,76538,JUSSARA,17,4543.0,-0.009765880843574186,0.057916817265904474,-0.16861908690074623,0.03565925599823905,0.40308851239821036,0.9765880843574185,4113007.0
PR,76554,KALORÉ,13,3247.0,0.10996523988923446,0.08215137755149374,1.3385684229130128,0.02956575300277179,0.4191107480420189,10.996523988923446,4113106.0
PR,76570,LAPA,111,30460.0,-0.001188484822255311,0.012982493220968387,-0.09154519105280609,0.04051214707813526,0.40873441013411577,0.1188484822255311,4113205.0
PR,76597,LARANJEIRAS DO SUL,82,19578.0,-0.006773536906541313,0.009188026428034735,-0.7372134766475779,0.026100725303912557,0.5435047221568299,0.6773536906541313,4113304.0
PR,76619,LEÓPOLIS,12,2807.0,-0.023135880300455675,0.04288147524710653,-0.5395308852397002,0.030281439258995367,0.4983912634299203,2.3135880300455676,4113403.0
PR,76635,LOANDA,54,12599.0,0.01670162894722155,0.019232866627043793,0.8683899946426599,0.024605127391062784,0.34738459674731503,1.6701628947221552,4113502.0
PR,76651,LOBATO,13,3196.0,0.04123494090286007,0.0838068950840898,0.4920232501333683,0.032227784730913644,0.4837387486003551,4.123494090286007,4113601.0
PR,76678,LONDRINA,1138,322579.0,0.00972451872677078,0.006601532323292805,1.4730699253654866,0.04125191038474296,0.27139016508557157,0.972451872677078,4113700.0
PR,76694,LUPIONÓPOLIS,14,3238.0,0.0678645712671675,0.06817120324387502,0.9955020307385425,0.03551575046324892,0.544165698681284,6.7864571267167495,4113809.0
PR,76716,MALLET,36,8896.0,0.060480322702345955,0.030374701363001758,1.9911413113023948,0.03642086330935252,0.3665637057823688,6.048032270234596,4113908.0
PR,76732,MAMBORÊ,38,8915.0,0.030419724804462502,0.01490546976586605,2.0408430785673417,0.0232192933258553,0.3184525413801221,3.0419724804462502,4114005.0
PR,76759,MANDAGUAÇU,62,15282.0,-0.02297915363549441,0.027852142548080258,-0.8250407880049527,0.03494307027875933,0.3794112543078959,2.297915363549441,4114104.0
PR,76775,MANDAGUARI,79,22930.0,0.07538955979437215,0.018324302567778502,4.114184401590123,0.03610989969472307,0.33964569119454124,7.5389559794372145,4114203.0
PR,76791,MANDIRITUBA,58,15491.0,-0.016360667519985862,0.021863824995596522,-0.7482985032710872,0.03298689561680976,0.4129974978011785,1.6360667519985863,4114302.0
PR,76813,MANOEL RIBAS,41,8892.0,0.01587121374950301,0.013229071163879478,1.1997224561643913,0.021592442645074223,0.3479085522829367,1.587121374950301,4114500.0
PR,76830,MARECHAL CÂNDIDO RONDON,136,32963.0,0.023120895607302617,0.01228340381377641,1.8822873494862602,0.01877863058580833,0.2465743404242812,2.3120895607302616,4114609.0
PR,76856,MARIA HELENA,14,3915.0,-0.07108975981256585,0.07100477505251111,-1.0011968879556605,0.02247765006385696,0.4600900685300707,7.108975981256585,4114708.0
PR,76872,MARIALVA,96,23967.0,0.04030257715635878,0.021877679247544805,1.842177897405717,0.03421371051862978,0.3176113786011358,4.030257715635878,4114807.0
PR,76899,MARILUZ,25,6398.0,0.09193612802395998,0.04419195929009618,2.0803813521923593,0.02938418255704908,0.4974249221874434,9.193612802395998,4115101.0
PR,76910,MARINGÁ,938,240443.0,0.029197124331798316,0.006003197113904674,4.863595810334397,0.03538052677765624,0.3230034613914633,2.9197124331798316,4115200.0
PR,76937,MARIÓPOLIS,18,4451.0,-0.003712726747178705,0.03856670005204389,-0.0962676802051656,0.02561222197259043,0.40533795183535437,0.3712726747178705,4115309.0
PR,76953,MARMELEIRO,37,9577.0,-0.0029738093303351685,0.018701435256079774,-0.15901503224830796,0.024746789182416205,0.5002953380095299,0.29738093303351687,4115408.0
PR,76970,MARUMBI,13,3222.0,-0.015100998307385833,0.06620419771981656,-0.2280972933362159,0.03041589075108628,0.4881198248427719,1.5100998307385833,4115507.0
PR,76996,MATELÂNDIA,39,10902.0,-0.027950822637958596,0.02961378801504041,-0.9438448949443003,0.01926252063841497,0.22505603442029537,2.7950822637958597,4115606.0
PR,77011,MEDIANEIRA,122,30638.0,-0.0011687005773325999,0.010212871758207157,-0.114434079365916,0.02376134212415954,0.31182516359459495,0.11687005773325998,4115804.0
PR,77038,MIRADOR,7,1639.0,,,,0.019524100061012812,0.6294900680000124,,4115903.0
PR,77054,MIRASELVA,7,1514.0,,,,0.02443857331571995,0.45228354488064587,,4116000.0
PR,77070,MOREIRA SALES,36,7724.0,-0.00702744779459245,0.022517125171623888,-0.3120934729025022,0.029129984464008284,0.40320975774439505,0.702744779459245,4116109.0
PR,77097,MORRETES,44,10947.0,-0.007208051409447879,0.033462569955766734,-0.21540639045285545,0.02877500685119211,0.40375919252545106,0.720805140944788,4116208.0
PR,77119,MUNHOZ DE MELO,11,2801.0,0.08749573905574537,0.12388998543310986,0.7062373827058498,0.02534808996786862,0.4308366031372997,8.749573905574536,4116307.0
PR,77135,NOSSA SENHORA DAS GRAÇAS,11,2557.0,0.05949747088685237,0.10828293844876964,0.5494630247312836,0.02659366445052796,0.5757887425303762,5.949747088685237,4116406.0
PR,77151,NOVA ALIANÇA DO IVAÍ,5,1203.0,,,,0.0199501246882793,0.4826500197954226,,4116505.0
PR,77178,NOVA AMÉRICA DA COLINA,12,2609.0,0.00586804451238759,0.11715145913031776,0.05008938476694561,0.030663089306247605,0.45631463662395466,0.586804451238759,4116604.0
PR,77194,NOVA CANTU,21,4742.0,0.004009434583104481,0.025827807857728025,0.15523712291768518,0.026571067060312106,0.5717345829583274,0.4009434583104481,4116802.0
PR,77216,NOVA ESPERANÇA,71,16256.0,-0.055173870717675544,0.024962866400694696,-2.2102377920886562,0.028174212598425195,0.35803811564093885,5.517387071767555,4116901.0
PR,77232,NOVA FÁTIMA,22,4823.0,0.08309843084847897,0.08664694995808161,0.9590462317332651,0.03586979058677172,0.44273678379234466,8.309843084847897,4117008.0
PR,77259,NOVA LONDRINA,32,7686.0,0.053759552244881784,0.04921984084278295,1.0922333620825693,0.026411657559198543,0.4373114451826904,5.3759552244881785,4117107.0
PR,77275,ORTIGUEIRA,62,14549.0,0.006788405241503573,0.01214769817151655,0.5588223501815975,0.028799230187641762,0.5664301770975302,0.6788405241503573,4117305.0
PR,77291,OURIZONA,10,2349.0,-0.20080995144385091,0.09816914541450956,-2.0455505708636927,0.035334184759472115,0.5325042228959834,20.080995144385092,4117404.0
PR,77313,PAIÇANDU,95,23322.0,0.019592772702068564,0.01697458344499479,1.1542417382763985,0.036574907812366005,0.42294637521500145,1.9592772702068564,4117503.0
PR,77330,PALMAS,99,24354.0,0.0014220465718796896,0.007538412209900203,0.18864006534587147,0.02373326763570666,0.5363688840255872,0.14220465718796896,4117602.0
PR,77356,PALMEIRA,83,22490.0,-0.004856475522347516,0.016192452905257684,-0.2999221644035549,0.03196976433970654,0.3146882678524774,0.4856475522347516,4117701.0
PR,77372,PALMITAL,41,8563.0,-0.008428008903035503,0.015047257655246258,-0.5601026510034578,0.022772392852972088,0.544830798366888,0.8428008903035503,4117800.0
PR,77399,PALOTINA,79,20420.0,0.0036453811020426435,0.012276139933045944,0.2969484807052175,0.020714985308521058,0.2573145796339411,0.36453811020426435,4117909.0
PR,77410,PARAÍSO DO NORTE,28,8094.0,0.008666488342256898,0.06283034075663098,0.13793476587730039,0.0275512725475661,0.45853465339540184,0.8666488342256898,4118006.0
PR,77437,PARANACITY,24,6121.0,-0.0033676010842216735,0.04932190971500745,-0.06827799458050982,0.03120405162555138,0.5279889131170618,0.33676010842216736,4118105.0
PR,77453,PARANAGUÁ,304,85699.0,0.020822103739464533,0.014064576318713641,1.4804643430147024,0.03147061225918622,0.33855257508129755,2.0822103739464533,4118204.0
PR,77470,PARANAPOEMA,7,1737.0,,,,0.02072538860103627,0.5933362210773634,,4118303.0
PR,77496,PARANAVAÍ,193,51730.0,0.025777028175298554,0.011522082067471037,2.237184913659994,0.03104581480765513,0.3225882358242337,2.5777028175298553,4118402.0
PR,77518,PATO BRANCO,197,52371.0,-0.002172387430559988,0.007192161671608734,-0.30204930447205464,0.026617784651811117,0.3867538650365488,0.21723874305599877,4118501.0
PR,77534,PAULA FREITAS,16,3780.0,0.0872904285201501,0.0656154894969181,1.3303326575693695,0.029365079365079365,0.3834288065684971,8.729042852015011,4118600.0
PR,77550,PAULO FRONTIN,17,4755.0,-0.044752442378779414,0.06332679785415835,-0.7066904358853627,0.03512092534174553,0.41143302951141075,4.475244237877941,4118709.0
PR,77577,PEABIRU,33,8282.0,0.01548939398686467,0.03224823238029831,0.48031761258107714,0.03296305240280126,0.4279683068755507,1.548939398686467,4118808.0
PR,77593,PÉROLA D'OESTE,16,4460.0,-0.024626744942179857,0.026139256126961313,-0.9421364105606136,0.01569506726457399,0.4147316069573656,2.462674494217986,4119004.0
PR,77615,PIÊN,32,8803.0,0.06727547763872196,0.037058425954392356,1.815389507409667,0.026809042371918664,0.2703296791307746,6.727547763872196,4119103.0
PR,77631,PINHALÃO,18,4511.0,-0.135996790646247,0.04870855419206773,-2.792051476420015,0.029483484814896918,0.43272615892417793,13.5996790646247,4119202.0
PR,77658,PINHÃO,75,18318.0,-0.0037032078740797487,0.010924846214781177,-0.3389711673075412,0.030079703024347638,0.604494329538996,0.37032078740797486,4119301.0
PR,77674,PIRAÍ DO SUL,63,15341.0,0.05070826726893025,0.018481204880263637,2.7437749647525624,0.04080568411446451,0.37749442418021073,5.070826726893025,4119400.0
PR,77690,PIRAQUARA,184,55521.0,0.00669874570939584,0.02009956177451867,0.33327819703453493,0.037283190144269736,0.42977053779099283,0.6698745709395839,4119509.0
PR,77712,PITANGA,99,20980.0,0.006221378663560772,0.010427468950296993,0.596633631153951,0.027073403241182077,0.5111649891869798,0.6221378663560772,4119608.0
PR,77739,PLANALTINA DO PARANÁ,11,2713.0,0.00045517700498279496,0.06505397393743265,0.006996913138935575,0.025801695539992626,0.5274321393023989,0.045517700498279495,4119707.0
PR,77755,PLANALTO,38,8587.0,0.0184625805025741,0.026843817064372735,0.6877777649244131,0.01909863747525329,0.512501673763402,1.84625805025741,4119806.0
PR,77771,PONTA GROSSA,723,209008.0,0.018239030641975046,0.00809911955507795,2.251976960945047,0.040917094082523156,0.3491433829429051,1.8239030641975047,4119905.0
PR,77798,PORECATU,31,7782.0,0.001931146683920701,0.04043545116718623,0.04775875199057618,0.030326394243125162,0.48370669248590664,0.1931146683920701,4120002.0
PR,77810,PORTO AMAZONAS,12,3078.0,-0.04333243164367424,0.08162568552583546,-0.5308675984100498,0.04191033138401559,0.36646236743246435,4.333243164367424,4120101.0
PR,77836,PORTO RICO,10,2154.0,0.016576985459302127,0.04452322902837101,0.3723221747627282,0.016713091922005572,0.3758977759592555,1.6576985459302127,4120200.0
PR,77852,PORTO VITÓRIA,11,2591.0,-0.023370208045743933,0.10727207696767331,-0.21785919231140272,0.032033963720571206,0.4114254100159604,2.337020804574393,4120309.0
PR,77879,PRESIDENTE CASTELO BRANCO,13,3192.0,-0.044475018041925184,0.08942612103508847,-0.4973381102426924,0.03132832080200501,0.5348712831264055,4.447501804192519,4120408.0
PR,77895,PRIMEIRO DE MAIO,25,7217.0,0.02288049918393028,0.024051839328236038,0.9512993526889794,0.03283912983234031,0.3411433262724585,2.288049918393028,4120507.0
PR,77917,PRUDENTÓPOLIS,130,32123.0,0.04476748066741205,0.011401455515804198,3.9264706690612727,0.028328611898016998,0.26659200022285556,4.476748066741205,4120606.0
PR,77933,QUATIGUÁ,19,5516.0,-0.1440142846431983,0.07665763693800652,-1.8786684588211804,0.03299492385786802,0.3452241272811324,14.40142846431983,4120705.0
PR,77950,QUATRO BARRAS,45,13994.0,-0.10021892694390595,0.05746660236042049,-1.7439507962442315,0.035658139202515364,0.3127768447183389,10.021892694390596,4120804.0
PR,77976,QUERÊNCIA DO NORTE,31,6596.0,-0.017067245277976643,0.03455759958666073,-0.49387820572365854,0.02274105518496058,0.5316955669159568,1.7067245277976644,4121000.0
PR,77992,QUINTA DO SOL,12,3444.0,0.01351515578365707,0.10073738076013354,0.13416227106239836,0.024390243902439025,0.5009152278732911,1.3515155783657071,4121109.0
PR,78018,QUITANDINHA,42,11601.0,0.08266333574716078,0.052302969227852235,1.5804711848584903,0.030428411343849666,0.32024850664386456,8.266333574716079,4121208.0
PR,78034,RANCHO ALEGRE,8,2626.0,0.18276819111869372,0.14876590538866366,1.228562355340736,0.03236862147753237,0.39247249012460905,18.276819111869372,4121307.0
PR,78050,REALEZA,42,11777.0,-0.030711815080723716,0.0242018574808165,-1.2689858662735827,0.024709178908041095,0.4222616033983448,3.0711815080723714,4121406.0
PR,78077,REBOUÇAS,38,10080.0,-0.04358250720214195,0.020011756045082735,-2.177845217778926,0.03492063492063492,0.45998705798140616,4.358250720214195,4121505.0
PR,78093,RENASCENÇA,15,4415.0,0.016853765502827196,0.024459012228396065,0.6890615755635692,0.021517553793884484,0.5043820509740188,1.6853765502827196,4121604.0
PR,78115,RESERVA,61,15995.0,0.021918321586188144,0.009602332446280126,2.282603909915569,0.03257267896217568,0.44617683572140926,2.1918321586188143,4121703.0
PR,78131,RIBEIRÃO CLARO,29,7696.0,-0.0793820639564601,0.04322789152526632,-1.8363621531265752,0.03781185031185031,0.4437475694212996,7.938206395646009,4121802.0
PR,78158,RIBEIRÃO DO PINHAL,37,7994.0,0.08305907902822786,0.041405680463917065,2.005982708111985,0.0326494871153365,0.5688978895187901,8.305907902822787,4121901.0
PR,78174,RIO AZUL,35,9536.0,-0.03435728579324567,0.021499183019107998,-1.59807401810151,0.033766778523489936,0.3372486541103641,3.435728579324567,4122008.0
PR,78190,RIO BOM,11,2432.0,0.2285275067832586,0.10498988831795926,2.176662061885129,0.039473684210526314,0.4261783285657649,22.852750678325858,4122107.0
PR,78212,RIO BRANCO DO SUL,81,22242.0,0.002932743913434398,0.01057020697834345,0.27745378301892193,0.02958367053322543,0.5131493504383435,0.2932743913434398,4122206.0
PR,78239,RIO NEGRO,77,19784.0,0.08518739057786023,0.02700149165113271,3.1549142424613654,0.033613020622725434,0.2653908987106759,8.518739057786023,4122305.0
PR,78255,ROLÂNDIA,140,39809.0,0.06759549363764945,0.013491054032617151,5.010393811649163,0.03652440402923962,0.28190402753168153,6.759549363764945,4122404.0
PR,78271,RONCADOR,28,7067.0,0.028582834437773298,0.02301715025602884,1.2418059629378597,0.031696618084052636,0.5369026018167135,2.8582834437773297,4122503.0
PR,78298,RONDON,25,5939.0,0.03384357366671884,0.040583394128434015,0.8339266439769502,0.02508839872032329,0.37818021745845476,3.384357366671884,4122602.0
PR,78310,SABÁUDIA,17,5209.0,-0.04841667086263839,0.1098403741990363,-0.4407912046521704,0.03301977346899597,0.26917018712137053,4.841667086263839,4122701.0
PR,78336,SALGADO FILHO,16,3034.0,-0.045315428421423554,0.034219110150637694,-1.3242725547782566,0.028345418589321027,0.4921335443085348,4.531542842142356,4122800.0
PR,78352,SALTO DO ITARARÉ,15,3473.0,-0.05498935584636867,0.13239258810768167,-0.41535071284838854,0.043478260869565216,0.5261311637352415,5.498935584636867,4122909.0
PR,78379,SALTO DO LONTRA,35,9176.0,-0.011686391956103563,0.011188135675464816,-1.044534343798798,0.017000871839581516,0.6159024015290687,1.1686391956103563,4123006.0
PR,78395,SANTA AMÉLIA,11,2405.0,0.10741755675399754,0.1384383996734722,0.7759231326521977,0.028274428274428276,0.46005316594042295,10.741755675399753,4123105.0
PR,78417,SANTA CECÍLIA DO PAVÃO,11,2446.0,-0.01484473402437763,0.05406108835629735,-0.27459184555333555,0.03638593622240392,0.47047058651190393,1.484473402437763,4123204.0
PR,78433,SANTA CRUZ DE MONTE CASTELO,20,5419.0,0.06221138538877218,0.03857305049239566,1.612819950577583,0.025650489020114412,0.43536838995309696,6.221138538877218,4123303.0
PR,78450,SANTA FÉ,24,7368.0,0.05533244873310266,0.07505033199057767,0.7372712054098505,0.028637350705754613,0.39406988437660356,5.533244873310266,4123402.0
PR,78476,SANTA INÊS,7,1431.0,,,,0.027253668763102725,0.5565545875097585,,
PR,78492,SANTA ISABEL DO IVAÍ,23,5595.0,-0.0013373410084316798,0.03657583922026705,-0.03656350850565434,0.02770330652368186,0.3492606231316001,0.13373410084316797,4123709.0
PR,78514,SANTA IZABEL DO OESTE,28,7568.0,0.010071434035460684,0.023487885784597783,0.4287927030905882,0.019291754756871036,0.47487290552133427,1.0071434035460685,4123808.0
PR,78530,SANTA MARIANA,33,7405.0,-0.02714323233161828,0.02799417149358647,-0.9696029881733368,0.034031060094530725,0.4838406586161625,2.7143232331618283,4123907.0
PR,78557,SANTANA DO ITARARÉ,15,3656.0,0.01356646858888463,0.03771361556503581,0.3597233621234148,0.03282275711159737,0.5254954456862698,1.356646858888463,4124004.0
PR,78573,SANTO ANTÔNIO DO SUDOESTE,51,12349.0,0.00966578949934562,0.011731727617417146,0.8239016293726088,0.019515750263179206,0.4943414752702824,0.966578949934562,4124400.0
PR,78590,SANTO ANTÔNIO DA PLATINA,107,26157.0,0.0477514253171909,0.012387274613055005,3.8548774293633126,0.03241961998700157,0.36269808251574026,4.77514253171909,4124103.0
PR,78611,SANTO ANTONIO DO CAIUÁ,6,1938.0,,,,0.029411764705882353,0.6021906029813368,,4124202.0
PR,78638,SANTO ANTÔNIO DO PARAÍSO,9,1764.0,0.07612681309487376,0.1691685001268092,0.4500058405542928,0.031746031746031744,0.5047865403203045,7.612681309487376,4124301.0
PR,78654,SANTO INÁCIO,14,3800.0,-0.11797394896129998,0.09680611320226427,-1.218662180091955,0.027894736842105264,0.5039692943187932,11.797394896129997,4124509.0
PR,78670,SÃO CARLOS DO IVAÍ,17,4429.0,-0.015228078304053842,0.11146664467923469,-0.13661556197260064,0.028674644389252654,0.3879504209159397,1.5228078304053843,4124608.0
PR,78697,SÃO JERÔNIMO DA SERRA,31,6420.0,0.04711679466913189,0.06763970940573269,0.6965848180468172,0.043769470404984426,0.5588443122018276,4.711679466913189,4124707.0
PR,78719,SÃO JOÃO,31,7590.0,-0.0055406077963031375,0.03218926130921919,-0.17212596906398334,0.02345191040843215,0.427933058729312,0.5540607796303137,4124806.0
PR,78735,SÃO JOÃO DO CAIUÁ,16,3827.0,0.04269267562929846,0.05401827286201256,0.7903376647816033,0.029527044682518943,0.5980819400136972,4.269267562929846,4124905.0
PR,78751,SÃO JOÃO DO IVAÍ,25,7146.0,0.004489120649943001,0.038307501800969784,0.1171864631963381,0.03162608452280996,0.4922069279590762,0.44891206499430014,4125001.0
PR,78778,SÃO JOÃO DO TRIUNFO,40,9625.0,0.011781469541658679,0.026118979899422853,0.45106928321955686,0.032935064935064935,0.5943103797190277,1.178146954165868,4125100.0
PR,78794,SÃO JORGE DO IVAÍ,18,3927.0,0.03454104924318362,0.06075064012860417,0.5685709511877246,0.028011204481792718,0.3545410786454007,3.4541049243183624,4125308.0
PR,78816,SÃO JORGE D'OESTE,27,6794.0,0.009147340549153983,0.028658581831914904,0.3191832939537601,0.022225493082131294,0.44489865592249933,0.9147340549153983,4125209.0
PR,78832,SÃO JOSÉ DA BOA VISTA,15,3751.0,0.02772126684458518,0.07512802612777696,0.3689870248612301,0.03439082911223674,0.36749982631383926,2.772126684458518,4125407.0
PR,78859,SÃO JOSÉ DOS PINHAIS,560,174236.0,-0.006454040346583573,0.009476167935087392,-0.6810812546584583,0.03752381826947359,0.33782004595166476,0.6454040346583573,4125506.0
PR,78875,SÃO MATEUS DO SUL,101,28186.0,0.0042066627028549885,0.01678290455071695,0.25065164913157323,0.03384659050592493,0.462896780426205,0.42066627028549886,4125605.0
PR,78891,SÃO MIGUEL DO IGUAÇU,76,17883.0,0.012405855453150956,0.01667273522136663,0.7440803976334048,0.01923614606050439,0.36177303857477283,1.2405855453150956,4125704.0
PR,78913,SÃO PEDRO DO IVAÍ,25,5649.0,0.014737850221731966,0.03685923957525456,0.39984140724450046,0.03575854133474951,0.41885205761886707,1.4737850221731967,4125803.0
PR,78930,SÃO PEDRO DO PARANÁ,10,2019.0,-0.1284873422019864,0.06343173386369796,-2.025600348211825,0.019316493313521546,0.33139001260418754,12.84873422019864,4125902.0
PR,78956,SÃO SEBASTIÃO DA AMOREIRA,22,5386.0,-0.1052095701224549,0.05867369797040926,-1.7931300354635045,0.029335313776457483,0.5055471324797556,10.52095701224549,4126009.0
PR,78972,SÃO TOMÉ,16,3764.0,0.059110455457393574,0.08192129225899629,0.7215517947460391,0.031880977683315624,0.3642272316986132,5.911045545739357,4126108.0
PR,78999,SAPOPEMA,19,4255.0,-0.044087470364095056,0.0341579075887161,-1.2906958732641791,0.038777908343125736,0.5170694330466598,4.408747036409506,4126207.0
PR,79014,SENGÉS,47,10853.0,-0.020987868528862096,0.021415689974619817,-0.9800229903278979,0.0387911176633189,0.38938492345348474,2.0987868528862097,4126306.0
PR,79030,SERTANEJA,16,4036.0,0.03382355463358763,0.06103649673239633,0.5541529485527487,0.0319623389494549,0.40219351260708935,3.3823554633587634,4126405.0
PR,79057,SERTANÓPOLIS,38,10842.0,0.013130183158222465,0.030625965397566814,0.4287271597082663,0.028131341080981368,0.274018530095448,1.3130183158222464,4126504.0
PR,79073,SIQUEIRA CAMPOS,45,12733.0,0.1893419038721954,0.08587457738233209,2.2048656266359776,0.046571899787952564,0.477202081934845,18.93419038721954,4126603.0
PR,79090,TAMBOARA,14,3345.0,-0.12097289932896563,0.10452511972279345,-1.157357194613052,0.03976083707025411,0.3996368810661429,12.097289932896564,4126702.0
PR,79111,TAPEJARA,34,9668.0,0.0436902219757973,0.044203194276284455,0.9883951305129464,0.02813405047579644,0.38938936101394767,4.36902219757973,4126801.0
PR,79138,TEIXEIRA SOARES,27,6495.0,-0.036157457894503434,0.015332483792232688,-2.3582257372299007,0.031716705157813704,0.4079067457285925,3.6157457894503433,4127007.0
PR,79154,TELÊMACO BORBA,156,42158.0,-0.004355606667435768,0.011089217706628652,-0.3927785334065699,0.034560463020067364,0.3997422224407864,0.4355606667435768,4127106.0
PR,79170,TERRA BOA,39,10840.0,0.05573830819823107,0.028100023773307923,1.9835680086212817,0.031273062730627306,0.32682901201414544,5.573830819823107,4127205.0
PR,79197,TERRA RICA,39,9362.0,-0.02494746908774715,0.03471759849192576,-0.7185827986791529,0.028626361888485368,0.3613888035005493,2.494746908774715,4127304.0
PR,79219,TERRA ROXA,45,11131.0,0.07010784027149901,0.01964872113623452,3.5680612384595363,0.02290899290270416,0.29838887028614464,7.010784027149901,4127403.0
PR,79235,TIBAGI,49,11606.0,-0.008470009157656395,0.019728952409415218,-0.42931874850153046,0.03851456143374117,0.49271012593954394,0.8470009157656395,4127502.0
PR,79251,TIJUCAS DO SUL,37,9991.0,-0.01896801839736913,0.024777880581168716,-0.7655222300080378,0.03893504153738365,0.4306306740371692,1.896801839736913,4127601.0
PR,79278,TOLEDO,334,87342.0,0.032219255192957194,0.005553076977919814,5.802054486380729,0.02689427766710174,0.31272656838013957,3.2219255192957195,4127700.0
PR,79294,TOMAZINA,21,5241.0,-0.04902307612070399,0.04411110886266616,-1.1113544271428442,0.03167334478153024,0.4407723995269638,4.902307612070398,4127809.0
PR,79316,TUNEIRAS DO OESTE,18,5476.0,0.11531636163313552,0.06374341794793077,1.8090708867750462,0.022644265887509132,0.37829608887140237,11.531636163313552,4127908.0
PR,79332,UBIRATÃ,63,15510.0,0.008707629399366496,0.014035398279938868,0.6204048667298968,0.02379110251450677,0.3492602899766995,0.8707629399366497,4128005.0
PR,79359,UMUARAMA,246,65652.0,0.01840152819393819,0.009700140301555615,1.8970373233660476,0.02714311825991592,0.28351070372822185,1.8401528193938188,4128104.0
PR,79375,UNIÃO DA VITÓRIA,134,32327.0,0.003003105309263543,0.014318930637917554,0.20972971971182716,0.03644012744764438,0.38058098160947856,0.3003105309263543,4128203.0
PR,79391,UNIFLOR,8,1791.0,-0.0077482171389884535,0.04662153518979592,-0.16619395108817245,0.01675041876046901,0.5275272496209857,0.7748217138988454,4128302.0
PR,79413,URAÍ,31,7089.0,0.015814784355481396,0.03183769448789805,0.49673145652844986,0.035265904923120324,0.4109734800028272,1.5814784355481397,4128401.0
PR,79430,WENCESLAU BRAZ,48,11509.0,0.060369906324793,0.019443120791823924,3.104949404530743,0.0364062907289947,0.360270691439997,6.0369906324793,4128500.0
PR,79456,VERÊ,24,5994.0,-0.003617282821238311,0.029255836324475475,-0.12364311794471201,0.01868535201868535,0.5373837671934885,0.3617282821238311,4128609.0
PR,79472,VITORINO,15,4639.0,-0.054639158498423684,0.03921864766315609,-1.3931933341432978,0.021771933606380686,0.38991319540047104,5.463915849842368,4128708.0
PR,79499,XAMBRÊ,18,4282.0,-0.04535320916286073,0.05880055108984006,-0.7713058521095587,0.019850537132181222,0.4057031639092934,4.535320916286073,4128807.0
PR,79510,ALTÔNIA,49,11794.0,0.021272040301773966,0.02795618083649196,0.7609065210369149,0.02959131761912837,0.32204262850329884,2.1272040301773965,4100509.0
PR,79537,ASSIS CHATEAUBRIAND,83,22317.0,0.012704626631972601,0.012212994269927733,1.040254858978803,0.025406640677510417,0.343790623998303,1.2704626631972602,4102000.0
PR,79553,QUEDAS DO IGUAÇU,79,18423.0,-0.0008847914718952741,0.005143144803988666,-0.1720331636801459,0.01926939152146773,0.3932541821383771,0.0884791471895274,4120903.0
PR,79570,CÉU AZUL,28,7339.0,0.06868537320949349,0.035880185112332284,1.9142981842054605,0.021937593677612752,0.2467263821522897,6.868537320949349,4105300.0
PR,79596,GRANDES RIOS,18,3849.0,0.05518925381326402,0.08517209264178653,0.6479734394383948,0.03195635229929852,0.3564984642693462,5.518925381326402,4108700.0
PR,79618,INDIANÓPOLIS,14,3111.0,0.06498785117282348,0.13089906223413994,0.4964730080081041,0.03278688524590164,0.3759310963396263,6.498785117282348,4110409.0
PR,79634,MATINHOS,89,23420.0,-0.001970066887769756,0.02923388279928484,-0.06738984695587377,0.03266438941076003,0.41306173511104444,0.1970066887769756,4115705.0
PR,79650,NOVA AURORA,35,8381.0,0.007603964974867103,0.03181296836819182,0.23902092023798457,0.025772580837608878,0.3504198456792248,0.7603964974867103,4116703.0
PR,79677,NOVA OLÍMPIA,17,3983.0,-0.01404805432078902,0.043113016847396865,-0.325842526179822,0.022847100175746926,0.3653323819393882,1.4048054320789019,4117206.0
PR,79693,PÉROLA,30,7416.0,-0.06780675906627283,0.03458352212816034,-1.9606666670616462,0.026294498381877023,0.38292801997281667,6.780675906627283,4118907.0
PR,79715,SANTA HELENA,70,17103.0,0.012156492620694952,0.01356996395770803,0.8958382394073938,0.018183944337250776,0.38615051224607405,1.2156492620694952,4123501.0
PR,79731,TAPIRA,17,3766.0,0.055838151248595196,0.04668288963170315,1.196116000725768,0.02496016994158258,0.4485970657190177,5.58381512485952,4126900.0
PR,79758,MARILENA,18,4671.0,0.06489396167717774,0.08564007125999626,0.7577523082642584,0.028687647184757012,0.5678358669899295,6.489396167717774,4115002.0
PR,79774,FRANCISCO ALVES,21,4755.0,-0.024574988931277977,0.022714900900406204,-1.0818884501863932,0.02145110410094637,0.3678036553094684,2.4574988931277977,4108320.0
PR,79790,NOVA SANTA ROSA,23,5983.0,0.029137667047213385,0.05515594319640791,0.5282779218089957,0.013036937990974428,0.1427864532195887,2.9137667047213385,4117222.0
PR,79812,BOA VISTA DA APARECIDA,20,5480.0,0.059020735056087056,0.05745191764504955,1.0273066152592156,0.029014598540145986,0.4893050031098823,5.902073505608706,4103057.0
PR,79839,BRAGANEY,16,3676.0,0.028591714973556608,0.036460009020409724,0.7841938535328236,0.026387377584330796,0.4545058426795301,2.8591714973556606,4103354.0
PR,79855,CAFELÂNDIA,40,10923.0,0.0461903649293511,0.028451727239086524,1.6234643521359056,0.024718483932985445,0.32751754343659223,4.61903649293511,4103453.0
PR,79871,TRÊS BARRAS DO PARANÁ,35,7462.0,-0.020602269458901704,0.03597164212167964,-0.5727364180153729,0.0231841329402305,0.42140449812607456,2.0602269458901703,4127858.0
PR,79898,VERA CRUZ DO OESTE,26,5478.0,0.029176225708270186,0.027373841316212153,1.0658433126442715,0.024096385542168676,0.38147467660391365,2.9176225708270187,4128559.0
PR,79910,PRANCHITA,17,3948.0,0.11632916434927502,0.053104520915521224,2.1905698864006644,0.02077001013171226,0.4017048519803335,11.632916434927502,4120358.0
PR,79936,TUPÃSSI,20,5200.0,0.051054514223471535,0.04832878609667164,1.056399681162023,0.02403846153846154,0.27184179545995735,5.105451422347153,4127957.0
PR,79952,NOVA PRATA DO IGUAÇU,26,7138.0,-0.01869965852727854,0.025791503473449988,-0.7250317356073539,0.016951527038386104,0.5422805018439164,1.8699658527278542,4117255.0
PR,79979,JESUÍTAS,25,6111.0,-0.04535338242461985,0.037698800887688164,-1.2030457562758066,0.03125511372934053,0.3777558690046943,4.535338242461985,4112751.0
PR,79995,SÃO JORGE DO PATROCÍNIO,14,4206.0,-0.06755143035900267,0.04700492019815076,-1.4371140313447492,0.021398002853067047,0.39034902121733,6.755143035900267,4125357.0
PR,84514,CANTAGALO,30,7070.0,0.007505713451889734,0.02559715631258786,0.29322450354372626,0.026025459688826025,0.5735369765096413,0.7505713451889734,4104451.0
PR,84530,TURVO,44,9518.0,-0.036080516456948986,0.02340456331277186,-1.5416017797375379,0.029943265391889053,0.5865233667196579,3.6080516456948986,4127965.0
PR,84557,ALTAMIRA DO PARANÁ,10,2635.0,0.2503226673333199,0.11567557747020032,2.1640062043157435,0.030740037950664136,0.5510374595937793,25.032266733331994,4100459.0
PR,84573,FIGUEIRA,23,5089.0,-0.028056216080471607,0.04673795582175886,-0.6002876160751993,0.036549420318333664,0.5779519149336143,2.8056216080471605,4107751.0
PR,84590,LUNARDELLI,14,3331.0,-0.016970630265313362,0.11048276526153052,-0.15360432213242622,0.0333233263284299,0.4443978563894584,1.6970630265313362,4113759.0
PR,84611,SARANDI,205,54184.0,0.04679537978854354,0.012590247528088802,3.716795852038905,0.03619149564447069,0.43460611345808864,4.679537978854354,4126256.0
PR,84638,JURANDA,21,5103.0,0.032908915576298374,0.041510755464074074,0.7927804543277885,0.027630805408583186,0.3788350275384323,3.290891557629837,4112959.0
PR,84654,DOURADINA,19,5528.0,0.0651154548934924,0.022153123728758956,2.9393351335351494,0.020622286541244574,0.3473165440534667,6.511545489349239,4107256.0
PR,84670,SANTA TEREZINHA DE ITAIPU,53,14899.0,0.07264508494543562,0.02002328046138872,3.6280311353336203,0.021410832941808174,0.292262843243779,7.264508494543562,4124053.0
PR,84697,MISSAL,30,7740.0,-0.005116328859147577,0.01238321287233348,-0.41316651113851527,0.016020671834625324,0.3253087665961021,0.5116328859147576,4116059.0
PR,84719,SÃO JOSÉ DAS PALMEIRAS,11,2741.0,0.0926560062661595,0.11998533517785417,0.7722277570739421,0.029551258664720904,0.5440922665309392,9.26560062661595,4125456.0
RJ,58009,QUISSAMÃ,55,14973.0,0.043954643614200144,0.029799426478818482,1.475016428435065,0.033393441528083885,0.5214352240672199,4.395464361420014,3304151.0
RJ,58017,ANGRA DOS REIS,378,101990.0,0.02772774654236483,0.008326329803087664,3.3301283035993254,0.03385626041768801,0.3340359549327396,2.7727746542364833,3300100.0
RJ,58025,QUATIS,33,8832.0,0.03083526407544978,0.035382806194030246,0.8714759339990471,0.034420289855072464,0.5030388472694052,3.0835264075449778,3304128.0
RJ,58033,ARARUAMA,269,78568.0,-0.0011791037363468504,0.018044679227780396,-0.06534356867544534,0.038310762651461154,0.32235927878210774,0.11791037363468504,3300209.0
RJ,58041,BELFORD ROXO,902,267317.0,0.018315608788640664,0.009339905068744934,1.9610058832323716,0.0363538420676575,0.39804797170067124,1.8315608788640665,3300456.0
RJ,58050,BARRA DO PIRAÍ,251,54121.0,0.007400361054764308,0.015672486448774014,0.4721880653049283,0.03891280648916317,0.5001842944472684,0.7400361054764308,3300308.0
RJ,58068,CARDOSO MOREIRA,26,9160.0,0.021481202306387535,0.044704436419275156,0.4805161193604828,0.025327510917030567,0.38813045495189197,2.1481202306387535,3301157.0
RJ,58076,BARRA MANSA,416,108555.0,0.042878776684205,0.01149745446622815,3.7294147856948885,0.044677813090138636,0.45807560324681856,4.2878776684205,3300407.0
RJ,58084,VARRE-SAI,24,6987.0,0.021239873916792586,0.07049719439124608,0.30128679730026287,0.0446543580936024,0.3654243488175033,2.1239873916792584,3306156.0
RJ,58092,BOM JARDIM,65,17654.0,-0.0404765946340382,0.030104469160452382,-1.3445377302055692,0.05211283561799026,0.432982025217709,4.0476594634038205,3300506.0
RJ,58106,GUAPIMIRIM,117,32663.0,0.029504571320036595,0.024948125927635362,1.1826367802382303,0.03018706181306065,0.38989490822120615,2.9504571320036597,3301850.0
RJ,58114,BOM JESUS DO ITABAPOANA,86,23239.0,-0.008652836644007716,0.018074373245882236,-0.47873508676042387,0.03231636473170102,0.43747937284279825,0.8652836644007715,3300605.0
RJ,58122,QUEIMADOS,303,80218.0,0.006845550560744197,0.014710010204416708,0.4653668125049164,0.036575332219701315,0.4110453264391812,0.6845550560744197,3304144.0
RJ,58130,CABO FRIO,443,126354.0,-0.003490495939152438,0.011871434301954044,-0.2940247867587407,0.03413425772037292,0.33322416072366595,0.34904959391524376,3300704.0
RJ,58149,JAPERI,211,58272.0,0.005858058152945042,0.017905452091608043,0.32716616832537876,0.0383889346512905,0.41705634353530385,0.5858058152945043,3302270.0
RJ,58157,CACHOEIRAS DE MACACU,129,35503.0,0.03402506425007629,0.019982019990046982,1.7027840161817538,0.03492662591893643,0.38915922189971625,3.402506425007629,3300803.0
RJ,58165,COMENDADOR LEVY GASPARIAN,26,6769.0,-0.04542286519376758,0.05973759443174014,-0.7603731892095278,0.038853597281725515,0.5886873383358072,4.542286519376757,3300951.0
RJ,58173,CAMBUCI,41,9773.0,0.056601876119195246,0.037965063109165476,1.4908937713718826,0.027422490535147857,0.5044102431690519,5.6601876119195245,3300902.0
RJ,58181,APERIBÉ,31,7989.0,-0.03116514882074527,0.051113470784080364,-0.6097247622333615,0.03254474902991614,0.4090670905459693,3.116514882074527,3300159.0
RJ,58190,CAMPOS DOS GOYTACAZES,1090,284261.0,0.019180698303319695,0.0059084002407732575,3.246343768479949,0.041634272728232155,0.3687401373184579,1.9180698303319694,3301009.0
RJ,58203,RIO DAS OSTRAS,258,73735.0,-0.004770495364541224,0.015242834369702389,-0.31296642401516606,0.03716010035939513,0.3587047534052697,0.4770495364541224,3304524.0
RJ,58211,CANTAGALO,60,12609.0,0.010747094578485302,0.031177329394973512,0.3447086324275733,0.044888571655166944,0.4661267068732115,1.0747094578485301,3301108.0
RJ,58220,AREAL,30,7902.0,-0.029404734514355043,0.04772350729681779,-0.6161478101655734,0.04315363199190078,0.4108472812375757,2.9404734514355044,3300225.0
RJ,58238,CARMO,51,11853.0,0.1076688342599779,0.03212208603674929,3.3518630806479788,0.04125537838521893,0.5467330239247841,10.76688342599779,3301207.0
RJ,58246,PINHEIRAL,53,14417.0,-0.05498014903617704,0.03150784465902087,-1.744966995717237,0.032808489977110354,0.5406998368846637,5.498014903617704,3303955.0
RJ,58254,CASIMIRO DE ABREU,104,25827.0,-0.011391128765973198,0.02309278326662333,-0.4932765632645558,0.031401246757269526,0.32827564850172364,1.1391128765973197,3301306.0
RJ,58262,IGUABA GRANDE,79,20903.0,0.03680078638607353,0.030170760404319662,1.219750045835922,0.032722575706836336,0.31922067764094214,3.6800786386073527,3301876.0
RJ,58270,CONCEIÇÃO DE MACABU,70,13795.0,0.018959463344352202,0.028108070097295754,0.6745202811407629,0.042261689017760055,0.5205331040238875,1.8959463344352203,3301405.0
RJ,58289,SÃO FRANCISCO DE ITABAPOANA,110,28006.0,0.018875201751824906,0.01644286306794266,1.147926712874255,0.030207812611583233,0.33058513819029195,1.8875201751824906,3304755.0
RJ,58297,CORDEIRO,57,13701.0,0.013660116605767322,0.029515386803589554,0.462813402943648,0.04342748704474126,0.4564865249271087,1.366011660576732,3301504.0
RJ,58300,CARAPEBUS,36,9960.0,-0.04078749147884555,0.0535937886533684,-0.7610488547963857,0.03032128514056225,0.43740353283119154,4.078749147884555,3300936.0
RJ,58319,DUAS BARRAS,30,8043.0,-0.005400007887192568,0.03371551300052952,-0.1601638950920829,0.042024120353102073,0.5093773034005581,0.5400007887192568,3301603.0
RJ,58327,PORTO REAL,51,14292.0,-0.0227900473471909,0.03088874721164817,-0.7378106723148926,0.033865099356283235,0.43228656786794867,2.27900473471909,3304110.0
RJ,58335,DUQUE DE CAXIAS,1816,535291.0,0.02704701992590037,0.00520666115998117,5.194695620638041,0.04142046102026748,0.4169940008193577,2.704701992590037,3301702.0
RJ,58343,SÃO JOSÉ DE UBÁ,23,5985.0,-0.06376088586113864,0.06867841799569424,-0.9283977080709124,0.030910609857978277,0.3924849176113712,6.376088586113863,3305133.0
RJ,58351,ENGENHEIRO PAULO DE FRONTIN,36,8955.0,-0.058303661901266485,0.053422781149150084,-1.0913632844851255,0.03830262423227247,0.4954981099022701,5.830366190126648,3301801.0
RJ,58360,TANGUÁ,70,20390.0,-0.02322601009030635,0.02857157056312932,-0.8129063132524734,0.030358018636586562,0.4202754312304651,2.322601009030635,3305752.0
RJ,58378,ITABORAÍ,490,137978.0,-0.011889174885349421,0.00945593092475876,-1.2573246336031942,0.037498731681862324,0.4206202236190662,1.188917488534942,3301900.0
RJ,58386,MACUCO,27,5761.0,-0.0016223423690687412,0.043061634591017174,-0.037674890525571644,0.033153966325290746,0.5113070669918519,0.1622342369068741,3302452.0
RJ,58394,ITAGUAÍ,277,73950.0,0.034372929534317205,0.015991415710102506,2.149461320838671,0.03561866125760649,0.35669955061730824,3.4372929534317205,3302007.0
RJ,58408,ARMAÇÃO DOS BÚZIOS,91,25145.0,0.03977571334271277,0.02332764853404484,1.7050888470247354,0.02783853648836747,0.34042772664036675,3.977571334271277,3300233.0
RJ,58416,ITAOCARA,70,16022.0,0.02147832337590577,0.024824638374128356,0.8652018632541275,0.03982024716015479,0.34704086060951317,2.147832337590577,3302106.0
RJ,58424,SEROPÉDICA,153,45899.0,0.04482575004312362,0.017003421889077053,2.636278175978186,0.03296368112595045,0.3795437835077331,4.482575004312362,3305554.0
RJ,58432,ITAPERUNA,224,58065.0,0.007376875678374262,0.00895207619790124,0.8240407605225395,0.030018083182640144,0.34745643322349096,0.7376875678374262,3302205.0
RJ,58440,ITATIAIA,67,20242.0,0.008279041714192774,0.023189371740665005,0.35701880183647244,0.03339590949510918,0.4231130820567735,0.8279041714192773,3302254.0
RJ,58459,LAJE DO MURIAÉ,23,5683.0,0.05970072229655643,0.08183903980006066,0.7294895253220234,0.03325708252683442,0.5950510994029465,5.970072229655643,3302304.0
RJ,58467,MESQUITA,374,107414.0,0.026808028059250703,0.014905324222333484,1.7985538361576012,0.03669912674325507,0.38336859953265884,2.68080280592507,3302858.0
RJ,58475,MACAÉ,471,132124.0,-0.007495902422335717,0.010044328867946286,-0.7462820583520348,0.03781296357966758,0.45631741332040066,0.7495902422335717,3302403.0
RJ,58491,MAGÉ,568,155010.0,0.018621521215457074,0.00843569001856847,2.2074686450625567,0.03479775498354945,0.3999759865070962,1.8621521215457075,3302502.0
RJ,58513,MANGARATIBA,105,28941.0,0.0137948182246956,0.019689263385716572,0.7006264254000963,0.02816074081752531,0.36062393334740867,1.37948182246956,3302601.0
RJ,58530,MARICÁ,364,115388.0,0.0012435555891553355,0.011550459604879356,0.10766286638758601,0.029223142787811556,0.4826217768625257,0.12435555891553356,3302700.0
RJ,58556,MENDES,55,12246.0,0.01235358163873254,0.04478566929797629,0.27583782563434317,0.045239261799771356,0.48950239916504856,1.235358163873254,3302809.0
RJ,58572,MIGUEL PEREIRA,73,18609.0,0.015239896604550902,0.025303046074384383,0.6022949395005472,0.0333709495405449,0.4190526570021628,1.5239896604550902,3302908.0
RJ,58599,MIRACEMA,76,17379.0,0.020405013638624906,0.04122908014515614,0.4949179939689297,0.04068128200701997,0.5361452635152373,2.0405013638624907,3303005.0
RJ,58610,NATIVIDADE,41,9945.0,0.09263350095940429,0.0270720090057361,3.421744612295926,0.042634489693313224,0.4845935815393103,9.263350095940428,3303104.0
RJ,58637,NILÓPOLIS,382,103223.0,0.02506591124967392,0.013979934777492981,1.792992002368196,0.0362322350638908,0.3941533329629948,2.5065911249673922,3303203.0
RJ,58653,NITERÓI,1170,331016.0,0.004280411363517738,0.005472978871891756,0.7820990111073091,0.03911593397298016,0.512116940729984,0.4280411363517738,3303302.0
RJ,58670,NOVA FRIBURGO,461,121288.0,0.000524165027096508,0.01257122555019139,0.04169561869713871,0.05157971110085087,0.405637050359113,0.0524165027096508,3303401.0
RJ,58696,NOVA IGUAÇU,1669,483496.0,0.025070711290719572,0.007124408517599505,3.5189884505902653,0.04118338104141503,0.37037765333468053,2.5070711290719574,3303500.0
RJ,58718,PARACAMBI,95,26799.0,0.011550848735597353,0.029863658194650367,0.38678612848798666,0.037725288257024515,0.39788028379615475,1.1550848735597352,3303609.0
RJ,58734,PARAÍBA DO SUL,108,26414.0,0.0839816428323074,0.03387529413701837,2.4791413616253632,0.04505186643446657,0.44172975809039294,8.39816428323074,3303708.0
RJ,58750,PARATY,92,25175.0,0.015215519334580194,0.013316240720886817,1.1426287383581402,0.03018867924528302,0.3722525521065521,1.5215519334580194,3303807.0
RJ,58777,PETRÓPOLIS,750,187008.0,0.0425523233673492,0.010324119081199679,4.1216420532031055,0.048254620123203286,0.37758559310952194,4.25523233673492,3303906.0
RJ,58793,PIRAÍ,72,17935.0,0.02486117018069419,0.026089780101117444,0.9529083834489417,0.03429049344856426,0.4842103522991775,2.486117018069419,3304003.0
RJ,58815,PORCIÚNCULA,47,10732.0,0.12128431521487136,0.029966613321401915,4.047314720354171,0.047614610510622435,0.5397769917907937,12.128431521487135,3304102.0
RJ,58831,RESENDE,272,75444.0,-0.0008162072377351929,0.015351174743020484,-0.05316904089742624,0.041461216266369755,0.3814338036126345,0.08162072377351928,3304201.0
RJ,58858,RIO BONITO,128,36221.0,0.018159201878837884,0.026571947635896,0.6833974734432582,0.03881726070511582,0.3482736782988711,1.8159201878837885,3304300.0
RJ,58874,RIO CLARO,50,12156.0,0.03246271991233286,0.0334507089149233,0.9704643329053733,0.040638367884172424,0.5136444168486275,3.2462719912332862,3304409.0
RJ,58890,RIO DAS FLORES,22,6729.0,-0.012724610036787706,0.03252840460581033,-0.39118457209902,0.02808738296923763,0.646903843863348,1.2724610036787705,3304508.0
RJ,58912,SANTA MARIA MADALENA,33,6956.0,0.032094722656755406,0.03337793247717306,0.961555143617861,0.043990799309948245,0.5150612299835357,3.2094722656755406,3304607.0
RJ,58939,SANTO ANTÔNIO DE PÁDUA,105,25484.0,0.04058101731015804,0.016866470582162653,2.406017139891437,0.03433526918851044,0.3939739429536954,4.058101731015804,3304706.0
RJ,58955,SÃO FIDÉLIS,94,23900.0,0.014927257874326808,0.016275622364363314,0.9171543514680673,0.030460251046025105,0.367874857083599,1.492725787432681,3304805.0
RJ,58971,SÃO GONÇALO,1892,522871.0,0.01309836845375328,0.005543105312772037,2.3630019122265153,0.04457504814763106,0.4458161952354962,1.309836845375328,3304904.0
RJ,58998,SÃO JOÃO DA BARRA,121,30163.0,-0.03564409442466664,0.026225991234850567,-1.3591133355257425,0.03955176872327023,0.39317975419779855,3.564409442466664,3305000.0
RJ,59013,SÃO JOÃO DE MERITI,993,292826.0,0.022471138621820028,0.00931312589780168,2.4128460055634204,0.03948078381018079,0.3996247024073113,2.247113862182003,3305109.0
RJ,59030,SÃO PEDRO DA ALDEIA,204,53855.0,0.028375107751445004,0.017634281369263108,1.6090878418727832,0.030842075944666234,0.2787958355412882,2.8375107751445006,3305208.0
RJ,59056,SÃO SEBASTIÃO DO ALTO,28,6173.0,0.04647876521937349,0.019832201454594602,2.3436009020877293,0.03968896808682974,0.45215508342310456,4.647876521937349,3305307.0
RJ,59072,SAPUCAIA,53,13040.0,-0.00031566386013532705,0.01772603608323584,-0.017807921559736747,0.03558282208588957,0.4319302662429012,0.031566386013532705,3305406.0
RJ,59099,SAQUAREMA,204,56860.0,-0.02016638209949784,0.016686259779471996,-1.2085621562902435,0.03756595145972564,0.34885681873191915,2.016638209949784,3305505.0
RJ,59110,SILVA JARDIM,54,14771.0,0.03930942310031682,0.034831398974424575,1.1285628558640524,0.03222530634351093,0.38148908439832485,3.930942310031682,3305604.0
RJ,59137,SUMIDOURO,38,11837.0,0.02560053132696034,0.019466126184291613,1.315132301341956,0.034721635549548026,0.35740979188204086,2.560053132696034,3305703.0
RJ,59153,TERESÓPOLIS,374,101937.0,0.02908638318458435,0.01191303421115862,2.441559611852698,0.04357593415540972,0.3208092849473368,2.908638318458435,3305802.0
RJ,59170,TRAJANO DE MORAES,27,7160.0,0.0067123132879593015,0.01867619485775081,0.3594047577188146,0.04259776536312849,0.5356188304000383,0.6712313287959302,3305901.0
RJ,59196,TRÊS RIOS,184,50004.0,0.025437463290630274,0.015247924145212513,1.668257465631283,0.03979681625469962,0.5299422487265413,2.5437463290630276,3306008.0
RJ,59218,VALENÇA,160,43080.0,-0.01069299947488724,0.017997602515761806,-0.5941346612985038,0.04243268337975859,0.5735316313310433,1.0692999474887241,3306107.0
RJ,59234,VASSOURAS,94,23220.0,0.0029459480343792368,0.01712158788440932,0.17206044522668226,0.037424633936261845,0.49006589870019224,0.29459480343792366,3306206.0
RJ,59250,VOLTA REDONDA,662,179563.0,0.003941119532160409,0.01004421558817426,0.39237703507684146,0.037697075678174236,0.4712007650791369,0.3941119532160409,3306305.0
RJ,59277,ARRAIAL DO CABO,89,24135.0,0.024279234991607664,0.024539616259516325,0.9893893504627365,0.026724673710379118,0.3588349938009032,2.4279234991607663,3300258.0
RJ,59293,ITALVA,32,9018.0,0.0005069414401198912,0.03921527066363044,0.012927143725927301,0.029829230428032823,0.35124123057849904,0.050694144011989115,3302056.0
RJ,59315,PATY DO ALFERES,70,18202.0,0.032622602082766204,0.0179922810757182,1.8131443114676886,0.030271398747390398,0.3736230982959137,3.2622602082766203,3303856.0
RJ,59331,SÃO JOSÉ DO VALE DO RIO PRETO,47,13386.0,0.08294035291234722,0.06166383632280222,1.3450404298260845,0.032571343194382193,0.21859583070215477,8.294035291234723,3305158.0
RJ,60011,RIO DE JANEIRO,11813,3837082.0,-0.01638478778009427,0.0012266423235070465,-13.35742902890318,0.0452724231590568,0.4732223798150803,1.6384787780094268,3304557.0
RN,16004,TENENTE LAURENTINO CRUZ,15,4298.0,0.14905221362794774,0.0532649723416388,2.798315798831819,0.035597952536063286,0.7350139788384723,14.905221362794773,2414159.0
RN,16012,ACARI,29,7517.0,0.04856231817610726,0.07273777638093351,0.6676354515126025,0.03724890248769456,0.6815570143430633,4.856231817610726,2400109.0
RN,16020,SERRA DO MEL,42,9501.0,0.049221853974820415,0.014579123100609043,3.376187554981559,0.02778654878433849,0.6426409595708988,4.922185397482042,2413359.0
RN,16039,ASSÚ,127,35903.0,0.019348976816916216,0.02326348181863404,0.8317317660255694,0.03236498342756872,0.7486845331772342,1.9348976816916215,2400208.0
RN,16047,CAIÇARA DO NORTE,18,4116.0,-0.03206311392725887,0.06634946217314676,-0.4832460260730733,0.027453838678328474,0.6731942432226754,3.2063113927258873,2401859.0
RN,16055,AFONSO BEZERRA,33,7536.0,0.018920123749497926,0.038222838917854524,0.4949952511418513,0.033174097664543524,0.7335347168893335,1.8920123749497926,2400307.0
RN,16063,SÃO MIGUEL DO GOSTOSO,29,7241.0,0.006233677192935282,0.02749228433537844,0.22674278779059026,0.02858721171108963,0.6759313902002404,0.6233677192935282,2412559.0
RN,16071,ÁGUA NOVA,11,2354.0,0.08745943269238239,0.14085413188825127,0.6209220242241075,0.025488530161427356,0.8876055051108622,8.74594326923824,2400406.0
RN,16080,ITAJÁ,20,5227.0,-0.027155278095416194,0.09361137235584589,-0.2900852472516966,0.029462406734264396,0.7281507576282333,2.7155278095416193,2404853.0
RN,16098,ALEXANDRIA,43,8862.0,0.013920380524089695,0.05948256457208044,0.23402455197137814,0.02911306702775897,0.8498521899020058,1.3920380524089695,2400505.0
RN,16101,BODÓ,10,2758.0,-0.11247787662928958,0.09801207523095168,-1.1475920325556956,0.023567802755620013,0.7990090466218469,11.247787662928959,2401651.0
RN,16110,ALMINO AFONSO,21,4089.0,0.10894814070832932,0.09712551636475758,1.1217252148155543,0.03032526290046466,0.829592624280464,10.894814070832933,2400604.0
RN,16128,TRIUNFO POTIGUAR,17,3228.0,0.11432588918947133,0.031595419099857656,3.6184324325036847,0.027881040892193308,0.7147488659565284,11.432588918947133,2414456.0
RN,16136,ALTO DO RODRIGUES,36,9171.0,-0.05603806060695832,0.03492567972008959,-1.6044944881838528,0.027259840802529713,0.8067688773770054,5.603806060695832,2400703.0
RN,16144,FERNANDO PEDROZA,11,2513.0,-0.06660423602539206,0.09526971534213098,-0.6991123652065513,0.02626343016315161,0.7264885928781992,6.660423602539206,2403756.0
RN,16152,ANGICOS,31,7981.0,-0.03109388156051239,0.048515691416341225,-0.6409036056742508,0.033329156747274775,0.6930242516741364,3.109388156051239,2400802.0
RN,16160,MAJOR SALES,8,2534.0,0.03984571501326835,0.24273540021478474,0.16415287995904518,0.02920284135753749,0.8398625421539102,3.984571501326835,2407252.0
RN,16179,ANTÔNIO MARTINS,23,4642.0,0.12280454085705275,0.12487543474829978,0.983416322870698,0.027789745799224472,0.8624411979266509,12.280454085705275,2400901.0
RN,16187,VENHA-VER,12,2868.0,-0.09613158991821198,0.09343167595727966,-1.0288972014391224,0.04602510460251046,0.8916841376923779,9.613158991821198,2414753.0
RN,16195,APODI,89,25045.0,0.045037218745246875,0.030451177612018175,1.4789976045941824,0.03757236973447794,0.7797241555356641,4.503721874524688,2401008.0
RN,16209,SERRINHA DOS PINTOS,15,3453.0,-0.014638891010506482,0.17311245626775965,-0.08456289816524785,0.03475238922675934,0.8433765634222811,1.4638891010506483,2413557.0
RN,16217,AREIA BRANCA,69,17167.0,0.018714916557195167,0.05127175355148577,0.3650141698079846,0.04100891244830197,0.6842871030460748,1.8714916557195167,2401107.0
RN,16225,TIBAU,17,5366.0,-0.023135366565437406,0.04400775585639513,-0.5257111187612493,0.025717480432351846,0.6848937306836121,2.3135366565437407,2411056.0
RN,16233,AREZ,34,9377.0,0.003984069379868867,0.03585634884059054,0.11111196506875716,0.03785859016743095,0.6864496230987301,0.3984069379868867,2401206.0
RN,16241,SANTA MARIA,15,3663.0,0.1807618706295205,0.07985081638384067,2.263744803316765,0.025935025935025936,0.7193700103790777,18.07618706295205,2409332.0
RN,16250,CAMPO GRANDE,31,6908.0,-0.006604032563432001,0.03358810931853027,-0.19661816926946266,0.03662420382165605,0.718829006561668,0.6604032563432001,2401305.0
RN,16268,RIO DO FOGO,34,7913.0,-0.03850488686224468,0.022392762755101124,-1.71952372663231,0.030329836977126247,0.6096644461403066,3.850488686224468,2408953.0
RN,16276,BAÍA FORMOSA,23,5588.0,-0.03533168192046918,0.04152911799933907,-0.8507688971634668,0.02791696492483894,0.6388781621721237,3.533168192046918,2401404.0
RN,16284,PORTO DO MANGUE,16,3892.0,0.010875261200500278,0.03402149312593128,0.3196585511472194,0.03237410071942446,0.8038182551212256,1.087526120050028,2410256.0
RN,16292,BARCELONA,13,3683.0,-0.0413067483355237,0.045888167096927994,-0.9001612169052837,0.0260657073038284,0.6163207109664054,4.13067483355237,2401503.0
RN,16306,JUNDIÁ,14,3305.0,0.14284568831251135,0.20848216317486826,0.6851698300573411,0.034190620272314676,0.681788561674253,14.284568831251136,2406155.0
RN,16314,BENTO FERNANDES,19,3937.0,0.031936221423528185,0.03316057774635055,0.9630779556319067,0.021844043688087376,0.7905729620533432,3.1936221423528184,2401602.0
RN,16330,BOM JESUS,29,7094.0,0.03853847575558786,0.024512554328535198,1.5721933846251597,0.02438680575133916,0.6443566206752122,3.853847575558786,2401701.0
RN,16357,BREJINHO,29,8108.0,-0.0122105029482521,0.041822496748068906,-0.2919601625365875,0.03539713862851505,0.7053805422681292,1.22105029482521,2401800.0
RN,16373,CAIÇARA DO RIO DO VENTO,13,2992.0,-0.12795136151136083,0.1321872716363639,-0.967955234474801,0.03074866310160428,0.7478196811700143,12.795136151136083,2401909.0
RN,16390,CAICÓ,132,37811.0,0.020316893004666402,0.014285957107122901,1.4221583371922983,0.03184258549099468,0.6601747941879057,2.03168930046664,2402006.0
RN,16411,CAMPO REDONDO,26,6654.0,-0.05417153290645221,0.11477042619177903,-0.4719990567599069,0.03576795912233243,0.8310157795708981,5.4171532906452216,2402105.0
RN,16438,CANGUARETAMA,79,19211.0,0.007351388597306039,0.03948699651361519,0.1861723920878932,0.03607308312945708,0.7586839480245142,0.7351388597306039,2402204.0
RN,16454,CARAÚBAS,59,15484.0,-0.01795818815956213,0.02952969996116811,-0.6081398789414505,0.034358047016274866,0.7906711612280377,1.7958188159562132,2402303.0
RN,16470,CARNAÚBA DOS DANTAS,16,5174.0,-0.028551130179652648,0.07767742021568312,-0.36756022664470717,0.059721685349826054,0.5740500752460662,2.8551130179652646,2402402.0
RN,16497,CARNAUBAIS,27,7191.0,-0.09731458078241548,0.0348595766722707,-2.7916168259101397,0.034626616604088445,0.7802206507779874,9.731458078241548,2402501.0
RN,16519,CEARÁ-MIRIM,178,46626.0,-0.007756373266790547,0.009127151339405896,-0.8498131540016104,0.030433663621155578,0.7238498829406278,0.7756373266790547,2402600.0
RN,16535,CERRO CORÁ,27,7157.0,0.052506997703988416,0.05984438935263543,0.8773921544188353,0.03828419728936705,0.7849313788305116,5.250699770398842,2402709.0
RN,16551,CORONEL EZEQUIEL,15,3587.0,0.09537310059618176,0.16825634243073412,0.5668321278019216,0.042375243936437136,0.7826131666094143,9.537310059618175,2402808.0
RN,16578,CORONEL JOÃO PESSOA,13,3219.0,0.197072341686281,0.12066953465692969,1.6331573851392467,0.04007455731593663,0.8494128934178857,19.707234168628098,2402907.0
RN,16594,CRUZETA,20,5525.0,-0.011592251388595775,0.07728600872821784,-0.14999159070771548,0.0367420814479638,0.763802564628716,1.1592251388595776,2403004.0
RN,16616,CURRAIS NOVOS,102,25648.0,0.055470518470497825,0.024572485879705164,2.2574239636174487,0.03867747972551466,0.6336181569993592,5.547051847049782,2403103.0
RN,16632,DOUTOR SEVERIANO,23,4929.0,-0.0007907919405487886,0.05645043290539058,-0.014008607194813455,0.030432136335970784,0.8614755908041909,0.07907919405487886,2403202.0
RN,16659,ENCANTO,15,3982.0,0.04082130536145249,0.09423596788449107,0.43318179117647365,0.026619789050728277,0.860990713613737,4.0821305361452485,2403301.0
RN,16675,EQUADOR,16,3829.0,-0.011602093474545367,0.0724861479918825,-0.16005945681986924,0.04518150953251502,0.7097659821787808,1.1602093474545367,2403400.0
RN,16691,ESPÍRITO SANTO,25,6120.0,0.08053646329149929,0.07650077379731468,1.052753577432785,0.03104575163398693,0.5872767784202976,8.05364632914993,2403509.0
RN,16713,EXTREMOZ,91,23761.0,0.02171543947785625,0.015871249693753687,1.3682249285261143,0.027145322166575482,0.5765018407109568,2.171543947785625,2403608.0
RN,16730,FELIPE GUERRA,19,5838.0,-0.004135791032114668,0.06751821991894201,-0.061254444164550406,0.02723535457348407,0.8397584437453508,0.41357910321146685,2403707.0
RN,16756,FLORÂNIA,28,6643.0,0.1062033977621943,0.07028365229121912,1.511068282594967,0.029956345024838175,0.7560482039627783,10.62033977621943,2403806.0
RN,16772,FRANCISCO DANTAS,13,2308.0,0.19690354845951022,0.15327431179789544,1.2846480675714496,0.025996533795493933,0.827088755542476,19.69035484595102,2403905.0
RN,16799,GALINHOS,10,1897.0,0.01806514873947423,0.03769790108862323,0.4792083436424017,0.024775962045334738,0.5806583495937737,1.806514873947423,2404101.0
RN,16810,GOIANINHA,67,17502.0,0.011006440323160893,0.021067244121301877,0.5224432896769763,0.039538338475602786,0.6499925957085574,1.1006440323160893,2404200.0
RN,16837,GOVERNADOR DIX-SEPT ROSADO,39,9881.0,-0.05993287801886018,0.0786878753453438,-0.7616532757534492,0.04058293694970145,0.7963613040049823,5.993287801886018,2404309.0
RN,16853,GROSSOS,28,7497.0,-0.03532283267929566,0.04010115871871205,-0.8808431927632374,0.03734827264239029,0.691803300327883,3.532283267929566,2404408.0
RN,16870,GUAMARÉ,41,11928.0,0.10270643679327174,0.033632797383019455,3.053758378276504,0.03378604963112005,0.703438015464725,10.270643679327174,2404507.0
RN,16896,IELMO MARINHO,34,8922.0,0.002078816367356987,0.02526344357037507,0.08228555072336578,0.02477023088993499,0.6933775779915586,0.2078816367356987,2404606.0
RN,16918,IPANGUAÇU,37,10321.0,-0.01198176373332648,0.04068296261478951,-0.29451551615788035,0.021606433485127412,0.8177634441218233,1.198176373332648,2404705.0
RN,16934,IPUEIRA,6,1695.0,,,,0.022418879056047197,0.7941947753684272,,2404804.0
RN,16950,ITAÚ,15,4004.0,0.08377077185379589,0.10708739549828916,0.7822654707774102,0.03121878121878122,0.7871328285951115,8.377077185379589,2404903.0
RN,16977,JAÇANÃ,19,4902.0,0.09027868530420662,0.08470083777309699,1.0658535107533644,0.03508771929824561,0.7679244579667875,9.027868530420662,2405009.0
RN,16993,JANDAÍRA,19,4647.0,0.009934745846229338,0.05151085202585623,0.19286704559347073,0.030557348827200344,0.725663614365642,0.9934745846229338,2405108.0
RN,17019,JANDUÍS,15,3508.0,-0.03214790336728769,0.04833120485518281,-0.6651583270811073,0.024230330672748004,0.8165052927167028,3.214790336728769,2405207.0
RN,17035,BOA SAÚDE,25,6104.0,-0.0796300606251612,0.03805721880782928,-2.092377297123441,0.03784403669724771,0.6263702077629534,7.96300606251612,2405306.0
RN,17051,JAPI,18,4432.0,0.025840259795783523,0.0951645073866242,0.2715325335610941,0.030009025270758122,0.8278905524881769,2.5840259795783522,2405405.0
RN,17078,JARDIM DE ANGICOS,10,2251.0,-0.08198879243168553,0.025591067683879146,-3.2038050715380506,0.02265659706796979,0.7888322185865903,8.198879243168552,2405504.0
RN,17094,JARDIM DE PIRANHAS,34,8882.0,0.06403401634918611,0.05570165022237351,1.1495892149253735,0.024318847106507543,0.8291899643109331,6.403401634918611,2405603.0
RN,17116,JARDIM DO SERIDÓ,32,8552.0,-0.0023555608802137604,0.07753476500790556,-0.03038070573856236,0.04677268475210477,0.6842464618462303,0.23555608802137604,2405702.0
RN,17132,JOÃO CÂMARA,88,20960.0,-0.026412297683206434,0.013577488963522668,-1.945300618852706,0.031774809160305346,0.7222333123040208,2.641229768320643,2405801.0
RN,17159,JOÃO DIAS,10,2125.0,0.08974115606767488,0.09950663619645327,0.9018610164904112,0.03623529411764706,0.8165960947191422,8.974115606767489,2405900.0
RN,17175,JOSÉ DA PENHA,16,4262.0,-0.04753083847159698,0.12769886659467025,-0.3722103393639734,0.031206006569685595,0.8725758208881553,4.753083847159698,2406007.0
RN,17191,JUCURUTU,59,12489.0,0.0024219594240626674,0.022890836464403524,0.10580475850364594,0.031227480182560653,0.7418918548201642,0.24219594240626674,2406106.0
RN,17213,MESSIAS TARGINO,14,3679.0,0.06617829917794592,0.09216206215711781,0.7180644359403027,0.02391954335417233,0.7040304088361603,6.617829917794592,2407609.0
RN,17230,LAGOA D'ANTA,18,4593.0,0.06486215569791448,0.07022084605453043,0.9236880405505992,0.02939255388634879,0.7775760935538035,6.486215569791448,2406205.0
RN,17256,LAGOA DE PEDRAS,22,5949.0,-0.08067209458011769,0.05350895369687015,-1.5076373019201152,0.03227433182047403,0.7742684232207284,8.067209458011769,2406304.0
RN,17272,LAGOA DE VELHOS,11,2556.0,-0.1700335000834001,0.17804044040912295,-0.9550274066536595,0.036776212832550864,0.6813967782600111,17.00335000834001,2406403.0
RN,17299,LAGOA NOVA,46,9773.0,-0.032508623892235605,0.04027165370589615,-0.8072333986988977,0.03438043589481224,0.7469875574169925,3.2508623892235606,2406502.0
RN,17310,LAGOA SALGADA,27,7677.0,0.11715544248043806,0.05726437434490636,2.0458695972962984,0.039077764751856196,0.7196799338414361,11.715544248043805,2406601.0
RN,17337,LAJES,28,7020.0,0.006447238384444217,0.09524735143019869,0.06768942430035997,0.031196581196581197,0.7565145531122724,0.6447238384444217,2406700.0
RN,17353,LAJES PINTADAS,17,4130.0,0.05360453825441214,0.054498841418368076,0.9835904187927466,0.03389830508474576,0.7292891597793502,5.360453825441214,2406809.0
RN,17370,LUCRÉCIA,12,2796.0,-0.11704513545248038,0.10313529059956435,-1.1348698856817376,0.018240343347639486,0.8404058836478502,11.704513545248037,2406908.0
RN,17396,LUÍS GOMES,27,5752.0,-0.07965258221168288,0.07091578882909091,-1.1231995515645732,0.030250347705146036,0.8796317862784571,7.965258221168288,2407005.0
RN,17418,MACAÍBA,167,43641.0,-0.01306454881810493,0.010568813917042825,-1.2361414365558643,0.032927751426410946,0.6397113994511225,1.306454881810493,2407104.0
RN,17434,MACAU,78,17406.0,-0.008122282700417628,0.032360782016008505,-0.25099154576671323,0.03159829943697576,0.7806560528909093,0.8122282700417628,2407203.0
RN,17450,MARCELINO VIEIRA,21,5623.0,0.03846346561440734,0.07117874660176102,0.5403785181777242,0.02916592566245776,0.8708706202926046,3.846346561440734,2407302.0
RN,17477,MARTINS,21,5734.0,-0.06515336523916485,0.09363351719176882,-0.6958337910742541,0.03697244506452738,0.7721011348866244,6.515336523916485,2407401.0
RN,17493,MAXARANGUAPE,30,7542.0,-0.0029847336928184153,0.03237514694435609,-0.09219212805268023,0.02784407319013524,0.6659658317558055,0.29847336928184154,2407500.0
RN,17515,FRUTUOSO GOMES,13,3244.0,0.05175886400323267,0.13459013614588125,0.38456654763415665,0.0249691738594328,0.8327928565917297,5.175886400323267,2404002.0
RN,17531,MONTANHAS,34,7398.0,-0.08573071496667706,0.09627798323070744,-0.8904498421123307,0.0373073803730738,0.785817241299478,8.573071496667705,2407708.0
RN,17558,MONTE ALEGRE,51,14147.0,0.055086619469633016,0.016499536355298276,3.338676813905973,0.03343465045592705,0.6364983478342607,5.508661946963302,2407807.0
RN,17574,MONTE DAS GAMELEIRAS,9,2193.0,-0.12812817413586344,0.09465105256643076,-1.3536899026657605,0.03283173734610123,0.7144977377068206,12.812817413586345,2407906.0
RN,17590,MOSSORÓ,540,156221.0,0.01400925704382181,0.008814788485795129,1.5892902100143949,0.036698011150869604,0.6331976220643373,1.400925704382181,2408003.0
RN,17612,NATAL,1414,482570.0,0.0374954680372735,0.004807910849788369,7.798702848020559,0.03394947883208654,0.5297165890529616,3.74954680372735,2408102.0
RN,17639,NÍSIA FLORESTA,64,17291.0,0.021744838571220625,0.028373376435246924,0.7663817741552967,0.03261812503614597,0.5987464441634998,2.1744838571220626,2408201.0
RN,17655,NOVA CRUZ,90,21801.0,0.0147988287406831,0.02542079748314701,0.5821543856165072,0.042704463098023025,0.6873374805233149,1.47988287406831,2408300.0
RN,17671,OLHO D'ÁGUA DO BORGES,18,3524.0,-0.011789946635160163,0.09933717806871532,-0.11868614414438677,0.03745743473325766,0.825757034386015,1.1789946635160162,2408409.0
RN,17698,OURO BRANCO,13,3605.0,0.058780277275190515,0.09359272503794912,0.6280432293360069,0.029680998613037447,0.7441758995452953,5.878027727519052,2408508.0
RN,17710,PARANÁ,13,3158.0,-0.08447743586387398,0.08250313866432146,-1.023929964744557,0.022799240025332488,0.8968553631546484,8.447743586387398,2408607.0
RN,17736,PARAÚ,19,3414.0,0.1553259806525852,0.0958680797845341,1.6202054010227829,0.03866432337434095,0.7409254684269,15.53259806525852,2408706.0
RN,17752,PARAZINHO,16,4116.0,-0.08493555554724884,0.06629796410909085,-1.281118608823199,0.027210884353741496,0.7136209533097395,8.493555554724884,2408805.0
RN,17779,PARELHAS,57,14393.0,0.013776274121402166,0.025719084148832273,0.535644039332079,0.048148405474883624,0.6073750973428815,1.3776274121402166,2408904.0
RN,17795,PARNAMIRIM,396,116339.0,0.009367435793202823,0.009525221500214945,0.9834349566560147,0.032783503382356735,0.46336304522653204,0.9367435793202823,2403251.0
RN,17817,PASSA E FICA,30,7705.0,-0.008942730351735713,0.06791693299566905,-0.13167158700034315,0.04503569110966905,0.6581836660566083,0.8942730351735713,2409100.0
RN,17833,PASSAGEM,12,2968.0,0.14844374200734137,0.10504982100798888,1.4130794377655576,0.03133423180592992,0.6644685145295259,14.844374200734137,2409209.0
RN,17850,PATU,28,7821.0,0.1271256806639442,0.0856978865806591,1.483416753157537,0.030942334739803096,0.7644350221121314,12.71256806639442,2409308.0
RN,17876,PAU DOS FERROS,63,17097.0,0.026259832220589058,0.029828436577916288,0.8803623398763959,0.027022284611335323,0.7644101580408299,2.6259832220589057,2409407.0
RN,17892,PEDRA GRANDE,13,3118.0,0.03286537521922414,0.04214051969741452,0.7798996181160185,0.027261064785118666,0.7551650592195954,3.286537521922414,2409506.0
RN,17914,PEDRA PRETA,10,2504.0,0.2290237203529382,0.05827934788137559,3.9297577731841367,0.026757188498402557,0.7114216467925417,22.90237203529382,2409605.0
RN,17930,PEDRO AVELINO,22,4616.0,-0.03410692620378005,0.05301061345966382,-0.643398066497236,0.032062391681109186,0.7427197705822824,3.410692620378005,2409704.0
RN,17957,PEDRO VELHO,42,9419.0,0.025010869200691583,0.035767736268714635,0.6992578175143871,0.034186219343879394,0.747231548357166,2.501086920069158,
RN,17973,PENDÊNCIAS,38,8667.0,-0.0008966946365862447,0.0403709258830067,-0.022211396369378036,0.027691242644513673,0.7932816449713498,0.08966946365862448,2409902.0
RN,17990,PILÕES,12,2721.0,0.010911543340290892,0.1841380146647599,0.05925741819339344,0.02352076442484381,0.8803205560801564,1.0911543340290892,2410009.0
RN,18015,POÇO BRANCO,41,8999.0,-0.03595816455846865,0.033324525342342745,-1.0790300593653033,0.027003000333370376,0.8105012369365725,3.595816455846865,2410108.0
RN,18031,PORTALEGRE,20,5382.0,-0.011133478189262958,0.06984807301237268,-0.15939563840638535,0.039204756596060944,0.6967526846183706,1.1133478189262958,2410207.0
RN,18058,SERRA CAIADA,23,6873.0,-0.010101748353734294,0.045829470608395005,-0.22042035876984065,0.028371890004364905,0.709181017118638,1.0101748353734294,2410306.0
RN,18074,PUREZA,28,6282.0,-0.08095052925457465,0.07299528192339735,-1.1089830345408582,0.036612543775867555,0.7573737080349323,8.095052925457464,2410405.0
RN,18090,RAFAEL FERNANDES,14,4135.0,0.06203185760045382,0.11350366939645586,0.5465185216504618,0.0282950423216445,0.8342792396364107,6.203185760045383,2410504.0
RN,18112,RIACHO DA CRUZ,8,2280.0,0.18503492105691527,0.14055171184801069,1.3164899852447738,0.02280701754385965,0.7474156054863009,18.503492105691528,2410702.0
RN,18139,RIACHO DE SANTANA,11,3147.0,-0.15933662973844634,0.2893072188664776,-0.5507523468053666,0.032411820781696854,0.8590719293863663,15.933662973844633,2410801.0
RN,18155,RIACHUELO,20,5296.0,0.014096733469376826,0.05239541925021983,0.269045150723127,0.01982628398791541,0.7224420735539281,1.4096733469376825,2410900.0
RN,18171,RODOLFO FERNANDES,15,3454.0,0.22783649053958596,0.12291457072575585,1.8536166151361297,0.03242617255356109,0.8083426413083845,22.783649053958595,2411007.0
RN,18198,RUY BARBOSA,12,3081.0,-0.0044337144786876425,0.10193197853801497,-0.04349679602298814,0.024991885751379422,0.5369469244186328,0.44337144786876426,2411106.0
RN,18210,SÃO FRANCISCO DO OESTE,11,3293.0,0.09047019855497718,0.146858319411716,0.6160372726406106,0.03461888855147282,0.8081777274643159,9.047019855497718,2411908.0
RN,18236,SANTA CRUZ,87,21707.0,-0.024855431145374435,0.018742520816971236,-1.326151982868174,0.0345510664762519,0.6899787946412542,2.4855431145374434,2411205.0
RN,18252,SANTANA DO SERIDÓ,10,2218.0,0.21621640546804333,0.19245405311565833,1.123470261954445,0.05500450856627592,0.6748085037915421,21.621640546804333,2411429.0
RN,18279,SANTANA DO MATOS,40,8879.0,0.11367001721074496,0.0704197474223117,1.6141781442222256,0.034575965761910125,0.7984889478166836,11.367001721074496,2411403.0
RN,18295,SANTO ANTÔNIO,57,15154.0,-0.06335693556758676,0.03420667695532512,-1.8521803696492556,0.03391843737627029,0.73017824675718,6.335693556758676,2411502.0
RN,18317,SÃO BENTO DO NORTE,12,2948.0,-0.0792596963965415,0.04241572150307428,-1.8686395889976026,0.028154681139755767,0.7631398364572423,7.9259696396541495,2411601.0
RN,18333,SÃO BENTO DO TRAIRÍ,12,3336.0,-0.043561805974406544,0.10985314307815819,-0.3965458315872969,0.0368705035971223,0.7540679368757894,4.3561805974406544,2411700.0
RN,18350,SÃO FERNANDO,11,3016.0,0.4702153140056621,0.1395862683771593,3.368635894292623,0.027851458885941646,0.7347886015184764,47.02153140056621,2411809.0
RN,18376,SÃO GONÇALO DO AMARANTE,217,61629.0,-0.023429352726023183,0.009722297810568437,-2.4098575442273282,0.030099466160411495,0.5933072628738997,2.3429352726023183,2412005.0
RN,18392,SÃO JOÃO DO SABUGI,17,4429.0,0.0973193656942121,0.1008636492897537,0.9648606448358829,0.03228719801309551,0.7644222405775281,9.73193656942121,2412104.0
RN,18414,SÃO JOSÉ DE MIPIBU,102,26708.0,0.008868869463208067,0.017878402725164947,0.49606609715333183,0.03538265688183316,0.6311449263859661,0.8868869463208067,2412203.0
RN,18430,SÃO JOSÉ DO CAMPESTRE,31,8245.0,-0.021378298024835155,0.040611765422454774,-0.5264065179745872,0.03529411764705882,0.6704203762596872,2.1378298024835156,2412302.0
RN,18457,SÃO JOSÉ DO SERIDÓ,12,3775.0,0.18690364700059287,0.1822592772882465,1.0254822129301062,0.033112582781456956,0.7647429769208702,18.690364700059288,2412401.0
RN,18473,SÃO MIGUEL,59,13982.0,-0.08783127136894645,0.047909456899058206,-1.8332762893555785,0.04684594478615363,0.8244182308455854,8.783127136894645,2412500.0
RN,18490,SÃO PAULO DO POTENGI,43,11502.0,-0.019296073409411835,0.028876041312717784,-0.6682381840516805,0.030777256129368807,0.5702023340740842,1.9296073409411836,2412609.0
RN,18511,SÃO PEDRO,21,4918.0,-0.11383809305932008,0.08957224742442008,-1.2709080807130044,0.02887352582350549,0.7312484348786333,11.383809305932008,2412708.0
RN,18538,SÃO RAFAEL,23,5854.0,0.02997947967474585,0.0725346618712127,0.41331246195060845,0.036727024256918345,0.7375664837607931,2.997947967474585,2412807.0
RN,18554,SÃO TOMÉ,27,7420.0,0.0920160812370771,0.0603734968446132,1.5241138255401085,0.029919137466307276,0.5715175879491174,9.20160812370771,2412906.0
RN,18570,SÃO VICENTE,20,4244.0,0.02622052659811541,0.08099448816919863,0.32373223401746004,0.04029217719132894,0.715268227292515,2.622052659811541,2413003.0
RN,18597,SENADOR ELÓI DE SOUZA,15,4548.0,0.05043873099538553,0.0692277179839252,0.7285915593389558,0.025945470536499562,0.7246518446590261,5.043873099538553,2413102.0
RN,18619,SENADOR GEORGINO AVELINO,13,3205.0,0.02846331389114864,0.04191862370901915,0.6790135594319265,0.029641185647425898,0.6615805288703983,2.846331389114864,2413201.0
RN,18635,SERRA DE SÃO BENTO,16,4431.0,0.1041857124945397,0.08798320687998101,1.1841545243589577,0.037914691943127965,0.7223984161331,10.41857124945397,2413300.0
RN,18651,SERRA NEGRA DO NORTE,22,5121.0,0.04519861940599019,0.1026781299865675,0.440197142389554,0.032806092560046865,0.6810380710057482,4.519861940599019,2413409.0
RN,18678,SERRINHA,21,5487.0,-0.10345455430791381,0.0790409183797422,-1.308873383920963,0.024968106433388006,0.7098252088332598,10.34545543079138,2413508.0
RN,18694,SEVERIANO MELO,27,5527.0,0.05139589815220856,0.08446763589520356,0.6084685288928163,0.031300886556902476,0.8128976760787087,5.139589815220856,2413607.0
RN,18716,SÍTIO NOVO,16,3907.0,0.24738064217391822,0.07238847347851184,3.4174037700539706,0.034809316611210644,0.8136292742306036,24.738064217391823,2413706.0
RN,18732,TABOLEIRO GRANDE,10,2312.0,-0.000187519449398547,0.10003413639391916,-0.0018745545886468598,0.026816608996539794,0.7617775244674955,0.0187519449398547,2413805.0
RN,18759,TAIPU,34,8399.0,-0.05597071975013653,0.06434275204248874,-0.8698838326526082,0.0358375997142517,0.7885004061438763,5.5970719750136535,2413904.0
RN,18775,TANGARÁ,36,9404.0,0.0693986548350188,0.04681900543250601,1.4822752895736642,0.03934495959166312,0.6681542442732075,6.93986548350188,2414001.0
RN,18791,TENENTE ANANIAS,27,6215.0,0.07755353893198882,0.05257451746065844,1.475116514193824,0.030571198712791632,0.7759210651905226,7.755353893198882,2414100.0
RN,18813,TIBAU DO SUL,38,10326.0,0.03362610980797472,0.029105823170931102,1.1553052325817115,0.031570792175092004,0.6562114793248716,3.3626109807974722,2414209.0
RN,18830,TIMBAÚBA DOS BATISTAS,7,2153.0,,,,0.029261495587552252,0.671705425822776,,2414308.0
RN,18856,TOUROS,83,21050.0,0.0215920968593428,0.008783759911071014,2.4581838618025307,0.03130641330166271,0.6406233280342044,2.15920968593428,2414407.0
RN,18872,UMARIZAL,31,7000.0,-0.07203135977471048,0.07533270733962025,-0.9561764380772033,0.03485714285714286,0.8078021874665955,7.203135977471048,2414506.0
RN,18899,UPANEMA,38,9697.0,-0.08214948193743918,0.053269557422942246,-1.5421468829785858,0.034134268330411464,0.6258659163701681,8.214948193743918,2414605.0
RN,18910,VÁRZEA,20,3976.0,0.01889770651676521,0.06418982390687593,0.2944034640783757,0.028923541247484908,0.6534914568466106,1.8897706516765211,2414704.0
RN,18937,RAFAEL GODEIRO,11,2890.0,0.014954125744790174,0.1432071333661016,0.10442305067695705,0.025259515570934254,0.6084583500053,1.4954125744790174,2410603.0
RN,18953,VERA CRUZ,31,8512.0,0.020754415618424758,0.047007761538594886,0.44151040039174627,0.042528195488721804,0.6832525300435526,2.0754415618424757,2414803.0
RN,18970,VIÇOSA,6,1464.0,,,,0.04371584699453552,0.8049334950689825,,2414902.0
RN,18996,VILA FLOR,9,2484.0,0.3495844673662539,0.1139855329827726,3.0669196188176704,0.03180354267310789,0.7585665072990007,34.95844673662539,2415008.0
RN,30031,BARAÚNA,61,17296.0,0.006766745223835632,0.017632397828393112,0.3837677263009159,0.030006938020351526,0.6912229289853681,0.6766745223835632,2401453.0
RO,19,GUAJARÁ-MIRIM,104,20379.0,-0.00954058448292389,0.008484229818889438,-1.124508020949947,0.02649786544972766,0.34447804963434314,0.954058448292389,1100106.0
RO,35,PORTO VELHO,1159,271850.0,0.04435369655552728,0.005181312286582232,8.560321034960136,0.036472319293728156,0.35391116075233314,4.435369655552728,1100205.0
RO,51,JI-PARANÁ,301,70203.0,0.005662352801877346,0.009930194250766628,0.5702157136996794,0.029585630243721777,0.2453238271557758,0.5662352801877346,1100122.0
RO,78,ARIQUEMES,261,51839.0,0.04853654843530358,0.011655229750077472,4.164357929965384,0.027488956191284553,0.2087227763397135,4.853654843530357,1100023.0
RO,94,CACOAL,235,51987.0,0.05509729792625742,0.009606443764601175,5.7354520857432885,0.03019985765672187,0.24711366670198667,5.509729792625742,1100049.0
RO,116,PIMENTA BUENO,113,20615.0,0.022563788365115925,0.024352634109989668,0.9265440552839439,0.0366723259762309,0.24817641798406076,2.2563788365115927,1100189.0
RO,132,VILHENA,208,50867.0,0.17745266509576624,0.025788375908956686,6.881110532987628,0.04236538423732479,0.22605696259311067,17.745266509576624,1100304.0
RO,159,JARU,133,30456.0,0.06527932650291039,0.0218680815992374,2.9851418930678792,0.0338849487785658,0.23170103255817734,6.5279326502910395,1100114.0
RO,175,OURO PRETO DO OESTE,96,21140.0,-2.392213543091967e-05,0.026992895513190316,-0.0008862382110592733,0.030132450331125826,0.2863970557003024,0.002392213543091967,1100155.0
RO,191,PRESIDENTE MÉDICI,56,11652.0,-0.008956820109114475,0.02310807211379253,-0.3876056844988125,0.03355647099210436,0.2671516068688246,0.8956820109114475,1100254.0
RO,213,COSTA MARQUES,36,6819.0,0.006934323452134906,0.013546674666866298,0.5118838107993773,0.025516937967443906,0.36506235242224927,0.6934323452134906,1100080.0
RO,230,COLORADO DO OESTE,40,10238.0,0.03165932608602175,0.04766141859673603,0.6642548001747866,0.03701894901347919,0.26438785196417797,3.1659326086021746,1100064.0
RO,256,ESPIGÃO DO OESTE,86,18420.0,0.013912180357862205,0.015667579844621374,0.8879597548461327,0.03327904451682953,0.23663895103599,1.3912180357862205,1100098.0
RO,272,CEREJEIRAS,49,10131.0,0.050788304532342725,0.02963676202158531,1.7136927608809671,0.028328891521073932,0.20230574019733083,5.078830453234272,1100056.0
RO,299,ROLIM DE MOURA,136,30627.0,0.0541236016145887,0.022614193495138695,2.3933465337255333,0.03558951252163124,0.259778264444199,5.41236016145887,1100288.0
RO,310,ALTA FLORESTA D'OESTE,72,14189.0,0.05604687907039742,0.014878817561771295,3.766890671097465,0.03256043413912185,0.28911375874517725,5.604687907039742,1100015.0
RO,337,ALVORADA DO OESTE,34,8542.0,-0.00011034793961687628,0.03586027034379224,-0.0030771641864093917,0.03547178646686958,0.3559893784269422,0.011034793961687628,1100346.0
RO,353,SANTA LUZIA D'OESTE,21,5047.0,0.08228785342406843,0.053997078847920765,1.5239315751844054,0.04180701406776303,0.34177794245855125,8.228785342406843,1100296.0
RO,370,NOVA BRASILÂNDIA D'OESTE,47,10648.0,0.06931089813694878,0.03527357672370252,1.9649523687336887,0.031649135987978964,0.27696972597376207,6.931089813694878,1100148.0
RO,396,MACHADINHO D'OESTE,79,16644.0,0.04426291900652664,0.023601740225679492,1.8754091259070416,0.02427301129536169,0.2925885892557702,4.4262919006526635,1100130.0
RO,418,SÃO MIGUEL DO GUAPORÉ,57,12971.0,0.007530304588726333,0.03294473899546042,0.22857381233962615,0.0315318788065685,0.3182760934481456,0.7530304588726333,1100320.0
RO,434,NOVA MAMORÉ,60,13403.0,0.03888972650423947,0.01433894629094259,2.7121746406711034,0.020890845333134372,0.22107784109527528,3.888972650423947,1100338.0
RO,450,CABIXI,14,3621.0,-0.0036868525410519533,0.028907052401444866,-0.12754162859121784,0.030378348522507596,0.3149907612520198,0.3686852541051953,1100031.0
RO,477,CANDEIAS DO JAMARI,60,13354.0,0.005700740728600736,0.017462699317355498,0.3264524358462149,0.02740751834656283,0.37631090920545396,0.5700740728600736,1100809.0
RO,493,ITAPUÃ DO OESTE,24,4509.0,-0.0037575181090182077,0.04827426002362972,-0.07783688672139032,0.02905300510090929,0.3750452831531723,0.37575181090182075,1101104.0
RO,515,NOVO HORIZONTE DO OESTE,21,5450.0,0.042002861839151674,0.0430698994848034,0.9752254437921729,0.032844036697247704,0.35094334269180216,4.200286183915168,1100502.0
RO,531,CASTANHEIRAS,12,2287.0,-0.09308778504162049,0.07340241998935172,-1.2681841423637594,0.030170529077393964,0.3884313108129024,9.30877850416205,1100908.0
RO,558,VALE DO PARAÍSO,23,4453.0,0.010851808820248466,0.05540723908053638,0.19585543333922448,0.026498989445317762,0.3522730799874936,1.0851808820248465,1101807.0
RO,566,URUPÁ,33,6864.0,-0.03411745964363914,0.039507793980267054,-0.8635627608233397,0.03496503496503497,0.3353505975258916,3.411745964363914,1101708.0
RO,574,MIRANTE DA SERRA,35,6529.0,0.0227615198064871,0.04392929627427696,0.5181398687648733,0.02910093429315362,0.3712434819578527,2.27615198064871,1101302.0
RO,582,SERINGUEIRAS,36,7428.0,-0.019601417960314053,0.033426258984933475,-0.5864077690880448,0.031906300484652664,0.3431095967939119,1.9601417960314054,1101500.0
RO,590,THEOBROMA,31,5753.0,0.03637412340125826,0.019343752937673372,1.8804067400187372,0.02659482009386407,0.3189634124987942,3.6374123401258256,1101609.0
RO,604,MINISTRO ANDREAZZA,19,4687.0,0.06436260975265673,0.047287159386361785,1.3611012077671918,0.030936633240879027,0.3456535247810793,6.436260975265673,1101203.0
RO,612,GOVERNADOR JORGE TEIXEIRA,29,5327.0,0.013414153849369807,0.02254535298506474,0.5949853106427772,0.030411113196921344,0.2982765842919846,1.3414153849369808,1101005.0
RO,620,CACAULÂNDIA,16,3000.0,0.0024565391240625764,0.08577809158008677,0.028638304709414374,0.03266666666666666,0.23845867615767183,0.24565391240625764,1100601.0
RO,639,ALTO PARAÍSO,43,8614.0,0.06130986166720724,0.038510170435481106,1.592043373838714,0.024262827954492687,0.23746393106571967,6.130986166720724,1100403.0
RO,647,RIO CRESPO,11,2402.0,-0.11035987609652549,0.1996800727404703,-0.5526834730271921,0.02497918401332223,0.25187710695501614,11.03598760965255,1100262.0
RO,655,CORUMBIARA,24,4363.0,0.06912756389648386,0.03400451861580181,2.0328934715270597,0.03575521430208572,0.36261117238933444,6.912756389648386,1100072.0
RO,663,MONTE NEGRO,38,7266.0,0.08449267138705689,0.03855335062090755,2.1915779050663464,0.026837324525185797,0.2495161511798984,8.44926713870569,1101401.0
RO,671,CAMPO NOVO DE RONDÔNIA,28,5567.0,-0.024371192000670665,0.03765630353164255,-0.6472008592184726,0.029459313813544098,0.27735078364390414,2.4371192000670665,1100700.0
RO,680,CUJUBIM,36,7733.0,0.08183175266171282,0.032361602298719094,2.5286681390603394,0.02405276089486616,0.22935016475327313,8.18317526617128,1100940.0
RO,698,VALE DO ANARI,21,4692.0,0.017780102179189492,0.05254371396730153,0.33838685613761954,0.03175618073316283,0.28883345274040195,1.7780102179189492,1101757.0
RO,701,PARECIS,15,2393.0,-0.0032053461599749335,0.06264980361837898,-0.05116290833886367,0.035102381947346425,0.3914971514809454,0.32053461599749333,1101450.0
RO,710,SÃO FELIPE D'OESTE,13,3538.0,0.03487527154354141,0.08407973370650014,0.41478808276536244,0.048049745618993785,0.319294278192562,3.487527154354141,1101484.0
RO,728,PRIMAVERA DE RONDÔNIA,13,2276.0,0.0717260909081178,0.11728830993513983,0.6115365712728077,0.038224956063268895,0.25545116718976196,7.17260909081178,1101476.0
RO,736,ALTO ALEGRE DOS PARECIS,30,6507.0,0.015353580320068658,0.060690818485702555,0.25298028108956266,0.04318426310127555,0.31949805551667343,1.5353580320068658,1100379.0
RO,744,NOVA UNIÃO,19,4180.0,-0.039620308938146914,0.09980888696592269,-0.3969617349973485,0.03373205741626794,0.4341980173801292,3.9620308938146915,1101435.0
RO,752,TEIXEIRÓPOLIS,16,3068.0,-0.07833302261259487,0.1314047845989376,-0.5961200183971702,0.02607561929595828,0.3680930778124865,7.833302261259487,1101559.0
RO,779,BURITIS,76,16130.0,0.029443868530021296,0.03062329081618232,0.9614861024166032,0.024240545567265966,0.2071910274490334,2.9443868530021295,1100452.0
RO,787,PIMENTEIRAS DO OESTE,8,1467.0,0.20384922565444055,0.08954790143695418,2.2764266094829675,0.019768234492160874,0.3448267231610489,20.384922565444054,1101468.0
RO,795,SÃO FRANCISCO DO GUAPORÉ,45,9322.0,0.039603972855118325,0.017398040073196668,2.276346800472773,0.023385539583780306,0.2830377546739323,3.9603972855118323,1101492.0
RO,809,CHUPINGUAIA,26,5070.0,0.034268147792345285,0.04633889659032353,0.7395115186989831,0.02603550295857988,0.32128952712560127,3.4268147792345287,1100924.0
RR,3000,CAROEBE,26,5249.0,0.0029497027447863543,0.018696974100422464,0.1577636428730842,0.018098685463897885,0.1977528162045079,0.29497027447863544,1400233.0
RR,3018,BOA VISTA,741,186321.0,0.03478214497112026,0.007698864721639349,4.517827787434348,0.02205870513790716,0.20540812676572925,3.478214497112026,1400100.0
RR,3026,IRACEMA,23,4347.0,0.06795610619131165,0.027105775635598836,2.5070710797909372,0.02507476420519899,0.2973199344549835,6.795610619131165,1400282.0
RR,3034,CARACARAÍ,55,9966.0,0.0035117842573138556,0.010870017628121141,0.3230707048927629,0.016054585591009432,0.27834040687624206,0.3511784257313856,1400209.0
RR,3042,AMAJARI,27,4722.0,0.017114656606057845,0.021830309879389678,0.7839859672452955,0.009741634900465904,0.2280611114526357,1.7114656606057845,1400027.0
RR,3050,ALTO ALEGRE,43,8259.0,-0.006016779509945821,0.011652505917375034,-0.5163506933709606,0.012834483593655407,0.2602911092575963,0.6016779509945821,1400050.0
RR,3069,CANTÁ,53,9907.0,-5.586099913593965e-05,0.007323196597190805,-0.007627952956686709,0.014131422226708388,0.27234412294583127,0.005586099913593965,1400175.0
RR,3077,BONFIM,41,7676.0,-0.0016331837899026056,0.00778498689441622,-0.20978632489079801,0.012376237623762377,0.31412165219295435,0.16331837899026055,1400159.0
RR,3085,RORAINÓPOLIS,80,15048.0,0.018165832675104517,0.017451663925087096,1.0409226737967827,0.017211589580010633,0.26689441338363823,1.8165832675104516,1400472.0
RR,3093,MUCAJAÍ,44,9563.0,0.024329494761061197,0.029359583834442142,0.8286730117924874,0.01673115131234968,0.2118012093954965,2.4329494761061197,1400308.0
RR,3107,UIRAMUTÃ,26,5262.0,-0.0005404581713044804,0.008183903216474985,-0.06603916945357884,0.016343595591030026,0.6819601205113913,0.054045817130448044,1400704.0
RR,3115,NORMANDIA,30,6093.0,-0.005515253507246335,0.006351124452121104,-0.868390085696461,0.008206138191367143,0.4177770973675761,0.5515253507246335,1400407.0
RR,3123,PACARAIMA,36,6065.0,-0.008000161989796977,0.006643323600988918,-1.2042408996313354,0.010222588623248145,0.360313009459082,0.8000161989796978,1400456.0
RR,3131,SÃO JOÃO DA BALIZA,21,3768.0,-0.027220068859441674,0.02222993853361568,-1.2244779182938368,0.019639065817409766,0.3308853829587156,2.7220068859441673,1400506.0
RR,3158,SÃO LUIZ,22,4023.0,-0.011470136656328254,0.019001297592445596,-0.6036501770746684,0.017648521004225703,0.2775537139606024,1.1470136656328254,1400605.0
RS,84735,ÁUREA,11,2841.0,-0.01564958866306437,0.06942020750448867,-0.2254327554704079,0.04329461457233368,0.39879649770410214,1.5649588663064369,4301552.0
RS,84743,TRÊS ARROIOS,8,2133.0,0.008886292336402752,0.06474073123052046,0.13725968439808914,0.037037037037037035,0.31797200455542374,0.8886292336402751,4321634.0
RS,84751,NOVA ROMA DO SUL,11,2712.0,-0.1828150454556805,0.09742490249365167,-1.8764714233878035,0.0306047197640118,0.22338357061740008,18.28150454556805,4313359.0
RS,84760,PROGRESSO,24,4362.0,-0.006046108560808667,0.03128260325496214,-0.19327383055467467,0.03209536909674461,0.4705772008915176,0.6046108560808667,4315156.0
RS,84778,PIRAPÓ,11,1761.0,0.026727221210121523,0.03758507088980315,0.7111126992013371,0.043725156161272004,0.5797910683624405,2.672722121012152,4314555.0
RS,84786,JABOTICABA,13,2744.0,0.13551082713635967,0.04617444627562519,2.934758033208811,0.04846938775510204,0.5018875570116965,13.551082713635967,4310850.0
RS,84794,SÃO JORGE,7,2213.0,,,,0.03253502033438771,0.20290642421181485,,4318440.0
RS,84808,ALTO ALEGRE,7,1535.0,,,,0.04625407166123779,0.4431426140423365,,4300554.0
RS,84816,NOVA HARTZ,44,12479.0,0.0768517001895069,0.043188487292355436,1.7794487607142937,0.040868659347704145,0.38462907450295164,7.68517001895069,4313060.0
RS,84824,DOIS LAJEADOS,9,2578.0,0.053869209723078404,0.12354829529550634,0.4360174261751851,0.03491078355314197,0.23360482007101438,5.38692097230784,4306452.0
RS,84832,SÃO DOMINGOS DO SUL,9,2292.0,0.30739805474415044,0.10830302421436712,2.83831459900611,0.04013961605584642,0.35919841815919296,30.739805474415043,4318051.0
RS,84840,TUNAS,14,2788.0,-0.03570247240326962,0.03238187078050393,-1.1025450828728807,0.036585365853658534,0.6287695894807511,3.5702472403269616,4322152.0
RS,84859,SÃO JOÃO DA URTIGA,14,3663.0,0.0295385888085056,0.05315643320104184,0.5556917014501014,0.0546000546000546,0.363492550631598,2.95385888085056,4318424.0
RS,84867,GUABIJU,4,1218.0,,,,0.041050903119868636,0.24838850959288855,,4309258.0
RS,84875,QUINZE DE NOVEMBRO,11,3085.0,0.008107426102489781,0.05733602181720516,0.14140196416726175,0.029497568881685577,0.2942883446801757,0.8107426102489781,4315354.0
RS,84883,DOUTOR MAURÍCIO CARDOSO,17,3353.0,0.03001375306010298,0.033563428149596286,0.8942397935731722,0.03250820161049806,0.3521261961653509,3.001375306010298,4306734.0
RS,84891,CAPELA DE SANTANA,25,6583.0,0.0003852948599263573,0.045794866690696136,0.008413494519564467,0.03721707428224214,0.45219479837638893,0.038529485992635726,4304689.0
RS,84905,JAQUIRANA,14,2776.0,0.14239967072932738,0.10198608207169416,1.3962657240742251,0.04935158501440922,0.470171121715185,14.239967072932739,4311122.0
RS,84913,VANINI,6,1763.0,,,,0.05388542257515598,0.3357494141568316,,4322558.0
RS,84921,BOQUEIRÃO DO LEÃO,23,4652.0,-0.037037135589121306,0.027169061436426136,-1.3632099760157645,0.03546861564918315,0.4524704042701829,3.7037135589121304,4302451.0
RS,84930,FAGUNDES VARELA,8,2113.0,-0.03948347593724675,0.04647331566916647,-0.8495945548262817,0.023663038334122102,0.20839090191105686,3.948347593724675,4307864.0
RS,84948,ÁGUA SANTA,13,2763.0,0.09537051631554379,0.08526028263987001,1.1185808135117061,0.028954035468693448,0.3040215630478443,9.537051631554379,4300059.0
RS,84956,SILVEIRA MARTINS,9,1888.0,0.006047766987058587,0.14542755880772026,0.04158611364063915,0.05296610169491525,0.40213512643147076,0.6047766987058587,4320651.0
RS,84964,IBIRAPUITÃ,14,2983.0,0.036663752892559055,0.04510666345432129,0.812823429728687,0.03486423064029501,0.4513094808242039,3.6663752892559054,4309951.0
RS,84972,IBARAMA,16,3033.0,-0.07458851801944556,0.07029297103145504,-1.0611091966232062,0.04154302670623145,0.473561105912817,7.458851801944556,4309753.0
RS,84980,PANTANO GRANDE,29,6670.0,0.042817651344944474,0.029620415039002035,1.4455452865385332,0.04527736131934033,0.5853230241720242,4.281765134494448,4313953.0
RS,84999,IPÊ,19,4688.0,0.05000292960966321,0.04849145785341872,1.0311698559530507,0.03455631399317406,0.22487080335135726,5.000292960966321,4310439.0
RS,85006,TRINDADE DO SUL,15,4422.0,0.037953450834751844,0.04157389010977409,0.9129155519134093,0.042740841248303935,0.5212182853981598,3.7953450834751843,4321956.0
RS,85014,AGUDO,48,11001.0,0.01728699747210752,0.014235577514298386,1.2143516801298895,0.039723661485319514,0.4185155658050364,1.7286997472107521,4300109.0
RS,85022,ERNESTINA,10,2396.0,-0.18114358425939306,0.08420477014334551,-2.1512271092364994,0.02337228714524207,0.4449334501561075,18.114358425939304,4307054.0
RS,85030,AJURICABA,21,5071.0,0.08525914459383072,0.045496486893879584,1.8739720451976305,0.028002366397160323,0.3372449687420027,8.525914459383072,4300208.0
RS,85049,DEZESSEIS DE NOVEMBRO,12,2081.0,0.028905350501060707,0.04434096298248442,0.651888199010899,0.04324843825084094,0.5552494405170485,2.8905350501060707,4306353.0
RS,85057,ALECRIM,28,4714.0,0.0259310332091019,0.030395590515186775,0.8531182572730669,0.03648705982180738,0.4694148949726358,2.59310332091019,4300307.0
RS,85065,BROCHIER,15,3403.0,-0.025555526329362782,0.07394064085294276,-0.3456221914574561,0.0531883632089333,0.383517754482468,2.555552632936278,4302659.0
RS,85073,ALEGRETE,193,42899.0,0.07960795769020292,0.013976320870399017,5.695916574068333,0.03958134222242943,0.5292039667454038,7.960795769020292,4300406.0
RS,85081,EREBANGO,8,2141.0,-0.059944800436306345,0.06804175710812752,-0.8810001825944321,0.04156936011209715,0.39056445413954866,5.9944800436306345,4306973.0
RS,85090,ALPESTRE,22,5172.0,0.08808059012206722,0.04982955919224982,1.7676373532071445,0.043503480278422275,0.5060445239799378,8.808059012206721,4300505.0
RS,85103,ENTRE-IJUÍS,26,6108.0,0.011576398137399005,0.04633672244807145,0.2498320452071771,0.03880157170923379,0.4572057731998812,1.1576398137399004,4306932.0
RS,85111,ALVORADA,419,108621.0,0.05049154714221246,0.013839304746471758,3.6484164535133137,0.05002715865256258,0.49662865283935365,5.049154714221246,4300604.0
RS,85120,NOVA ESPERANÇA DO SUL,13,3578.0,0.04284648947894913,0.07670740122246712,0.5585704742451848,0.06595863610955842,0.4663581211157116,4.2846489478949135,4313037.0
RS,85138,ANTA GORDA,16,4227.0,0.145691792008893,0.1094540209640692,1.3310775677827285,0.043529690087532526,0.17774993970444913,14.569179200889302,4300703.0
RS,85146,PAVERAMA,21,4845.0,-0.06997937835690687,0.03798894979225205,-1.8420982611943477,0.04107327141382869,0.3995013046598224,6.997937835690688,4314159.0
RS,85154,ANTÔNIO PRADO,40,9341.0,0.022559814347701962,0.04006685384682376,0.5630543000443334,0.034899903650572744,0.19684999389374522,2.255981434770196,4300802.0
RS,85162,TERRA DE AREIA,25,6268.0,-0.02597117629678742,0.04896909409816078,-0.5303585205135103,0.046266751754945754,0.3997207728197033,2.597117629678742,4321436.0
RS,85170,ARATIBA,20,5461.0,-0.021151704975574764,0.022180500044494775,-0.9536171381683815,0.03808826222303607,0.4253428047343433,2.1151704975574765,4300901.0
RS,85189,HARMONIA,12,3517.0,0.07744050117653427,0.10037896954603515,0.7714813324619657,0.038384987205004266,0.28518268336428343,7.744050117653427,4309555.0
RS,85197,ARROIO DO MEIO,53,14108.0,0.06653064337116835,0.0289804839412574,2.295705051234618,0.03381060391267366,0.32087033661639996,6.6530643371168345,4301008.0
RS,85200,CAMPOS BORGES,11,2648.0,0.017200302528834123,0.03300789903773044,0.5210965565900733,0.04682779456193353,0.46088655951942076,1.7200302528834124,4304101.0
RS,85219,ARROIO DOS RATOS,36,8230.0,-0.02523632415669905,0.05009011516367457,-0.503818449493214,0.06111786148238153,0.537393112147202,2.5236324156699053,4301107.0
RS,85227,CERRO GRANDE,8,2424.0,0.32042085777690366,0.1830824343526124,1.750145276961856,0.07384488448844885,0.5737281735436323,32.04208577769037,4305157.0
RS,85235,ARROIO DO TIGRE,39,8655.0,0.05461896247524409,0.021523640421481145,2.5376266005974046,0.04205661467359908,0.4238429134822106,5.461896247524408,4301206.0
RS,85243,IPIRANGA DO SUL,7,1730.0,,,,0.03005780346820809,0.21355979422692176,,4310462.0
RS,85251,ARROIO GRANDE,52,11893.0,0.031605799385827166,0.02676284817577036,1.1809579899063716,0.04885226603884638,0.6262701327544935,3.1605799385827167,4301305.0
RS,85260,LAGOÃO,20,3813.0,0.04117180755748676,0.044347868189763044,0.928383014518623,0.05192761605035405,0.6571029283413747,4.117180755748676,4311254.0
RS,85278,ARVOREZINHA,29,7440.0,0.06462135650055646,0.02939414797433481,2.1984429198961615,0.044623655913978495,0.3373119980713714,6.462135650055647,4301404.0
RS,85286,ESTAÇÃO,16,4217.0,0.09728774779404072,0.03404800264604507,2.8573701901230733,0.04552999762864596,0.3129579069565217,9.728774779404072,4307559.0
RS,85294,AUGUSTO PESTANA,26,5155.0,0.05398809880963635,0.035925747242893775,1.5027689875070132,0.027352085354025217,0.3157748722845891,5.398809880963635,4301503.0
RS,85308,ARROIO DO SAL,25,6281.0,-0.003712539516700778,0.0757848266445387,-0.048987900099238604,0.043623626811017356,0.3647372315272954,0.3712539516700778,4301057.0
RS,85316,BAGÉ,273,68909.0,0.05742976236430504,0.012233115435622754,4.69461460300374,0.045814044609557535,0.5372717221927538,5.742976236430504,4301602.0
RS,85324,SÃO JOSÉ DO HORTÊNCIO,11,3214.0,0.08315250062497119,0.06083177148535368,1.366925515969753,0.02924704418170504,0.2046600092563286,8.31525006249712,4318481.0
RS,85332,BARÃO DE COTEGIPE,20,4761.0,0.02884590606377544,0.05703497713269481,0.5057581770685023,0.04914933837429111,0.3924097856216868,2.884590606377544,4301701.0
RS,85340,PINHAL,6,2006.0,,,,0.043369890329012964,0.4237857081053706,,4314456.0
RS,85359,BARRACÃO,16,3590.0,0.06123736731945944,0.055120524340267325,1.11097214789598,0.05097493036211699,0.48825312963588907,6.123736731945944,4301800.0
RS,85367,TRÊS CACHOEIRAS,27,6956.0,0.013815843950173459,0.036856544105515775,0.37485456885540835,0.03076480736055204,0.27949689428135377,1.3815843950173459,4321667.0
RS,85375,BARRA DO RIBEIRO,33,8106.0,0.010651251489538487,0.03367177556075197,0.31632580439130903,0.05181347150259067,0.46805740616108077,1.0651251489538487,4301909.0
RS,85383,SÃO VENDELINO,7,2004.0,,,,0.04091816367265469,0.2861551483571731,,4319752.0
RS,85391,BARROS CASSAL,29,6769.0,0.01241068897429849,0.027889076269312318,0.445001794052052,0.04904712660658886,0.5393545304691125,1.241068897429849,4302006.0
RS,85405,PROTÁSIO ALVES,6,1688.0,,,,0.043246445497630334,0.1918366340540995,,4315172.0
RS,85413,BENTO GONÇALVES,265,76571.0,0.06325398738560506,0.009987356149140378,6.333406603413196,0.035614005302268485,0.24234240428451825,6.325398738560506,4302105.0
RS,85421,POUSO NOVO,6,1429.0,,,,0.03568929321203639,0.4398181821129253,,4315131.0
RS,85430,BOA VISTA DO BURICÁ,19,4876.0,0.06179015240780948,0.0394260611901345,1.567241325726728,0.03199343724364233,0.35259247370746416,6.179015240780948,4302204.0
RS,85448,EUGÊNIO DE CASTRO,8,2059.0,-0.1445919625632201,0.16527805764752268,-0.8748406450394134,0.042739193783389993,0.4005847287737036,14.45919625632201,4307831.0
RS,85456,BOM JESUS,34,6667.0,0.05997576748616678,0.04807723891498158,1.2474877684266814,0.05384730763461827,0.48342041621325416,5.9975767486166776,4302303.0
RS,85464,CRISTAL,19,5022.0,-0.006292214174545294,0.02604671518893163,-0.2415741919433713,0.050975706889685383,0.4772934995046608,0.6292214174545294,4306056.0
RS,85472,BOM RETIRO DO SUL,34,8188.0,0.023622928996710126,0.042221847386078405,0.559495390637483,0.044821690278456276,0.36195665893554024,2.3622928996710124,4302402.0
RS,85480,SÃO MIGUEL DAS MISSÕES,20,4850.0,-0.02586679859501443,0.025562826417891964,-1.0118911802690844,0.03422680412371134,0.5244408457827137,2.586679859501443,4319158.0
RS,85499,BOSSOROCA,23,4111.0,-0.01990940138114717,0.0500874763137243,-0.39749260386856144,0.06056920457309657,0.5770145517244726,1.990940138114717,4302501.0
RS,85502,GLORINHA,19,5333.0,0.009172540006218668,0.07467462169286702,0.12283343120163186,0.044440277517344834,0.3238120381182344,0.9172540006218668,4309050.0
RS,85510,BRAGA,12,2301.0,0.0034995737654118946,0.05624580526386832,0.06221928460254408,0.05215123859191656,0.5979258114258189,0.34995737654118947,4302600.0
RS,85529,SEGREDO,28,4665.0,0.024136459537032216,0.02747488558219229,0.8784917216425514,0.04137191854233655,0.477791972220975,2.4136459537032215,4320263.0
RS,85537,BUTIÁ,46,11892.0,0.07200578194710613,0.041853351703497084,1.7204304796714678,0.049697275479313824,0.56174726528105,7.200578194710613,4302709.0
RS,85545,ALEGRIA,14,2796.0,0.04296243999922419,0.05319620401250558,0.8076222880325146,0.04148783977110158,0.48763908927848043,4.296243999922419,4300455.0
RS,85553,CAÇAPAVA DO SUL,92,20319.0,0.07345939785415469,0.021903352349524122,3.353797020744666,0.06191249569368571,0.6283229678206539,7.345939785415469,4302808.0
RS,85561,SALDANHA MARINHO,9,2350.0,-0.010038722658882906,0.06701423905247554,-0.14979984553763384,0.03702127659574468,0.36981705007883997,1.0038722658882906,4316436.0
RS,85570,CACEQUI,32,6722.0,-0.03182543920759089,0.02979841209691733,-1.0680246686998218,0.04418327878607557,0.5488998590554146,3.1825439207590893,4302907.0
RS,85588,SÃO JOSÉ DO HERVAL,7,1600.0,,,,0.05375,0.5185750571758182,,4318465.0
RS,85596,CACHOEIRA DO SUL,216,49825.0,0.05789933398030637,0.014091923020365823,4.108689346133209,0.046422478675363775,0.3994113361652624,5.7899333980306364,4303004.0
RS,85600,VISTA ALEGRE,9,2155.0,-0.004107534046192575,0.054192453588413216,-0.07579531418505102,0.02459396751740139,0.5494516611563176,0.4107534046192575,4323507.0
RS,85618,CACHOEIRINHA,276,83049.0,0.07963549700017038,0.01903261543153577,4.1841594123853145,0.04887476068345194,0.41458176981757605,7.963549700017038,4303103.0
RS,85626,IVORÁ,8,1533.0,-0.14082091549561282,0.08656364906091622,-1.6267904255805448,0.06457925636007827,0.4900508740966548,14.082091549561282,4310751.0
RS,85634,CACIQUE DOBLE,14,3463.0,0.06282491834395279,0.03011962675346365,2.0858465099248997,0.050534218885359514,0.39421219296115007,6.282491834395279,4303202.0
RS,85642,VILA MARIA,14,3126.0,0.04030205582340647,0.04613750011951342,0.8735205791169665,0.03390914907229686,0.3194126250136861,4.030205582340647,4323408.0
RS,85650,CAIBATÉ,16,3394.0,-0.048728856069082484,0.04378951833371209,-1.1127972611557082,0.04419563936358279,0.5310673012255622,4.872885606908248,4303301.0
RS,85669,TAQUARUÇU DO SUL,10,2413.0,0.01896665103569559,0.06313737939455805,0.300402886809242,0.035640281806879406,0.4659886524826335,1.896665103569559,4321329.0
RS,85677,CAIÇARA,16,3654.0,0.07053007729244949,0.030676117196745005,2.299185286067864,0.03284072249589491,0.406964173715933,7.053007729244949,4303400.0
RS,85685,IMBÉ,56,15493.0,-0.027156765759982163,0.03633967711668544,-0.7473034411610959,0.037178080423417026,0.4217586894468308,2.7156765759982164,4310330.0
RS,85693,CAMAQUÃ,165,40079.0,0.022155995061785422,0.013607906264413702,1.6281707583278988,0.04199206567030116,0.4071188773883543,2.2155995061785423,4303509.0
RS,85707,SEDE NOVA,11,2095.0,0.09885754493852902,0.08357820565349039,1.1828148757869454,0.0405727923627685,0.48407295348680396,9.885754493852902,4320230.0
RS,85715,CAMBARÁ DO SUL,19,4124.0,-0.024713243648875772,0.0493070927426711,-0.5012107239388819,0.049466537342386034,0.34171579221513315,2.471324364887577,4303608.0
RS,85723,TUPANDI,13,3753.0,-0.009138858512398816,0.05731621727287327,-0.15944629543310898,0.032773780975219824,0.2115522592031199,0.9138858512398815,4322251.0
RS,85731,CAMPINA DAS MISSÕES,27,4425.0,-0.00742461646341623,0.0428104279108242,-0.17343009228690723,0.04112994350282486,0.4404213527813252,0.742461646341623,4303707.0
RS,85740,RIOZINHO,14,3469.0,-0.029969502493055404,0.05351239727963899,-0.5600478396892629,0.051888152205246466,0.4479321467473409,2.99695024930554,4315750.0
RS,85758,CAMPINAS DO SUL,18,4009.0,0.07174461825951574,0.03524291464985009,2.0357175044210174,0.030930406585183336,0.2618665885748721,7.174461825951574,4303806.0
RS,85766,RELVADO,8,1707.0,-0.029397313257644424,0.09420699259760389,-0.31205022522279446,0.03866432337434095,0.2869397490925927,2.9397313257644426,4315453.0
RS,85774,CAMPO BOM,162,43433.0,0.002584384803375337,0.01615232767464605,0.16000076617019038,0.039854488522551974,0.3204002161482873,0.2584384803375337,4303905.0
RS,85782,IMIGRANTE,8,2184.0,0.12006534048113766,0.08796559529071062,1.3649124988507508,0.04716117216117216,0.3352221786379937,12.006534048113766,4310363.0
RS,85790,CAMPO NOVO,16,3281.0,-0.07737336682439387,0.032244732357586445,-2.399566104824241,0.03779335568424261,0.5133094977228616,7.737336682439387,4304002.0
RS,85804,CIDREIRA,38,8148.0,0.01298541053869302,0.04418956701720512,0.29385693083702713,0.04185076092292587,0.4975491408081284,1.298541053869302,4305454.0
RS,85812,CANDELÁRIA,85,18538.0,0.07832389205983331,0.02231585686050589,3.509786451375264,0.052055237889739994,0.41333648736972917,7.832389205983331,4304200.0
RS,85820,MONTAURI,5,1291.0,,,,0.041053446940356314,0.23435443258375277,,4312351.0
RS,85839,CÂNDIDO GODÓI,26,5024.0,0.028741584317743905,0.017232100117465964,1.6679095479843606,0.032245222929936306,0.3059137652504417,2.8741584317743905,4304309.0
RS,85847,VISTA GAÚCHA,13,2186.0,-0.035959026645202924,0.06840812714900196,-0.5256543066422416,0.04391582799634035,0.47396671155898984,3.5959026645202923,4323705.0
RS,85855,CANELA,97,26797.0,0.0845558383569953,0.02647739924489658,3.1935099657982127,0.0514983020487368,0.3338640498550158,8.45558383569953,4304408.0
RS,85863,VISTA ALEGRE DO PRATA,5,1406.0,,,,0.03627311522048364,0.25196377753516963,,4323606.0
RS,85871,CANGUÇU,156,34992.0,0.06361068746234594,0.013804679573352591,4.60790756673083,0.059613625971650666,0.415658613411867,6.361068746234594,4304507.0
RS,85880,CASEIROS,10,2618.0,-0.014052289628344657,0.08598845753274202,-0.16342065006799236,0.040870893812070284,0.40177885257276513,1.4052289628344656,4304952.0
RS,85898,CANOAS,753,207042.0,0.040731418221827485,0.00837009722111341,4.866301686327282,0.04853121588856367,0.45119723036991755,4.073141822182748,4304606.0
RS,85901,ITACURUBI,12,2151.0,-0.012427994113725947,0.04991204387996065,-0.24899790005826034,0.0502092050209205,0.506465168148035,1.2427994113725946,4310553.0
RS,85910,CARAZINHO,149,38286.0,0.036421677567304626,0.012546101470406884,2.9030274984794486,0.037611659614480486,0.39604735002647945,3.6421677567304624,4304705.0
RS,85928,ENTRE RIOS DO SUL,9,2157.0,0.057483335688686465,0.0707199266887513,0.8128308155872249,0.03523412146499768,0.49459162689988695,5.748333568868647,4306957.0
RS,85936,CARLOS BARBOSA,72,20178.0,-0.0005477534898487296,0.02795837068804295,-0.019591752894348353,0.03811081375755774,0.25405570741456834,0.05477534898487296,4304804.0
RS,85944,CERRO GRANDE DO SUL,23,5868.0,0.1310679890931215,0.04564470071365177,2.8714831523458906,0.05385139740967962,0.4760676528596823,13.10679890931215,4305173.0
RS,85952,CASCA,22,6556.0,0.08584797475470415,0.035635020917311105,2.4090900621023668,0.03828553996339231,0.2775952168051114,8.584797475470415,4304903.0
RS,85960,CAMARGO,11,2170.0,0.07892221108673554,0.04856745244595533,1.6250020767417899,0.029953917050691243,0.3553356798859108,7.892221108673554,4303558.0
RS,85979,CATUÍPE,33,6549.0,-0.00023149738419617563,0.04683548607426376,-0.004942777445057502,0.044128874637349214,0.4282734340614717,0.023149738419617562,4305009.0
RS,85987,PARAÍSO DO SUL,21,4592.0,0.03950002734282687,0.03032958705984203,1.302359549600561,0.037456445993031356,0.3764549388732997,3.950002734282687,4314027.0
RS,85995,CAXIAS DO SUL,1094,286300.0,0.09087788817456044,0.006076637582211102,14.95529179502141,0.0504575619979043,0.33623527650900487,9.087788817456044,4305108.0
RS,86010,CERRO LARGO,39,8564.0,0.06693033622882237,0.023876254722131895,2.8032175484701063,0.04297057449789818,0.5007976963201566,6.693033622882237,4305207.0
RS,86029,FAXINALZINHO,8,1947.0,0.07010590857577711,0.08928756667925403,0.7851698862801043,0.03800719054956343,0.399321225540719,7.010590857577712,4308052.0
RS,86037,CHAPADA,29,6851.0,0.04786297274597539,0.0498855369303234,0.9594559002707942,0.04787622244927748,0.3759394779804829,4.786297274597539,4305306.0
RS,86045,AMARAL FERRADOR,15,3751.0,-0.18748324632804605,0.060994368325171425,-3.0737796205797356,0.06611570247933884,0.4976183184334118,18.748324632804607,4300638.0
RS,86053,CHIAPETTA,13,2935.0,-0.023070190931758033,0.038660375772853195,-0.5967399558479619,0.03373083475298126,0.44379735968653833,2.3070190931758034,4305405.0
RS,86061,VILA FLORES,12,2940.0,-0.06773214275479222,0.055597907108623466,-1.218249863658747,0.028231292517006804,0.21863140655187066,6.773214275479223,4323309.0
RS,86070,CIRÍACO,14,3228.0,0.02688094454720955,0.06649797347723467,0.4042370487637813,0.055762081784386616,0.4096381886860108,2.688094454720955,4305504.0
RS,86088,CERRO BRANCO,19,2991.0,0.012989080943624042,0.031078839971945823,0.41793969644134066,0.05115346038114343,0.3934600151114846,1.2989080943624043,4305132.0
RS,86096,COLORADO,11,2597.0,0.050449515484289775,0.019644285842702475,2.5681521786158967,0.02887947631882942,0.2950160811917808,5.044951548428978,4305603.0
RS,86100,ANDRÉ DA ROCHA,4,1090.0,,,,0.03394495412844037,0.3040464324721137,,4300661.0
RS,86118,CONDOR,19,4785.0,0.03977475843463061,0.05128291169660565,0.7755947764811344,0.037199582027168235,0.3769951780592046,3.977475843463061,4305702.0
RS,86126,POÇO DAS ANTAS,7,1696.0,,,,0.04068396226415094,0.2815853111900901,,4314753.0
RS,86134,CONSTANTINA,25,7020.0,0.07520242350382411,0.0289902829755643,2.5940562072888937,0.038176638176638175,0.4415300616090399,7.520242350382411,4305801.0
RS,86142,TRÊS PALMEIRAS,12,3339.0,0.03775087437416514,0.028094409682811416,1.3437148101838101,0.03623839472896077,0.548930735386539,3.775087437416514,4321857.0
RS,86150,CORONEL BICACO,24,4863.0,0.023729453620958362,0.03539826597282196,0.6703563852302069,0.036602920008225376,0.5188704172572549,2.372945362095836,4305900.0
RS,86169,NOVA ALVORADA,10,2445.0,-0.022271016112755348,0.04474365301410598,-0.49774693420168753,0.043353783231083846,0.2687470796066869,2.227101611275535,4312757.0
RS,86177,CRISSIUMAL,45,8810.0,0.00032199201603681473,0.026873080875936036,0.011981953893688016,0.04267877412031782,0.4493750035993737,0.03219920160368147,4306007.0
RS,86185,MORRO REDONDO,22,4343.0,0.020927990556300232,0.04524062668171667,0.46259285273689565,0.06815565277457979,0.41207240739946266,2.092799055630023,4312450.0
RS,86193,CRUZ ALTA,156,36921.0,0.0526476747792267,0.010946985403570805,4.809330864920448,0.037160423607161236,0.46053493400478984,5.26476747792267,4306106.0
RS,86207,SANTA MARIA DO HERVAL,19,4707.0,0.04988257737062517,0.06512179957473696,0.7659889268474144,0.053749734438070955,0.3465726991351346,4.988257737062517,4316956.0
RS,86215,CRUZEIRO DO SUL,39,8098.0,0.07119197378282305,0.03623544175365961,1.9647055572499816,0.04223265003704618,0.35302242553785734,7.119197378282305,4306205.0
RS,86223,BARÃO,17,4421.0,0.017934831311584243,0.039662640647089104,0.4521844995436658,0.045917213300158334,0.27748041062394985,1.7934831311584243,4301651.0
RS,86231,DAVID CANABARRO,12,3498.0,0.013690055567040497,0.06418429011401627,0.21329293418563378,0.0494568324757004,0.392237756929026,1.3690055567040498,4306304.0
RS,86240,ELDORADO DO SUL,75,21434.0,0.00461806673598542,0.031396368990379044,0.147089198034351,0.05076047401324998,0.487087840571897,0.461806673598542,4306767.0
RS,86258,DOIS IRMÃOS,83,21248.0,0.048451010268275065,0.013944214106929175,3.474631836311143,0.039721385542168676,0.32917389786097717,4.845101026827506,4306403.0
RS,86274,DOM FELICIANO,36,8594.0,0.04901492243215118,0.039584504124438945,1.2382351002318106,0.0670235047707703,0.533225903229957,4.901492243215118,4306502.0
RS,86282,ALTO FELIZ,8,2359.0,0.13610895150356736,0.08279130333820149,1.6440005896218823,0.04493429419245443,0.2459591211780517,13.610895150356736,4300570.0
RS,86290,DOM PEDRITO,110,22192.0,0.057985177754826346,0.013378677713513535,4.334148635351061,0.04483597692862293,0.5346942401295527,5.798517775482635,4306601.0
RS,86304,AMETISTA DO SUL,19,5089.0,0.0651669240263085,0.028473709578386002,2.2886699692889967,0.03360188642169385,0.43222265323224357,6.5166924026308495,4300646.0
RS,86312,DONA FRANCISCA,11,2520.0,-0.017854110983039524,0.03642229222971975,-0.49019734591199016,0.044444444444444446,0.4532514789297009,1.7854110983039524,4306700.0
RS,86320,ARAMBARÉ,13,2724.0,0.05745003506696959,0.12482157589041792,0.46025724845362903,0.04368575624082232,0.46685921939638786,5.74500350669696,4300851.0
RS,86339,ENCANTADO,58,14313.0,0.02483568851307739,0.026676145060188564,0.9310074021955344,0.03849647173897855,0.3066253770424376,2.483568851307739,4306809.0
RS,86347,BARÃO DO TRIUNFO,15,3850.0,-0.06680928963198511,0.05394256476894252,-1.238526382980785,0.05922077922077922,0.37996051326057617,6.680928963198511,4301750.0
RS,86355,ENCRUZILHADA DO SUL,72,15273.0,0.003533573935461902,0.024201689429252646,0.1460052590870314,0.06678452170496955,0.5902952464325045,0.35335739354619017,4306908.0
RS,86363,BARRA DO GUARITA,10,2112.0,-0.00565787484814718,0.09442890577694117,-0.05991676808701082,0.034564393939393936,0.5350502678555579,0.5657874848147181,4301859.0
RS,86371,ERECHIM,244,66648.0,0.0746815244084511,0.009851069732235922,7.581057330664175,0.038875885247869404,0.33093110943750487,7.4681524408451105,4307005.0
RS,86380,BARRA DO RIO AZUL,6,1535.0,,,,0.05537459283387622,0.4610102675792384,,4301925.0
RS,86398,HERVAL,19,4015.0,0.05620915141805566,0.06529980580872219,0.8607858893593788,0.05653798256537983,0.6826114640096516,5.620915141805566,4307104.0
RS,86401,BARRA FUNDA,11,2337.0,-0.03750821546635404,0.04601320932560584,-0.8151619071152496,0.030380830124090714,0.4163714432669923,3.7508215466354042,4301958.0
RS,86410,ERVAL GRANDE,16,3595.0,0.003158143315539135,0.04318276795904368,0.07313434188689452,0.04951321279554938,0.5317829557710513,0.31581433155391353,4307203.0
RS,86428,BOA VISTA DAS MISSÕES,6,1628.0,,,,0.033783783783783786,0.5187439328228401,,4302154.0
RS,86436,ERVAL SECO,25,4641.0,0.003784115861528078,0.023223965533717427,0.16294012562299734,0.04417151475975006,0.5354631456614343,0.3784115861528078,4307302.0
RS,86444,BOM PROGRESSO,7,1848.0,,,,0.036255411255411256,0.5173541163037637,,4302378.0
RS,86452,ESMERALDA,11,2189.0,0.08319189231238383,0.0382168042090937,2.1768406342199667,0.03928734582000914,0.45254902757339693,8.319189231238383,4307401.0
RS,86460,CAMPESTRE DA SERRA,11,2301.0,0.039181854210708876,0.08081651611718653,0.48482483647146996,0.03998261625380269,0.19565537589611912,3.9181854210708877,4303673.0
RS,86479,ESPUMOSO,42,10683.0,0.04952496334677911,0.020134490445400003,2.4597078074103313,0.034634465973977346,0.42098920875680745,4.952496334677911,4307500.0
RS,86487,CANDIOTA,26,6320.0,-0.03650353748816023,0.0482463358979039,-0.7566074564793253,0.04050632911392405,0.6743854032903781,3.650353748816023,4304358.0
RS,86495,ESTÂNCIA VELHA,107,30687.0,0.06384802022554995,0.027681881067456063,2.3064913858260976,0.0435363508977743,0.28726616680721034,6.384802022554995,4307609.0
RS,86509,CAPITÃO,12,2381.0,0.06404885967252517,0.04767180268679169,1.3435376063567874,0.04577908441831163,0.38589511566102486,6.404885967252517,4304697.0
RS,86517,ESTEIO,215,53682.0,0.03345759900915392,0.017360759167377747,1.9271967709812725,0.0446704668231437,0.4904706758105462,3.3457599009153918,4307708.0
RS,86525,CARLOS GOMES,5,1231.0,,,,0.043866774979691305,0.5021361408165748,,4304853.0
RS,86533,ESTRELA,81,20666.0,0.049020163806241315,0.019622806019744362,2.4981220197008263,0.032178457369592565,0.27830011958577167,4.902016380624132,4307807.0
RS,86541,CENTENÁRIO,9,2358.0,-0.06408076187216988,0.0886159930446961,-0.7231286325465974,0.028413910093299407,0.47179337580116737,6.408076187216988,4305116.0
RS,86550,FARROUPILHA,176,48065.0,0.048471962673005624,0.01684038769978457,2.878316315343839,0.04115260584624987,0.2546937408665594,4.847196267300562,4307906.0
RS,86568,CHARRUA,16,2118.0,0.03605649234722732,0.013597868459751496,2.6516282646762903,0.046742209631728045,0.4903410813600564,3.605649234722732,4305371.0
RS,86576,FAXINAL DO SOTURNO,21,4790.0,0.048596280207144724,0.03776149927976526,1.2869266616536423,0.044467640918580374,0.4014506905481072,4.859628020714473,4308003.0
RS,86584,COLINAS,9,1932.0,0.06409919452371299,0.06421803140982,0.9981494779036648,0.04813664596273292,0.3300615020772188,6.409919452371299,4305587.0
RS,86592,FELIZ,35,9370.0,0.09503303959330549,0.054352831304768395,1.7484469035372625,0.042689434364994665,0.314778448357107,9.503303959330548,4308102.0
RS,86606,COQUEIROS DO SUL,10,2037.0,-0.05031427972879295,0.06164920378942285,-0.8161383543679338,0.03043691703485518,0.3390724603429654,5.031427972879295,4305850.0
RS,86614,FLORES DA CUNHA,78,21384.0,0.09595843710810745,0.029298766614658772,3.2751698516925787,0.036616161616161616,0.17946593513069778,9.595843710810744,4308201.0
RS,86622,CORONEL BARROS,10,2216.0,0.02604620920830328,0.05480942174380368,0.47521408509017626,0.03655234657039711,0.34621313067071896,2.604620920830328,4305871.0
RS,86630,FONTOURA XAVIER,32,6722.0,0.11790298414529153,0.029436822975136424,4.005289030167329,0.04730734900327284,0.5757656106439932,11.790298414529152,4308300.0
RS,86649,COXILHA,10,2313.0,0.062422162370672135,0.029702876699429042,2.101552755389246,0.02637267617812365,0.4371643349144198,6.242216237067214,4305975.0
RS,86657,FORMIGUEIRO,20,4625.0,0.09022491761326745,0.041130132945456366,2.1936451733068023,0.06594594594594595,0.5235720948873712,9.022491761326744,4308409.0
RS,86665,DERRUBADAS,15,2231.0,-0.010943797032598351,0.06534885515241068,-0.16746731074438173,0.03003137606454505,0.4777273088181665,1.094379703259835,4306320.0
RS,86673,FREDERICO WESTPHALEN,81,20856.0,0.011121669940652,0.01814361094724439,0.6129799615407391,0.03375527426160337,0.3929883124670105,1.1121669940652,4308508.0
RS,86681,DOIS IRMÃOS DAS MISSÕES,8,1643.0,0.05781897123179441,0.04568568810340938,1.265581709110332,0.035909920876445525,0.5277502663939779,5.781897123179441,4306429.0
RS,86690,GARIBALDI,79,22519.0,0.08077257630197676,0.022427211316579862,3.6015434626178275,0.03614725343043652,0.24226410309661942,8.077257630197677,4308607.0
RS,86703,ENGENHO VELHO,4,1014.0,,,,0.0601577909270217,0.5591668406058864,,4306924.0
RS,86711,GAURAMA,19,4531.0,0.03065153341359378,0.06316812922008402,0.4852373149567371,0.042374751710439196,0.3169699544012471,3.0651533413593777,4308706.0
RS,86720,GARRUCHOS,12,2011.0,0.07433912811312648,0.0650042470642669,1.1436041715802137,0.029835902536051714,0.6252539980725722,7.4339128113126485,4308656.0
RS,86738,GENERAL CÂMARA,23,5078.0,0.0628471876596719,0.04646794645635976,1.3524847223170204,0.04844426939740055,0.5221398210537209,6.28471876596719,4308805.0
RS,86746,GENTIL,7,1381.0,,,,0.03186097031136857,0.25512311373667773,,4308854.0
RS,86754,SÃO VICENTE DO SUL,22,5625.0,0.080760883158349,0.08568304324837635,0.9425538600938919,0.04622222222222222,0.5168237430438003,8.0760883158349,4319802.0
RS,86762,GRAMADO DOS LOUREIROS,6,1866.0,,,,0.04340836012861737,0.5868236821306736,,4309126.0
RS,86770,GETÚLIO VARGAS,42,10723.0,0.06891600205821811,0.026073000292366432,2.64319415814969,0.04485684976219342,0.28309272008515474,6.8916002058218115,4308904.0
RS,86789,GRAMADO XAVIER,15,2502.0,0.011549485530829465,0.04621074433791463,0.24993074005417898,0.045563549160671464,0.5423602332808598,1.1549485530829466,4309159.0
RS,86797,GIRUÁ,48,10744.0,0.058483789907221854,0.018027730105263033,3.244101701419861,0.03164556962025317,0.3557480963280088,5.8483789907221855,4309001.0
RS,86800,HULHA NEGRA,17,3886.0,-0.011900974554687978,0.02707653327304884,-0.43953095600070213,0.03988677303139475,0.6140598477597717,1.1900974554687977,4309654.0
RS,86819,GRAMADO,98,26707.0,0.03501379101846286,0.03578021397645889,0.9785796988665219,0.041300033699030216,0.2517395243964628,3.501379101846286,4309100.0
RS,86827,INHACORÁ,9,1594.0,0.05945275223116138,0.03834339111431774,1.5505345381139548,0.035759096612296114,0.504486221354024,5.945275223116138,4310413.0
RS,86835,GRAVATAÍ,536,152539.0,0.021175276562483355,0.010593470585954478,1.9988988868821642,0.049757766866178485,0.39834909313529876,2.1175276562483356,4309209.0
RS,86843,ITAPUCA,6,1498.0,,,,0.04739652870493992,0.38829784124538985,,4310579.0
RS,86851,GUAÍBA,228,60020.0,0.030546070658324403,0.01853357307319082,1.6481479603363638,0.04908363878707098,0.4990169704668056,3.0546070658324402,4309308.0
RS,86860,LAJEADO DO BUGRE,6,1658.0,,,,0.04342581423401689,0.582338087216258,,4311429.0
RS,86878,GUAPORÉ,56,16225.0,0.06984637771757876,0.03122955755945839,2.2365471423857755,0.03587057010785824,0.24751196015985227,6.9846377717578765,4309407.0
RS,86886,LAGOA DOS TRÊS CANTOS,5,1393.0,,,,0.02799712849964106,0.2523141677800369,,4311270.0
RS,86894,GUARANI DAS MISSÕES,26,5124.0,0.05231396751656471,0.041569924178650804,1.2584571309714285,0.03649492583918813,0.4549729491856534,5.2313967516564714,4309506.0
RS,86908,LINDOLFO COLLOR,15,3943.0,-0.09220972683050477,0.033486676647196206,-2.753624308616644,0.044128835911742326,0.4265692501140162,9.220972683050476,4311627.0
RS,86916,HORIZONTINA,57,12080.0,0.04791969012343802,0.017304168539481468,2.7692570153893086,0.02574503311258278,0.3042882722318223,4.7919690123438015,4309605.0
RS,86924,LINHA NOVA,4,1223.0,,,,0.05478331970564186,0.3217705224583563,,4311643.0
RS,86932,CHARQUEADAS,81,20501.0,0.03428659211285584,0.0344895784519556,0.9941145601595995,0.04541241890639481,0.546811365890632,3.4286592112855843,4305355.0
RS,86940,MANOEL VIANA,18,4418.0,0.002455348264323281,0.03709888526417896,0.06618388253013242,0.03644182888184699,0.5335045914198703,0.2455348264323281,4311759.0
RS,86959,HUMAITÁ,19,3535.0,0.00710512816051368,0.030206118553664327,0.23522148825214592,0.03253182461103253,0.415588206942903,0.710512816051368,4309704.0
RS,86967,MAQUINÉ,20,4945.0,0.08032159948456843,0.05190392199458529,1.5475053983964397,0.04469160768452983,0.5229455742042614,8.032159948456844,4311775.0
RS,86975,IBIAÇÁ,16,3454.0,0.018093093910353245,0.04829321461514605,0.37465085011505456,0.049797336421540245,0.33591184729488016,1.8093093910353246,4309803.0
RS,86983,MARATÁ,9,2012.0,0.1754307706982492,0.08843496786220303,1.9837262899399777,0.03578528827037773,0.28855100944321993,17.543077069824918,4311791.0
RS,86991,IBIRAIARAS,19,4725.0,0.06792041120561708,0.03820146510990083,1.77795304473843,0.03746031746031746,0.28120074588266436,6.7920411205617075,4309902.0
RS,87009,MARIANA PIMENTEL,13,2934.0,0.032960153392176034,0.05227123000951507,0.6305601262142905,0.04942058623040218,0.405398215499716,3.2960153392176035,4311981.0
RS,87017,IBIRUBÁ,55,14006.0,0.041576423938528465,0.020502517388361743,2.027869219714908,0.03255747536769956,0.3161124074526932,4.157642393852846,4310009.0
RS,87025,MATO CASTELHANO,8,2384.0,-0.008277827764472046,0.0835432285031401,-0.09908436521771374,0.028523489932885907,0.23831894858310199,0.8277827764472047,4312138.0
RS,87033,IGREJINHA,80,22988.0,0.06948503056449962,0.024482377629587045,2.8381651331334217,0.036497302940664694,0.3257440304292883,6.948503056449962,4310108.0
RS,87041,MATO LEITÃO,14,3369.0,0.0576635005350209,0.04282323389482979,1.346547079481142,0.04778866132383497,0.3481266796073638,5.76635005350209,4312153.0
RS,87050,IJUÍ,230,53229.0,0.05380439310037633,0.008990705926347887,5.984445886801706,0.03268894775404385,0.4141428961915541,5.380439310037633,4310207.0
RS,87068,MINAS DO LEÃO,20,5124.0,0.03817646672090112,0.07118157334517308,0.5363251320081972,0.04839968774395004,0.5244791837835682,3.8176466720901123,4312252.0
RS,87076,ILÓPOLIS,14,3035.0,0.12682694236000666,0.07484111611201259,1.6946158602203145,0.047775947281713346,0.228397532498012,12.682694236000666,4310306.0
RS,87084,MONTE BELO DO SUL,13,2664.0,0.056676633218607615,0.07676766426113676,0.7382878424672856,0.031156156156156155,0.17447532188544596,5.667663321860761,4312385.0
RS,87092,INDEPENDÊNCIA,22,4684.0,0.027730275164295746,0.029772817261014096,0.9313957399861871,0.028821520068317678,0.38555790000093115,2.7730275164295746,4310405.0
RS,87106,MORMAÇO,8,2255.0,-0.005286749333044333,0.03647204853828875,-0.14495345188779968,0.03503325942350333,0.41216528690689813,0.5286749333044333,4312427.0
RS,87114,IRAÍ,23,4918.0,-0.026656402476518008,0.032974808803151824,-0.8083868699784581,0.04290361935746238,0.5021926726069167,2.6656402476518006,4310504.0
RS,87122,MORRINHOS DO SUL,11,2711.0,0.1552317438171733,0.061794065041252365,2.512081762440195,0.03467355219476208,0.33252857117031664,15.52317438171733,4312443.0
RS,87130,ITAQUI,80,20076.0,0.04447497173858433,0.020482091141658026,2.1714077645191106,0.03247658896194461,0.4584398526258498,4.447497173858433,4310603.0
RS,87149,MORRO REUTER,19,4735.0,0.0001674784840743228,0.04614618610864009,0.0036293028351256375,0.03928194297782471,0.24576901026537593,0.016747848407432278,4312476.0
RS,87157,ITATIBA DO SUL,13,3000.0,0.05462666235487497,0.035510807964977534,1.53831088295007,0.043666666666666666,0.5869426165073844,5.462666235487497,4310702.0
RS,87165,MULITERNO,7,1774.0,,,,0.05298759864712514,0.479594422451385,,4312625.0
RS,87173,IVOTI,52,14703.0,0.012121088490418952,0.024015116275980436,0.5047274537888574,0.03971978507787526,0.28400522289093844,1.2121088490418952,4310801.0
RS,87181,NICOLAU VERGUEIRO,8,1804.0,0.06330710347491796,0.047412373105791265,1.335244353486816,0.033813747228381374,0.3544959167512359,6.330710347491795,4312674.0
RS,87190,JACUTINGA,11,2565.0,-0.012520011661518438,0.12380941305194232,-0.10112326157515876,0.044444444444444446,0.3594346475999794,1.2520011661518438,4310900.0
RS,87203,NOVA BOA VISTA,11,1784.0,0.22031919337830577,0.12732423716955232,1.730379056462879,0.04035874439461883,0.3288166274067167,22.031919337830576,4312955.0
RS,87211,JAGUARÃO,65,15955.0,0.03264313169129451,0.02301136104821009,1.4185658824310878,0.05177060482607333,0.576257784942507,3.2643131691294505,4311007.0
RS,87220,NOVA PÁDUA,7,2104.0,,,,0.028517110266159697,0.1100768682647468,,4313086.0
RS,87238,JAGUARI,36,7389.0,-0.054842977062429826,0.027409038769961556,-2.0009084420185506,0.056299905264582485,0.4359509612407887,5.484297706242983,4311106.0
RS,87246,NOVA SANTA RITA,56,15198.0,-0.025724404157499457,0.022144004975685267,-1.1616870654493425,0.03770232925384919,0.442434811297942,2.572440415749946,4313375.0
RS,87254,JÚLIO DE CASTILHOS,55,12439.0,0.026320556125260578,0.015030656527641233,1.7511248478639192,0.038990272529946135,0.5590811321286282,2.6320556125260577,4311205.0
RS,87262,NOVO BARREIRO,12,3193.0,-0.058392279829438835,0.03962073534433901,-1.4737808201175118,0.03977450673347949,0.5198128429246696,5.839227982943884,4313490.0
RS,87270,LAGOA VERMELHA,74,16819.0,0.07263132306270101,0.015260636846476943,4.759390043376113,0.041916879719365,0.4067903515548177,7.2631323062701005,4311304.0
RS,87289,NOVO MACHADO,13,2718.0,0.021320108428385554,0.04090637484606917,0.5211928093998355,0.03200883002207505,0.3568252814970984,2.1320108428385556,4313425.0
RS,87297,LAJEADO,177,50067.0,0.0615341401613542,0.010941324926064682,5.624011769796373,0.03613158367787165,0.3376246462120727,6.15341401613542,4311403.0
RS,87300,NOVO TIRADENTES,8,1575.0,-0.1501166666069108,0.15263335762096114,-0.9835115268819539,0.04698412698412698,0.5424233866460298,15.01166666069108,4313441.0
RS,87319,LAVRAS DO SUL,20,4476.0,0.09139848160955441,0.04121208594664502,2.217759172100216,0.049821268990169795,0.60817480899296,9.139848160955442,4311502.0
RS,87327,PARECI NOVO,10,2873.0,-0.13115607920695166,0.08633053415336113,-1.5192316425838461,0.029933867037939436,0.24383204963343671,13.115607920695165,4314035.0
RS,87335,LIBERATO SALZANO,16,3610.0,0.1036172946818598,0.040244557351651125,2.5746908774885227,0.056509695290858725,0.5791773961417862,10.361729468185981,4311601.0
RS,87343,PASSO DO SOBRADO,18,4371.0,0.16310722058753999,0.05111400899740611,3.1910473036035425,0.03912148249828414,0.44722325139821273,16.310722058754,4314076.0
RS,87351,MACHADINHO,16,4099.0,0.04443679763150398,0.08166887444128329,0.5441093431923357,0.046840692851915104,0.4002191141633273,4.443679763150398,4311700.0
RS,87360,PICADA CAFÉ,14,3808.0,-0.15513158011645836,0.09959265190527236,-1.5576609031759883,0.04569327731092437,0.2764775688896645,15.513158011645837,4314423.0
RS,87378,MARAU,107,26942.0,0.03335408502464168,0.010787818306877766,3.0918285862653816,0.036745601662831265,0.302635328430489,3.335408502464168,4311809.0
RS,87386,PINHAL GRANDE,14,2978.0,0.023421662262716556,0.0395777738918674,0.5917882679988056,0.039959704499664205,0.5390188884061906,2.342166226271656,4314472.0
RS,87394,MARCELINO RAMOS,17,3297.0,0.12803678853228787,0.05146855873624066,2.4876699809768144,0.040339702760084924,0.4230680605474037,12.803678853228787,4311908.0
RS,87408,PINHEIRINHO DO VALE,14,3109.0,0.02309565702483437,0.03179577437323507,0.7263750444862809,0.03827597298166613,0.47554724806085197,2.309565702483437,4314498.0
RS,87416,MARIANO MORO,8,1856.0,0.07935209078755213,0.09646550377033955,0.8225955153509569,0.0447198275862069,0.48871814868012936,7.935209078755213,4312005.0
RS,87424,PONTÃO,11,2893.0,-0.025146596039731343,0.03830992893009248,-0.6563989216899505,0.032837884548911164,0.48927351208931386,2.514659603973134,4314779.0
RS,87432,MATA,15,3319.0,-0.05585055966114289,0.10284962690737955,-0.5430312324947828,0.05332931605905393,0.48373531560287003,5.58505596611429,4312104.0
RS,87440,PONTE PRETA,8,1588.0,0.08681189420949867,0.07044267331970411,1.2323764859902866,0.039672544080604534,0.3322213928168645,8.681189420949867,4314787.0
RS,87459,MAXIMILIANO DE ALMEIDA,18,3385.0,0.0454644864755988,0.048599190993990134,0.9354988333287487,0.041949778434268836,0.33334402193776524,4.54644864755988,4312203.0
RS,87467,PORTO MAUÁ,9,1904.0,0.05586877796268412,0.05309777003150369,1.0521868984241023,0.030987394957983194,0.35634784742658276,5.586877796268412,4315057.0
RS,87475,MIRAGUAÍ,17,3541.0,-0.0305660920732025,0.03925000008036303,-0.7787539365762923,0.03643038689635696,0.566769183686765,3.0566092073202498,4312302.0
RS,87483,PORTO VERA CRUZ,9,1422.0,0.023961874575351202,0.052723023146592406,0.4544859749170113,0.02812939521800281,0.4740912622593356,2.3961874575351203,4315073.0
RS,87491,MONTENEGRO,147,37654.0,0.06357096694243469,0.020499873136829144,3.1010419683147195,0.04666170924735752,0.40266056192682614,6.357096694243469,4312401.0
RS,87505,PRESIDENTE LUCENA,8,2300.0,0.026739868989923386,0.10756946528120376,0.24858233626076973,0.043478260869565216,0.24005615651052564,2.6739868989923385,4315149.0
RS,87513,MOSTARDAS,31,7184.0,0.015999809278690033,0.04151065358251772,0.3854386259393511,0.05526169265033407,0.44020530689317877,1.5999809278690034,4312500.0
RS,87521,QUEVEDOS,11,1924.0,-0.01440544060084786,0.04845594428752134,-0.2972894412163511,0.05041580041580042,0.5570100851176084,1.4405440600847859,4315321.0
RS,87530,MUÇUM,17,3519.0,0.014937925943768006,0.07675419416785592,0.1946203214784567,0.04489911906791702,0.27942156073435337,1.4937925943768007,4312609.0
RS,87548,RIO DOS ÍNDIOS,9,2360.0,0.0011521430874642414,0.04355442878055469,0.026452949096616947,0.03771186440677966,0.5812474074897558,0.11521430874642413,4315552.0
RS,87556,NÃO-ME-TOQUE,40,11147.0,0.056487027340677703,0.013862144166149094,4.074912702078023,0.02781017314075536,0.30662645563187674,5.64870273406777,4312658.0
RS,87564,SAGRADA FAMÍLIA,7,1884.0,,,,0.04246284501061571,0.5187507705067411,,4316428.0
RS,87572,NONOAI,27,7779.0,0.03180791584910422,0.018069114682609716,1.7603472227511596,0.03419462655868363,0.49322998905720794,3.1807915849104216,4312708.0
RS,87580,SALVADOR DAS MISSÕES,10,2314.0,-0.017999084338391414,0.037722287041417724,-0.47714721852970005,0.03975799481417459,0.3851420956975849,1.7999084338391413,4316477.0
RS,87599,NOVA ARAÇÁ,13,3366.0,-0.05109943373988701,0.03902017393312115,-1.3095644788121443,0.030600118835412953,0.21733662727246048,5.109943373988701,4312807.0
RS,87602,SANTA CLARA DO SUL,18,4563.0,0.05307618555754734,0.05354325680461921,0.9912767493995327,0.04689896997589305,0.29114684465363677,5.307618555754734,4316758.0
RS,87610,NOVA BASSANO,20,6332.0,0.21188136080592349,0.09535420915727655,2.222045179531067,0.02969046114971573,0.16169968363132736,21.188136080592347,4312906.0
RS,87629,SANTA TEREZA,6,1501.0,,,,0.04063957361758828,0.2701413217595952,,4317251.0
RS,87637,NOVA BRÉSCIA,11,2390.0,0.009575861329546865,0.0861425961584848,0.11116290611823719,0.03933054393305439,0.22433299465796758,0.9575861329546865,4313003.0
RS,87645,SANTO ANTÔNIO DO PALMA,7,1687.0,,,,0.05038529934795495,0.456054800059882,,4317558.0
RS,87653,NOVA PALMA,19,4433.0,0.06783907144807558,0.0440351267179271,1.5405671904302178,0.046244078502143016,0.44706405311727904,6.783907144807558,4313102.0
RS,87661,SANTO ANTÔNIO DO PLANALTO,8,1788.0,0.04229779467735478,0.0462109051535077,0.9153206269569059,0.025727069351230425,0.28949936337589727,4.2297794677354785,4317756.0
RS,87670,NOVA PETRÓPOLIS,56,14400.0,-0.034665846331171465,0.03921490327861508,-0.8839967316730746,0.043958333333333335,0.24041033207146562,3.4665846331171464,4313201.0
RS,87688,SANTO EXPEDITO DO SUL,9,1932.0,0.1942451787970489,0.11804020397633247,1.6455849130521312,0.04296066252587992,0.38166100017736454,19.42451787970489,4317954.0
RS,87696,NOVA PRATA,53,16078.0,0.04719609233920095,0.04022344784881874,1.1733477576708278,0.03414603806443588,0.23011407283799742,4.719609233920095,4313300.0
RS,87700,SÃO JOÃO DO POLÊSINE,10,2111.0,0.012802556550003058,0.03136237720202217,0.40821384385293286,0.03694931312174325,0.34606454151217714,1.280255655000306,4318432.0
RS,87718,NOVO HAMBURGO,549,145884.0,0.025580838561187952,0.010548732036582369,2.425015487404092,0.040792684598722276,0.3154653952502319,2.5580838561187953,4313409.0
RS,87726,SÃO JOSÉ DOS AUSENTES,11,2447.0,-0.049267340240544036,0.05035101422937873,-0.9784776135015292,0.03677973028197793,0.35278715991139353,4.9267340240544035,4318622.0
RS,87734,OSÓRIO,111,29562.0,0.021064094336494855,0.023886344059352613,0.881846727324824,0.0446857452134497,0.48206065041052876,2.1064094336494854,4313508.0
RS,87742,SÃO JOSÉ DO INHACORÁ,9,1975.0,-0.016586307572931225,0.06144480193768382,-0.26993833570743303,0.03189873417721519,0.3696837080525215,1.6586307572931225,4318499.0
RS,87750,PAIM FILHO,17,3315.0,-0.013167777950683362,0.03419940755896342,-0.3850294168979598,0.0334841628959276,0.4630827399418578,1.3167777950683361,4313607.0
RS,87769,SÃO JOSÉ DAS MISSÕES,8,1867.0,0.001490319012393632,0.06520853641199721,0.022854661282037912,0.032137118371719335,0.6037684736273069,0.14903190123936322,4318457.0
RS,87777,PALMEIRA DAS MISSÕES,76,20105.0,0.06366560837058678,0.017872136602011018,3.5622829988566096,0.039243969161900025,0.46530426640683037,6.366560837058678,4313706.0
RS,87785,SÃO MARTINHO DA SERRA,13,2498.0,-0.020666087628066137,0.02068236050191654,-0.9992132003574304,0.04323458767013611,0.4124259839179418,2.066608762806614,4319125.0
RS,87793,PALMITINHO,20,5130.0,0.05654885809378036,0.02828794805673066,1.9990441858975867,0.043469785575048735,0.5491963706964225,5.654885809378036,4313805.0
RS,87807,SÃO PEDRO DA SERRA,10,2813.0,0.029696295456903207,0.07835116256139157,0.37901537751446707,0.043370067543547816,0.2553300064559609,2.969629545690321,4319356.0
RS,87815,PANAMBI,99,27000.0,0.036323067804083516,0.015542540517432027,2.337009690490734,0.03059259259259259,0.2963010860325348,3.6323067804083515,4313904.0
RS,87823,SÃO PEDRO DO BUTIÁ,9,2247.0,0.0818030918420218,0.05152486587957767,1.5876429845195417,0.039163328882955054,0.3825453748548095,8.18030918420218,4319372.0
RS,87831,PARAÍ,19,5314.0,-0.016593983134482414,0.0570414210791463,-0.2909111102168699,0.03631915694392172,0.24074194013083997,1.6593983134482415,4314001.0
RS,87840,SÃO VALENTIM DO SUL,8,1881.0,-0.0671214770455771,0.17321530547754202,-0.3875031531453185,0.03083466241360978,0.23910940023930397,6.71214770455771,4319711.0
RS,87858,PASSO FUNDO,436,122417.0,0.04184469326104723,0.006660704589071623,6.282322343150125,0.03614694037592818,0.43316526447821846,4.184469326104723,4314100.0
RS,87866,SÃO VALÉRIO DO SUL,9,1799.0,0.020032251346192093,0.025951233085915106,0.7719190560183629,0.03668704836020011,0.6064091906797445,2.003225134619209,4319737.0
RS,87874,PEDRO OSÓRIO,27,5367.0,0.07812392662024789,0.07050262785546534,1.1080994992187623,0.05366126327557295,0.6642650297217791,7.812392662024789,4314209.0
RS,87882,SENTINELA DO SUL,14,3414.0,0.025559734540942267,0.07123289442249459,0.3588192610754109,0.06033977738722906,0.5028936205244167,2.555973454094227,4320354.0
RS,87890,PEJUÇARA,13,2651.0,0.05605686284706885,0.05329938236038986,1.05173569307115,0.03809883062995096,0.38582419121518136,5.605686284706885,4314308.0
RS,87904,SÉRIO,12,1722.0,-0.026327462507224807,0.05110966199664306,-0.5151171320396136,0.05574912891986063,0.45527682889369436,2.6327462507224806,4320453.0
RS,87912,PELOTAS,755,203552.0,-0.0003328111381875328,0.00665115104285077,-0.05003812664054094,0.057656028926269455,0.5622750715391184,0.03328111381875328,4314407.0
RS,87920,SERTÃO SANTANA,18,4428.0,0.015584740900605711,0.05035628110213236,0.3094895127183204,0.04584462511291779,0.34257943675849534,1.5584740900605711,4320552.0
RS,87939,PINHEIRO MACHADO,37,7659.0,-0.011468459828202989,0.04931399816537538,-0.23255992729981664,0.07181094137615877,0.6714964432936178,1.1468459828202988,4314506.0
RS,87947,SINIMBU,32,5984.0,-0.03336104843785693,0.024134845418504036,-1.3822772783238637,0.04395053475935829,0.462421880933632,3.336104843785693,4320677.0
RS,87955,PIRATINI,56,11991.0,-0.021200297244430476,0.023488235330601563,-0.9025921677823853,0.058877491451922274,0.6293382374342879,2.1200297244430475,4314605.0
RS,87963,TIRADENTES DO SUL,16,3698.0,0.003951262210201558,0.0662135385543134,0.05967453630288058,0.04326663061114116,0.5466569663647385,0.3951262210201558,4321477.0
RS,87971,PLANALTO,27,6503.0,0.16462491735903734,0.021714118878626308,7.581468917952794,0.0424419498692911,0.44825549788625074,16.462491735903733,4314704.0
RS,87980,TRAVESSEIRO,9,1728.0,-0.08095887899015049,0.05005813526662391,-1.6172971397943692,0.043402777777777776,0.4235105207310951,8.095887899015048,4321626.0
RS,87998,PORTÃO,75,21001.0,0.010899333479930464,0.025434319910265072,0.4285285990891224,0.04656921098995286,0.38420070555203667,1.0899333479930464,4314803.0
RS,88005,TRÊS FORQUILHAS,10,2417.0,0.07669487984773206,0.032288958036588836,2.3752664846237472,0.04054613156805958,0.4614132988282969,7.669487984773206,4321832.0
RS,88013,PORTO ALEGRE,3045,858443.0,0.012527086279136278,0.0030067989290389475,4.166253405956968,0.046766063675747836,0.5351098906455412,1.252708627913628,4314902.0
RS,88021,TUPANCI DO SUL,5,1240.0,,,,0.04758064516129032,0.36913639184044156,,4322186.0
RS,88030,PORTO LUCENA,23,3267.0,0.06701793850900492,0.03264216576317784,2.053109435054853,0.03489439853076217,0.46765100345670546,6.701793850900492,4315008.0
RS,88048,UNIÃO DA SERRA,6,1309.0,,,,0.03208556149732621,0.211314934649466,,4322350.0
RS,88056,PORTO XAVIER,30,6564.0,0.051553762206826205,0.021449333286254167,2.4035135040707534,0.035801340645947595,0.4763341844270127,5.15537622068262,4315107.0
RS,88064,VALE DO SOL,29,7094.0,0.04476470626201388,0.03652828048979397,1.2254807962975747,0.04510854243022272,0.4566748547079774,4.476470626201388,4322533.0
RS,88072,PUTINGA,18,3078.0,-0.0806555978477373,0.059007636145092586,-1.3668671229163463,0.04061078622482131,0.21883305880972265,8.06555978477373,4315206.0
RS,88080,VALE REAL,16,4145.0,0.0655848423004031,0.05381629503158431,1.2186799976087526,0.03522316043425814,0.33733680652292986,6.5584842300403094,4322541.0
RS,88099,QUARAÍ,59,13810.0,0.03347057702613011,0.020003480485826553,1.6732376673072298,0.035119478638667635,0.5131358451051251,3.3470577026130113,4315305.0
RS,88102,VILA NOVA DO SUL,14,3018.0,0.058882094948963515,0.06142483884587411,0.9586039793561234,0.048707753479125246,0.5766512908726403,5.888209494896351,4323457.0
RS,88110,REDENTORA,24,5109.0,0.0057594995957260964,0.014559120872227991,0.3955939130028472,0.03914660403210021,0.6238061594863428,0.5759499595726096,4315404.0
RS,88129,VITÓRIA DAS MISSÕES,14,2812.0,-0.05222143972100491,0.02902924961003452,-1.7989248920493475,0.02702702702702703,0.522010736194517,5.222143972100491,4323754.0
RS,88137,RESTINGA SÊCA,51,10279.0,0.03410854439705684,0.019878359492816362,1.7158631430014626,0.04621072088724584,0.4400044445101619,3.4108544397056844,4315503.0
RS,88145,XANGRI-LÁ,33,10091.0,-0.04807259592726358,0.04643206189269514,-1.0353319229794216,0.03299970270538103,0.32643931647162555,4.807259592726358,4323804.0
RS,88153,RIO GRANDE,474,118514.0,0.017761243911387836,0.012487601489570914,1.4223102752134773,0.052820763791619554,0.6437633845337487,1.7761243911387836,4315602.0
RS,88161,BOA VISTA DO SUL,10,2133.0,-0.13495106821317734,0.06403832486470608,-2.1073485057313537,0.04406938584153774,0.24822749708091238,13.495106821317734,4302253.0
RS,88170,RIO PARDO,101,23089.0,0.005930394876312493,0.012111510661690144,0.48964947824971944,0.04677552081077569,0.582535527779679,0.5930394876312494,4315701.0
RS,88188,DILERMANDO DE AGUIAR,13,2452.0,0.15518648885444652,0.044303181238486714,3.5028294699441163,0.03833605220228385,0.46374658932497054,15.518648885444652,4306379.0
RS,88196,ROCA SALES,31,6664.0,0.023678639323951242,0.04368202390431222,0.5420682744879347,0.0429171668667467,0.34097699312796725,2.367863932395124,4315800.0
RS,88200,CAPIVARI DO SUL,11,3013.0,-0.004425674767431499,0.08720207719186743,-0.05075194204025501,0.04978426817125788,0.4131857596113374,0.4425674767431499,4304671.0
RS,88218,RODEIO BONITO,17,4409.0,0.09816248950732524,0.02453952474372652,4.000178916766523,0.041052392832841914,0.4681765593345771,9.816248950732524,4315909.0
RS,88226,NOVA CANDELÁRIA,11,2321.0,0.11537963845385714,0.04883521215935998,2.362632071247037,0.03662214562688496,0.3392259059864873,11.537963845385715,4313011.0
RS,88234,ROLANTE,52,14069.0,0.10401140578358113,0.020571794506122676,5.056020064395683,0.045703319354609424,0.3514513978083926,10.401140578358113,4316006.0
RS,88242,FLORIANO PEIXOTO,7,1579.0,,,,0.037365421152628246,0.45252976878463685,,4308250.0
RS,88250,RONDA ALTA,25,6356.0,-0.010951937189918822,0.027299174956873774,-0.401181984701746,0.034927627438640654,0.5287742363525277,1.0951937189918821,4316105.0
RS,88269,CHUVISCA,14,3689.0,0.11077810025747514,0.04692821138422847,2.3605864572691813,0.048251558687991324,0.32966147578055993,11.077810025747514,4305447.0
RS,88277,RONDINHA,19,4036.0,0.03525810250198312,0.05821809672472626,0.6056210093692118,0.03865213082259663,0.427053562697805,3.525810250198312,4316204.0
RS,88285,ESPERANÇA DO SUL,12,2508.0,-0.003936115654667557,0.06012597195627931,-0.06546448276178735,0.03628389154704944,0.5543805176809734,0.3936115654667557,4307450.0
RS,88293,ROQUE GONZALES,25,4650.0,-0.0026061989971487686,0.0315736664592512,-0.08254343854909327,0.03935483870967742,0.4743388941881734,0.26061989971487687,4316303.0
RS,88307,DOUTOR RICARDO,8,1774.0,0.06028091637943884,0.06204985418392545,0.9714916686307883,0.040022547914317926,0.2953285808830143,6.028091637943884,4306759.0
RS,88315,ROSÁRIO DO SUL,104,23737.0,0.056236521477518675,0.017517131348352852,3.210372769329416,0.04128575641403716,0.5314029791001552,5.6236521477518675,4316402.0
RS,88323,HERVEIRAS,10,2128.0,-0.00870397491018095,0.044276705050599295,-0.1965813603391235,0.03101503759398496,0.6294313785178952,0.8703974910180949,4309571.0
RS,88331,SALVADOR DO SUL,17,4836.0,-0.004699486389887896,0.0498756812541112,-0.09422400399795085,0.04218362282878412,0.283883656352105,0.46994863898878964,4316501.0
RS,88340,CARAÁ,20,5069.0,0.048445837812755514,0.07027955542544267,0.6893304534936927,0.06628526336555533,0.45570734152869086,4.844583781275551,4304713.0
RS,88358,SANANDUVA,49,11414.0,0.03440323868865788,0.015816212185162756,2.175188236342181,0.03995093744524268,0.29916130542675257,3.4403238688657884,4316600.0
RS,88366,FAZENDA VILANOVA,13,2882.0,-0.014073503886615709,0.13768644940995667,-0.10221415358538541,0.05447605829285219,0.4153773448078416,1.4073503886615708,4308078.0
RS,88374,SANTA BÁRBARA DO SUL,23,5845.0,0.12420272113163036,0.0512500756119474,2.423464153927536,0.036954662104362705,0.37108894830909667,12.420272113163037,4316709.0
RS,88382,ITAARA,14,3592.0,-0.024210072749985653,0.04520313146235801,-0.5355839732065045,0.03173719376391982,0.434631267773093,2.421007274998565,4310538.0
RS,88390,SANTA CRUZ DO SUL,325,86772.0,0.02784879983038742,0.007439488550794173,3.7433755882875217,0.044542018162540914,0.3988662946554031,2.784879983038742,4316808.0
RS,88404,ESTRELA VELHA,15,2494.0,0.1634043338172906,0.09037393709728665,1.8080913487412578,0.046511627906976744,0.441723986098998,16.34043338172906,4307815.0
RS,88412,SANTA MARIA,630,166345.0,0.017976090286188767,0.00748913752520901,2.400288447859299,0.04184676425501217,0.4772150460120593,1.7976090286188766,4316907.0
RS,88420,BENJAMIN CONSTANT DO SUL,8,1711.0,-0.03367273655662572,0.011293179255122745,-2.9816879548202775,0.032144944476914086,0.6071852488881733,3.3672736556625718,4302055.0
RS,88439,SANTANA DA BOA VISTA,22,5075.0,0.15926656428327932,0.06144880820918838,2.5918576604625563,0.0754679802955665,0.5308909063730228,15.92665642832793,4317004.0
RS,88447,MAÇAMBARÁ,14,3033.0,0.03307997759339457,0.043362264583718724,0.7628747693637556,0.030992416749093307,0.4778317508751451,3.3079977593394574,4311718.0
RS,88455,SANT'ANA DO LIVRAMENTO,208,52116.0,-0.003891978336573694,0.009881386503768505,-0.3938696593933852,0.04056335866144754,0.5750013103708147,0.38919783365736943,4317103.0
RS,88463,DOM PEDRO DE ALCÂNTARA,11,2125.0,-0.0226214363971052,0.11231327832968763,-0.2014137307140264,0.04376470588235294,0.3734679457951569,2.26214363971052,4306551.0
RS,88471,SANTA ROSA,184,47109.0,0.05825064105233184,0.010163845350798074,5.73116168554827,0.028465898236005857,0.32584365569539214,5.825064105233184,4317202.0
RS,88480,UNISTALDA,10,2109.0,0.23474142454951774,0.07402044528070523,3.171305220595685,0.03982930298719772,0.45636369559512646,23.474142454951775,4322376.0
RS,88498,SANTA VITÓRIA DO PALMAR,78,17432.0,0.022072009691792432,0.02403949383353475,0.9181561743618035,0.048588802202845345,0.6255223928588091,2.2072009691792434,4317301.0
RS,88501,TURUÇU,10,2775.0,0.06681937103591365,0.06874533407022469,0.9719840908425343,0.04576576576576576,0.33228538876740304,6.681937103591365,4322327.0
RS,88510,SANTIAGO,136,31322.0,0.03186328322367382,0.014077449070747901,2.2634273484877188,0.043419960411212564,0.45017199730640417,3.186328322367382,4317400.0
RS,88528,CRISTAL DO SUL,11,2153.0,-0.06323293404709121,0.06512103223576053,-0.9710063227831869,0.04226660473757548,0.5509720231544287,6.323293404709121,4306072.0
RS,88536,SANTO ÂNGELO,197,47520.0,0.05157685084818273,0.010255964388458397,5.028961577345667,0.035416666666666666,0.4536389551148959,5.157685084818273,4317509.0
RS,88544,MUITOS CAPÕES,9,2203.0,0.10819792779937891,0.1233395055069535,0.8772365946714376,0.04539264639128461,0.3050503442045138,10.819792779937892,4312617.0
RS,88552,SANTO ANTÔNIO DA PATRULHA,108,27044.0,0.07855837035038,0.021276225794351372,3.6923076070774017,0.05287679337376128,0.42850437695081883,7.855837035038,4317608.0
RS,88560,NOVA RAMADA,9,1772.0,0.03963166721513611,0.0466035705469041,0.8503998030633484,0.034424379232505645,0.38486440213881334,3.9631667215136113,4313334.0
RS,88579,SANTO ANTÔNIO DAS MISSÕES,34,6842.0,-0.004744226272588427,0.04807092363366256,-0.09869222211628557,0.04457760888629056,0.6106550455011067,0.4744226272588427,4317707.0
RS,88587,JARI,12,2393.0,0.07036830201165253,0.07279010417065089,0.9667289642377674,0.05265357292101964,0.5698022508474999,7.0368302011652535,4311130.0
RS,88595,SANTO AUGUSTO,43,9330.0,0.09432638259108035,0.019548436810595125,4.825264726024337,0.03719185423365488,0.47070991709350873,9.432638259108035,4317806.0
RS,88609,UBIRETAMA,8,1657.0,0.035356484544719194,0.04291263726515552,0.8239177733648214,0.032589016294508145,0.3237914564507912,3.5356484544719193,4322343.0
RS,88617,SANTO CRISTO,53,11103.0,0.011220891419176992,0.021381129338692653,0.5248034957101613,0.033414392506529764,0.42362050871932355,1.1220891419176993,4317905.0
RS,88625,BARRA DO QUARAÍ,11,2285.0,0.12103488629834598,0.11320707759951455,1.0691459303147404,0.028446389496717725,0.5497933875650791,12.103488629834597,4301875.0
RS,88633,SÃO BORJA,146,36546.0,0.04079896937725492,0.011962218808619201,3.410652323786104,0.03390247906747661,0.5532528685482527,4.079896937725492,4318002.0
RS,88641,CERRITO,22,4404.0,0.0464473332783497,0.03577986253932418,1.2981417473949584,0.06130790190735695,0.6048491033499288,4.644733327834969,4305124.0
RS,88650,SÃO FRANCISCO DE ASSIS,61,11902.0,-0.006916023188393137,0.02297705860221708,-0.3009968903385137,0.05192404637875987,0.5612350393247999,0.6916023188393138,4318101.0
RS,88668,VALE VERDE,11,2538.0,-0.0038897513861541996,0.07449307224070417,-0.052216283597292405,0.06185973207249803,0.4959810970442522,0.38897513861542,4322525.0
RS,88676,SÃO FRANCISCO DE PAULA,61,12902.0,0.03868893308307227,0.024478282678929087,1.5805411511313137,0.05727794140443342,0.4833280205291482,3.868893308307227,4318200.0
RS,88684,NOVO CABRAIS,15,3062.0,0.11394079796012964,0.04446838946257957,2.5622874886442997,0.040496407576747225,0.40845530432069205,11.394079796012964,4313391.0
RS,88692,SÃO GABRIEL,162,34345.0,0.03376761047791097,0.011084626738374364,3.0463461941401575,0.0428009899548697,0.5151249253614877,3.376761047791097,4318309.0
RS,88706,SETE DE SETEMBRO,7,1547.0,,,,0.03684550743374273,0.506508813905796,,4320578.0
RS,88714,SÃO JERÔNIMO,52,12713.0,-0.03590501025344367,0.04409266631214069,-0.8143079848985546,0.0520726815071187,0.5357809994353951,3.590501025344367,4318408.0
RS,88722,TABAÍ,11,3264.0,0.11489695501318613,0.10125850212762065,1.134689459146614,0.04105392156862745,0.43859643144425997,11.489695501318613,4320859.0
RS,88730,SÃO JOSÉ DO NORTE,78,16737.0,0.018345924701722114,0.028710875720442328,0.6389886843005523,0.06530441536715062,0.5592887562478773,1.8345924701722114,4318507.0
RS,88749,VILA LÂNGARO,10,1929.0,0.030411185637213962,0.06666813639855217,0.456157728114842,0.036288232244686365,0.27243248185705327,3.041118563721396,4323358.0
RS,88757,SÃO JOSÉ DO OURO,19,5088.0,0.09005387024213377,0.07306065933467765,1.232590440083675,0.044614779874213834,0.3164567166051174,9.005387024213377,4318606.0
RS,88765,SENADOR SALGADO FILHO,9,2297.0,0.07487061510220631,0.050501801833073366,1.482533541074052,0.025685676969960818,0.28338385773006325,7.487061510220632,4320321.0
RS,88773,SÃO LEOPOLDO,477,132714.0,0.030337498764734017,0.010214388599666452,2.9700748575127327,0.04328857543288576,0.4406938920813888,3.0337498764734017,4318705.0
RS,88781,VESPASIANO CORRÊA,10,1933.0,-0.2526823030811621,0.08504002776345737,-2.971333732204429,0.03207449560269012,0.16413546547504052,25.26823030811621,4322855.0
RS,88790,SÃO LOURENÇO DO SUL,114,28530.0,0.03633689107831165,0.011115442306148771,3.2690458982645287,0.04633718892393971,0.44728380684243907,3.6336891078311653,4318804.0
RS,88803,MONTE ALEGRE DOS CAMPOS,12,2619.0,0.018080786740449162,0.0897174345007017,0.20153035852031354,0.041618938526155023,0.36225900191715954,1.8080786740449162,4312377.0
RS,88811,SÃO LUIZ GONZAGA,97,20528.0,0.046711764969513146,0.01642809156439886,2.8434078776832306,0.04545011691348402,0.49187901181676735,4.671176496951315,4318903.0
RS,88820,MARQUES DE SOUZA,16,2894.0,0.007471060063613756,0.04914503068040212,0.15202066129939437,0.03144436765722184,0.3489296713462066,0.7471060063613756,4312054.0
RS,88838,SÃO MARCOS,54,14158.0,0.12003901917558893,0.02655985289890409,4.519566415992537,0.047888119790930925,0.2341136968145086,12.003901917558894,4319000.0
RS,88846,CHUÍ,12,3241.0,0.17889942819605667,0.09152242329049047,1.9547059809401375,0.061709348966368406,0.6490813571811882,17.88994281960567,4305439.0
RS,88854,SÃO MARTINHO,22,4216.0,0.006276431924427001,0.05149441319123222,0.12188568692138564,0.03320683111954459,0.35012255556084315,0.6276431924427001,4319109.0
RS,88862,ARARICÁ,16,4847.0,0.04022685565479107,0.11663435851056836,0.3448971312441014,0.03548586754693625,0.3333122018331132,4.022685565479107,4300877.0
RS,88870,SÃO NICOLAU,19,3346.0,-0.0009927564940235584,0.05261715207974686,-0.018867545178403628,0.05319784817692767,0.5902690459812979,0.09927564940235584,4319208.0
RS,88889,PASSA SETE,19,3172.0,0.01960312786515551,0.06287960065748568,0.311756557932621,0.04476670870113493,0.5027841156077444,1.9603127865155512,4314068.0
RS,88897,SÃO PAULO DAS MISSÕES,21,4408.0,0.08005737916315851,0.026686469495693317,2.9999239568230722,0.037431941923774956,0.45205485107462656,8.005737916315852,4319307.0
RS,88900,TOROPI,15,2296.0,0.16103215873696372,0.04470474575062731,3.6021267101089394,0.059233449477351915,0.4005143163153517,16.10321587369637,4321493.0
RS,88919,SÃO PEDRO DO SUL,56,10627.0,0.010836247390975355,0.025763622506121787,0.4206026302551404,0.05213136350804554,0.447928873426696,1.0836247390975355,4319406.0
RS,88927,BALNEÁRIO PINHAL,28,7163.0,0.011159112627840972,0.04747807561911909,0.23503717204888724,0.04774535809018567,0.4688735535133859,1.1159112627840972,4301636.0
RS,88935,SÃO SEBASTIÃO DO CAÍ,57,14563.0,0.035739590766965354,0.027401568490672917,1.3042899635154308,0.04058229760351576,0.364289162063047,3.5739590766965352,4319505.0
RS,88943,MAMPITUBA,11,2433.0,0.029071952342885142,0.045182191553604444,0.6434382960019545,0.03945745992601726,0.5334359274400777,2.907195234288514,4311734.0
RS,88951,SÃO SEPÉ,63,14021.0,0.04918098895362248,0.01860521866408696,2.643397524187927,0.04985379074245774,0.5720882877135302,4.918098895362248,4319604.0
RS,88978,SÃO VALENTIM,10,2666.0,0.011598460757732125,0.06888401855542971,0.16837665689319586,0.03825956489122281,0.3881195288371047,1.1598460757732125,4319703.0
RS,88986,ACEGUÁ,12,3058.0,0.05912830744914858,0.05892206599075044,1.0035002414618406,0.03172007848266841,0.4083056273384988,5.912830744914857,4300034.0
RS,88994,SAPIRANGA,175,51695.0,0.02508609090370486,0.01169278140868058,2.1454340098311637,0.03752780733146339,0.362618581518047,2.508609090370486,4319901.0
RS,89001,ALMIRANTE TAMANDARÉ DO SUL,8,1671.0,0.12043724956877502,0.08224087292024551,1.4644451754004495,0.03291442250149611,0.3852408803401527,12.043724956877503,4300471.0
RS,89010,SAPUCAIA DO SUL,300,82432.0,-0.007390218375110978,0.01610058353114323,-0.4590031386636477,0.043927115683229816,0.5114583976122984,0.7390218375110978,4320008.0
RS,89028,ARROIO DO PADRE,10,2395.0,0.12832957773835094,0.02301474335508626,5.575972573684602,0.03507306889352818,0.16930017132767042,12.832957773835094,4301073.0
RS,89036,SARANDI,57,14406.0,-0.00029872974856123315,0.012678135399657483,-0.023562593326563127,0.03213938636679162,0.3563036328172188,0.029872974856123315,4320107.0
RS,89044,BOA VISTA DO CADEADO,10,1755.0,-0.11153604388458957,0.07137382545105385,-1.562702337722921,0.03361823361823362,0.3283074102229313,11.153604388458957,4302220.0
RS,89052,SEBERI,36,7762.0,0.01755752455932601,0.025632877117545486,0.6849611332669338,0.03542901314094306,0.4352297063839136,1.755752455932601,4320206.0
RS,89060,BOA VISTA DO INCRA,9,1867.0,0.0031873842094033043,0.15123669788487848,0.021075468150128115,0.03535083020889127,0.3986700666998821,0.31873842094033045,4302238.0
RS,89079,SELBACH,13,3814.0,0.06711058330256964,0.03597769105021603,1.8653388070095918,0.036444677503932876,0.29723728618616146,6.7110583302569635,4320305.0
RS,89087,BOZANO,10,2076.0,-0.018075101003490454,0.04312882110251695,-0.4190956428075334,0.024566473988439308,0.3465045582805895,1.8075101003490455,4302584.0
RS,89095,SERAFINA CORRÊA,40,10838.0,0.03777165886628867,0.03195090801060954,1.182177947923931,0.039029341206864736,0.2606437919413394,3.7771658866288673,4320404.0
RS,89109,CANUDOS DO VALE,10,1601.0,-0.08206166471393607,0.08271582501955971,-0.9920914733611259,0.04122423485321674,0.5734877615628028,8.206166471393606,4304614.0
RS,89117,SERTÃO,20,4290.0,-0.05007531102163101,0.03433451262940662,-1.4584541089056495,0.03892773892773893,0.33743238636878703,5.0075311021631,4320503.0
RS,89125,CAPÃO BONITO DO SUL,8,1705.0,-0.04201612352458816,0.030631759472163393,-1.3716523062532633,0.025219941348973606,0.516903506311488,4.201612352458816,4304622.0
RS,89133,SEVERIANO DE ALMEIDA,11,2945.0,0.0974261485145008,0.06429572473134236,1.5152819090474967,0.046519524617996605,0.3972004861484793,9.74261485145008,4320602.0
RS,89141,CAPÃO DO CIPÓ,13,2370.0,-0.08423668038235603,0.029367539472368212,-2.8683601655363042,0.04050632911392405,0.5631093315167712,8.423668038235602,4304655.0
RS,89150,CAPÃO DA CANOA,111,33021.0,0.06669242945559513,0.025395438410473165,2.6261578310887104,0.0369461857605766,0.35559708883003277,6.669242945559513,4304630.0
RS,89168,COQUEIRO BAIXO,9,1163.0,0.014720136311780808,0.08663741850875142,0.16990506602287436,0.052450558899398106,0.21060754771847387,1.4720136311780807,4305835.0
RS,89176,SOBRADINHO,44,9110.0,0.05181754482390878,0.02815691143868155,1.8403135207763806,0.04478594950603732,0.4275054192981104,5.181754482390878,4320701.0
RS,89184,CORONEL PILAR,6,1297.0,,,,0.036237471087124135,0.22029535431646954,,4305934.0
RS,89192,SOLEDADE,72,18152.0,0.06136212918641487,0.019877670897647158,3.086987882150623,0.04368664609960335,0.48036761822518126,6.136212918641487,4320800.0
RS,89206,CRUZALTENSE,11,1746.0,0.07468976079444044,0.06351944482106127,1.1758566373627277,0.03608247422680412,0.3220775986807815,7.468976079444044,4306130.0
RS,89214,TAPEJARA,63,14864.0,0.09651269326686973,0.023518476962513794,4.103696571028037,0.03471474703982777,0.22608081472816122,9.651269326686974,4320909.0
RS,89222,FORQUETINHA,12,2086.0,0.12713122460859871,0.031338435243667605,4.0567189657080105,0.03883029721955897,0.3190595059134073,12.713122460859871,4308433.0
RS,89230,TAPERA,27,6876.0,0.05296711681836542,0.015943264713207755,3.3222252638436265,0.03810354857475276,0.4202490846352215,5.296711681836542,4321006.0
RS,89247,SANTA CECÍLIA DO SUL,10,1610.0,0.04039572554576368,0.06301729902758808,0.6410259749164908,0.02857142857142857,0.30612692704849764,4.039572554576368,4316733.0
RS,89249,ITATI,11,2731.0,-0.02106877187627701,0.054755370839180216,-0.38478000520090067,0.040278286341999266,0.42993607904423453,2.106877187627701,4310652.0
RS,89257,TAPES,38,9183.0,0.10058770205220376,0.024801768788550813,4.055666469184965,0.04824131547424589,0.49313491612983523,10.058770205220375,4321105.0
RS,89265,JACUIZINHO,10,1683.0,0.018111534923952597,0.03466156912225982,0.5225249572536312,0.033273915626856804,0.5521111545897438,1.8111534923952597,4310876.0
RS,89273,TAQUARA,133,33646.0,0.004364405209551053,0.02189200432295225,0.19936069558397063,0.0386673007192534,0.3292141371334566,0.43644052095510527,4321204.0
RS,89281,LAGOA BONITA DO SUL,14,1955.0,-0.06715042489425854,0.08704937488404114,-0.7714061701615884,0.03887468030690537,0.5237508195892568,6.715042489425854,4311239.0
RS,89290,TAQUARI,68,16243.0,0.019306313107164685,0.034728096754191216,0.5559277620025252,0.04832851074308933,0.43756825393873877,1.9306313107164685,4321303.0
RS,89303,MATO QUEIMADO,7,1373.0,,,,0.043699927166788055,0.466665519094407,,4312179.0
RS,89311,TENENTE PORTELA,41,8614.0,0.06109559925135591,0.027765911164306847,2.200381571842471,0.040399349895518924,0.5363962639631102,6.109559925135591,4321402.0
RS,89320,NOVO XINGU,6,1362.0,,,,0.03524229074889868,0.49413531561480656,,4313466.0
RS,89338,TORRES,87,24676.0,0.027074169553981745,0.02722880198270335,0.9943209977133833,0.04915707570108607,0.392036528806728,2.7074169553981746,4321501.0
RS,89346,PAULO BENTO,8,1851.0,-0.043482980438272145,0.08829044360606184,-0.4924992860188404,0.03241491085899514,0.3404696086134873,4.3482980438272145,4314134.0
RS,89354,TRAMANDAÍ,105,27456.0,0.042897410917424425,0.02135030642671754,2.0092175756195743,0.03904428904428905,0.4343582181263316,4.289741091742442,4321600.0
RS,89362,PINHAL DA SERRA,12,1955.0,0.0022362482442942963,0.06460022565804087,0.03461672496520061,0.043478260869565216,0.43959830312327935,0.22362482442942963,4314464.0
RS,89370,TRÊS COROAS,59,14968.0,0.010555515689293676,0.031342003881321134,0.3367849652901242,0.036678246926777125,0.3198136847163619,1.0555515689293675,4321709.0
RS,89389,QUATRO IRMÃOS,7,1432.0,,,,0.04259776536312849,0.3755610245941926,,4315313.0
RS,89397,TRÊS DE MAIO,67,15315.0,0.03672349708567704,0.021661367110472413,1.695345307541678,0.030623571661769506,0.33408055216511856,3.672349708567704,4321808.0
RS,89400,ROLADOR,12,1963.0,0.06911475091536828,0.1171918312738772,0.5897574102570953,0.04228222109016811,0.5512307284603597,6.911475091536828,4315958.0
RS,89419,TRÊS PASSOS,65,15779.0,0.031231445803536536,0.01977020574252658,1.579722852168216,0.04151086887635465,0.46084639740356653,3.1231445803536535,4321907.0
RS,89435,TRIUNFO,70,17774.0,0.005337455115348627,0.019673243916004234,0.2713052884484695,0.049341735118712725,0.4040107149281419,0.5337455115348627,4322004.0
RS,89443,SANTA MARGARIDA DO SUL,11,2145.0,0.04130136412337839,0.07229694836648196,0.5712739618554409,0.03776223776223776,0.4997776393666309,4.130136412337839,4316972.0
RS,89451,TUCUNDUVA,22,4065.0,0.02546848437671323,0.0417220120670855,0.6104327935038713,0.03050430504305043,0.314834340060472,2.546848437671323,4322103.0
RS,89460,SÃO JOSÉ DO SUL,8,1740.0,0.17480812470938142,0.16299234972057583,1.0724928195038714,0.052873563218390804,0.26674163623227115,17.480812470938144,4318614.0
RS,89478,TUPANCIRETÃ,51,13181.0,0.05227246405742627,0.016734430641964643,3.1236475967305104,0.04278886275699871,0.4851150590433625,5.227246405742627,4322202.0
RS,89486,SÃO PEDRO DAS MISSÕES,5,1324.0,,,,0.03700906344410876,0.5331038241766338,,4319364.0
RS,89494,TUPARENDI,25,6028.0,0.061247848414398315,0.03518132510250276,1.7409193154592466,0.02704047777040478,0.26867133092973333,6.124784841439832,4322301.0
RS,89508,TIO HUGO,8,2187.0,0.04437123257745991,0.021184663237333246,2.0944978959715304,0.03063557384545039,0.4155329653285724,4.437123257745991,4321469.0
RS,89516,URUGUAIANA,261,63603.0,0.011993269923722384,0.014087245183252741,0.8513566540305747,0.03018725531814537,0.3697124835733042,1.1993269923722385,4322400.0
RS,89524,WESTFALIA,8,2256.0,-0.12202227826428895,0.1671589426053112,-0.7299775672331389,0.03856382978723404,0.29687122698478674,12.202227826428896,4323770.0
RS,89532,VACARIA,147,37522.0,0.04057704633226188,0.013182375039215466,3.0781286537176826,0.03835083417728266,0.31452200772040473,4.057704633226188,4322509.0
RS,89540,PINTO BANDEIRA,8,2081.0,0.035048571203503874,0.1458222268368441,0.24035136456062092,0.03459875060067275,0.16529560818005304,3.5048571203503873,4314548.0
RS,89559,VENÂNCIO AIRES,176,44683.0,0.060927794382827936,0.01337321681641548,4.555956522595201,0.04209654678513081,0.3629719510331416,6.092779438282793,4322608.0
RS,89567,PEDRAS ALTAS,8,1558.0,0.0832324377564281,0.11508212004933772,0.7232438689932449,0.03401797175866496,0.6625677085387852,8.32324377564281,4314175.0
RS,89575,VERA CRUZ,66,16692.0,0.01962529437776953,0.01927628898959228,1.018105424149103,0.0471483345315121,0.43378752373793905,1.9625294377769529,4322707.0
RS,89591,VERANÓPOLIS,58,15877.0,0.0015628806836650484,0.031090821584563062,0.050268233646197244,0.03911318259116962,0.20844655299743672,0.15628806836650483,4322806.0
RS,89613,VIADUTOS,15,3648.0,0.015376599601531512,0.09466713513201196,0.16242806524237863,0.03782894736842105,0.3233983236163074,1.537659960153151,4322905.0
RS,89630,VIAMÃO,481,130255.0,-0.0043686461551379185,0.011815515794208167,-0.36973808263870966,0.053065141453303134,0.5346561465589119,0.43686461551379185,4323002.0
RS,89656,VICENTE DUTRA,15,3145.0,0.02897376067997608,0.038563954717013876,0.7513171533518388,0.031478537360890305,0.4199921984298672,2.897376067997608,4323101.0
RS,89672,PALMARES DO SUL,34,8248.0,0.02798842266270711,0.05857255671435217,0.47784191492957384,0.052376333656644035,0.4476583198707091,2.798842266270711,4313656.0
RS,89699,VICTOR GRAEFF,7,2129.0,,,,0.02489431658055425,0.3336736290044897,,4323200.0
RS,89710,TAVARES,16,3607.0,0.14910318942516326,0.09779345158536257,1.5246745769578767,0.05822012752980316,0.49646891534229903,14.910318942516327,4321352.0
RS,89737,CAPÃO DO LEÃO,57,14793.0,-0.030740091354599115,0.05129610445966066,-0.5992675599522995,0.06043398904887447,0.57142177708093,3.0740091354599115,4304663.0
RS,89753,SALTO DO JACUÍ,28,6511.0,0.02871873603657448,0.033316799029580554,0.8619896530598978,0.045307940408539395,0.5294658776048843,2.871873603657448,4316451.0
RS,89770,COTIPORÃ,12,3075.0,0.030380595678875685,0.06656851175377183,0.45638087555944634,0.047479674796747966,0.2281585414574578,3.0380595678875686,4305959.0
RS,98213,TEUTÔNIA,76,20687.0,0.016041914380012106,0.025580614289395325,0.6271121638647446,0.04036351331754242,0.35901878724842196,1.6041914380012106,4321451.0
RS,98230,BOM PRINCÍPIO,29,8975.0,0.06188581897217487,0.04940200044508458,1.2526986440755035,0.03064066852367688,0.2234186605313435,6.188581897217487,4302352.0
RS,98256,PAROBÉ,120,32791.0,0.008023748753282257,0.024186330487862676,0.33174725522372156,0.04482937391357385,0.3611886416421826,0.8023748753282257,4314050.0
RS,98272,FORTALEZA DOS VALOS,13,3238.0,-0.030834070130119174,0.058909058104241595,-0.5234181486242274,0.027794935145151328,0.4310000586657166,3.0834070130119176,4308458.0
RS,98299,JÓIA,27,5307.0,-0.012182919432948901,0.012474532641961075,-0.9766233158883033,0.03372903712078387,0.547007053689891,1.2182919432948902,4311155.0
SC,80004,MONTE CARLO,22,5734.0,-0.026426000868102612,0.03760081318407185,-0.7028039723166672,0.028950122078828043,0.5020448700211015,2.642600086810261,4211058.0
SC,80012,ABELARDO LUZ,40,9815.0,0.002835499983522287,0.012062362338573974,0.2350700388475897,0.018950585838003058,0.40965228303304757,0.2835499983522287,4200101.0
SC,80020,IPORÃ DO OESTE,29,6268.0,0.0792032526626337,0.03473479445874454,2.2802280507721315,0.028079132099553285,0.3108380913816045,7.92032526626337,4207650.0
SC,80039,AGROLÂNDIA,25,6944.0,0.025120458948060077,0.05729117669173855,0.43846994246991045,0.02289746543778802,0.1953388812343561,2.5120458948060076,4200200.0
SC,80047,LINDÓIA DO SUL,13,3037.0,-0.07956030413792775,0.07165669596459547,-1.1102982501068337,0.02765887388870596,0.3380594499645201,7.956030413792775,4209854.0
SC,80055,AGRONÔMICA,16,3825.0,-0.011762327950532288,0.07225504975908596,-0.16278900906926844,0.024575163398692812,0.17634223817627281,1.1762327950532288,4200309.0
SC,80063,APIÚNA,32,6769.0,0.05511571121719284,0.03573422865740819,1.5423786461322317,0.02688728024819028,0.25844250019883375,5.5115711217192835,4201257.0
SC,80071,ÁGUA DOCE,18,4520.0,0.004885239612425135,0.014122402669989384,0.3459212802936462,0.020353982300884955,0.29501688899770295,0.4885239612425135,4200408.0
SC,80080,DOUTOR PEDRINHO,9,2523.0,0.018554096987069526,0.11444592361259272,0.16212108217918197,0.02497027348394768,0.19229531191943405,1.8554096987069526,4205159.0
SC,80098,ÁGUAS DE CHAPECÓ,13,3994.0,-0.021325521662697126,0.07164427835644017,-0.2976584055547285,0.026790185277916875,0.5319647427268169,2.1325521662697127,4200507.0
SC,80101,JOSÉ BOITEUX,14,3596.0,-0.011422222571036074,0.010519192321247517,-1.0858459682274793,0.020578420467185762,0.3773493767638028,1.1422222571036074,4209151.0
SC,80110,ÁGUAS MORNAS,21,5328.0,0.09783191260324975,0.07263588275567745,1.3468813056533397,0.04617117117117117,0.2736670092968111,9.783191260324974,4200606.0
SC,80128,VITOR MEIRELES,16,3691.0,-0.03886088985534852,0.024934089723360534,-1.5585445583337292,0.020590625846654022,0.30113256912232444,3.8860889855348515,4219358.0
SC,80136,ALFREDO WAGNER,26,6755.0,0.004500410036986681,0.04368617842442514,0.10301679385328155,0.029459659511472985,0.27807915117475046,0.45004100369866806,4200705.0
SC,80144,UNIÃO DO OESTE,10,2131.0,0.02625151421117125,0.04378446818948051,0.5995622488222511,0.02252463632097607,0.38473188244986606,2.625151421117125,4218855.0
SC,80152,ANCHIETA,15,4255.0,0.009690061941172442,0.07326897976714014,0.13225326696193831,0.026321974148061103,0.4492059278189083,0.9690061941172442,4200804.0
SC,80160,URUPEMA,8,1987.0,0.03672525323304323,0.050765438916871714,0.7234302316026607,0.027176648213387014,0.39708310964764293,3.672525323304323,4218954.0
SC,80179,ANGELINA,18,4406.0,0.12605074700801575,0.04305769087784696,2.9274850656905165,0.040399455288243305,0.418464549250828,12.605074700801575,4200903.0
SC,80187,IRACEMINHA,13,3132.0,-0.004793689654328797,0.05536701670586141,-0.08658024108099209,0.023946360153256706,0.28588577932004344,0.4793689654328797,4207759.0
SC,80195,ANITA GARIBALDI,26,5812.0,-0.0014140596046457814,0.022329502919500775,-0.06332696297555539,0.03389538885065382,0.4799462727470062,0.14140596046457815,4201000.0
SC,80209,TIMBÓ GRANDE,18,4389.0,0.10089248807118564,0.021075545683227004,4.787182718190829,0.03349282296650718,0.4890291069970678,10.089248807118564,4218251.0
SC,80217,ANITÁPOLIS,13,2680.0,-0.22077259324848791,0.21032792986201676,-1.0496589463573538,0.04365671641791045,0.35482882056451576,22.077259324848793,4201109.0
SC,80225,ABDON BATISTA,10,2174.0,0.02279409857757062,0.02196817478083214,1.037596377713597,0.019779208831646734,0.3634683474830273,2.279409857757062,4200051.0
SC,80233,ANTÔNIO CARLOS,23,7418.0,0.0658337703715202,0.05646198746585314,1.1659839358530355,0.03316257751415476,0.1773564015828285,6.583377037152021,4201208.0
SC,80241,SANTA ROSA DO SUL,23,6201.0,-0.016091242994613,0.025525204347137186,-0.630406040076139,0.029350104821802937,0.28621380261559654,1.6091242994613002,4215653.0
SC,80250,ARAQUARI,65,18834.0,0.050736778353280165,0.02076702840798005,2.4431409904454013,0.02681321015185303,0.2947445322280538,5.0736778353280165,4201307.0
SC,80268,CELSO RAMOS,9,2191.0,-0.006199026909759027,0.03656197290484205,-0.1695484793966921,0.030123231401186674,0.41969183096571105,0.6199026909759027,4204152.0
SC,80276,ARARANGUÁ,148,42400.0,0.010710603620253091,0.019007474794945314,0.563494295575832,0.029410377358490565,0.3043093688167978,1.0710603620253092,4201406.0
SC,80284,SERRA ALTA,10,2471.0,-0.007977090529925226,0.030947535838139216,-0.2577617349454491,0.016187778227438283,0.33683707480688474,0.7977090529925226,4217550.0
SC,80292,ARMAZÉM,19,5673.0,0.03775499163817894,0.01775288633648382,2.1266959593262844,0.017979904812268643,0.2526391743858354,3.7754991638178943,4201505.0
SC,80306,COCAL DO SUL,46,11665.0,0.07310271508490483,0.032939337484617644,2.2193134612693135,0.03480497213887698,0.2472771086901352,7.310271508490483,4204251.0
SC,80314,ARROIO TRINTA,11,2708.0,-0.09640400559980479,0.1512299304902561,-0.6374664412479922,0.029911373707533235,0.24243620814091665,9.64040055998048,4201604.0
SC,80322,NOVA ITABERABA,16,3460.0,0.04370547292800787,0.026483660348585875,1.6502806769435696,0.02138728323699422,0.4884776871186576,4.3705472928007865,4211454.0
SC,80330,ASCURRA,20,5232.0,0.147962467958658,0.05735816224924152,2.5796235820057953,0.03249235474006116,0.17522585211010183,14.7962467958658,4201703.0
SC,80349,SANTA TEREZINHA,22,5554.0,-0.030856291126155434,0.017323102760106533,-1.7812219643016003,0.023046453006841917,0.2992173239619075,3.0856291126155435,4215679.0
SC,80357,ATALANTA,12,2521.0,-0.1103343468180752,0.11780620681675638,-0.9365749886989961,0.019833399444664817,0.19939298317763043,11.03343468180752,4201802.0
SC,80365,MIRIM DOCE,9,1979.0,-0.021833830889110395,0.03602589651940251,-0.6060593350494782,0.0202122283981809,0.30356502367390387,2.1833830889110395,4210852.0
SC,80373,AURORA,20,4524.0,0.004306943828450802,0.040307451609789324,0.10685229793601711,0.015251989389920425,0.19619475055333155,0.43069438284508016,4201901.0
SC,80381,CERRO NEGRO,13,2643.0,-0.04076038962068756,0.03231653165347394,-1.2612860209677212,0.02345819144911086,0.6074001105813032,4.076038962068756,4204178.0
SC,80390,BALNEÁRIO CAMBORIÚ,290,84210.0,0.02281842226891358,0.01428136160126484,1.597776381972756,0.02807267545422159,0.2543176884752514,2.281842226891358,4202008.0
SC,80403,PASSO DE TORRES,21,5865.0,0.03903792671655455,0.04962614207704145,0.7866403690206392,0.03137254901960784,0.3607535827322959,3.9037926716554554,4212254.0
SC,80411,BARRA VELHA,73,20445.0,0.004358136440694399,0.029877178134203923,0.14586840902839907,0.026803619466862313,0.2527082247280752,0.4358136440694399,4202107.0
SC,80420,BRAÇO DO TROMBUDO,10,2776.0,0.017025254224862243,0.045516749019110875,0.3740437221848586,0.020172910662824207,0.18759571896985824,1.7025254224862243,4202859.0
SC,80438,BENEDITO NOVO,26,6916.0,0.05785539305967373,0.07080900200067917,0.817062681650545,0.03282244071717756,0.1628857697152201,5.785539305967373,4202206.0
SC,80446,SUL BRASIL,11,2138.0,0.017863780495798367,0.04466419350771954,0.3999575295748009,0.021047708138447148,0.46397640753544794,1.7863780495798367,4217758.0
SC,80454,BIGUAÇU,149,43410.0,0.049791097679926816,0.022738400525568605,2.189736152458847,0.03948398986408662,0.3406111195472493,4.979109767992681,4202305.0
SC,80462,VARGEM,11,2067.0,0.07565448796769524,0.03522330303352025,2.1478533088080543,0.02080309627479439,0.47965719963969233,7.565448796769523,4219150.0
SC,80470,BLUMENAU,716,219850.0,0.007753309747895791,0.00977959802624561,0.7928045434064009,0.03776211052990675,0.24720313266877986,0.7753309747895791,4202404.0
SC,80489,ARABUTÃ,13,3243.0,-0.003645787450917056,0.06861106799099174,-0.05313701648538291,0.028060437866173297,0.3245383888951621,0.3645787450917056,4201273.0
SC,80497,BOM RETIRO,25,5314.0,0.027100105825093392,0.032368000192960045,0.8372499278156701,0.03500188182160331,0.36927664768505186,2.710010582509339,4202602.0
SC,80500,ÁGUAS FRIAS,10,2220.0,0.001958485474480604,0.04226716705043683,0.04633585856708992,0.027477477477477478,0.42846934377063967,0.1958485474480604,4200556.0
SC,80519,BOTUVERÁ,17,3860.0,0.02436661068153799,0.12215423178927273,0.19947414284895698,0.03238341968911917,0.20861102141029675,2.436661068153799,4202701.0
SC,80527,GUATAMBÚ,17,5032.0,-0.041553308570388525,0.02917051464588903,-1.424496930370222,0.025437201907790145,0.5428462516033888,4.1553308570388525,4206652.0
SC,80535,BRAÇO DO NORTE,73,20932.0,0.057924495435241447,0.016648008936513796,3.4793647490299353,0.023695776801070132,0.19194260686863032,5.792449543524144,4202800.0
SC,80543,PLANALTO ALEGRE,11,2393.0,-0.04081372122152796,0.0359297463046503,-1.1359312385750284,0.01838696197241956,0.5182916202323247,4.081372122152796,4213153.0
SC,80551,BRUSQUE,271,81310.0,0.027397413881399775,0.015888178205321374,1.7243898908575719,0.03002090763743697,0.21404267719855935,2.7397413881399775,4202909.0
SC,80560,RIQUEZA,19,3420.0,0.003262206898397109,0.03759791758677065,0.08676562713529012,0.02046783625730994,0.4098734233503025,0.3262206898397109,4215075.0
SC,80578,CAÇADOR,171,42184.0,0.0301752536509759,0.008873186629967873,3.400723427710114,0.033875402996396735,0.40436946119642636,3.01752536509759,4203006.0
SC,80586,LAJEADO GRANDE,6,1308.0,,,,0.019877675840978593,0.37811026854998797,,4209458.0
SC,80594,CAIBI,19,4215.0,0.08712334696992981,0.032619483898822355,2.6708990013503917,0.019454329774614473,0.28487569495860804,8.712334696992981,4203105.0
SC,80608,RIO RUFINO,10,1916.0,-0.0929120620944678,0.04089080898238207,-2.2721991666757986,0.024008350730688934,0.3714488010902036,9.29120620944678,4215059.0
SC,80616,CAMBORIÚ,157,45749.0,0.021003409536590197,0.013862608237399491,1.5151123927693322,0.02994600974884697,0.2746544197439847,2.10034095365902,4203204.0
SC,80624,PASSOS MAIA,11,2767.0,0.039349904301848315,0.018924876712189353,2.079268726570006,0.016263100831225154,0.5495783145450566,3.9349904301848317,4212270.0
SC,80632,CAMPO ALEGRE,28,8169.0,-0.07779090461252286,0.0468913769947742,-1.6589596978820276,0.026441424899008446,0.20081738461508475,7.779090461252286,4203303.0
SC,80640,SÃO JOÃO DO OESTE,19,4438.0,-0.03779435983354872,0.03703626608482645,-1.0204689572913739,0.026813880126182965,0.2348157960470731,3.779435983354872,4216255.0
SC,80659,CAMPO BELO DO SUL,22,4936.0,0.009269215680926179,0.021354218333606536,0.43406953774274215,0.026944894651539708,0.48047697583234555,0.9269215680926179,4203402.0
SC,80667,CALMON,12,2353.0,-0.007143287689038891,0.021448089222431136,-0.33305007336356096,0.01827454313642159,0.6569999855959686,0.7143287689038891,4203154.0
SC,80675,CAMPO ERÊ,25,5851.0,0.03189664097431179,0.028031715325399876,1.1378768870918812,0.022731157067168006,0.5421549559815224,3.1896640974311787,4203501.0
SC,80683,BALNEÁRIO BARRA DO SUL,30,8295.0,-0.05725198042428053,0.0593539512474888,-0.9645858316248624,0.022061482820976492,0.28382643583940903,5.725198042428053,4202057.0
SC,80691,CAMPOS NOVOS,81,21303.0,0.007559537472517363,0.009621290793135392,0.7857092811196341,0.02539548420410271,0.3361606265172547,0.7559537472517363,4203600.0
SC,80705,PARAÍSO,11,3042.0,-0.08142313414385391,0.03221125607814144,-2.527785130338573,0.025969756738987507,0.4979030568630225,8.142313414385391,4212239.0
SC,80713,CANELINHA,29,7694.0,-0.05087264397067557,0.05311598324273934,-0.95776526884927,0.03041330907200416,0.25206371214609513,5.087264397067557,4203709.0
SC,80721,SANTA HELENA,7,1962.0,,,,0.0326197757390418,0.43728936956270725,,4215554.0
SC,80730,CANOINHAS,127,34653.0,0.004436662230043576,0.021459197305946972,0.20674875051426306,0.04674919920353216,0.30259512162939395,0.44366622300435765,4203808.0
SC,80748,BELMONTE,8,1986.0,0.2124362961906595,0.06711886461227988,3.16507583103235,0.02769385699899295,0.39733364487419753,21.243629619065953,4202156.0
SC,80756,CAPINZAL,52,14386.0,0.03360001093207841,0.016351674969812772,2.054836033257034,0.031419435562352285,0.3634324483694572,3.3600010932078406,4203907.0
SC,80764,NOVO HORIZONTE,10,2152.0,-0.00830995157707135,0.043549313103143396,-0.190817052783125,0.016728624535315983,0.4229457268138514,0.8309951577071351,4211652.0
SC,80772,CATANDUVAS,25,6964.0,0.0007925365420200095,0.020496197402688054,0.0386674916546261,0.018954623779437105,0.37164139569637406,0.07925365420200095,4204004.0
SC,80780,SÃO MIGUEL DA BOA VISTA,5,1435.0,,,,0.01951219512195122,0.5096614530865935,,4217154.0
SC,80799,CAXAMBU DO SUL,16,3752.0,-0.00834367233147414,0.02004847890329446,-0.41617483160296354,0.01812366737739872,0.5099873473810904,0.834367233147414,4204103.0
SC,80802,ARVOREDO,9,2137.0,0.02637917247662433,0.05371345933429535,0.4911091708401951,0.024333177351427236,0.40885087992724023,2.637917247662433,4201653.0
SC,80810,CHAPECÓ,439,133345.0,0.004854558184123242,0.004378872538399086,1.10863199180903,0.025557763695676628,0.371552812452446,0.4854558184123242,4204202.0
SC,80829,IPUAÇU,19,4591.0,-0.014684929231647725,0.010278742039206977,-1.4286698873883494,0.017861032454802875,0.6670028433008068,1.4684929231647725,4207684.0
SC,80837,CONCÓRDIA,184,49485.0,0.013777648799888886,0.010218209815247884,1.3483427184407109,0.025522885722946347,0.29487589972964334,1.3777648799888886,4204301.0
SC,80845,OURO VERDE,6,1678.0,,,,0.01728247914183552,0.3647345243903484,,4211850.0
SC,80853,CORONEL FREITAS,26,7015.0,0.014761206497247001,0.01911929807676633,0.7720579718972393,0.02736992159657876,0.38672393017398465,1.4761206497247001,4204400.0
SC,80861,IRATI,6,1748.0,,,,0.032036613272311214,0.5003681425330831,,4207858.0
SC,80870,CORUPÁ,39,10073.0,0.07084043524977894,0.04911289746942361,1.4423998358859265,0.03097389059863,0.21608323715749528,7.084043524977894,4204509.0
SC,80888,FORMOSA DO SUL,8,2057.0,0.06447894332684484,0.07541551100247858,0.8549825157947375,0.018473505104521146,0.4999672564965381,6.447894332684484,4205431.0
SC,80896,CRICIÚMA,437,123026.0,0.007972342673075826,0.01123438547845299,0.709637628899809,0.035147042088664184,0.27971725483922755,0.7972342673075826,4204608.0
SC,80900,MACIEIRA,5,1473.0,,,,0.02308214528173795,0.47371477310888715,,4210050.0
SC,80918,CUNHA PORÃ,27,7584.0,0.06654843070811597,0.051940636291035736,1.2812401899589618,0.024261603375527425,0.16335644335146968,6.654843070811597,4204707.0
SC,80926,PONTE ALTA DO NORTE,8,2071.0,-0.06398775090802694,0.0630067814081865,-1.015569268544052,0.028971511347175277,0.4409798100099096,6.398775090802694,4213351.0
SC,80934,CURITIBANOS,103,24488.0,0.032438536443130384,0.011128331099382202,2.914950692375718,0.034465860829794186,0.38466911375409285,3.243853644313038,4204806.0
SC,80942,SÃO CRISTÓVÃO DO SUL,13,2681.0,-0.05624034860729715,0.0429627260511621,-1.3090498154219408,0.03431555389779933,0.4176674277243321,5.624034860729715,4216057.0
SC,80950,DESCANSO,21,6026.0,-0.026554860917201606,0.043118065720219326,-0.6158639186068416,0.02489213408562894,0.36120108887912733,2.6554860917201606,4204905.0
SC,80969,VARGEM BONITA,13,3386.0,0.021957146570257165,0.035167791620720465,0.6243538635312051,0.021264028352037802,0.41439430391576826,2.1957146570257167,4219176.0
SC,80977,DIONÍSIO CERQUEIRA,41,8740.0,0.01837288272072016,0.014628743241374552,1.255944028654221,0.02139588100686499,0.4450581926812451,1.837288272072016,4205001.0
SC,80985,BOMBINHAS,49,13539.0,0.07863019808397805,0.03606912676915119,2.179986185615894,0.040549523598493245,0.2825395576890349,7.863019808397804,4202453.0
SC,80993,DONA EMMA,11,2752.0,-0.06241997882854548,0.11846195263291666,-0.5269200569567603,0.0279796511627907,0.27806001962959914,6.241997882854548,4205100.0
SC,81000,SANGÃO,23,7118.0,0.024396419314499863,0.032790172335763805,0.7440161968252608,0.020932846305141892,0.2015218379560027,2.4396419314499864,4215455.0
SC,81019,ERVAL VELHO,12,3332.0,-0.21779506165055373,0.07939893009293192,-2.7430478143173596,0.025510204081632654,0.28806620168301417,21.779506165055373,4205209.0
SC,81027,CAPIVARI DE BAIXO,57,14633.0,0.02135361450731272,0.028625657811993152,0.7459606569588175,0.03300758559420488,0.3397057744386744,2.135361450731272,4203956.0
SC,81035,FAXINAL DOS GUEDES,27,7450.0,-0.01236515916343686,0.016317519971524207,-0.7577842211938681,0.023758389261744967,0.49703577617535716,1.236515916343686,4205308.0
SC,81043,CORDILHEIRA ALTA,11,3466.0,0.04817170804462254,0.03949873825446674,1.219575869342485,0.019619157530294286,0.3432850654786211,4.817170804462254,4204350.0
SC,81051,FLORIANÓPOLIS,1102,331041.0,-0.02259450924803375,0.0038671691665129793,-5.842648271941821,0.03988025652411635,0.4665071444246376,2.259450924803375,4205407.0
SC,81060,FORQUILHINHA,60,17437.0,0.028832789198288467,0.02048637901582437,1.4074126606764938,0.025463095716006193,0.2667797965361069,2.8832789198288467,4205456.0
SC,81078,FRAIBURGO,86,21939.0,5.044028430140483e-05,0.010167779150292185,0.004960796606204351,0.03072154610510962,0.35349254002288916,0.005044028430140483,4205506.0
SC,81086,MORRO GRANDE,8,2352.0,0.09259926724070473,0.03904099923844878,2.3718467520552116,0.03018707482993197,0.21615000540603538,9.259926724070473,4211256.0
SC,81094,GALVÃO,10,2305.0,0.06657611258848589,0.0637419483540917,1.0444630938899166,0.026464208242950107,0.4230943832294007,6.657611258848589,4205605.0
SC,81108,CORONEL MARTINS,7,1711.0,,,,0.032144944476914086,0.46574044158255723,,4204459.0
SC,81116,GOVERNADOR CELSO RAMOS,43,12469.0,0.0711723960157373,0.039644549494476225,1.7952630796234406,0.032640949554896145,0.23103957985731377,7.11723960157373,4206009.0
SC,81124,SÃO JOÃO DO ITAPERIÚ,14,3137.0,-0.07781920044245827,0.06872488724127489,-1.132329256056189,0.01976410583359898,0.1856252049085012,7.781920044245827,4216354.0
SC,81132,GAROPABA,62,17466.0,-0.006155653148864739,0.021464818018071024,-0.286778725246231,0.03715790679033551,0.3936248714016784,0.6155653148864739,4205704.0
SC,81140,JARDINÓPOLIS,7,1436.0,,,,0.02158774373259053,0.39383419522085106,,4208955.0
SC,81159,GARUVA,34,9867.0,0.04386760515461748,0.04807943999705816,0.9123984213897169,0.029289551028681464,0.2645194801972694,4.386760515461749,4205803.0
SC,81167,ERMO,8,1977.0,0.16158326290273253,0.11159927975988014,1.4478880441737545,0.02225594334850784,0.2578041513680883,16.158326290273255,4205191.0
SC,81175,GASPAR,142,40655.0,0.011011998669484196,0.01817350247028546,0.6059370607008383,0.029910220145123602,0.250565181514345,1.1011998669484195,4205902.0
SC,81183,SÃO PEDRO DE ALCÂNTARA,12,3599.0,0.007532612605048559,0.05463288934759943,0.13787688505952214,0.02889691580994721,0.2766944243001155,0.7532612605048559,4217253.0
SC,81191,GRÃO-PARÁ,21,4911.0,0.01943180567746228,0.05154501760073824,0.3769870800700623,0.02911830584402362,0.21567873310894975,1.9431805677462282,4206108.0
SC,81205,SANTIAGO DO SUL,6,1275.0,,,,0.02588235294117647,0.47576869822840234,,4215695.0
SC,81213,GRAVATAL,27,7596.0,-0.002962001855095658,0.02315476544921645,-0.12792191143512063,0.022511848341232227,0.23338261979814068,0.2962001855095658,4206207.0
SC,81221,BELA VISTA DO TOLDO,19,4326.0,-0.011828771900867755,0.023331251523100123,-0.5069926012822829,0.03305594082293111,0.35296287915135144,1.1828771900867756,4202131.0
SC,81230,GUABIRUBA,46,14314.0,0.07154426661395204,0.04952339429526882,1.4446559576952698,0.03514042196451027,0.20318020900249664,7.1544266613952034,4206306.0
SC,81248,CAPÃO ALTO,11,2361.0,-0.16616591754923124,0.09329451628580825,-1.7810898664202413,0.02456586192291402,0.3605556004446705,16.616591754923125,4203253.0
SC,81256,GUARACIABA,30,7690.0,-0.04242551785640924,0.02980231228463764,-1.4235646365694432,0.026397919375812744,0.40193202856895477,4.242551785640924,4206405.0
SC,81264,PAINEL,8,2010.0,-0.03607628835801619,0.0851704202008256,-0.42357767254113515,0.0263681592039801,0.44450900440906244,3.607628835801619,4211892.0
SC,81272,GUARAMIRIM,86,26527.0,-0.02707387420972975,0.01877367943398409,-1.4421187016073502,0.023259320692125003,0.2454700786286712,2.707387420972975,4206504.0
SC,81280,BOCAINA DO SUL,10,2633.0,-0.018050395471229524,0.03144552978348063,-0.5740210324175232,0.01974933535890619,0.3895894374985299,1.8050395471229526,4202438.0
SC,81299,GUARUJÁ DO SUL,13,3327.0,-0.031838998279898056,0.0325438821881687,-0.9783405094636527,0.018935978358881875,0.37330627075632783,3.183899827989806,4206603.0
SC,81302,ALTO BELA VISTA,7,1544.0,,,,0.03562176165803109,0.33723344841105485,,4200754.0
SC,81310,HERVAL D'OESTE,50,13769.0,0.0496549045106562,0.018832398278912164,2.636674510344121,0.02200595540707386,0.3291477945698793,4.9654904510656195,4206702.0
SC,81329,FREI ROGÉRIO,9,1866.0,-0.035663863622631596,0.05614106124730367,-0.6352545326054814,0.025187566988210074,0.3933842553982507,3.5663863622631595,4205555.0
SC,81337,IBICARÉ,14,2517.0,0.028937587544734016,0.06306599790184728,0.4588461057854188,0.026221692491060787,0.2648358075657688,2.8937587544734016,4206801.0
SC,81345,TREVISO,12,3264.0,0.21636070197099186,0.1249806295744529,1.731153881266876,0.040747549019607844,0.35889169234850626,21.636070197099187,4218350.0
SC,81353,IBIRAMA,43,12231.0,0.11271245243822431,0.038998728028908594,2.8901571444759413,0.03016924208977189,0.23010777855572948,11.271245243822431,4206900.0
SC,81361,IOMERÊ,9,2391.0,0.03901414813891477,0.036103680516757275,1.080614152920133,0.028439983270598077,0.23429027254274407,3.901414813891477,4207577.0
SC,81370,IÇARA,124,34524.0,0.034410264204258044,0.028924203692739972,1.1896702349975181,0.029689491368323485,0.2594463419124479,3.4410264204258043,4207007.0
SC,81388,BOM JESUS,7,2108.0,,,,0.015654648956356737,0.47434702461813827,,4202537.0
SC,81396,ILHOTA,33,9313.0,0.04380796113932571,0.0537213046138788,0.8154671866998555,0.03607859980672179,0.22833565719090476,4.380796113932571,4207106.0
SC,81400,IBIAM,6,1599.0,,,,0.016885553470919325,0.3499804432466715,,4206751.0
SC,81418,IMARUÍ,31,7823.0,-0.06607847196682602,0.04003946244517406,-1.6503336441468741,0.03719800588009715,0.4590585217026464,6.607847196682602,4207205.0
SC,81426,ENTRE RIOS,9,2440.0,-0.04471378799432743,0.016698556675067783,-2.677703759935643,0.02540983606557377,0.6918777924560638,4.471378799432743,4205175.0
SC,81434,IMBITUBA,117,30579.0,-0.00503601441091026,0.01983571945947192,-0.2538861482286931,0.036757251708688966,0.4134271225974618,0.503601441091026,4207304.0
SC,81442,PAIAL,7,1606.0,,,,0.02303860523038605,0.5124888742947377,,4211876.0
SC,81450,IMBUIA,17,4354.0,0.026190948955311218,0.023467526030454783,1.1160507043359464,0.031005971520440975,0.2559912163356858,2.6190948955311217,4207403.0
SC,81469,BOM JESUS DO OESTE,7,1658.0,,,,0.021109770808202654,0.3470072708533712,,4202578.0
SC,81477,INDAIAL,130,39418.0,0.02586943416966805,0.02635685951482992,0.98150669866842,0.033411131970165917,0.211007908577391,2.586943416966805,4207502.0
SC,81485,SÃO BERNARDINO,9,2074.0,0.02937789815400877,0.06296806846223385,0.4665523156650208,0.021697203471552556,0.5299845498928771,2.937789815400877,4215752.0
SC,81493,IPIRA,12,3263.0,-3.0166287072829703e-05,0.057072169745979215,-0.0005285638728489895,0.030646644192460926,0.40910522235029706,0.0030166287072829704,4207601.0
SC,81507,SANTA TEREZINHA DO PROGRESSO,6,1972.0,,,,0.02332657200811359,0.5726452758801555,,4215687.0
SC,81515,IPUMIRIM,17,5134.0,0.05618132824267917,0.03258930229915804,1.7239193317781045,0.02473704713673549,0.44349079025222304,5.618132824267917,4207700.0
SC,81523,SALTINHO,11,2669.0,-0.06725460674908115,0.08629591416555608,-0.7793486794757772,0.02847508430123642,0.6099772248733225,6.725460674908115,4215356.0
SC,81531,IRANI,24,6401.0,-0.009451773294565355,0.024942644453364447,-0.37894030491584185,0.023277612872988594,0.37036463306328493,0.9451773294565355,4207809.0
SC,81540,JUPIÁ,8,1891.0,0.12410822852661899,0.05928223789539159,2.093514565789811,0.01956636700158646,0.4463670018719775,12.410822852661898,4209177.0
SC,81558,IRINEÓPOLIS,29,6681.0,0.020816801747010564,0.028709583948387372,0.725081972084094,0.030234994761263283,0.3528349137429567,2.0816801747010563,4207908.0
SC,81566,PALMEIRA,10,2374.0,0.1347689561575384,0.11577176265303032,1.164091770472934,0.03285593934288121,0.3720805403349886,13.47689561575384,4212056.0
SC,81574,ITÁ,22,4951.0,-0.01266115665663801,0.045704742287254664,-0.27702063337459687,0.02645930115128257,0.4485178645530652,1.2661156656638008,4208005.0
SC,81582,BANDEIRANTE,9,2413.0,-0.05058458050366363,0.01660571213515712,-3.046215669159256,0.01740571902196436,0.47292458572694274,5.0584580503663625,4202081.0
SC,81590,ITAIÓPOLIS,52,13832.0,0.06728802411967592,0.019318106973670444,3.4831582727741353,0.03296703296703297,0.25480781049452167,6.728802411967592,4208104.0
SC,81604,FLOR DO SERTÃO,6,1428.0,,,,0.023809523809523808,0.4981912477719618,,4205357.0
SC,81612,ITAJAÍ,473,138159.0,0.013273229659993158,0.010964507445729759,1.2105632401355664,0.03249878762874659,0.27038805028056595,1.3273229659993158,4208203.0
SC,81620,CUNHATAÍ,5,1549.0,,,,0.025823111684958037,0.31861698437534614,,4204756.0
SC,81639,ITAPEMA,134,40191.0,0.023235540049368758,0.015936907070271924,1.4579704799001694,0.026224776691299048,0.23690706907928924,2.323554004936876,4208302.0
SC,81647,PRINCESA,9,2165.0,0.04191967292382391,0.05695545337741209,0.7360080631093492,0.023094688221709007,0.37374029943784065,4.191967292382391,4214151.0
SC,81655,ITAPIRANGA,41,10350.0,-0.004215110420616632,0.03585020015272843,-0.11757564539833774,0.026183574879227053,0.2857306547693238,0.4215110420616632,4208401.0
SC,81663,ITAPOÁ,52,13882.0,-0.06222633525282847,0.027059602064242128,-2.299602747486718,0.03140757815876675,0.3027370069497638,6.222633525282847,4208450.0
SC,81671,ITUPORANGA,55,16372.0,0.043153076826436536,0.014558393804004562,2.9641372123459435,0.021683361837283168,0.210878490470936,4.315307682643653,4208500.0
SC,81680,TIGRINHOS,6,1675.0,,,,0.01791044776119403,0.4679203479684917,,4217956.0
SC,81698,JABORÁ,13,3307.0,0.015541921628823008,0.05218480686034955,0.29782464598200686,0.0211672210462655,0.2842497479529956,1.5541921628823008,4208609.0
SC,81701,CHAPADÃO DO LAGEADO,8,2312.0,0.011741837673625287,0.04830707580693068,0.24306662072765478,0.020761245674740483,0.31939030996481327,1.1741837673625288,4204194.0
SC,81710,JACINTO MACHADO,27,7634.0,0.16396433137588812,0.05442916686041556,3.012435075414202,0.02829447209850668,0.2489349736073753,16.39643313758881,4208708.0
SC,81728,BALNEÁRIO ARROIO DO SILVA,32,8775.0,-0.04439579613976097,0.041653978706278,-1.0658236624361102,0.02792022792022792,0.3785631257954852,4.439579613976097,4201950.0
SC,81736,JAGUARUNA,46,12522.0,-0.005563372852593931,0.030324381607327193,-0.18346203806014857,0.02827024436990896,0.2691301341889871,0.5563372852593931,4208807.0
SC,81744,BALNEÁRIO GAIVOTA,32,8175.0,0.014300969491866038,0.03961930959074731,0.3609595835866328,0.027155963302752294,0.35336832621202374,1.4300969491866038,4202073.0
SC,81752,JARAGUÁ DO SUL,355,107048.0,0.05759514242406433,0.011365822593781274,5.067397625542482,0.028407817054031836,0.22938896097459938,5.759514242406433,4208906.0
SC,81760,BARRA BONITA,6,1510.0,,,,0.024503311258278145,0.44886686113993757,,4202099.0
SC,81779,JOAÇABA,76,18535.0,-0.0031221617525907554,0.020565963087599372,-0.15181208578913188,0.02546533585109253,0.27452463834265023,0.3122161752590755,4209003.0
SC,81787,BRUNÓPOLIS,12,2305.0,0.02610506175119388,0.031916508101050754,0.8179172254227414,0.020390455531453362,0.452831621993915,2.610506175119388,4202875.0
SC,81795,JOINVILLE,1191,361916.0,0.019132036795600237,0.00644034025702478,2.9706562125707614,0.033021474596315166,0.23403013677649898,1.9132036795600236,4209102.0
SC,81809,LUZERNA,19,4365.0,0.03616220416887017,0.06207678815188229,0.5825398711091927,0.02588774341351661,0.2089124015940255,3.616220416887017,4210035.0
SC,81817,LACERDÓPOLIS,7,1757.0,,,,0.0199203187250996,0.2545838335627985,,4209201.0
SC,81825,ZORTÉA,8,2611.0,0.13560597299251126,0.0842991322749105,1.6086283373627435,0.03255457679050172,0.4170259127536867,13.560597299251127,4219853.0
SC,81833,LAGES,380,101766.0,0.0353230824744503,0.008015139760466548,4.407045108392994,0.032938309455024274,0.33074007151921103,3.53230824744503,4209300.0
SC,81850,LAGUNA,109,28438.0,0.050575797046647976,0.01934528928379896,2.614372744945382,0.034918067374639566,0.38678293713834294,5.057579704664797,4209409.0
SC,81876,LAURENTINO,19,5238.0,0.0774835491447952,0.045299221811094435,1.7104830071455743,0.03073692248949981,0.22406931426604162,7.7483549144795205,4209508.0
SC,81892,LAURO MÜLLER,44,10245.0,0.04213258678692206,0.034186768167250796,1.232423801536261,0.04187408491947291,0.34767615373718236,4.213258678692206,4209607.0
SC,81914,LEBON RÉGIS,30,6851.0,-0.017014519624815955,0.016090297513713388,-1.0574397154754207,0.028754926288133118,0.5443513271498696,1.7014519624815954,4209706.0
SC,81930,LEOBERTO LEAL,9,2753.0,-0.07576541980782309,0.07224835073408796,-1.0486802679645906,0.03523428986560116,0.31177222832571444,7.5765419807823084,4209805.0
SC,81957,LONTRAS,30,7502.0,-0.022296883844210268,0.04862035603901588,-0.4585915377978293,0.02439349506798187,0.23701613246834355,2.229688384421027,4209904.0
SC,81973,LUIZ ALVES,30,8548.0,0.0916150170557185,0.04924517393199897,1.8603856934737737,0.02152550304164717,0.1934214135155026,9.161501705571851,4210001.0
SC,81990,MAFRA,130,35311.0,0.023764129945464764,0.0176416516042926,1.3470467776204373,0.03440854124776982,0.25242327599723946,2.3764129945464765,4210100.0
SC,82015,MAJOR GERCINO,11,2597.0,0.041295855334499434,0.04792117429656539,0.8617454797525527,0.025413939160569887,0.275122815440986,4.129585533449943,4210209.0
SC,82031,MAJOR VIEIRA,20,4957.0,0.06214188933307294,0.03569329226132825,1.7409962879888308,0.03348799677224128,0.4116980401290536,6.214188933307295,4210308.0
SC,82058,MARAVILHA,56,16406.0,0.03280364561034855,0.0177641914438018,1.8466163075378388,0.023527977569182006,0.29571313037059205,3.280364561034855,4210506.0
SC,82066,MAREMA,9,1763.0,-0.14986374541373776,0.08327615087416142,-1.7995998114778005,0.026091888825865002,0.3410569499096977,14.986374541373776,4210555.0
SC,82074,MASSARANDUBA,42,11226.0,0.08720609888015092,0.05696839714797717,1.5307802789962721,0.02672367717797969,0.1856161419114999,8.720609888015092,4210605.0
SC,82090,MATOS COSTA,10,1859.0,-0.013627696429040086,0.06203450556973311,-0.21967929467449637,0.03335126412049489,0.5336015845726687,1.3627696429040086,4210704.0
SC,82112,MELEIRO,18,5208.0,0.027308710474540664,0.06632966169318731,0.4117118914439681,0.021889400921658985,0.20066000152944635,2.7308710474540665,4210803.0
SC,82139,MODELO,11,2960.0,0.054881045552883256,0.07524668100124028,0.7293483888276568,0.026013513513513515,0.36773886492832325,5.488104555288325,4210902.0
SC,82155,MONDAÍ,29,6395.0,0.02013369995240233,0.023877210669785917,0.8432182565562147,0.026270523846755277,0.3887601767194924,2.013369995240233,4211009.0
SC,82171,MONTE CASTELO,22,5668.0,0.034759800738955404,0.04186861318622688,0.8302114183803443,0.03369795342272407,0.41295116763822115,3.47598007389554,4211108.0
SC,82198,MORRO DA FUMAÇA,40,11340.0,0.01916074086607079,0.04136188700923466,0.46324629390803346,0.02451499118165785,0.20080532648991226,1.9160740866070791,4211207.0
SC,82210,NAVEGANTES,157,46908.0,0.007957684987616802,0.015124115570119766,0.5261587000391975,0.030847616611239023,0.2989679210574348,0.7957684987616802,4211306.0
SC,82236,NOVA ERECHIM,13,3391.0,-0.026652377940171616,0.057291194438879416,-0.4652089767233856,0.02772043644942495,0.3984498736074896,2.6652377940171617,4211405.0
SC,82252,NOVA TRENTO,33,9333.0,-0.00979462873130111,0.03932349062024992,-0.24907831366977617,0.03525125897353477,0.21520726198734907,0.9794628731301109,4211504.0
SC,82279,NOVA VENEZA,36,10474.0,0.024675249310886674,0.02065680558502525,1.1945336470017667,0.024727897651327095,0.22782674074110448,2.4675249310886676,4211603.0
SC,82295,ORLEANS,58,15902.0,0.029603242007236276,0.023756699552965686,1.246100786905845,0.02842409759778644,0.20632315750486463,2.9603242007236275,4211702.0
SC,82317,OURO,19,4964.0,0.10934385130207515,0.06262759838452123,1.7459371606544012,0.026792908944399677,0.28907426080609155,10.934385130207515,4211801.0
SC,82333,PALHOÇA,373,115405.0,-0.010157078260430916,0.011182341725510695,-0.9083140642410519,0.038880464451280274,0.3429975563495804,1.0157078260430916,4211900.0
SC,82350,PALMA SOLA,18,4534.0,0.005695282128314659,0.016480793541613737,0.3455708679278193,0.020291133656815175,0.5196390509584494,0.5695282128314658,4212007.0
SC,82376,PALMITOS,42,10254.0,-0.0017727004995965795,0.017434544571866523,-0.10167747670662533,0.022430271113711722,0.295473916445727,0.17727004995965795,4212106.0
SC,82392,PAPANDUVA,52,12387.0,-0.0282234633691721,0.015891494325688846,-1.7760106627322287,0.030435133607814645,0.4265141158386637,2.82234633691721,4212205.0
SC,82414,PAULO LOPES,21,5671.0,0.110142912843619,0.04846314124179175,2.2727150989675895,0.03332745547522483,0.34598066092854013,11.014291284361901,4212304.0
SC,82430,PEDRAS GRANDES,13,3450.0,0.16652132029535918,0.09691266326379973,1.7182617285223316,0.034202898550724635,0.22651325395837413,16.652132029535917,4212403.0
SC,82457,PENHA,61,17996.0,0.07432477331555472,0.03454138463921433,2.1517601014516043,0.029506557012669483,0.2489351337821659,7.4324773315554715,4212502.0
SC,82473,PERITIBA,9,2386.0,0.019935717160396754,0.04978218760915313,0.40045884116051383,0.02179379715004191,0.26741681653845206,1.9935717160396753,4212601.0
SC,82490,PETROLÂNDIA,20,4705.0,0.013458048919414226,0.03195938417205307,0.4210985057460099,0.023379383634431455,0.22118706586835063,1.3458048919414225,4212700.0
SC,82511,BALNEÁRIO PIÇARRAS,51,14747.0,0.032711678637575854,0.036359745504282844,0.8996674257173423,0.025903573608191496,0.26688127570348413,3.2711678637575856,4212809.0
SC,82538,PINHALZINHO,41,13032.0,-0.03481224076884207,0.02832953949069875,-1.228831862243004,0.02570595457335789,0.3891753959016144,3.4812240768842067,4212908.0
SC,82554,PINHEIRO PRETO,8,2425.0,-0.014120006774644943,0.06618976670864346,-0.21332612995599315,0.0222680412371134,0.35846652897906284,1.4120006774644942,4213005.0
SC,82570,PIRATUBA,16,4382.0,-0.007490910524855364,0.022884351049109672,-0.32733768629837556,0.02487448653582839,0.33156201117940737,0.7490910524855364,4213104.0
SC,82597,POMERODE,74,21253.0,0.06570491791417161,0.03211943211706384,2.04564382317535,0.03180727426716228,0.19486623934378203,6.570491791417162,4213203.0
SC,82619,PONTE ALTA,17,3325.0,-0.020949267957506245,0.043833630766519395,-0.47792682447623125,0.029473684210526315,0.398059121927557,2.0949267957506246,4213302.0
SC,82635,PONTE SERRADA,28,6646.0,0.04155586566967158,0.014651572730366528,2.8362733772289035,0.02452603069515498,0.48848808264962307,4.155586566967158,4213401.0
SC,82651,PORTO BELO,45,13133.0,0.0478900169727806,0.05299051059895232,0.9037470375635036,0.030838346150917535,0.2572218680892878,4.78900169727806,4213500.0
SC,82678,PORTO UNIÃO,84,20228.0,0.05026542526768013,0.018697993467407196,2.688279111622254,0.032776349614395885,0.3228295590878201,5.026542526768013,4213609.0
SC,82694,POUSO REDONDO,34,9912.0,0.06578915631132021,0.03933064775073618,1.6727198781029176,0.01957223567393059,0.22657081831384013,6.578915631132021,4213708.0
SC,82716,PRAIA GRANDE,19,5316.0,0.08057915628848424,0.02700028996745535,2.9843811450028825,0.0336719337848006,0.4104804028677734,8.057915628848423,4213807.0
SC,82732,PRESIDENTE CASTELLO BRANCO,6,1419.0,,,,0.013389711064129669,0.2133900037502487,,4213906.0
SC,82759,PRESIDENTE GETÚLIO,39,11501.0,-0.006005084530262563,0.027820224775917543,-0.21585319955649093,0.02704112685853404,0.21374690695468512,0.6005084530262563,4214003.0
SC,82775,PRESIDENTE NEREU,10,1824.0,-0.13256969437414914,0.07797623564082448,-1.7001294469355255,0.03179824561403509,0.2876034623685101,13.256969437414915,4214102.0
SC,82791,QUILOMBO,29,7125.0,0.03921249403108488,0.027463618968734303,1.427797774056142,0.029614035087719297,0.44912819205436993,3.921249403108488,4214201.0
SC,82813,RANCHO QUEIMADO,10,2714.0,0.031779175970999246,0.07150698597962048,0.44442057703363874,0.03500368459837878,0.28375495817619695,3.1779175970999245,4214300.0
SC,82830,RIO DAS ANTAS,20,4257.0,0.006672480844983379,0.049503912151179524,0.13478694016356432,0.026074700493305146,0.2945247844488316,0.667248084498338,4214409.0
SC,82856,RIO DO CAMPO,17,4622.0,-0.02471994192235001,0.04632106594465941,-0.5336652216052921,0.019039376893119863,0.24212806845083182,2.4719941922350013,4214508.0
SC,82872,RIO DO OESTE,25,5197.0,0.012429624998376515,0.039055726033445266,0.31825358944121124,0.02366750048104676,0.2783602723039536,1.2429624998376516,4214607.0
SC,82899,RIO DOS CEDROS,30,7439.0,0.03920216588821111,0.045874146230007046,0.8545590296472553,0.03454765425460411,0.2095216960644058,3.9202165888211113,4214706.0
SC,82910,RIO DO SUL,147,42005.0,0.02789957738111185,0.018292606128635695,1.5251833000130672,0.027258659683371027,0.23505877625836083,2.789957738111185,4214805.0
SC,82937,RIO FORTUNA,16,3972.0,0.26830603127332564,0.14781004917873486,1.8152083215186854,0.027190332326283987,0.15137234242194714,26.830603127332566,4214904.0
SC,82953,RIO NEGRINHO,99,25601.0,-0.030504917740384354,0.017272851339834448,-1.7660614996456474,0.03187375493144799,0.24202707553611927,3.050491774038435,4215000.0
SC,82970,RODEIO,29,8174.0,0.028576631067640287,0.04930399448023196,0.5796007274643408,0.033398580866161,0.20230285984873014,2.857663106764029,4215109.0
SC,82996,ROMELÂNDIA,14,3400.0,0.043323114518010096,0.04685613551661847,0.924598540625372,0.030882352941176472,0.4476064387496431,4.33231145180101,4215208.0
SC,83011,SALETE,19,5161.0,0.0035333874075708896,0.06331024591392301,0.05581067261016336,0.027514047665181167,0.24767327516112966,0.353338740757089,4215307.0
SC,83038,SALTO VELOSO,11,2953.0,0.21789235753983238,0.07495252566294185,2.9070715844811494,0.03250931256349475,0.30618799619158416,21.789235753983238,4215406.0
SC,83054,SANTA CECÍLIA,37,9688.0,0.007162431801147896,0.026842211684377476,0.2668346366300556,0.03189512799339389,0.41212545569513553,0.7162431801147896,4215505.0
SC,83070,SANTA ROSA DE LIMA,8,1732.0,-0.04014667142247574,0.08379074604392514,-0.4791301345070956,0.03695150115473441,0.3109507907210685,4.014667142247574,4215604.0
SC,83097,SANTO AMARO DA IMPERATRIZ,60,16394.0,0.005398243771796356,0.03838053229857062,0.14065057070606074,0.036354763938026106,0.3103054840165597,0.5398243771796356,4215703.0
SC,83119,SÃO BENTO DO SUL,181,52231.0,0.01973118433170764,0.016868514642814806,1.1697049058265598,0.033658172349753976,0.2241726762242314,1.9731184331707639,4215802.0
SC,83135,SÃO BONIFÁCIO,8,2429.0,0.16335474823127977,0.06389565262297525,2.5565862703551376,0.03581720872787155,0.18646921876759562,16.335474823127978,4215901.0
SC,83151,SÃO CARLOS,29,7092.0,0.03722185619033676,0.016618961659543127,2.2397221290274056,0.027354765933446136,0.36839514725972355,3.722185619033676,4216008.0
SC,83178,SÃO DOMINGOS,24,6295.0,0.0811538034410281,0.03026474134245375,2.681463638586923,0.0255758538522637,0.4287390967579631,8.11538034410281,4216107.0
SC,83194,SÃO FRANCISCO DO SUL,115,30432.0,0.048206381795884844,0.0269631021610907,1.7878648201485292,0.029442691903259727,0.3021334590814241,4.820638179588484,4216206.0
SC,83216,SÃO JOÃO BATISTA,64,18626.0,0.011698814752656692,0.026339215697936513,0.4441595712955572,0.02813271770643187,0.2124857417839943,1.1698814752656692,4216305.0
SC,83232,SÃO JOÃO DO SUL,20,5730.0,0.10981317544890139,0.048450063499309685,2.266522838519417,0.03019197207678883,0.28322859843232834,10.981317544890139,4216404.0
SC,83259,SÃO JOAQUIM,64,15379.0,0.054904486132598775,0.011894882641072108,4.615807300445137,0.0362832433838351,0.3969099104187078,5.490448613259877,4216503.0
SC,83275,SÃO JOSÉ,524,154585.0,0.01705827763673869,0.010362071196337983,1.6462227785857315,0.040392017336740305,0.36835166167743805,1.705827763673869,4216602.0
SC,83291,SÃO JOSÉ DO CEDRO,35,9458.0,-0.00819248628695313,0.014458055475320593,-0.5666381831870423,0.02442376823852823,0.2933790366676799,0.819248628695313,4216701.0
SC,83313,SÃO JOSÉ DO CERRITO,33,6314.0,0.01908693808258614,0.02285029818617525,0.8353036764366605,0.02359835286664555,0.535994667918201,1.908693808258614,4216800.0
SC,83330,SÃO LOURENÇO DO OESTE,56,15509.0,0.0015825723872918192,0.016686452886935103,0.094841749652553,0.027016571023276807,0.36356152935201097,0.15825723872918193,4216909.0
SC,83356,SÃO LUDGERO,30,7976.0,0.12499863449074568,0.03356566888859262,3.7240024891393353,0.02344533600802407,0.20387555912951388,12.499863449074567,4217006.0
SC,83372,SÃO MARTINHO,11,2870.0,0.08287593827752208,0.06465710572903224,1.2817761844280828,0.02613240418118467,0.19064385148525037,8.28759382775221,4217105.0
SC,83399,SÃO MIGUEL DO OESTE,90,25836.0,0.005517142400695894,0.013398880225455054,0.41176145378286794,0.024926459204211177,0.341345447248536,0.5517142400695894,4217204.0
SC,83410,SAUDADES,25,6705.0,0.02320330295175048,0.01979269270584192,1.1723166370840437,0.02296793437733035,0.3533115951916751,2.3203302951750477,4217303.0
SC,83437,SCHROEDER,38,11734.0,0.015904434489417318,0.02604074394113887,0.6107519249590897,0.0249701721493097,0.22695312085716743,1.5904434489417318,4217402.0
SC,83453,SEARA,49,12002.0,0.0163917779574797,0.019327761439742384,0.8480950061694358,0.031161473087818695,0.43167458568449485,1.6391777957479698,4217501.0
SC,83470,SIDERÓPOLIS,33,8933.0,0.02177549249438708,0.030713590461438994,0.7089855717691579,0.034366953990820556,0.3244430500023257,2.177549249438708,4217600.0
SC,83496,SOMBRIO,69,18436.0,-0.022907772337754748,0.025559618404677856,-0.896248604930746,0.0283684096333261,0.2927436651986644,2.290777233775475,4217709.0
SC,83518,TAIÓ,45,12197.0,0.08209382857359204,0.032415334614214385,2.532561503702425,0.024760186931212593,0.19773803006566623,8.209382857359204,4217808.0
SC,83534,TANGARÁ,26,5600.0,0.024795941467533084,0.07182560655516844,0.3452242543679405,0.026785714285714284,0.2763992044843978,2.4795941467533082,4217907.0
SC,83550,TIJUCAS,90,25337.0,0.019682890549523095,0.02000967435731345,0.9836687093475402,0.032047993053636974,0.2830331802327656,1.9682890549523095,4218004.0
SC,83577,TIMBÓ,96,28575.0,0.04035546722525223,0.02971697503092222,1.3579937790861973,0.032755905511811026,0.1767243640714927,4.035546722525223,4218202.0
SC,83593,TRÊS BARRAS,45,11799.0,-0.040328839955508,0.02963438249781095,-1.3608800506805576,0.03330790744978388,0.37685175250884984,4.0328839955508,4218301.0
SC,83615,TREZE DE MAIO,20,5669.0,0.08561992478297381,0.07414483378013847,1.1547658874907238,0.023813723760804376,0.16997603794722568,8.56199247829738,4218400.0
SC,83631,TREZE TÍLIAS,20,5259.0,0.032308683139617475,0.032525328334140534,0.9933391850099894,0.023578627115421184,0.21953405355575117,3.2308683139617473,4218509.0
SC,83658,TROMBUDO CENTRAL,16,4544.0,0.05532214130616399,0.04591269866255136,1.2049420512780145,0.023107394366197184,0.2008198283043802,5.532214130616399,4218608.0
SC,83674,TUBARÃO,238,66009.0,0.05880162420691668,0.015360235761289637,3.8281719838641153,0.03401051371782636,0.2508491981592775,5.8801624206916685,4218707.0
SC,83682,TUNÁPOLIS,15,3505.0,0.17008273755211006,0.0941778074443398,1.8059747000654158,0.029101283880171185,0.24474804292311153,17.008273755211007,4218756.0
SC,83690,TURVO,29,8736.0,0.04555864047702496,0.03891962796200904,1.170582630478804,0.022092490842490844,0.17674417953061433,4.555864047702496,4218806.0
SC,83712,URUBICI,28,6625.0,0.01994731193646272,0.02599540781349301,0.7673398347730092,0.020830188679245284,0.2794420797568174,1.994731193646272,4218905.0
SC,83739,URUSSANGA,53,13660.0,0.0532304084443364,0.03269621689248624,1.6280295857888387,0.0315519765739385,0.2241872408015299,5.32304084443364,4219002.0
SC,83755,VARGEÃO,10,2550.0,-0.06694718727767487,0.0449804999646135,-1.4883602301073295,0.03215686274509804,0.4576743875881368,6.694718727767487,4219101.0
SC,83771,VIDAL RAMOS,17,4636.0,0.05300210068568334,0.04336247574300069,1.222303380457667,0.02631578947368421,0.27253978628007575,5.300210068568334,4219200.0
SC,83798,VIDEIRA,113,31319.0,0.020252494606327644,0.014318254491490363,1.4144527615683966,0.028417254701618825,0.27950490965769104,2.0252494606327645,4219309.0
SC,83810,WITMARSUM,11,2929.0,-0.09367042548786018,0.10252037440755715,-0.913676193919122,0.04096961420279959,0.280393886448274,9.367042548786019,4219408.0
SC,83836,XANXERÊ,114,29625.0,0.0120448849943879,0.007771076704738039,1.54996346735892,0.024236286919831224,0.3872392883931017,1.20448849943879,4219507.0
SC,83852,XAVANTINA,15,3125.0,-0.04823685467684403,0.019737468016950133,-2.4439231331708404,0.01856,0.427958286905277,4.8236854676844025,4219606.0
SC,83879,XAXIM,70,19071.0,-0.0008470629418315943,0.009194666311084905,-0.09212546852411514,0.024435006030098055,0.3326417425271379,0.08470629418315942,4219705.0
SC,83895,BOM JARDIM DA SERRA,14,2931.0,0.03303139561021568,0.05312958758222181,0.621713759006641,0.024223814397816446,0.441744477150179,3.303139561021568,4202503.0
SC,83909,BALNEÁRIO RINCÃO,38,9604.0,0.07233744493607676,0.037515991977134414,1.9281762556129567,0.024260724698042482,0.34601630357905755,7.233744493607676,4220000.0
SC,83917,MARACAJÁ,19,5330.0,0.03167105957731048,0.05379336624185182,0.5887540005382681,0.0348968105065666,0.3338698608430495,3.1671059577310476,4210407.0
SC,83925,PESCARIA BRAVA,26,6747.0,-0.0201719860313398,0.03243532313681811,-0.6219141380602464,0.03468208092485549,0.4013561219265643,2.01719860313398,4212650.0
SC,83933,TIMBÉ DO SUL,14,3763.0,0.10211329198714796,0.052602314868724326,1.9412319066562846,0.02843475950039862,0.2731481173969624,10.211329198714795,4218103.0
SC,83950,CORREIA PINTO,44,10039.0,0.010914704674787945,0.02333542853066621,0.4677310579681194,0.03117840422352824,0.4321239659303589,1.0914704674787945,4204558.0
SC,83976,OTACÍLIO COSTA,46,11086.0,0.019178884795071138,0.02055640469971652,0.9329882863872406,0.030398701064405557,0.3425592690938128,1.9178884795071138,4211751.0
SE,31003,SANTANA DO SÃO FRANCISCO,20,4542.0,-0.032607582963329426,0.04567423038135199,-0.713916418318951,0.047556142668428,0.7366848998628052,3.2607582963329427,2806404.0
SE,31011,AMPARO DE SÃO FRANCISCO,9,2078.0,0.0026717594624620835,0.0814668310958455,0.03279567188907552,0.0356111645813282,0.7210694061595576,0.26717594624620833,2800100.0
SE,31038,AQUIDABÃ,63,13004.0,-0.029473003648529717,0.03320830786657755,-0.8875189837116866,0.04998462011688711,0.7682495336933797,2.9473003648529716,2800209.0
SE,31054,ARACAJU,1297,352361.0,0.09197730324168407,0.008869271448974567,10.370333546654292,0.05391345807282872,0.5728597082955719,9.197730324168408,2800308.0
SE,31070,ARAUÁ,28,7382.0,-0.010744424538012129,0.04696866131496319,-0.22875730832441651,0.04334868599295584,0.7902449023384507,1.074442453801213,2800407.0
SE,31097,AREIA BRANCA,45,11665.0,0.07854955695928972,0.05697131164132449,1.3787563371160534,0.059408486926703814,0.7170953165600987,7.854955695928973,2800506.0
SE,31119,BARRA DOS COQUEIROS,85,19713.0,0.05664492305364061,0.033854685144295106,1.673178256191401,0.04717698980368285,0.6195850047490369,5.664492305364061,2800605.0
SE,31135,BREJO GRANDE,22,5413.0,0.18846883632696795,0.1527685863570957,1.2336884226081868,0.04914095695547755,0.7922437875579545,18.846883632696795,2800704.0
SE,31151,BOQUIM,73,16922.0,0.08182649425600767,0.03346616846827769,2.4450511666302743,0.05430800141827207,0.7180610488354797,8.182649425600767,2800670.0
SE,31194,CAMPO DO BRITO,41,11923.0,-0.05511544349844518,0.07555869292141991,-0.7294388159382872,0.05241969303027762,0.7541513480981114,5.5115443498445185,2801009.0
SE,31216,CANHOBA,14,3479.0,0.024661783566126996,0.07747781921635591,0.31830766296169555,0.04340327680367922,0.7985921521616809,2.4661783566126996,2801108.0
SE,31232,CANINDÉ DE SÃO FRANCISCO,72,17492.0,-0.030906581229113984,0.016078132184430473,-1.9222743584010888,0.042590898696546996,0.7817004032212233,3.0906581229113983,2801207.0
SE,31259,CAPELA,83,19860.0,-0.027427839700695324,0.023260971084534333,-1.1791356259813006,0.05961732124874119,0.7056956746701143,2.7427839700695325,2801306.0
SE,31275,CARIRA,58,13276.0,0.023774810097643716,0.041846225382025204,0.5681470641759733,0.05438385055739681,0.7389654518454514,2.3774810097643715,2801405.0
SE,31291,CARMÓPOLIS,42,9763.0,0.09472305689536252,0.052885080810091474,1.7911111308595669,0.052442896650619686,0.6745894419539405,9.472305689536253,2801504.0
SE,31313,CEDRO DE SÃO JOÃO,17,4431.0,0.046527160701261144,0.06371038711403149,0.7302916024977985,0.037914691943127965,0.6827171038919635,4.6527160701261145,2801603.0
SE,31330,CRISTINÁPOLIS,48,10682.0,0.04000243331574839,0.03831574449170468,1.04402077648286,0.03763340198464707,0.8032398413053925,4.000243331574839,2801702.0
SE,31356,NOSSA SENHORA APARECIDA,33,6093.0,0.054774512992949165,0.051708202182279235,1.0593002788969672,0.048580338092893485,0.663721077562679,5.477451299294916,2804458.0
SE,31372,CUMBE,15,3537.0,0.03431974603878326,0.07078416398233599,0.4848506234720476,0.0551314673452078,0.6420824896625893,3.431974603878326,2801900.0
SE,31399,DIVINA PASTORA,13,3161.0,0.05582380573205686,0.10046770924586823,0.5556392810295178,0.0420752926289149,0.7914758227759763,5.582380573205685,2802007.0
SE,31410,ESTÂNCIA,160,38694.0,0.008308064406335346,0.017212330086783575,0.48268098301895007,0.050240347340672974,0.7321046698673075,0.8308064406335346,2802106.0
SE,31437,FEIRA NOVA,21,4719.0,-0.08296885410351848,0.0667813597158656,-1.2423953998020667,0.043653316380589106,0.7764090964030529,8.296885410351848,2802205.0
SE,31453,FREI PAULO,36,10732.0,-0.059009706847428976,0.05452437048455414,-1.0822629646709163,0.052646291464778235,0.6216545675414776,5.900970684742898,2802304.0
SE,31470,GENERAL MAYNARD,10,2283.0,-0.11027063452597625,0.09625080204352138,-1.145659383452364,0.04292597459483136,0.7531368149407408,11.027063452597625,2802502.0
SE,31496,GARARU,28,7471.0,0.09046907376997879,0.08232391125472673,1.0989404219394934,0.0376121001204658,0.841607594130517,9.04690737699788,2802403.0
SE,31518,GRACCHO CARDOSO,27,5048.0,-0.12541581321882145,0.0995894433312864,-1.2593283888697226,0.03724247226624406,0.8146806330711336,12.541581321882145,2802601.0
SE,31534,ILHA DAS FLORES,27,5255.0,0.04005040577572574,0.08245730198375872,0.4857108444272686,0.0445290199809705,0.7787896791952245,4.005040577572574,2802700.0
SE,31550,INDIAROBA,46,9861.0,0.07895232901342444,0.050418455523799754,1.5659410466501782,0.04654700334651658,0.8135078367224063,7.895232901342444,2802809.0
SE,31577,ITABAIANA,247,60728.0,0.05631860127066219,0.02070531111886026,2.720007487323489,0.06150375444605454,0.6254052340062215,5.631860127066219,2802908.0
SE,31593,ITABAIANINHA,95,25757.0,-0.020188357637517106,0.018467772279258183,-1.0931669143544387,0.049850526070582754,0.6435111165311951,2.0188357637517105,2803005.0
SE,31615,ITABI,16,3641.0,0.059443354571232364,0.07740141497827803,0.7679879571699636,0.050260917330403734,0.7419183516000896,5.944335457123237,2803104.0
SE,31631,ITAPORANGA D'AJUDA,94,22213.0,0.0489183840247441,0.03189201841726776,1.533875447602824,0.058794399675865486,0.7070190840875392,4.89183840247441,2803203.0
SE,31658,JAPARATUBA,45,11033.0,0.07130718760037219,0.046008788303335574,1.5498601512877164,0.049941085833408866,0.7560162204698224,7.130718760037219,2803302.0
SE,31674,JAPOATÃ,45,8712.0,-0.049163502210016426,0.04405791375512193,-1.1158835727735963,0.04855371900826446,0.7646802266237207,4.916350221001642,2803401.0
SE,31690,LAGARTO,287,64705.0,-0.00590963166691772,0.013442377167815964,-0.4396269791526673,0.054524379877907425,0.708332585891203,0.590963166691772,2803500.0
SE,31712,LARANJEIRAS,76,17471.0,0.08528888185939512,0.027955685570986145,3.0508599634527416,0.06112987235991071,0.670185335260088,8.528888185939513,2803609.0
SE,31739,MACAMBIRA,17,5363.0,-0.14680214375247658,0.14286687255833572,-1.02754502232513,0.04922617937721425,0.7193978178091575,14.680214375247658,2803708.0
SE,31755,MALHADA DOS BOIS,14,3071.0,-0.08119148195820039,0.12045253463601904,-0.6740537441037926,0.041028980788016936,0.770327971020031,8.119148195820038,2803807.0
SE,31771,MALHADOR,39,8259.0,0.05579034588050009,0.049744503736236706,1.1215378924337172,0.05218549461193849,0.7452746948781037,5.579034588050009,2803906.0
SE,31798,MARUIM,46,10157.0,-0.04382473552376579,0.056631113498066654,-0.7738632143488038,0.05365757605592202,0.7793405309947965,4.382473552376579,2804003.0
SE,31810,MOITA BONITA,42,7717.0,-0.007744729152583197,0.05834063659216995,-0.13275016532168998,0.07891667746533627,0.6683689324744889,0.7744729152583196,2804102.0
SE,31836,MONTE ALEGRE DE SERGIPE,36,9399.0,-0.053955542786433754,0.06082524369076478,-0.8870583907685343,0.04606873071603362,0.7438090667821458,5.395554278643376,2804201.0
SE,31852,MURIBECA,27,5616.0,-0.008075596542335597,0.05808931218376354,-0.13902035053864514,0.0478988603988604,0.7291626256455709,0.8075596542335597,2804300.0
SE,31879,NEÓPOLIS,48,10490.0,0.01875192705009032,0.02079816387712284,0.9016145444798951,0.04880838894184938,0.7525810659673321,1.8751927050090318,2804409.0
SE,31895,NOSSA SENHORA DA GLÓRIA,93,23446.0,0.005903780708318723,0.022252926683535006,0.26530356174169867,0.0417128721317069,0.7770016871953271,0.5903780708318723,2804508.0
SE,31917,NOSSA SENHORA DAS DORES,75,17118.0,0.0012264053353006354,0.02741532604627059,0.04473429691227283,0.06671340109825914,0.644855843317069,0.12264053353006354,2804607.0
SE,31933,NOSSA SENHORA DE LOURDES,16,4710.0,0.04475847650801758,0.14064015524910908,0.3182482017937129,0.03949044585987261,0.8035419426815013,4.475847650801758,2804706.0
SE,31950,NOSSA SENHORA DO SOCORRO,349,95258.0,0.019413352264506144,0.013285072392569144,1.4612906645028736,0.05560687816246405,0.580234721382795,1.9413352264506145,2804805.0
SE,31976,PACATUBA,37,8383.0,-0.04115761237561598,0.038149386349091485,-1.0788538509898242,0.04521054515090063,0.8200748471462891,4.115761237561598,2804904.0
SE,31992,PEDRA MOLE,12,2638.0,-0.18965008157705937,0.11623390305809116,-1.631624479496971,0.0511751326762699,0.7329526113538978,18.965008157705938,2805000.0
SE,32018,PEDRINHAS,22,5703.0,-0.024753720621958263,0.05311752551940255,-0.46601795508934857,0.045414694020690864,0.7390657067325324,2.4753720621958264,2805109.0
SE,32034,PINHÃO,19,4364.0,0.12558369297327748,0.061629729838526694,2.0377128587503743,0.049266727772685606,0.7896342851589092,12.558369297327749,2805208.0
SE,32050,PIRAMBU,27,6150.0,0.002553907411783819,0.04499091625910707,0.05676495666537702,0.04260162601626016,0.721817249292206,0.2553907411783819,2805307.0
SE,32077,POÇO REDONDO,67,16332.0,0.03646291291808263,0.03885907427812551,0.9383371476403976,0.045432280186137645,0.7783474264418588,3.646291291808263,2805406.0
SE,32093,POÇO VERDE,66,15204.0,0.0260914580854203,0.06093505506415861,0.42818469693591915,0.051499605367008684,0.7799405298298888,2.60914580854203,2805505.0
SE,32115,PORTO DA FOLHA,79,18412.0,0.018642257810512815,0.03071105103724699,0.6070211595136586,0.04882685205300891,0.7890959556815835,1.8642257810512814,2805604.0
SE,32131,PROPRIÁ,74,15805.0,0.04367066736675634,0.017946114101661446,2.4334330607378294,0.04359379943055995,0.6446340497127248,4.367066736675634,2805703.0
SE,32158,RIACHÃO DO DANTAS,59,14074.0,0.032552535859087184,0.04348590530062708,0.7485767085690124,0.04824499076310928,0.8166225088881465,3.2552535859087186,2805802.0
SE,32174,RIACHUELO,26,6373.0,0.02062783848840702,0.06190248589582992,0.3332311811050648,0.043621528322611014,0.7495194794254154,2.0627838488407018,2805901.0
SE,32190,RIBEIRÓPOLIS,57,11826.0,0.01114226208266968,0.050174317213210924,0.22207102560701947,0.058430576695416875,0.6976521892508926,1.114226208266968,2806008.0
SE,32212,ROSÁRIO DO CATETE,31,6694.0,-0.124752845910314,0.06115038422069243,-2.040099134292919,0.05109052883178966,0.756647818732462,12.4752845910314,2806107.0
SE,32239,SALGADO,55,13915.0,0.021961132742861406,0.05458848607703884,0.40230338522062,0.052389507725476105,0.7841354300248735,2.1961132742861404,2806206.0
SE,32255,SANTA LUZIA DO ITANHY,42,8484.0,0.05558561664010324,0.05440649255269414,1.021672488559469,0.06176331918906176,0.807581854681696,5.558561664010324,2806305.0
SE,32298,SANTA ROSA DE LIMA,17,3331.0,0.06078459066761472,0.0912099345937053,0.6664251097030133,0.054338036625637944,0.7334622432768806,6.078459066761472,2806503.0
SE,32310,SANTO AMARO DAS BROTAS,31,7171.0,-0.0023639569775868595,0.07002722566628103,-0.03375768431627492,0.03807000418351694,0.8289322536786223,0.23639569775868596,2806602.0
SE,32336,SÃO CRISTÓVÃO,188,49162.0,-0.038629161445872605,0.015986798041649288,-2.4163163471030753,0.059802286318701436,0.6437988881422175,3.8629161445872606,2806701.0
SE,32352,SÃO DOMINGOS,21,6401.0,-0.1806773133200616,0.11906288558047862,-1.517494830057144,0.06030307764411811,0.6864496990781014,18.067731332006158,2806800.0
SE,32379,SÃO FRANCISCO,13,2835.0,0.3363817141155824,0.06336829960160194,5.308359483060498,0.04162257495590829,0.7505655867967481,33.63817141155824,2806909.0
SE,32395,SÃO MIGUEL DO ALEIXO,16,3121.0,0.13602297371414737,0.07720093805530008,1.761934208839694,0.04710028836911247,0.7649053250847853,13.602297371414737,2807006.0
SE,32417,SIMÃO DIAS,129,29189.0,0.023886620707845065,0.022693586446701577,1.052571428669746,0.058343896673404366,0.7565138105088837,2.3886620707845063,2807105.0
SE,32433,SIRIRI,25,5326.0,-0.009717977240211433,0.05184596266607526,-0.1874394213258628,0.04280886218550507,0.7561379424651805,0.9717977240211433,2807204.0
SE,32450,TELHA,13,2952.0,0.004744886960942081,0.06138127404387736,0.0773018650207599,0.043021680216802166,0.681429284783192,0.47448869609420813,2807303.0
SE,32476,TOBIAS BARRETO,132,33490.0,0.034147839012730725,0.010806413626927542,3.159960389415482,0.04102717229023589,0.6976331240370213,3.4147839012730725,2807402.0
SE,32492,TOMAR DO GERU,38,7588.0,0.0017447103463687547,0.050676122476131874,0.0344286472823666,0.06707959936742225,0.7053336217733812,0.17447103463687547,2807501.0
SE,32514,UMBAÚBA,62,14840.0,-0.03349370691523852,0.024635314000007,-1.3595810840985831,0.05357142857142857,0.7067908461869414,3.3493706915238524,2807600.0
SP,61000,EUCLIDES DA CUNHA PAULISTA,21,4928.0,0.09309677918382187,0.05962882213385321,1.561271476650011,0.040990259740259744,0.6385359144611941,9.309677918382187,3515350.0
SP,61018,ADAMANTINA,83,21077.0,0.1562190629746691,0.04077791585508431,3.8309722235397485,0.04829909379892774,0.25565122237740306,15.621906297466909,3500105.0
SP,61026,BOREBI,8,1754.0,0.1690601084686773,0.05628938092666715,3.0034103357598823,0.043329532497149374,0.41815096001369556,16.90601084686773,3507456.0
SP,61034,ADOLFO,14,3255.0,-0.12028508839264049,0.12517593417010556,-0.9609282262609781,0.04208909370199693,0.3568172471916244,12.028508839264049,3500204.0
SP,61042,TARUMÃ,35,9389.0,0.026807756029447908,0.0357626086014198,0.7496029254528045,0.03738417296836724,0.3899085518782777,2.6807756029447907,3553955.0
SP,61050,AGUAÍ,68,18469.0,0.008151856094168155,0.05357027047128937,0.15217127004309391,0.061508473658563,0.3983252624370139,0.8151856094168155,3500303.0
SP,61069,MOTUCA,11,2813.0,0.09205295050345963,0.13848115500910152,0.6647326886998419,0.04905794525417703,0.5112515743837718,9.205295050345963,3532058.0
SP,61077,ÁGUAS DA PRATA,19,4931.0,0.04271148669799019,0.05567354198150372,0.7671774630789635,0.056580815250456294,0.37641876687951087,4.271148669799019,3500402.0
SP,61085,IARAS,18,3108.0,-0.0003552476498672127,0.052458507778737194,-0.0067719739830495885,0.04279279279279279,0.5364687207858562,0.035524764986721274,3519253.0
SP,61093,ÁGUAS DE LINDÓIA,48,11818.0,0.010227143532828975,0.051646804651927995,0.19802083791542352,0.05796243019123371,0.2822420280489661,1.0227143532828975,3500501.0
SP,61107,GUATAPARÁ,18,4552.0,-0.08039739085481233,0.07650842439739534,-1.0508305652357597,0.04855008787346221,0.5405752984036839,8.039739085481234,3518859.0
SP,61115,ÁGUAS DE SÃO PEDRO,13,3112.0,0.11833149645702173,0.13225080349484156,0.8947506807521003,0.040809768637532134,0.3221258737964847,11.833149645702173,3500600.0
SP,61123,DIRCE REIS,6,1279.0,,,,0.03674745895230649,0.47866807686303986,,3513850.0
SP,61131,AGUDOS,92,23433.0,0.05472006043151485,0.03820227968399667,1.4323768341614873,0.06341484231639141,0.33271663123838946,5.472006043151485,3500709.0
SP,61140,ESPÍRITO SANTO DO TURVO,10,2670.0,0.0017485497793196475,0.0961965980492079,0.018176835925374446,0.04794007490636704,0.4712844589352111,0.17485497793196475,3515194.0
SP,61158,ALFREDO MARCONDES,11,3213.0,0.06280301410248973,0.07369693228978044,0.8521794890395814,0.03392468098350451,0.38348340107994394,6.280301410248973,3500808.0
SP,61166,ROSANA,51,10450.0,-0.020214094128025027,0.019537899821527697,-1.0346093650123167,0.03942583732057416,0.5489357606799844,2.0214094128025026,3544251.0
SP,61174,ALTAIR,10,2460.0,-0.1171974249057759,0.0698229281393425,-1.6784948444426482,0.03902439024390244,0.43825774307061216,11.71974249057759,3500907.0
SP,61182,EMBAÚBA,8,1928.0,-0.05886539299532029,0.136145318841295,-0.4323717737511038,0.03993775933609958,0.41105013826081976,5.8865392995320285,3514957.0
SP,61190,ALTINÓPOLIS,48,10044.0,0.07075767958679985,0.04022276607846429,1.7591450435996814,0.05087614496216647,0.4615823045165067,7.075767958679985,3501004.0
SP,61204,ILHA SOLTEIRA,61,15530.0,0.01966182816184312,0.04627202173435841,0.42491828592921854,0.056857694784288475,0.4398577272926708,1.9661828161843122,3520442.0
SP,61212,ALTO ALEGRE,14,2889.0,-0.0983589424681782,0.09791986728286624,-1.0044840255353245,0.040498442367601244,0.32373021123119694,9.83589424681782,3501103.0
SP,61220,ALUMÍNIO,44,11503.0,0.08879050820106926,0.05920271935147398,1.4997707736014432,0.05389898287403286,0.47125164212777615,8.879050820106926,3501152.0
SP,61239,ÁLVARES FLORENCE,13,2979.0,0.016770306222944637,0.10103842815715972,0.16597948452700936,0.041289023162134945,0.34455859242435904,1.6770306222944638,3501202.0
SP,61247,PEDRINHAS PAULISTA,9,2240.0,0.255086528018369,0.11752031995653586,2.1705738047063785,0.04196428571428571,0.33541215210214154,25.508652801836902,3537156.0
SP,61255,ÁLVARES MACHADO,57,15064.0,0.1195638321283955,0.02982377867251557,4.009010174105834,0.04480881571959639,0.3982117642668898,11.95638321283955,3501301.0
SP,61263,ARAÇARIGUAMA,49,13183.0,-0.06264321710201147,0.04801234764121387,-1.3047313905608406,0.047940529469771676,0.42636664642551964,6.264321710201147,3502754.0
SP,61271,ÁLVARO DE CARVALHO,11,2258.0,0.09154681545339251,0.22008115958838825,0.41596843466569333,0.06510186005314438,0.4818373212961262,9.154681545339251,3501400.0
SP,61280,BERTIOGA,131,36104.0,0.004138766993055118,0.018883580307490638,0.21917279062876513,0.04171282960336805,0.43368007479565135,0.41387669930551174,3506359.0
SP,61298,ALVINLÂNDIA,10,2135.0,-0.04866152259676379,0.15216587875544435,-0.31979260393173214,0.04871194379391101,0.47114191672804595,4.866152259676379,3501509.0
SP,61301,SUZANÁPOLIS,9,2321.0,-0.3118192142677099,0.2195881392732881,-1.420018473218336,0.06505816458423093,0.5453473856905197,31.18192142677099,3552551.0
SP,61310,AMERICANA,512,145871.0,0.10615907459546646,0.012499631774179652,8.492976154286247,0.054397378505665964,0.3277392342557826,10.615907459546646,3501608.0
SP,61328,SANTO ANTÔNIO DO ARACANGUÁ,24,5705.0,-0.019296323483223365,0.03447654993900282,-0.559694154936127,0.026643295354951798,0.40705872330289966,1.9296323483223365,3548054.0
SP,61336,AMÉRICO BRASILIENSE,98,22691.0,0.07476194399970998,0.029932863008365222,2.4976542998515225,0.062271385130668544,0.5490692367996118,7.476194399970998,3501707.0
SP,61344,CANITAR,12,3156.0,0.027161929672464776,0.08026933518689135,0.33838488395629,0.06051964512040558,0.4678389521380911,2.7161929672464775,3510153.0
SP,61352,AMÉRICO DE CAMPOS,15,4078.0,-0.12400674594101503,0.13415389366676153,-0.9243618843374608,0.045610593428151054,0.36248969320400765,12.400674594101503,3501806.0
SP,61360,BARRA DO CHAPÉU,16,3728.0,-0.031831667579215545,0.07375651289012305,-0.4315777187925897,0.07054721030042918,0.5013323517332468,3.1831667579215543,3505351.0
SP,61379,AMPARO,166,44262.0,-0.00031520029262366967,0.023859694118350504,-0.013210575586601882,0.06294338258551353,0.3219684548614034,0.031520029262366966,3501905.0
SP,61387,EMILIANÓPOLIS,8,2222.0,-0.0026311544515393477,0.08647872286868202,-0.030425454542555592,0.0315031503150315,0.4846621817907937,0.26311544515393476,3515129.0
SP,61395,ANALÂNDIA,16,3158.0,-0.06555762630431712,0.07286754927948763,-0.8996820526084542,0.05763141228625712,0.3331921134365168,6.555762630431712,3502002.0
SP,61409,NOVAIS,12,2939.0,-0.0017080539037581063,0.10946746559370249,-0.015603301807476651,0.05103776794828173,0.38723047833432994,0.17080539037581063,3533254.0
SP,61417,ANDRADINA,142,35159.0,0.06505360693409061,0.01823972357588585,3.5665895189385375,0.04636081799823658,0.3665950757823787,6.505360693409061,3502101.0
SP,61425,NOVA CANAÃ PAULISTA,7,1529.0,,,,0.052321778940483975,0.48467969620823637,,3532843.0
SP,61433,ANGATUBA,56,14036.0,0.029440490054548654,0.05773506581076546,0.5099239022441556,0.06604445711028784,0.4424297931175707,2.944049005454865,3502200.0
SP,61441,SALTINHO,19,5789.0,-0.0019398578433891943,0.0733151971162681,-0.026459150622112345,0.03644843669027466,0.18787869358796927,0.19398578433891944,3545159.0
SP,61450,ANHEMBI,19,4022.0,0.09032910012587102,0.12279476788887628,0.7356103332319075,0.05196419691695674,0.3929603137141177,9.032910012587102,3502309.0
SP,61468,UBARANA,14,3577.0,0.026999309936072753,0.08103716007144314,0.33317196595080456,0.04473022085546548,0.4545377563019258,2.6999309936072753,3555356.0
SP,61476,ANHUMAS,10,2702.0,0.06457333319484962,0.11006440719127185,0.5866867849715753,0.0384900074019245,0.40469009545421986,6.457333319484962,3502408.0
SP,61484,CAJATI,79,17313.0,0.09148016922703359,0.034713923935229374,2.635258675963021,0.05094437705770231,0.3345290798691714,9.14801692270336,3509254.0
SP,61492,APARECIDA,85,22813.0,0.08935247181614893,0.03743425572952843,2.3869172787016844,0.040897733748301406,0.3712166452839223,8.935247181614892,3502507.0
SP,61506,CAMPINA DO MONTE ALEGRE,16,3888.0,0.02679842504647021,0.1111681252805819,0.2410621298041371,0.05555555555555555,0.3976536528209778,2.679842504647021,3509452.0
SP,61514,APARECIDA D'OESTE,12,3063.0,-0.09905472806515489,0.13146970978924247,-0.7534414446030827,0.03591250408096637,0.47706141914299127,9.905472806515489,3502606.0
SP,61522,ASPÁSIA,7,1520.0,,,,0.030921052631578946,0.4175405683367997,,3503950.0
SP,61530,APIAÍ,71,14761.0,0.07281747676374453,0.03595238460206353,2.0253865653062992,0.06259738500101619,0.46723667515291833,7.2817476763744535,3502705.0
SP,61549,VARGEM,20,5068.0,0.039526920342846834,0.17181496087015816,0.23005517181194496,0.06629834254143646,0.3578058298962085,3.9526920342846834,3556354.0
SP,61557,ARAÇATUBA,488,120478.0,0.046494211987348474,0.009576839340934881,4.854859764496139,0.04469695712080214,0.3077729173486016,4.6494211987348475,3502804.0
SP,61565,POTIM,42,10426.0,0.045104098629694195,0.036753565456396006,1.2272033493785837,0.04047573374256666,0.40715130789971965,4.51040986296942,3540754.0
SP,61573,ARAÇOIABA DA SERRA,72,20235.0,-0.006536939167823633,0.03902490403114038,-0.16750686081399216,0.05515196441808747,0.34084822689157274,0.6536939167823633,3502903.0
SP,61581,ALAMBARI,20,4004.0,0.13053782032782418,0.12825097125382218,1.0178310468267417,0.0462037962037962,0.34235957051080446,13.053782032782419,3500758.0
SP,61590,ARAMINA,14,3602.0,0.0013521253664782274,0.08050790622299135,0.016794938906162845,0.04441976679622432,0.5113334711711046,0.13521253664782273,3503000.0
SP,61603,ITAOCA,12,2234.0,-0.025108576284898165,0.04213868755105045,-0.5958556790474184,0.05863921217547001,0.5603206283115161,2.5108576284898163,3522158.0
SP,61611,ARANDU,16,4501.0,0.087627779426765,0.08951908391012978,0.9788726112829361,0.052432792712730505,0.40857825741526116,8.7627779426765,3503109.0
SP,61620,TUIUTI,16,4317.0,0.11520100088038311,0.1031611698969816,1.116708941895722,0.06138522121843873,0.3332920624842401,11.520100088038312,3554953.0
SP,61638,ARARAQUARA,578,139766.0,0.04504586081587659,0.01025907461336664,4.390830802340196,0.059449365367829084,0.5051800890075553,4.504586081587659,3503208.0
SP,61646,ARAPEÍ,8,1901.0,-0.0507586560482214,0.087882788400163,-0.5775722069388419,0.05628616517622304,0.5138318453066287,5.07586560482214,3503158.0
SP,61654,ARARAS,282,81230.0,0.08047107478490981,0.016673459065990104,4.826297558678252,0.06177520620460421,0.31700653880531093,8.04710747849098,3503307.0
SP,61662,ESTIVA GERBI,27,7623.0,0.08063121731843594,0.07600707010199644,1.0608383826693253,0.05522760068214614,0.34053569244392207,8.063121731843594,3557303.0
SP,61670,AREALVA,21,4998.0,-0.09308904445442186,0.11361531896885588,-0.819335326426706,0.04461784713885554,0.3445624122620106,9.308904445442186,3503406.0
SP,61689,ENGENHEIRO COELHO,49,11696.0,-0.0031045914749298544,0.017050758699895672,-0.18207937427141294,0.04514363885088919,0.3641287804047183,0.3104591474929854,3515152.0
SP,61697,AREIAS,11,2656.0,0.09102110979895535,0.1251074533041996,0.7275434627994299,0.04631024096385542,0.6266587569577947,9.102110979895535,3503505.0
SP,61700,RIBEIRÃO GRANDE,22,5265.0,0.005920577382626307,0.04407184113496297,0.13433923408136014,0.05982905982905983,0.5562145063082214,0.5920577382626308,3543253.0
SP,61719,AREIÓPOLIS,32,6788.0,0.006021194444175908,0.05620832466478926,0.10712282353342906,0.05966411314083677,0.4493409918101699,0.6021194444175908,3503604.0
SP,61727,HORTOLÂNDIA,451,134163.0,-0.011687101662539725,0.009901754501356717,-1.1803061428091741,0.05186228691964252,0.45348496354552303,1.1687101662539725,3519071.0
SP,61735,ARIRANHA,23,5502.0,-0.010172827439373602,0.10587020096316968,-0.09608773145630038,0.05343511450381679,0.36500038164311654,1.0172827439373602,3503703.0
SP,61743,HOLAMBRA,35,10178.0,-0.040123914884317574,0.06570341306446349,-0.6106823529083771,0.052269601100412656,0.3269245380759142,4.012391488431757,3519055.0
SP,61751,ARTUR NOGUEIRA,113,31610.0,-0.0024021529583769276,0.023959714854622963,-0.10025799442740191,0.053748813666561215,0.3654749354320964,0.24021529583769274,3503802.0
SP,61760,ELISIÁRIO,8,2232.0,0.05814239967630853,0.26487013571299484,0.2195128549309532,0.04256272401433692,0.3261972262359763,5.8142399676308525,3514924.0
SP,61778,ARUJÁ,203,56883.0,0.07776984485777005,0.014277623514856027,5.446974055370606,0.0592619939173391,0.42742263776404027,7.776984485777005,3503901.0
SP,61786,BOM SUCESSO DE ITARARÉ,11,2606.0,0.11086301630945185,0.06032208759645063,1.8378511209876474,0.03875671527244819,0.5528739028405082,11.086301630945185,3507159.0
SP,61794,ASSIS,218,56782.0,0.06023526779795643,0.014197689618413244,4.242610552623732,0.0449262090098975,0.3762014860395878,6.0235267797956435,3504008.0
SP,61808,PONTALINDA,12,2517.0,-0.026996129083435568,0.04979693412053025,-0.5421243207080418,0.03098927294398093,0.5111946302115162,2.699612908343557,3540259.0
SP,61816,ATIBAIA,351,94048.0,0.04772928692383901,0.01703973375787709,2.8010582560760273,0.06144734603606669,0.3628171642225054,4.772928692383901,3504107.0
SP,61824,PARISI,8,2185.0,0.00691078345437339,0.08261803634175627,0.0836473942056232,0.044393592677345536,0.3898521511726634,0.691078345437339,3536257.0
SP,61832,AURIFLAMA,33,8961.0,0.03634413360407002,0.045360153462452577,0.801234802570814,0.03838857270393929,0.331651812817932,3.6344133604070015,3504206.0
SP,61840,TAQUARIVAÍ,16,3962.0,-0.06846762905404827,0.03300216144720145,-2.0746407523515176,0.057799091367995964,0.45687846856216263,6.846762905404827,3553856.0
SP,61859,AVAÍ,17,3138.0,0.0028292668061675563,0.05024872203711495,0.05630524899872657,0.03537284894837476,0.5044692141016786,0.28292668061675563,3504305.0
SP,61867,MARAPOAMA,9,2218.0,-0.2626588225055592,0.11806945890341908,-2.224612740204174,0.046438232642019836,0.23790198156335532,26.265882250555922,3528858.0
SP,61875,AVANHANDAVA,27,6109.0,0.034654925295356846,0.05528806101710912,0.6268066678018015,0.05172696022262236,0.4922455389466259,3.4654925295356844,3504404.0
SP,61883,SÃO JOÃO DE IRACEMA,5,1384.0,,,,0.036127167630057806,0.565502091515323,,3549250.0
SP,61891,AVARÉ,214,51672.0,0.10232782731416444,0.02316904988293848,4.4165741724919805,0.06295479176343087,0.36477983885088155,10.232782731416444,3504503.0
SP,61905,SÃO LOURENÇO DA SERRA,38,9450.0,-0.03800955736247081,0.062276685558480864,-0.6103336589224545,0.06931216931216931,0.4828917109045063,3.800955736247081,3549953.0
SP,61913,BADY BASSITT,37,11558.0,0.06344371441352209,0.07245098941292855,0.8756776812519396,0.04412528119051739,0.3087089660079045,6.344371441352209,3504602.0
SP,61921,ZACARIAS,8,1928.0,-0.028743863863297074,0.22119972767302365,-0.12994529498601423,0.04771784232365145,0.39213089768439136,2.874386386329707,3557154.0
SP,61930,BALBINOS,7,1130.0,,,,0.04336283185840708,0.40872351046853034,,3504701.0
SP,61948,ITAPIRAPUÃ PAULISTA,10,2651.0,0.4297092907822259,0.037697234142967356,11.398960707635649,0.055450773293096944,0.565969153905849,42.97092907822259,3522653.0
SP,61956,BÁLSAMO,20,6132.0,-0.09344716428473537,0.09878023789621682,-0.9460107231460141,0.053816046966731895,0.3306510940440284,9.344716428473538,3504800.0
SP,61964,MESÓPOLIS,7,1392.0,,,,0.03807471264367816,0.43354090439805865,,3529658.0
SP,61972,BANANAL,27,6692.0,0.005783886133176687,0.07321936225050385,0.0789939430691625,0.05140466228332337,0.5530991353646006,0.5783886133176687,3504909.0
SP,61980,NOVA CAMPINA,23,5570.0,0.01456559397266152,0.03381920544048129,0.4306900112805913,0.03985637342908438,0.46758388940925744,1.4565593972661521,3532827.0
SP,61999,BARBOSA,21,4069.0,0.1170978773458194,0.07856261479746758,1.490503818485354,0.0462029982796756,0.4238003988976355,11.70978773458194,3505104.0
SP,62006,ILHA COMPRIDA,34,8721.0,0.13288078367472028,0.07535405462645428,1.7634191595055895,0.04804494897374154,0.43295704683334746,13.288078367472028,3520426.0
SP,62014,BARÃO DE ANTONINA,10,2141.0,-0.19065243337783405,0.12191630564925454,-1.5637976590787535,0.05464736104624007,0.5091319757068525,19.065243337783404,3505005.0
SP,62022,LOURDES,7,1498.0,,,,0.038050734312416554,0.38381959960180867,,3527256.0
SP,62030,BARIRI,67,18931.0,0.13748549048447423,0.03615187227388895,3.8029977933888226,0.059373514341556174,0.28387336020338666,13.748549048447423,3505203.0
SP,62049,TORRE DE PEDRA,9,1948.0,-0.2849988654373204,0.1659818330724628,-1.7170485477943735,0.057494866529774126,0.3205370233540343,28.49988654373204,3554656.0
SP,62057,BARRA BONITA,93,23752.0,0.1420355191503886,0.021876537586811736,6.492595941508343,0.059363422027618726,0.34341970111785913,14.203551915038858,3505302.0
SP,62065,ARCO-ÍRIS,6,1754.0,,,,0.03249714937286203,0.3722998975057328,,3503356.0
SP,62073,BARRA DO TURVO,24,4611.0,0.04805680879950685,0.06217965590559832,0.7728702917312232,0.04554326610279766,0.5088738811365358,4.8056808799506845,3505401.0
SP,62081,BREJO ALEGRE,9,2038.0,0.17840761219071102,0.16256312526128697,1.097466672739942,0.047105004906771344,0.5377424512775796,17.8407612190711,3507753.0
SP,62090,BARRETOS,256,67543.0,0.07320190194194943,0.014013654675044335,5.22361251503565,0.04793983092252343,0.3723058972314104,7.320190194194944,3505500.0
SP,62103,CANAS,12,3116.0,-0.08918478382664512,0.20608430418585644,-0.43275874006500814,0.04974326059050064,0.400831655758673,8.918478382664512,3509957.0
SP,62111,BARRINHA,83,19655.0,0.031466879907468236,0.02615995295319829,1.202864545045794,0.05128466039175782,0.5153044427300145,3.1466879907468237,3505609.0
SP,62120,PRACINHA,5,1105.0,,,,0.039819004524886875,0.4488337977109918,,3540853.0
SP,62138,BARUERI,749,224675.0,0.013081771859098102,0.005841149245553717,2.2395887023527004,0.053370423945699345,0.4830453759440856,1.3081771859098101,3505708.0
SP,62146,PRATÂNIA,16,3646.0,0.01780659798671138,0.09275000941553983,0.1919848644643692,0.052660449808008776,0.44127580486882007,1.7806597986711379,3541059.0
SP,62154,BASTOS,49,13919.0,0.059693247343934885,0.03637240390800502,1.6411686039480413,0.04712982254472304,0.28551603419532484,5.9693247343934885,3505807.0
SP,62162,QUADRA,11,2878.0,-0.04738972076647511,0.20361923104410326,-0.23273695968437602,0.04968728283530229,0.4087336393642648,4.738972076647511,3541653.0
SP,62170,BATATAIS,143,34742.0,0.07206262189271738,0.018761984478448922,3.840884847521998,0.057394508088192964,0.43450337124437494,7.206262189271738,3505906.0
SP,62189,SANTA CRUZ DA ESPERANÇA,7,1659.0,,,,0.055455093429776975,0.42197769496537685,,3546256.0
SP,62197,BAURU,834,218344.0,0.05683812697747039,0.009276081669428228,6.127385355477779,0.05784450225332503,0.3898485654363714,5.683812697747039,3506003.0
SP,62200,SANTA SALETE,6,1413.0,,,,0.040339702760084924,0.31467422516254484,,3547650.0
SP,62219,BEBEDOURO,179,45688.0,0.10907404864185942,0.02151114989536179,5.070581962026021,0.04929084223428471,0.3116799846234891,10.907404864185942,3506102.0
SP,62227,VITÓRIA BRASIL,7,1369.0,,,,0.04090577063550037,0.43151614412817896,,3556958.0
SP,62235,BENTO DE ABREU,7,1731.0,,,,0.0340843443096476,0.41221421362424115,,3506201.0
SP,62243,IPIGUÁ,14,3444.0,0.048450274133341714,0.06997787124679714,0.6923656474554343,0.03571428571428571,0.3042309709443831,4.845027413334171,3521150.0
SP,62251,BERNARDINO DE CAMPOS,23,6447.0,-0.0211330433748929,0.09845372055589541,-0.21464951507744165,0.04839460214053048,0.3748802338501994,2.1133043374892897,3506300.0
SP,62260,TAQUARAL,7,1850.0,,,,0.04216216216216216,0.41194504356512057,,3553658.0
SP,62278,BILAC,20,5115.0,0.059642376460533164,0.06432062377720815,0.9272667607689975,0.04183773216031281,0.3031559025985178,5.964237646053316,3506409.0
SP,62286,FERNÃO,6,1235.0,,,,0.046153846153846156,0.34467011528559083,,3515657.0
SP,62294,BIRIGUI,263,71038.0,0.10902162874883697,0.018448645211869678,5.909465302020851,0.05478757847912385,0.2681119220915119,10.902162874883697,3506508.0
SP,62308,GAVIÃO PEIXOTO,14,3242.0,-0.10302472890950623,0.10138670558795339,-1.016156194365462,0.05706354102405922,0.577096084279619,10.302472890950623,3516853.0
SP,62316,BIRITIBA MIRIM,68,18684.0,0.014597504751735218,0.05872269863172374,0.24858368385422283,0.07113037893384715,0.3981826041139183,1.4597504751735217,3506607.0
SP,62324,JUMIRIM,7,1890.0,,,,0.04867724867724868,0.3409307194960153,,3525854.0
SP,62332,BOA ESPERANÇA DO SUL,32,8112.0,-0.055101571964673565,0.05574405175114252,-0.988474469180368,0.054117357001972385,0.5773246371900854,5.510157196467357,3506706.0
SP,62340,NANTES,7,1789.0,,,,0.027948574622694244,0.4950017485934928,,3532157.0
SP,62359,BOCAINA,31,7120.0,0.21256940028378069,0.10217442830472698,2.0804559791595763,0.05589887640449438,0.3284240132286381,21.256940028378068,3506805.0
SP,62367,NOVA CASTILHO,4,1023.0,,,,0.03812316715542522,0.3730450731016662,,3532868.0
SP,62375,BOFETE,24,6169.0,0.10241883978300727,0.07936160951761997,1.2905338035044274,0.058356297617117844,0.3936957122003377,10.241883978300727,3506904.0
SP,62383,OUROESTE,22,6030.0,-0.07757843841182195,0.044387227506877416,-1.7477649037620528,0.044444444444444446,0.4168773033903237,7.757843841182195,3534757.0
SP,62391,BOITUVA,118,36095.0,0.14013932247565705,0.02649151244421275,5.2899706187319415,0.06203075218174262,0.33797445942153737,14.013932247565705,3507001.0
SP,62405,PAULISTÂNIA,6,1467.0,,,,0.043626448534423996,0.36727758884771294,,3536570.0
SP,62413,BOM JESUS DOS PERDÕES,56,14535.0,0.14722257418921406,0.06487925297029686,2.2691780106749344,0.056346749226006194,0.3767899480560157,14.722257418921405,3507100.0
SP,62421,RIBEIRÃO DOS ÍNDIOS,7,1537.0,,,,0.0468445022771633,0.5224684751058236,,3543238.0
SP,62430,BORÁ,4,831.0,,,,0.049338146811071,0.41755205639414644,,3507209.0
SP,62448,TRABIJU,5,1249.0,,,,0.03763010408326661,0.5481442872199604,,3554755.0
SP,62456,BORACÉIA,11,3113.0,-0.19349752008335985,0.15645068516940885,-1.2367956067040278,0.05236106649534211,0.41538332011506424,19.349752008335987,3507308.0
SP,62472,BORBOREMA,32,8934.0,0.03225408775184547,0.046189466235835336,0.6982996423288751,0.05406312961719275,0.31985393829857534,3.225408775184547,3507407.0
SP,62499,BOTUCATU,317,87443.0,-0.03871976897578551,0.018214912887652805,-2.125718042935696,0.0693823404960946,0.41540690055605906,3.871976897578551,3507506.0
SP,62510,BRAGANÇA PAULISTA,364,106630.0,0.017314484791807763,0.02180322766606955,0.7941248450454322,0.06372503047922723,0.3306075740735158,1.7314484791807763,3507605.0
SP,62553,BRAÚNA,15,3448.0,-0.1714426344376281,0.0844635763531129,-2.029781852012588,0.04147331786542923,0.31124303498461175,17.14426344376281,3507704.0
SP,62570,BRODOWSKI,51,14538.0,0.032693498230880955,0.05238329852637109,0.6241206481951918,0.05695418902187371,0.3202796764043123,3.2693498230880955,3507803.0
SP,62596,BROTAS,57,14022.0,-0.011953023317713727,0.028720062260936957,-0.4161907174543769,0.05441449151333619,0.30697068818949647,1.1953023317713727,3507902.0
SP,62618,BURI,47,12109.0,0.008600754197517655,0.044118922982084974,0.1949447904929614,0.049137005533074575,0.39528710677805357,0.8600754197517655,3508009.0
SP,62634,BURITAMA,38,10408.0,0.009287833584248562,0.04109451657941593,0.22601150609229453,0.05159492697924673,0.3590654635666936,0.9287833584248562,3508108.0
SP,62650,BURITIZAL,13,3072.0,-0.04517045498911444,0.09398292108899102,-0.48062408005326007,0.042643229166666664,0.3117012773146784,4.517045498911444,3508207.0
SP,62677,CABRÁLIA PAULISTA,11,2671.0,-0.012134223336932056,0.2734885850992249,-0.0443682990737241,0.04268064395357544,0.4802460068311117,1.2134223336932057,3508306.0
SP,62693,CABREÚVA,102,28205.0,0.01623786439923381,0.029632045223233903,0.5479832484361228,0.055132068782130825,0.3742562512945104,1.623786439923381,3508405.0
SP,62715,CAÇAPAVA,232,59234.0,0.08300703974066605,0.028226443063458728,2.940754510019187,0.06102913867035824,0.3371069614914557,8.300703974066606,3508504.0
SP,62731,CACHOEIRA PAULISTA,76,19507.0,0.0392993324342126,0.027630429632172836,1.422320715145613,0.04711129338186292,0.41096586616047825,3.92993324342126,3508603.0
SP,62758,CACONDE,41,10898.0,0.09881116629505424,0.044639187964681734,2.2135520559476363,0.05303725454211782,0.4407786053207571,9.881116629505424,3508702.0
SP,62774,CAFELÂNDIA,40,9965.0,-0.05036866572367489,0.025636969751555546,-1.9646887370773891,0.05097842448569995,0.37450559070275896,5.036866572367489,3508801.0
SP,62790,CAIABU,12,2802.0,0.17141753637171095,0.030303770029906352,5.656640616086429,0.03461812990720914,0.49523661943301023,17.141753637171096,3508900.0
SP,62812,CAIEIRAS,187,57369.0,-0.009851281333226557,0.01841401856188706,-0.5349881287518917,0.060328748975927764,0.48524964859441844,0.9851281333226557,3509007.0
SP,62839,CAIUÁ,15,3004.0,0.0350969296465581,0.024452690783378413,1.435299286997693,0.03362183754993342,0.5650793122023922,3.5096929646558097,3509106.0
SP,62855,CAJAMAR,188,54440.0,0.02440353394018408,0.019132812668094874,1.2754807337281076,0.05929463629684056,0.4912140858302732,2.440353394018408,3509205.0
SP,62871,CAJOBI,24,6168.0,0.06161132374213189,0.05549592117475765,1.110195532174639,0.04409857328145266,0.386037437312127,6.16113237421319,3509304.0
SP,62898,CAJURU,60,14650.0,0.04508417241107752,0.038576068369434315,1.1687083291982105,0.051945392491467575,0.476821042329902,4.508417241107752,3509403.0
SP,62910,CAMPINAS,2487,693770.0,0.002106854082568649,0.0038612572030237687,0.5456394049375322,0.05583983164449313,0.43782442774320746,0.2106854082568649,3509502.0
SP,62936,CAMPO LIMPO PAULISTA,210,48471.0,0.033366005966119085,0.017258594617507277,1.9332979715667173,0.06420333807843866,0.418552177123841,3.3366005966119086,3509601.0
SP,62952,CAMPOS DO JORDÃO,130,29930.0,0.09950399645352807,0.03604669395437296,2.7604194875535004,0.06277981957901771,0.3742463672257313,9.950399645352807,3509700.0
SP,62979,CAMPOS NOVOS PAULISTA,11,2934.0,-0.08742196811766133,0.15989337763483646,-0.5467516504486827,0.03612815269256987,0.3786829520624737,8.742196811766133,3509809.0
SP,62995,CANANÉIA,37,7631.0,0.04926020660655944,0.06182307749135784,0.7967931815339581,0.0503210588389464,0.42752133243821616,4.9260206606559445,3509908.0
SP,63010,CÂNDIDO MOTA,75,18969.0,0.05393407388630709,0.021882695284967137,2.4646906235247195,0.05071432336970847,0.3083496399436737,5.393407388630709,3510005.0
SP,63037,CÂNDIDO RODRIGUES,8,2039.0,0.29036520605910354,0.15963080465453577,1.8189797807979229,0.05443845022069642,0.330043114234854,29.036520605910354,3510104.0
SP,63053,CAPÃO BONITO,122,27812.0,0.0652245591744682,0.022941627479455058,2.8430659173103052,0.06267078958722853,0.38885876670434016,6.522455917446821,3510203.0
SP,63070,CAPELA DO ALTO,39,11907.0,0.09479953632556559,0.0572396806382164,1.6561856262746537,0.060804568741076676,0.3256086274141199,9.479953632556558,3510302.0
SP,63096,CAPIVARI,118,31209.0,0.07740928263894913,0.03415065076072657,2.2667000749505544,0.056105610561056105,0.31666525418693575,7.740928263894912,3510401.0
SP,63118,CARAGUATATUBA,357,80214.0,-0.0044468739373823086,0.013216350373757197,-0.3364676186409345,0.053644002293863915,0.40596683215297064,0.44468739373823085,3510500.0
SP,63134,CARAPICUÍBA,823,236364.0,-0.0038545395336306025,0.011186447982460143,-0.34457224846299295,0.05958606217528896,0.5347985558323025,0.38545395336306026,3510609.0
SP,63150,CARDOSO,35,7315.0,0.0016440652311726907,0.03969087341261018,0.04142174484500901,0.04606971975393028,0.4509967932146939,0.16440652311726908,3510708.0
SP,63177,CASA BRANCA,65,15565.0,0.12887800221640955,0.0406408768935869,3.1711422603862762,0.05621586893671699,0.33393607876597364,12.887800221640955,3510807.0
SP,63193,CÁSSIA DOS COQUEIROS,10,2117.0,0.2568042781266792,0.11803603414890705,2.1756430566170213,0.0543221539914974,0.4718797291168287,25.680427812667922,3510906.0
SP,63215,CASTILHO,47,12233.0,-0.030988212289802378,0.04121635442359771,-0.7518426295378665,0.04536908362625685,0.5582452058110513,3.098821228980238,3511003.0
SP,63231,CATANDUVA,259,70268.0,0.10958681348803337,0.014993065968392885,7.309166365242108,0.0534667273865771,0.3057376287631341,10.958681348803337,3511102.0
SP,63258,CATIGUÁ,18,4762.0,-0.0014453715393173859,0.053816690648048136,-0.026857309914685504,0.06719865602687947,0.3370078658872418,0.14453715393173858,3511201.0
SP,63274,CEDRAL,21,6247.0,0.0545575957601811,0.07546688747875543,0.7229342243051898,0.04418120697935009,0.2842882372584029,5.45575957601811,3511300.0
SP,63290,CERQUEIRA CÉSAR,44,11631.0,-0.059222000679143724,0.027172881011408488,-2.179452397935996,0.06130169374946264,0.4001675443207625,5.922200067914372,3511409.0
SP,63312,CERQUILHO,123,28811.0,0.07329874385090714,0.03073895878763046,2.3845551945111096,0.0644198396445802,0.27872886019614945,7.329874385090713,3511508.0
SP,63339,CESÁRIO LANGE,48,10742.0,-0.07712642832415463,0.10210481398472866,-0.7553652498273986,0.09020666542543287,0.2997861253204758,7.7126428324154634,3511607.0
SP,63355,CHARQUEADA,44,10557.0,0.04913250605928531,0.03480134297333372,1.411799139387602,0.048688074263521834,0.3023766989542501,4.913250605928531,3511706.0
SP,63371,CHAVANTES,31,7339.0,-0.0661677542253757,0.02996348765012184,-2.2082794565841084,0.05164191306717537,0.3952280177425774,6.61677542253757,3557204.0
SP,63398,CLEMENTINA,17,4447.0,-0.04152037250527952,0.07483426498924284,-0.5548310324321075,0.039577243085226,0.35768450591766154,4.152037250527952,3511904.0
SP,63410,COLINA,39,11330.0,-0.14241175703678594,0.0914295007043255,-1.5576127610860777,0.045101500441306265,0.4643487348212548,14.241175703678593,3512001.0
SP,63436,COLÔMBIA,17,4326.0,0.04297711515874035,0.06344904039011134,0.6773485445090894,0.03999075358298659,0.47710910314792865,4.297711515874035,3512100.0
SP,63452,CONCHAL,70,17913.0,0.031483532327502874,0.02246808014730241,1.4012560094629574,0.04856807904873556,0.27443645585796095,3.1483532327502872,3512209.0
SP,63479,CONCHAS,38,10077.0,-0.042596934202616794,0.07146607943226868,-0.5960440889021714,0.04872481889451226,0.3003806170022449,4.259693420261679,3512308.0
SP,63495,CORDEIRÓPOLIS,66,15919.0,-0.05926923670116328,0.02209271289291968,-2.6827505063969768,0.051196683208744265,0.33720019591778766,5.926923670116328,3512407.0
SP,63517,COROADOS,13,3383.0,0.05969118359829354,0.06609511626577086,0.9031103502151827,0.038723026899201894,0.3115685826667663,5.969118359829354,3512506.0
SP,63533,CORONEL MACEDO,14,3106.0,-0.04132615579274022,0.058968519958349626,-0.7008172465907151,0.039278815196394076,0.616544319965758,4.132615579274022,3512605.0
SP,63550,CORUMBATAÍ,15,2761.0,0.029802218622059985,0.0369178176668357,0.8072584054401499,0.06229626946758421,0.29487224309621296,2.9802218622059984,3512704.0
SP,63576,COSMÓPOLIS,136,36111.0,0.07506274486497823,0.018375154572031413,4.0850129761210425,0.0576555620171139,0.41984358601842015,7.506274486497823,3512803.0
SP,63592,COSMORAMA,20,5708.0,-0.04678696904300989,0.08439679647984302,-0.5543690162953554,0.035914505956552205,0.37428022858787885,4.678696904300989,3512902.0
SP,63614,COTIA,530,149346.0,-0.020624159999926988,0.010805337737121801,-1.908701097705865,0.05810667845138136,0.5085356636940424,2.062415999992699,3513009.0
SP,63630,CRAVINHOS,79,20954.0,0.04143357093574327,0.028502399835216574,1.4536870991666249,0.061897489739429226,0.3305771092306182,4.143357093574327,3513108.0
SP,63657,CRISTAIS PAULISTA,22,5883.0,0.12050982126151275,0.06421017980202902,1.8768024265477088,0.04589495155532891,0.41453085716487054,12.050982126151274,3513207.0
SP,63673,CRUZÁLIA,8,1656.0,0.12795587062536534,0.0607264095411824,2.1070877002631025,0.03260869565217391,0.35541783058438414,12.795587062536534,3513306.0
SP,63690,CRUZEIRO,172,46767.0,0.05898727206556057,0.030270975528436658,1.948641265629108,0.06145358906921547,0.4051343590738232,5.898727206556057,3513405.0
SP,63711,CUBATÃO,290,73837.0,0.0009912150485383046,0.013039654736408937,0.07601543664884496,0.04937903760987039,0.5211686745469915,0.09912150485383046,3513504.0
SP,63738,CUNHA,57,14486.0,0.08333151777218127,0.035307228917772875,2.3601828953003454,0.055156703023609005,0.4529861579584554,8.333151777218127,3513603.0
SP,63754,DESCALVADO,71,19675.0,0.15983340367041476,0.05068729064510859,3.153323084271796,0.07512071156289708,0.31349976055883527,15.983340367041476,3513702.0
SP,63770,DIADEMA,927,273282.0,-0.014825080756426252,0.00846523083526461,-1.751290785204305,0.05874517897263633,0.6001488212572657,1.4825080756426252,3513801.0
SP,63797,DIVINOLÂNDIA,35,7866.0,0.11850310382029494,0.07146496560670725,1.6581985706458242,0.0683956267480295,0.32512420304834255,11.850310382029495,3513900.0
SP,63819,DOBRADA,19,5253.0,0.14670720481418661,0.09652625843103936,1.5198683466944667,0.05273177232057872,0.5576639642052471,14.67072048141866,3514007.0
SP,63835,DOIS CÓRREGOS,68,14660.0,0.025542914715354918,0.022508485307724587,1.1348126880216571,0.05504774897680764,0.3388936501689975,2.5542914715354916,3514106.0
SP,63851,DOLCINÓPOLIS,7,1749.0,,,,0.03945111492281304,0.6078839787326032,,3514205.0
SP,63878,DOURADO,22,5622.0,0.10268329982998277,0.11785676260044482,0.8712550520168048,0.07470651013874066,0.43094627304921784,10.268329982998276,3514304.0
SP,63894,DRACENA,97,27059.0,0.03616695350316063,0.01829759467027021,1.9765960583838058,0.041243209283417716,0.29191820089460946,3.6166953503160633,3514403.0
SP,63916,DUARTINA,28,8044.0,-0.021296328881597465,0.05901287417076892,-0.36087598139977156,0.050969666832421684,0.4120605451986645,2.1296328881597466,3514502.0
SP,63932,DUMONT,22,5834.0,0.05836013123355682,0.03826609995657942,1.5251131236205968,0.049194377785395954,0.36016701305761784,5.8360131233556825,3514601.0
SP,63959,ECHAPORÃ,17,4067.0,0.08372248866993139,0.051925488305804256,1.6123582348781271,0.04179985247110893,0.3691083936636315,8.37224886699314,3514700.0
SP,63975,ELDORADO,47,8431.0,-0.022286883158231425,0.0177888460534388,-1.2528571606769907,0.0469695172577393,0.45779368155858163,2.2286883158231423,3514809.0
SP,63991,ELIAS FAUSTO,42,11261.0,0.05007696428795126,0.04653707789153611,1.076065936169554,0.05709972471361335,0.3224207802101658,5.007696428795126,3514908.0
SP,64017,EMBU DAS ARTES,623,164029.0,-0.004936545389967735,0.008877827152622746,-0.5560533343464958,0.059270007132885036,0.5721976029502153,0.4936545389967735,3515004.0
SP,64033,EMBU-GUAÇU,146,42351.0,0.023460732860810202,0.028860189983071365,0.8129098552217313,0.06757809732946093,0.5085272893454484,2.3460732860810203,3515103.0
SP,64050,ESTRELA D'OESTE,23,5649.0,0.09408517084100512,0.08413149683074135,1.1183109107197857,0.048150115064613204,0.3362240334439766,9.408517084100513,3515202.0
SP,64076,ESTRELA DO NORTE,8,2004.0,-0.0562811901469689,0.05475839962256979,-1.0278092591254522,0.03942115768463074,0.5514810443848496,5.62811901469689,3515301.0
SP,64092,FARTURA,39,10161.0,-0.026774061960841273,0.042134277016035754,-0.6354460989244319,0.053144375553587246,0.46512544238649145,2.677406196084127,3515400.0
SP,64114,FERNANDÓPOLIS,153,40992.0,0.04916192358607795,0.017819394227276703,2.7588998233634823,0.04378903200624512,0.37349183553351567,4.916192358607796,3515509.0
SP,64130,FERNANDO PRESTES,16,3953.0,-0.137075355154855,0.0943025205352161,-1.453570428201502,0.05413609916519099,0.33805319442854276,13.7075355154855,3515608.0
SP,64157,FERRAZ DE VASCONCELOS,430,106611.0,0.039372326979413175,0.017347095225242703,2.2696783794741817,0.0651152320117061,0.554642482246588,3.9372326979413175,3515707.0
SP,64173,FLORA RICA,6,1160.0,,,,0.025,0.4906285037897909,,3515806.0
SP,64190,FLOREAL,8,2150.0,-0.10714616688275085,0.19555235533961882,-0.5479155016909331,0.045116279069767444,0.4422167145444545,10.714616688275084,3515905.0
SP,64211,FLÓRIDA PAULISTA,24,6255.0,-0.04699318128730795,0.0920067841976637,-0.5107577848427968,0.04300559552358114,0.3751541701950909,4.699318128730795,3516002.0
SP,64238,FLORÍNEA,8,2101.0,0.08043976140905836,0.126174926659792,0.6375257235215179,0.039504997620180865,0.5035915599346853,8.043976140905835,3516101.0
SP,64254,FRANCA,722,197876.0,0.08043701323764538,0.009413962400347878,8.544437487308528,0.052947300329499285,0.36149062606919524,8.043701323764537,3516200.0
SP,64270,FRANCISCO MORATO,344,102463.0,0.015724867505952467,0.018411661274947776,0.8540710841421381,0.0595239257097684,0.597504458987764,1.5724867505952467,3516309.0
SP,64297,FRANCO DA ROCHA,289,82973.0,0.012559020887561797,0.01626581517708941,0.7721113728902641,0.0664553529461391,0.5445121520858943,1.2559020887561798,3516408.0
SP,64319,GABRIEL MONTEIRO,8,2128.0,-0.3660533525372877,0.3467489037805065,-1.0556727030606592,0.046992481203007516,0.30314161225438135,36.60533525372877,3516507.0
SP,64335,GÁLIA,19,3932.0,-0.053661079193081655,0.13072486934190708,-0.4104886810231393,0.04984740590030519,0.5063777537442574,5.366107919308165,3516606.0
SP,64351,GARÇA,121,26796.0,0.15136860722720238,0.02989949217235697,5.062581208892486,0.06504702194357367,0.32436153809324053,15.136860722720238,3516705.0
SP,64378,GASTÃO VIDIGAL,10,2331.0,0.13158433975492256,0.11318780291644864,1.162531088725643,0.03474903474903475,0.5632666794421138,13.158433975492256,3516804.0
SP,64394,GENERAL SALGADO,26,6547.0,0.0017340357888384747,0.04039984536407972,0.04292184223012495,0.03696349473041088,0.3578203083121486,0.17340357888384747,3516903.0
SP,64416,GETULINA,26,5655.0,0.07936241359865132,0.0670166293403155,1.1842197135227883,0.04473916887709991,0.43515335658057447,7.936241359865131,3517000.0
SP,64432,GLICÉRIO,15,3030.0,0.05069420576416537,0.06415805128866321,0.7901456597563942,0.044884488448844885,0.4203102954465901,5.069420576416537,3517109.0
SP,64459,GUAIÇARA,29,6494.0,0.12108541218801643,0.08941840493309804,1.3541441751126218,0.0515860794579612,0.39875540640880797,12.108541218801642,3517208.0
SP,64475,GUAIMBÊ,14,3582.0,0.19944434082395152,0.09858270791512626,2.023116883699939,0.061697375767727526,0.4766878634911362,19.94443408239515,3517307.0
SP,64491,GUAÍRA,83,21931.0,0.07969350926004516,0.036317028766761045,2.194384066269876,0.05106926268751995,0.3732867715611116,7.969350926004516,3517406.0
SP,64513,GUAPIAÇU,44,12428.0,-0.013320520765757914,0.053095988178273205,-0.25087621914170627,0.05028966849050531,0.36386655890723835,1.3320520765757915,3517505.0
SP,64530,GUAPIARA,51,11142.0,-0.07547892004687724,0.0290423951345962,-2.5989220137344806,0.05115778136779752,0.5834817062074901,7.547892004687724,3517604.0
SP,64556,GUARÁ,47,11575.0,-0.0005687795904408964,0.023354534696652423,-0.02435413926368757,0.04466522678185745,0.49999609948312757,0.05687795904408964,3517703.0
SP,64572,GUARAÇAÍ,21,5107.0,0.036549402262010595,0.12726970064962895,0.2871807042481415,0.046798511846485216,0.35313544375208916,3.6549402262010595,3517802.0
SP,64599,GUARACI,27,6480.0,0.0742989920590688,0.08284906070837667,0.8967994497921521,0.043827160493827164,0.5091315778812501,7.42989920590688,3517901.0
SP,64610,GUARANI D'OESTE,5,1355.0,,,,0.024354243542435424,0.5196543295195042,,3518008.0
SP,64637,GUARANTÃ,16,3949.0,0.03953626084986715,0.11832930847156371,0.33412061103499396,0.04735376044568245,0.3961140498983591,3.9536260849867153,3518107.0
SP,64653,GUARARAPES,78,19020.0,0.00385514790402703,0.028995562583241107,0.13295647887360645,0.04815983175604627,0.33021705888143216,0.385514790402703,3518206.0
SP,64670,GUARAREMA,73,20272.0,0.09684829957822108,0.04571387395120387,2.1185756359568075,0.053522099447513814,0.3637040425082486,9.684829957822108,3518305.0
SP,64696,GUARATINGUETÁ,298,75953.0,0.029135568622453232,0.014888368734057102,1.9569349163018577,0.04743723091912103,0.34666695607694,2.9135568622453234,3518404.0
SP,64718,GUAREÍ,28,7645.0,0.2693324165014243,0.159629504606298,1.6872345570807348,0.09117069980379333,0.3552654803813526,26.93324165014243,3518503.0
SP,64734,GUARIBA,96,23106.0,0.01375129560053312,0.02014087056042376,0.6827557706246336,0.049554228338959574,0.46112805832856285,1.375129560053312,3518602.0
SP,64750,GUARUJÁ,678,186814.0,0.03399445284649428,0.009773860398831111,3.4780988738656213,0.05766698427312728,0.43429880297290724,3.399445284649428,3518701.0
SP,64777,GUARULHOS,2773,781452.0,0.018347362309904247,0.0038012524337136624,4.826662430303176,0.06721973966411245,0.46339378299277345,1.8347362309904247,3518800.0
SP,64793,GUZOLÂNDIA,12,2824.0,-0.001680770971756765,0.03910918534161612,-0.04297637388954392,0.051345609065155805,0.5259393135514068,0.16807709717567648,3518909.0
SP,64815,HERCULÂNDIA,20,5587.0,0.10586223963635756,0.060257378485835206,1.7568344706738737,0.04707356362985502,0.3934880846759047,10.586223963635756,3519006.0
SP,64831,IACANGA,31,6793.0,0.09940020909655027,0.05179395596705474,1.9191468819214557,0.0390107463565435,0.34859035358887447,9.940020909655027,3519105.0
SP,64858,IACRI,16,3952.0,0.013953310635903724,0.10007564360538233,0.13942763826655297,0.0430161943319838,0.33766213750960894,1.3953310635903724,3519204.0
SP,64874,IBATÉ,98,20377.0,0.01995837261258968,0.022757594473437733,0.8769983416254624,0.06458261765716249,0.46481350712148933,1.9958372612589679,3519303.0
SP,64890,IBIRÁ,31,7394.0,0.009983404312044945,0.034509694512955026,0.2892927466598451,0.04449553692182851,0.3169722181735953,0.9983404312044944,3519402.0
SP,64912,IBIRAREMA,14,4163.0,0.03230747212936909,0.11430817938780942,0.2826348237054904,0.05861157818880615,0.313634919479451,3.230747212936909,3519501.0
SP,64939,IBITINGA,144,34295.0,0.04549826702162614,0.015995971124944417,2.8443579115165623,0.0527190552558682,0.3529965505750191,4.549826702162614,3519600.0
SP,64955,IBIÚNA,184,48628.0,-0.003173327301914576,0.02677213385927967,-0.11853098145236741,0.06884922267006663,0.3352823366237507,0.3173327301914576,3519709.0
SP,64971,ICÉM,22,4895.0,0.11655510013816876,0.06795359281750893,1.715216154224257,0.0390194075587334,0.47269098276307986,11.655510013816876,3519808.0
SP,64998,IEPÊ,18,5046.0,-0.20940903934866797,0.07575424007106152,-2.7643210353932814,0.03586999603646453,0.39009013957291805,20.940903934866796,3519907.0
SP,65013,IGARAÇU DO TIETÊ,59,14729.0,0.04258462402525374,0.04829798733465586,0.8817059752445928,0.08337293774186978,0.40775787363596344,4.258462402525374,3520004.0
SP,65030,IGARAPAVA,62,15530.0,0.046641411217797704,0.03276117173490308,1.4236795800593085,0.042369607211848036,0.49943209263106086,4.66414112177977,3520103.0
SP,65056,IGARATÁ,27,7058.0,0.1694177014302239,0.06782980483087268,2.4976881748760915,0.05752337772740153,0.38364109732810814,16.94177014302239,3520202.0
SP,65072,IGUAPE,71,16862.0,0.03926531700408536,0.03619320505304883,1.0848809036539786,0.04963823982920176,0.4101258894262797,3.926531700408536,3520301.0
SP,65099,ILHABELA,86,22728.0,0.0022933873795246075,0.02612963822521734,0.08776958026580299,0.046462513199577615,0.4427914424124153,0.22933873795246076,3520400.0
SP,65110,INDAIATUBA,554,152432.0,0.0544055023370108,0.011337810693562723,4.798589763709907,0.060026766033378816,0.35853380428879983,5.44055023370108,3520509.0
SP,65137,INDIANA,14,3357.0,-0.04477086414718137,0.1406515802877952,-0.31831042392537046,0.04229967232648198,0.3704153216399992,4.477086414718137,3520608.0
SP,65153,INDIAPORÃ,10,2490.0,0.12266414381415051,0.10025202700012141,1.2235577422689115,0.03493975903614458,0.49494058051277057,12.266414381415052,3520707.0
SP,65170,INÚBIA PAULISTA,10,2542.0,-0.11787922330941587,0.0860872054125394,-1.3693001502897626,0.04760031471282455,0.2757491537591111,11.787922330941587,3520806.0
SP,65196,IPAUSSU,28,8376.0,-0.10397591004025795,0.07765086130624221,-1.3390181163631152,0.05718720152817574,0.3809248567592802,10.397591004025795,3520905.0
SP,65218,IPERÓ,56,16611.0,-0.0631842416062176,0.043381552883315036,-1.4564771753599184,0.06893022695803985,0.4800479050624733,6.318424160621761,3521002.0
SP,65234,IPEÚNA,21,4437.0,0.019463006383888915,0.05661416197123011,0.3437833521898553,0.04597701149425287,0.2979533458518412,1.9463006383888914,3521101.0
SP,65250,IPORANGA,12,2479.0,0.08537549639528919,0.06305541669026198,1.35397561187593,0.050826946349334406,0.5718016544127797,8.537549639528919,3521200.0
SP,65277,IPUÃ,32,9257.0,-0.008411869064705644,0.022047011037473672,-0.3815423800717408,0.04018580533650211,0.5423017079317685,0.8411869064705644,3521309.0
SP,65293,IRACEMÁPOLIS,59,14921.0,0.050116772610445316,0.031536678833726496,1.5891582266693403,0.04537229408216607,0.31292169134023934,5.0116772610445315,3521408.0
SP,65315,IRAPUÃ,17,4375.0,0.07935068924443249,0.05937341551138092,1.336468326118484,0.0416,0.28060886983440375,7.935068924443249,3521507.0
SP,65331,IRAPURU,17,3785.0,-0.07561566394512431,0.08693647138426229,-0.8697806886007645,0.05468956406869221,0.3930559464409207,7.561566394512431,3521606.0
SP,65358,ITABERÁ,45,11323.0,-0.04632249486954206,0.016877886614977813,-2.7445672509989754,0.04822043628013777,0.46531334768056953,4.632249486954207,3521705.0
SP,65374,ITAÍ,45,13746.0,0.015128064597303934,0.04317170456241872,0.3504161985411394,0.05703477375236433,0.5114516839049061,1.5128064597303934,3521804.0
SP,65390,ITAJOBI,39,10133.0,0.05313723917342717,0.05908701794419636,0.8993048053907824,0.048455541300700684,0.25907203073519053,5.313723917342717,3521903.0
SP,65412,ITAJU,9,2396.0,-0.10532960315130638,0.10612872463595038,-0.9924702620578434,0.04382303839732888,0.37011723576200145,10.532960315130637,3522000.0
SP,65439,ITANHAÉM,234,60974.0,0.01441266977371433,0.0237001304552562,0.6081261789222724,0.054547840062977665,0.45014823349617084,1.441266977371433,3522109.0
SP,65455,ITAPECERICA DA SERRA,340,98152.0,0.0016814836479866467,0.01060451017930974,0.1585630660497038,0.05846034721656207,0.5755507244624366,0.16814836479866466,3522208.0
SP,65471,ITAPETININGA,368,92420.0,0.09445999688621326,0.02014410171121589,4.6892136586869775,0.06223761090673015,0.32758324333951117,9.445999688621326,3522307.0
SP,65498,ITAPEVA,223,55289.0,0.03735956319403022,0.013606119102004067,2.7457912806692595,0.05541789506050028,0.3694054988242511,3.735956319403022,3522406.0
SP,65510,ITAPEVI,465,129963.0,0.014451814699592712,0.015069367327646271,0.9590193393905398,0.0596400513992444,0.5620583898651285,1.4451814699592713,3522505.0
SP,65536,ITAPIRA,160,45092.0,0.06557950965840921,0.04013723020625477,1.633882291364232,0.07395990419586623,0.3266187091236903,6.557950965840921,3522604.0
SP,65552,ITÁPOLIS,88,23779.0,0.02730557621519135,0.024955705882668572,1.0941616455800087,0.04701627486437613,0.3025765501257741,2.730557621519135,3522703.0
SP,65579,ITAPORANGA,36,8800.0,0.06172773307049365,0.0465115412135145,1.327148734700666,0.051477272727272726,0.41793042250595613,6.172773307049365,3522802.0
SP,65595,ITAPUÍ,34,7904.0,0.051969249407550704,0.05127253119649322,1.0135885277125762,0.057186234817813764,0.41503895867044854,5.19692494075507,3522901.0
SP,65617,ITAPURA,11,2621.0,-0.0813091179498792,0.1735398855858377,-0.46853273917632865,0.04654711942006868,0.7230158277748961,8.13091179498792,3523008.0
SP,65633,ITAQUAQUECETUBA,700,199756.0,0.015490806203891089,0.012979070935015973,1.1935219617375505,0.06622078936302289,0.532738369498162,1.549080620389109,3523107.0
SP,65650,ITARARÉ,113,26862.0,0.0751347521432985,0.020301708623747243,3.7009078169613834,0.055319782592509865,0.3653789237369109,7.5134752143298495,3523206.0
SP,65676,ITARIRI,29,6966.0,-0.05511104264782762,0.054338198151746495,-1.0142228583642552,0.050387596899224806,0.3887632671274534,5.5111042647827615,3523305.0
SP,65692,ITATIBA,234,68490.0,0.036717337991627096,0.01944305607318666,1.8884550789452739,0.056256387793838514,0.3341553832232506,3.6717337991627095,3523404.0
SP,65714,ITATINGA,43,11093.0,-0.0183416467579298,0.046430646647004054,-0.39503319644404083,0.06427476787163076,0.4060212287531013,1.83416467579298,3523503.0
SP,65730,ITIRAPINA,35,7971.0,-0.011835290734238228,0.04272578231108919,-0.2770058286601918,0.05269100489273617,0.4091688750982043,1.1835290734238229,3523602.0
SP,65757,ITIRAPUÃ,15,3914.0,-0.044237956036097946,0.06943899221644112,-0.6370765851296974,0.0403679100664282,0.5435662423715822,4.423795603609794,3523701.0
SP,65773,ITOBI,18,4881.0,0.07930417778181605,0.10944269468966146,0.7246182854569967,0.0528580208973571,0.44006923201236364,7.930417778181605,3523800.0
SP,65790,ITU,364,99583.0,0.037724641963837346,0.012583785316429489,2.997877110521248,0.05952823273048613,0.3591783578592495,3.7724641963837344,3523909.0
SP,65811,ITUPEVA,128,35994.0,-0.010158698339444428,0.01616109718879558,-0.6285896446738413,0.054370172806578874,0.3679162655498308,1.0158698339444427,3524006.0
SP,65838,ITUVERAVA,105,22194.0,0.03713875953184989,0.01636636938337627,2.269211861341261,0.04667928268901505,0.3974172497217303,3.713875953184989,3524105.0
SP,65854,JABORANDI,14,4257.0,-0.025155168167958115,0.04865472695577586,-0.5170138595335785,0.046276720695325346,0.4821594166339765,2.5155168167958113,3524204.0
SP,65870,JABOTICABAL,155,41404.0,0.04811071612355231,0.021450703603205078,2.2428502585977554,0.05040575789778765,0.35839724858774813,4.8110716123552315,3524303.0
SP,65897,JACAREÍ,546,140452.0,0.07052759498192024,0.013636279886086785,5.17205539715272,0.056054737561586875,0.3741159403977754,7.052759498192024,3524402.0
SP,65919,JACI,15,4611.0,-0.012191367005200954,0.1068540597559417,-0.11409362482854138,0.042723921058338755,0.4025748256157328,1.2191367005200955,3524501.0
SP,65935,JACUPIRANGA,44,9665.0,0.11706242527303816,0.054416115751000346,2.151245520880203,0.04242110708742887,0.3223097507308644,11.706242527303816,3524600.0
SP,65951,JAGUARIÚNA,135,35295.0,0.03522451724344043,0.02617564822620602,1.3456979914703715,0.054285309533928315,0.3539515638531,3.522451724344043,3524709.0
SP,65978,JALES,118,29972.0,0.08619624080744381,0.035301854565380805,2.4416915731099635,0.05171493393834245,0.31812599949445003,8.619624080744382,3524808.0
SP,65994,JAMBEIRO,15,3954.0,0.12156314733220157,0.07827816837288293,1.5529636150034574,0.04653515427415276,0.38719478310572636,12.156314733220157,3524907.0
SP,66010,JANDIRA,224,64745.0,0.040024496582767105,0.024202888984234255,1.6537073986844726,0.05954127731871187,0.5082343197001741,4.002449658276711,3525003.0
SP,66036,JARDINÓPOLIS,77,22981.0,0.026368504946488146,0.02832383867615512,0.9309650873236649,0.05696009747182455,0.3462125126504719,2.6368504946488147,3525102.0
SP,66052,JARINU,70,20131.0,0.0009589146966087934,0.03387599598239151,0.028306612655971213,0.055585912274601364,0.3648249360123967,0.09589146966087934,3525201.0
SP,66079,JAÚ,323,83249.0,0.09429696611915518,0.01813779813330751,5.19892025625713,0.053357998294273803,0.2814799579956713,9.429696611915519,3525300.0
SP,66095,JERIQUARA,10,2495.0,0.27118136848628377,0.08361338742343234,3.243276906280276,0.03927855711422846,0.5246940814222453,27.118136848628378,3525409.0
SP,66117,JOANÓPOLIS,30,7879.0,-0.0776437703918277,0.0819369108949964,-0.9476043158538106,0.06460210686635359,0.3317692086638312,7.76437703918277,3525508.0
SP,66133,JOÃO RAMALHO,13,2744.0,0.011155101212514567,0.14900496302400446,0.0748639574556822,0.053206997084548104,0.4592143516450134,1.1155101212514567,3525607.0
SP,66150,JOSÉ BONIFÁCIO,80,22171.0,0.031328034626725454,0.01713911889202614,1.8278672797643416,0.042307518830905236,0.34482771079628116,3.1328034626725456,3525706.0
SP,66176,JÚLIO MESQUITA,12,2988.0,-0.05512179694326632,0.10436500923463857,-0.5281635803752843,0.045180722891566265,0.5491727315421872,5.512179694326632,3525805.0
SP,66192,JUNDIAÍ,953,268622.0,0.017204587957567328,0.008947047726485406,1.922934635370014,0.06398210124263835,0.3634035247624263,1.7204587957567328,3525904.0
SP,66214,JUNQUEIRÓPOLIS,41,11005.0,-0.027510438823837944,0.053773546613106564,-0.5115979985804516,0.049159472966833255,0.3326251478104854,2.7510438823837946,3526001.0
SP,66230,JUQUIÁ,64,11378.0,-0.036791369006792064,0.04387982661011995,-0.8384574837473701,0.0526454561434347,0.3859156597871939,3.6791369006792065,3526100.0
SP,66257,JUQUITIBA,74,18168.0,-0.020626171461930725,0.03598822897497143,-0.5731366074244864,0.059500220167327166,0.4954642919216715,2.0626171461930727,3526209.0
SP,66273,LAGOINHA,16,4209.0,-0.048980035838268474,0.12046822492465412,-0.4065805391330589,0.05607032549299121,0.4469306469888195,4.898003583826847,3526308.0
SP,66290,LARANJAL PAULISTA,61,16765.0,0.028354198707504066,0.04502273990343364,0.6297750596325136,0.05093945720250522,0.28119620073028173,2.835419870750407,3526407.0
SP,66311,LAVÍNIA,13,3096.0,0.17519308537087627,0.0916426705520544,1.9116977311498577,0.05458656330749354,0.46314233169866587,17.51930853708763,3526506.0
SP,66338,LAVRINHAS,22,5065.0,0.009452328532512775,0.0822487661456135,0.11492365144758938,0.05508390918065153,0.4862482569894423,0.9452328532512775,3526605.0
SP,66354,LEME,209,59784.0,0.05112770270219616,0.01447549258193253,3.5320181619249897,0.06322761942994781,0.3487923713426335,5.112770270219616,3526704.0
SP,66370,LENÇÓIS PAULISTA,191,41192.0,0.0970245913911437,0.03501898954747048,2.770627954859196,0.05457370363177316,0.2562750843750438,9.702459139114369,3526803.0
SP,66397,LIMEIRA,715,185674.0,0.06750473670903127,0.011306750723456585,5.970303791078398,0.051423462628047006,0.2656160703527339,6.750473670903127,3526902.0
SP,66419,LINDÓIA,20,4696.0,-0.06419045150434396,0.07814906760785659,-0.8213847390533765,0.04770017035775128,0.29286796553036915,6.419045150434396,3527009.0
SP,66435,LINS,185,43492.0,0.13425428159910352,0.022523601510227576,5.9606045479956205,0.04839970569300101,0.2821429226192954,13.425428159910352,3527108.0
SP,66451,LORENA,196,51039.0,0.0341658475859021,0.025823598727600195,1.3230474941273669,0.05054957973314524,0.3465050316663303,3.4165847585902096,3527207.0
SP,66478,LOUVEIRA,99,30933.0,-0.10893579161560489,0.022543868374248367,-4.832169431047652,0.0503345941227815,0.3622701911696616,10.893579161560488,3527306.0
SP,66494,LUCÉLIA,48,10621.0,0.02052664508813345,0.038080846750512924,0.5390280637038873,0.04877130213727521,0.3636413184892201,2.0526645088133453,3527405.0
SP,66516,LUCIANÓPOLIS,7,1664.0,,,,0.042067307692307696,0.4873932109598609,,3527504.0
SP,66532,LUÍS ANTÔNIO,27,7712.0,0.11102204744278804,0.07450245059389134,1.4901798069430356,0.05186721991701245,0.46732766297431205,11.102204744278804,3527603.0
SP,66559,LUIZIÂNIA,15,3101.0,-0.05721099084254688,0.0779678735784466,-0.7337764673674807,0.043211867139632376,0.43567574661638997,5.721099084254688,3527702.0
SP,66575,LUPÉRCIO,15,2695.0,-0.06046205819986555,0.04899109936034978,-1.2341437320102193,0.047495361781076065,0.46885341942219577,6.046205819986555,3527801.0
SP,66591,LUTÉCIA,8,1949.0,0.028709144676588375,0.11379058788940409,0.25229806093006135,0.03591585428424833,0.47264604942969285,2.8709144676588374,3527900.0
SP,66613,MACATUBA,43,10568.0,0.12315595373791494,0.050287643042927606,2.4490301450951666,0.05317940953822861,0.31360495807528405,12.315595373791494,3528007.0
SP,66630,MACAUBAL,18,4975.0,0.09337202994307459,0.10111530165359127,0.9234213656698154,0.05728643216080402,0.3054238344111438,9.337202994307459,3528106.0
SP,66656,MACEDÔNIA,10,2890.0,-0.05525176106679588,0.09834710837564845,-0.5618036155751038,0.04809688581314879,0.39322839738943066,5.525176106679588,3528205.0
SP,66672,MAGDA,9,2239.0,-0.06581196275320449,0.1559552855290441,-0.4219925123406484,0.030370701205895488,0.4200469755293657,6.5811962753204485,3528304.0
SP,66699,MAIRINQUE,116,31412.0,0.00886935946405842,0.03982629267110907,0.22270110696224715,0.06736279128995289,0.44574120881778756,0.8869359464058421,3528403.0
SP,66710,MAIRIPORÃ,205,51815.0,0.06848884593114375,0.0255442135711895,2.681188275390483,0.06007912766573386,0.393663209326265,6.848884593114375,3528502.0
SP,66737,MANDURI,22,5793.0,0.03557660807876495,0.12442435346966077,0.28592961977849324,0.06404281028827896,0.4083788803034534,3.557660807876495,3528601.0
SP,66753,MARABÁ PAULISTA,10,2326.0,0.11416422923218797,0.1282719425749055,0.890017153716377,0.04213241616509028,0.5962384169378655,11.416422923218796,3528700.0
SP,66770,MARACAÍ,41,8677.0,-0.04216915802801554,0.050532037672679414,-0.8345034154602212,0.03952979140255849,0.37138731452464263,4.216915802801554,3528809.0
SP,66796,MARIÁPOLIS,10,2423.0,0.2104647664170116,0.11834780599048901,1.7783579902945184,0.05695418902187371,0.4253718215511101,21.046476641701158,3528908.0
SP,66818,MARÍLIA,608,141502.0,0.07514483826634023,0.013140549492307411,5.718546116380495,0.05158230979067434,0.3059685821138888,7.514483826634024,3529005.0
SP,66834,MARINÓPOLIS,7,1435.0,,,,0.045993031358885016,0.4659394652294651,,3529104.0
SP,66850,MARTINÓPOLIS,59,14645.0,0.04708413832544322,0.022240933607929045,2.117003681385812,0.0396722430863776,0.38053475815665355,4.708413832544322,3529203.0
SP,66877,MATÃO,213,53045.0,0.0619627411558235,0.015834549552832655,3.9131357004556495,0.058497502120840796,0.3900251825299601,6.19627411558235,3529302.0
SP,66893,MAUÁ,921,254902.0,0.030599669774175702,0.008906358207345037,3.4357106531983277,0.06791629724364658,0.5322087744520669,3.05996697741757,3529401.0
SP,66915,MENDONÇA,13,4001.0,-0.1391238799746993,0.0627248123790823,-2.218003923772514,0.04073981504623844,0.4042574846642085,13.91238799746993,3529500.0
SP,66931,MERIDIANO,11,2997.0,-0.14177041656826211,0.03702217849496345,-3.829337503398099,0.05939272605939273,0.41640015769650124,14.177041656826212,3529609.0
SP,66958,MIGUELÓPOLIS,52,11913.0,0.017845405390414414,0.018943964899115744,0.9420100536212138,0.03659867371778729,0.476731304844224,1.7845405390414415,3529708.0
SP,66974,MINEIROS DO TIETÊ,30,7209.0,0.08524837962754502,0.07829649165760771,1.0887892653011588,0.06588985989735054,0.3071327599063364,8.524837962754502,3529807.0
SP,66990,MIRACATU,54,11559.0,0.018144368292856212,0.04169890335182169,0.43512818885831783,0.048879660870317504,0.3815169493515725,1.8144368292856212,3529906.0
SP,67016,MIRA ESTRELA,8,2082.0,-0.07071645603053353,0.10814335190511752,-0.6539140389561673,0.04226705091258405,0.4487634254794779,7.071645603053353,3530003.0
SP,67032,MIRANDÓPOLIS,62,14608.0,-0.020669391474981084,0.02888712864896695,-0.7155225334491753,0.053463855421686746,0.3137973839918238,2.0669391474981085,3530102.0
SP,67059,MIRANTE DO PARANAPANEMA,42,10088.0,-0.012600407227749718,0.025557522166995975,-0.4930214731074912,0.03429817605075337,0.5877744713189953,1.2600407227749717,3530201.0
SP,67075,MIRASSOL,127,35750.0,0.11381726195840931,0.026498061114242574,4.295305285458531,0.04979020979020979,0.32036678177339245,11.381726195840931,3530300.0
SP,67091,MIRASSOLÂNDIA,11,3284.0,-0.08197978668357558,0.05118925663244847,-1.6015037544344655,0.04506699147381242,0.35981466582965427,8.197978668357559,3530409.0
SP,67113,MOCOCA,153,39606.0,0.01375776790504747,0.03739600764211129,0.3678940286009295,0.06660606978740595,0.35180865454570176,1.3757767905047469,3530508.0
SP,67130,MOGI DAS CRUZES,952,262688.0,0.027106850040125856,0.00885462677958928,3.061320450299454,0.06675219271531246,0.4319051714037484,2.7106850040125856,3530607.0
SP,67156,MOGI GUAÇU,343,95157.0,0.0563810300951768,0.021744102223447522,2.5929343743784887,0.05996405939657618,0.2964385796375454,5.63810300951768,3530706.0
SP,67172,MOGI MIRIM,212,56043.0,0.11025584816889063,0.021676823365754796,5.086347123309295,0.06209517691772389,0.2973224298140651,11.025584816889063,3530805.0
SP,67199,MOMBUCA,11,2570.0,-0.06746054440389747,0.22409655428627853,-0.3010333854474089,0.06342412451361867,0.3223271134084603,6.746054440389747,3530904.0
SP,67210,MONÇÕES,7,1646.0,,,,0.0583232077764277,0.3934613183369859,,3531001.0
SP,67237,MONGAGUÁ,137,35209.0,0.06085392958231909,0.019529381987836113,3.11601921761897,0.05098128319463773,0.48418315783999316,6.085392958231909,3531100.0
SP,67253,MONTE ALEGRE DO SUL,22,5244.0,0.1216852296512209,0.1734270576271583,0.7016507765058528,0.07704042715484363,0.3237426317456128,12.16852296512209,3531209.0
SP,67270,MONTE ALTO,114,29405.0,0.05695099082973031,0.03252674812990516,1.7508971570806815,0.05930964121748002,0.30332580528774844,5.695099082973031,3531308.0
SP,67296,MONTE APRAZÍVEL,51,13871.0,0.02254257149013074,0.03984998915879555,0.565685762179316,0.050464998918607167,0.35821514673423865,2.254257149013074,3531407.0
SP,67318,MONTE AZUL PAULISTA,44,11499.0,0.0401591502739492,0.041824376226097935,0.9601852770464117,0.05557004956952778,0.33925778298773834,4.01591502739492,3531506.0
SP,67334,MONTE CASTELO,11,2835.0,-0.014365310717805235,0.16950664573384477,-0.0847477729006643,0.03527336860670194,0.4807952670454664,1.4365310717805235,3531605.0
SP,67350,MONTEIRO LOBATO,13,3123.0,-0.15819789981422785,0.08284960543811433,-1.9094586990205522,0.05091258405379443,0.46371067530935556,15.819789981422785,3531704.0
SP,67377,MONTE MOR,142,36709.0,0.02486901291955073,0.016995431252584986,1.463276368216204,0.05829633060012531,0.45135377993367437,2.486901291955073,3531803.0
SP,67393,MORRO AGUDO,61,16388.0,-0.0510705172142889,0.022989916155800635,-2.2214312078473233,0.05723700268489138,0.4314908063999781,5.10705172142889,3531902.0
SP,67415,MORUNGABA,31,8737.0,0.016956462803552484,0.06562260704555675,0.2583936171841041,0.05528213345541948,0.3266487137848084,1.6956462803552483,3532009.0
SP,67431,MURUTINGA DO SUL,13,2770.0,-0.027518658285268362,0.10682869074488013,-0.2575961391400579,0.03754512635379061,0.3803174319089017,2.751865828526836,3532108.0
SP,67458,NARANDIBA,13,3601.0,-0.06889905058451071,0.12130197013319577,-0.5679961381406751,0.04109969452929742,0.5229385831943315,6.88990505845107,3532207.0
SP,67474,NATIVIDADE DA SERRA,21,4360.0,0.04137098065317992,0.10496211614324155,0.3941515488952323,0.055504587155963306,0.4063378562143763,4.137098065317992,3532306.0
SP,67490,NAZARÉ PAULISTA,46,11491.0,0.07009656139259549,0.060063864490908225,1.1670338228604304,0.07318771212253068,0.3814260968127508,7.0096561392595484,3532405.0
SP,67512,NEVES PAULISTA,22,6065.0,0.06984336201276019,0.09922550599299979,0.7038851685743738,0.05325638911788953,0.39052517887184707,6.984336201276019,3532504.0
SP,67539,NHANDEARA,25,6225.0,0.014789506976785808,0.05391327665313733,0.27432031393560596,0.041285140562248995,0.31470839510716353,1.4789506976785807,3532603.0
SP,67555,NIPOÃ,12,3028.0,0.01759091641606241,0.09800645225946704,0.17948732976775206,0.037318361955085866,0.41408497541508615,1.7590916416062408,3532702.0
SP,67571,NOVA ALIANÇA,16,4187.0,-0.23298633117746617,0.11800262385410729,-1.9744165304791794,0.04919990446620492,0.3537143554500292,23.29863311774662,3532801.0
SP,67598,NOVA EUROPA,26,6069.0,0.1065986162106912,0.05878486946735902,1.8133682557529758,0.05223265776898995,0.5557080608778686,10.659861621069119,3532900.0
SP,67610,NOVA GRANADA,51,12179.0,0.0072320422925977144,0.031058185404337878,0.23285463070188317,0.04893669430987766,0.45872576301876744,0.7232042292597715,3533007.0
SP,67636,NOVA GUATAPORANGA,6,1581.0,,,,0.051233396584440226,0.5153879994345688,,3533106.0
SP,67652,NOVA INDEPENDÊNCIA,13,2634.0,0.07048129599429244,0.0979869346058629,0.7192927942668318,0.0425208807896735,0.4561497035061555,7.048129599429244,3533205.0
SP,67679,NOVA LUZITÂNIA,8,2167.0,0.045285141508277144,0.1326233035829174,0.3414568954690864,0.04476234425473004,0.5145448535931263,4.528514150827714,3533304.0
SP,67695,NOVA ODESSA,137,38676.0,0.05941457507701008,0.023491826454083826,2.529159458637216,0.054064536146447406,0.37539141938641374,5.941457507701008,3533403.0
SP,67717,NOVO HORIZONTE,89,22783.0,0.06403271648857925,0.0232498028455343,2.75411868711301,0.04323399025589255,0.3078928555873244,6.403271648857925,3533502.0
SP,67733,NUPORANGA,23,4746.0,-0.03048609505040237,0.07774985469114086,-0.3921048492181437,0.04804045512010114,0.37399826962535887,3.048609505040237,3533601.0
SP,67750,OCAUÇU,13,2725.0,-0.13487424878238216,0.118418025629436,-1.1389672143702378,0.04954128440366973,0.44305398128985296,13.487424878238215,3533700.0
SP,67776,ÓLEO,10,1951.0,-0.08619950320849608,0.10162166281628192,-0.8482394483579058,0.05996924654023578,0.3656146363600599,8.619950320849608,3533809.0
SP,67792,OLÍMPIA,138,33209.0,0.03201924584565872,0.01782177402366405,1.7966362834105645,0.04513836610557379,0.347688528896628,3.2019245845658717,3533908.0
SP,67814,ONDA VERDE,13,3297.0,-0.03072456135412531,0.1776114591492863,-0.17298749473309966,0.047012435547467396,0.4261443957650195,3.072456135412531,3534005.0
SP,67830,ORIENTE,16,4188.0,0.19766968643985125,0.09312296192533016,2.1226739608900216,0.0546800382043935,0.36798073033821793,19.766968643985123,3534104.0
SP,67857,ORINDIÚVA,17,3994.0,0.03611160288006186,0.06537421754647768,0.552382945989195,0.046319479218828244,0.48129152473618897,3.6111602880061864,3534203.0
SP,67873,ORLÂNDIA,94,24495.0,0.16971091498358973,0.021599503176066796,7.857167528354862,0.06046131863645642,0.3867892176911206,16.971091498358973,3534302.0
SP,67890,OSASCO,1623,468991.0,-0.008835779815795775,0.005188106719975285,-1.7030836666825286,0.05959602636297925,0.5039542469562561,0.8835779815795775,3534401.0
SP,67911,OSCAR BRESSANE,8,1928.0,0.048541514087078345,0.10159384220175248,0.4777997665516091,0.028008298755186723,0.31708167300139617,4.854151408707835,3534500.0
SP,67938,OSVALDO CRUZ,80,18630.0,0.04125209092828837,0.03231694678163643,1.2764847869765095,0.04718196457326892,0.2989925705387492,4.125209092828837,3534609.0
SP,67954,OURINHOS,245,61966.0,0.10440314626496229,0.016609956420103596,6.285576170362471,0.05060839815382629,0.3750185747202082,10.44031462649623,3534708.0
SP,67970,OURO VERDE,16,4813.0,0.009492735932622686,0.04312317805295071,0.22013071302320547,0.044047371701641386,0.49470401162300043,0.9492735932622686,3534807.0
SP,67997,PACAEMBU,26,6366.0,0.0015009686472286007,0.0737139499109825,0.020362070531306235,0.044769085768143264,0.3410642630535647,0.15009686472286007,3534906.0
SP,68012,PALESTINA,29,7070.0,-0.029390906638874507,0.06123692020629211,-0.47995403001757403,0.047524752475247525,0.393026235344255,2.9390906638874505,3535002.0
SP,68039,PALMARES PAULISTA,24,6420.0,0.1482251906018038,0.0564132140749916,2.6274906160241835,0.05218068535825545,0.46621263869905366,14.822519060180381,3535101.0
SP,68055,PALMEIRA D'OESTE,21,6002.0,0.05848254408753055,0.07210460710079705,0.811079159002644,0.0433188937020993,0.3987372676573869,5.848254408753055,3535200.0
SP,68071,PALMITAL,48,13276.0,-0.0046786765963236455,0.04602999544849548,-0.10164408122870172,0.044516420608617054,0.34882809589368613,0.46786765963236454,3535309.0
SP,68098,PANORAMA,38,8319.0,0.08639701642708285,0.04650683577138313,1.8577272565218292,0.04351484553431903,0.39890359582202517,8.639701642708285,3535408.0
SP,68110,PARAGUAÇU PAULISTA,93,24525.0,0.09430651365645279,0.01948058072098333,4.841052482325201,0.04982670744138634,0.410840717461669,9.430651365645279,3535507.0
SP,68136,PARAIBUNA,42,11082.0,-0.03360305538732802,0.05390758694310227,-0.6233455677174896,0.04584010106478975,0.4849014666690968,3.360305538732802,3535606.0
SP,68152,PARAÍSO,15,3809.0,-0.1156603600112453,0.1277079871104667,-0.9056626968147242,0.06064583880283539,0.36124651984398776,11.56603600112453,3535705.0
SP,68179,PARANAPANEMA,41,11155.0,0.002414724721032811,0.02220304974672983,0.10875644330745433,0.04571940833706858,0.43205396163287924,0.24147247210328113,3535804.0
SP,68195,PARANAPUÃ,11,2882.0,0.138281941995934,0.1321808163278663,1.0461574216105174,0.04371963913948647,0.4290331762115,13.8281941995934,3535903.0
SP,68217,PARAPUÃ,28,6283.0,0.0773360012327099,0.08417048713204135,0.9188018730530816,0.053000159159637114,0.3513724592560276,7.733600123270989,3536000.0
SP,68233,PARDINHO,18,4436.0,0.0726544095714195,0.11089758877220221,0.6551486860608027,0.06266907123534717,0.3918588045164504,7.26544095714195,3536109.0
SP,68250,PARIQUERA-AÇU,48,11607.0,0.14451196122182727,0.03834389714205487,3.7688386416864565,0.0557422245196864,0.32833944421407707,14.451196122182727,3536208.0
SP,68276,PATROCÍNIO PAULISTA,32,8399.0,-0.05656653251357258,0.05182598875813163,-1.0914703967842225,0.04476723419454697,0.39074096157770555,5.656653251357258,3536307.0
SP,68292,PAULICÉIA,18,4609.0,0.11653925559175259,0.09759289080420432,1.1941367309793027,0.04013885875461055,0.37773547456937484,11.653925559175258,3536406.0
SP,68314,PAULÍNIA,227,67885.0,0.008179727194726934,0.01636285725605818,0.49989601856964644,0.04815496796052147,0.4080034743503808,0.8179727194726933,3536505.0
SP,68330,PAULO DE FARIA,20,4808.0,0.006590914395579508,0.05401588604494225,0.122018074277181,0.04554908485856905,0.5160432595498351,0.6590914395579508,3536604.0
SP,68357,PEDERNEIRAS,103,27269.0,0.08657264308289259,0.02036296329937619,4.251475672283155,0.05376068062635227,0.31274065079438496,8.657264308289259,3536703.0
SP,68373,PEDRA BELA,14,4092.0,0.16989229112809578,0.09483581573197039,1.7914359655876602,0.05840664711632453,0.41239757141189676,16.98922911280958,3536802.0
SP,68390,PEDRANÓPOLIS,8,1950.0,-0.06292792027172862,0.10734631583420641,-0.5862140659668205,0.04153846153846154,0.44180584368515957,6.292792027172863,3536901.0
SP,68411,PEDREGULHO,40,9507.0,0.129167069186527,0.050725958951554295,2.5463701792190405,0.047123172399284735,0.5427161530689371,12.916706918652702,3537008.0
SP,68438,PEDREIRA,107,27576.0,0.08315723709776962,0.03696382230340132,2.249692589018796,0.06375108790252393,0.2815312406922077,8.315723709776963,3537107.0
SP,68454,PEDRO DE TOLEDO,27,5663.0,0.06523241828482841,0.05759497090792058,1.1326061504418177,0.049443757725587144,0.45325553283467135,6.523241828482841,3537206.0
SP,68470,PENÁPOLIS,148,36123.0,0.06750803535838348,0.020223419311929412,3.3381118354482107,0.0503834122304349,0.34443726204531677,6.750803535838348,3537305.0
SP,68497,PEREIRA BARRETO,75,14863.0,0.020821265480953977,0.026011736029803133,0.8004565884067816,0.04628944358474063,0.4280361365044668,2.0821265480953977,3537404.0
SP,68519,PEREIRAS,19,5049.0,-0.05668043450289795,0.11833784187189016,-0.47897133838437655,0.05525846702317291,0.41144715962953404,5.668043450289795,3537503.0
SP,68535,PERUÍBE,173,43785.0,0.08265299187293701,0.020041527641594406,4.124086414520522,0.05321457120018271,0.4215839204587927,8.265299187293701,3537602.0
SP,68551,PIACATU,14,3747.0,0.008668182080676294,0.13031371543267156,0.06651780322505525,0.04136642647451294,0.3763997981239621,0.8668182080676293,3537701.0
SP,68578,PIEDADE,115,32842.0,0.13399004223167937,0.0371909962862169,3.6027548496015016,0.06403385908288167,0.36673409171711163,13.399004223167937,3537800.0
SP,68594,PILAR DO SUL,62,18238.0,0.1284121778013039,0.029447346184983222,4.3607385533025775,0.05400811492488211,0.35870518434748405,12.84121778013039,3537909.0
SP,68616,PINDAMONHANGABA,386,96476.0,0.031520453568929976,0.02157137252812617,1.4612168756453277,0.060616111779095316,0.3604268654583633,3.1520453568929976,3538006.0
SP,68632,PINDORAMA,38,8909.0,-0.037278926234122794,0.04747691850967912,-0.7852010493588109,0.048041306543944326,0.3378205828121149,3.7278926234122793,3538105.0
SP,68659,ESPÍRITO SANTO DO PINHAL,111,25357.0,0.1342562195751804,0.03536428043367646,3.7963792258397486,0.06329613124580984,0.36869206375972285,13.425621957518041,3515186.0
SP,68675,PINHALZINHO,35,9064.0,-0.06492835531168886,0.10641658475936945,-0.6101338006524613,0.09333627537511033,0.33309375558292814,6.492835531168886,3538204.0
SP,68691,PIQUEROBI,9,2430.0,0.18587042687416055,0.12480288372555091,1.489311955987338,0.0448559670781893,0.5048782806246973,18.587042687416055,3538303.0
SP,68713,PIQUETE,31,8023.0,0.05970148229674205,0.06772906300562785,0.8814750957322596,0.0494827371307491,0.3469463329074539,5.970148229674205,3538501.0
SP,68730,PIRACAIA,62,17563.0,-0.02261675424405636,0.0692587897100367,-0.32655428052879815,0.06342879918009452,0.3325778292658393,2.2616754244056363,3538600.0
SP,68756,PIRACICABA,869,242529.0,0.05104737756937975,0.00846066639285609,6.033493722490049,0.0544306041751708,0.32120982058575354,5.104737756937975,3538709.0
SP,68772,PIRAJU,68,17847.0,0.030588797418038476,0.039217888672554616,0.7799705301179323,0.05928167198969014,0.41079921187828583,3.058879741803848,3538808.0
SP,68799,PIRAJUÍ,56,11992.0,0.12528413344547568,0.025172739028995767,4.976976613516885,0.046864576384256174,0.3485100028552992,12.528413344547568,3538907.0
SP,68810,PIRANGI,28,6655.0,-0.023992668137300246,0.031948420427925006,-0.7509813573233526,0.051840721262208865,0.3151063442606479,2.3992668137300246,3539004.0
SP,68837,PIRAPORA DO BOM JESUS,38,10624.0,0.035737485828452986,0.045831239907429905,0.7797625789883862,0.04640436746987952,0.54472882332957,3.5737485828452984,3539103.0
SP,68853,PIRAPOZINHO,66,16116.0,0.021757976418618766,0.025348508609351075,0.8583533159261385,0.041945892280963015,0.40323160269428976,2.1757976418618767,3539202.0
SP,68870,PIRASSUNUNGA,186,45694.0,0.0932055054555911,0.01980446898149698,4.7062865226364625,0.05808202389810478,0.3038215705113268,9.32055054555911,3539301.0
SP,68896,PIRATININGA,29,7869.0,-0.043712602784393484,0.09131677400541986,-0.4786919299382941,0.04663870885754225,0.31386958806745224,4.371260278439348,3539400.0
SP,68918,PITANGUEIRAS,83,20565.0,-0.008207287390274237,0.02236975454008403,-0.366892152328615,0.05684415268660345,0.4558127606344273,0.8207287390274237,3539509.0
SP,68934,PLANALTO,12,3200.0,-0.0017069808566631867,0.22780462853762615,-0.0074931789912304056,0.038125,0.4782319747440603,0.17069808566631867,3539608.0
SP,68950,PLATINA,8,2128.0,0.05163760555028639,0.20555638433503298,0.2512089600978927,0.03994360902255639,0.3607867879192817,5.163760555028639,3539707.0
SP,68977,POÁ,272,75636.0,0.07144123205665658,0.02138509055126302,3.340702808127095,0.06034163625786662,0.487266476793073,7.144123205665657,3539806.0
SP,68993,POLONI,15,3552.0,-0.0233694783210541,0.0751697704234846,-0.31088931347531407,0.0472972972972973,0.3648884716000898,2.33694783210541,3539905.0
SP,69019,POMPÉIA,48,13283.0,0.06957410991634033,0.029845192825783858,2.3311663731732994,0.046751486862907476,0.2893620753524033,6.957410991634033,3540002.0
SP,69035,PONGAÍ,10,2401.0,-0.031400171086594514,0.06911820042850901,-0.45429671044564646,0.029571012078300707,0.32394657044677155,3.1400171086594515,3540101.0
SP,69051,PONTAL,100,23834.0,0.020501727062420174,0.03606582312079446,0.568453047466966,0.0634387849290929,0.47323133930339084,2.050172706242017,3540200.0
SP,69078,PONTES GESTAL,8,1826.0,0.33984388405684934,0.11743816744116783,2.8938111983661403,0.0416210295728368,0.42797779014719345,33.98438840568493,3540309.0
SP,69094,POPULINA,12,2955.0,-0.10150447817048308,0.11473429490923813,-0.8846916978988658,0.048392554991539764,0.5666821183893743,10.150447817048308,3540408.0
SP,69116,PORANGABA,19,5703.0,0.05766374208684912,0.13152379058978403,0.43842822525317404,0.05874101350166579,0.4128509299588187,5.766374208684912,3540507.0
SP,69132,PORTO FELIZ,116,33132.0,0.10605006563802682,0.0260325608804398,4.073746955786825,0.05550525172039116,0.32001717735557417,10.605006563802682,3540606.0
SP,69159,PORTO FERREIRA,123,32811.0,0.12141346522795644,0.02644702453371135,4.5908175822650215,0.06473438785773064,0.3197128612156571,12.141346522795644,3540705.0
SP,69175,POTIRENDABA,39,11123.0,-0.016337817721512025,0.04353468444504497,-0.37528278727127795,0.04728940034163445,0.3488108412926091,1.6337817721512025,3540804.0
SP,69191,PRADÓPOLIS,42,11050.0,-0.05077152661386902,0.048040758603052236,-1.0568427329256056,0.059457013574660635,0.41934099002010644,5.0771526613869025,3540903.0
SP,69213,PRAIA GRANDE,676,190009.0,0.042978139478323824,0.007543515477460035,5.697362139276066,0.05158176717944939,0.417394772367868,4.297813947832382,3541000.0
SP,69230,PRESIDENTE ALVES,11,2684.0,0.047654914775791105,0.11543463116756408,0.4128303117858589,0.04880774962742176,0.4074329070426988,4.76549147757911,3541109.0
SP,69256,PRESIDENTE BERNARDES,34,8439.0,-0.03591470052914135,0.02330199895339747,-1.5412712274585751,0.03507524588221353,0.39457813489117266,3.591470052914135,3541208.0
SP,69272,PRESIDENTE EPITÁCIO,91,22993.0,0.02089706839626751,0.028439923192660962,0.7347793541742083,0.046579393728526076,0.4119943632893071,2.089706839626751,3541307.0
SP,69299,PRESIDENTE PRUDENTE,562,137457.0,0.07235646043599644,0.00882954773783351,8.194809358803061,0.04207133867318507,0.32029581371050125,7.235646043599645,3541406.0
SP,69310,PRESIDENTE VENCESLAU,90,21680.0,0.07926178683366221,0.021842063287506774,3.6288598650384087,0.046448339483394836,0.31980829712002484,7.926178683366221,3541505.0
SP,69337,PROMISSÃO,81,20975.0,0.030479721509746243,0.030419056342122906,1.0019943145816568,0.04843861740166865,0.4023967062947359,3.0479721509746245,3541604.0
SP,69353,QUATÁ,33,8101.0,-0.03286742791349939,0.035028709347995575,-0.9382997125864743,0.04641402296012838,0.37139059350827597,3.286742791349939,3541703.0
SP,69370,QUEIROZ,11,2437.0,-0.026864079587934627,0.09229514381375123,-0.29106709711775863,0.04431678292983176,0.44516991206341283,2.686407958793463,3541802.0
SP,69396,QUELUZ,25,5690.0,0.06933910833079476,0.09330421145919185,0.7431508958319784,0.044639718804920916,0.5350351192238512,6.9339108330794765,3541901.0
SP,69418,QUINTANA,15,4327.0,0.10880966806418997,0.07601347449523345,1.4314523679747473,0.04807025652877282,0.3929772898888622,10.880966806418996,3542008.0
SP,69434,RAFARD,24,6039.0,0.26940773179962557,0.0974914639020841,2.7633981583270324,0.04868355688027819,0.30750532832384775,26.94077317996256,3542107.0
SP,69450,RANCHARIA,79,18288.0,0.044576873520558544,0.020861430458276473,2.1368080971107766,0.04631452318460193,0.4244315765704355,4.457687352055855,3542206.0
SP,69477,REDENÇÃO DA SERRA,13,3213.0,0.11893328839020825,0.18600125018794303,0.6394219838309331,0.04855275443510738,0.46262620565557716,11.893328839020825,3542305.0
SP,69493,REGENTE FEIJÓ,66,12627.0,0.025525888038607142,0.027622536014602506,0.9240964705453916,0.0414983764948127,0.3731653387228696,2.552588803860714,3542404.0
SP,69515,REGINÓPOLIS,14,3835.0,-0.21617862839639354,0.0918640996602855,-2.353243859089945,0.05241199478487614,0.30714196555796625,21.617862839639354,3542503.0
SP,69531,REGISTRO,154,35268.0,0.0032264127374527995,0.018504711868513348,0.17435628073424342,0.05092435068617444,0.3757637519366684,0.32264127374527996,3542602.0
SP,69558,RESTINGA,20,5230.0,0.07377540081460897,0.10274985705383699,0.7180097659498785,0.03652007648183556,0.4910442555206846,7.3775400814608965,3542701.0
SP,69574,RIBEIRA,12,2341.0,0.013070206024657199,0.06689489096884563,0.195384218964409,0.038017941050832976,0.590188357608247,1.3070206024657198,3542800.0
SP,69590,RIBEIRÃO BONITO,25,6733.0,0.08921809231820978,0.07499156453106695,1.1897083742165315,0.0638645477498886,0.4546861729351165,8.921809231820978,3542909.0
SP,69612,RIBEIRÃO BRANCO,50,11496.0,-0.018817870093610082,0.03350521430077727,-0.5616400457756074,0.05445372303409882,0.5134734113292111,1.8817870093610083,3543006.0
SP,69639,RIBEIRÃO CORRENTE,11,3398.0,0.0011625995583631895,0.08690937997020058,0.013377147078506608,0.040906415538552086,0.456889472964347,0.11625995583631896,3543105.0
SP,69655,RIBEIRÃO DO SUL,11,3234.0,-0.04754192934781227,0.08963315617268831,-0.5304056152638139,0.039888682745825604,0.48595590212133477,4.754192934781227,3543204.0
SP,69671,RIBEIRÃO PIRES,261,72355.0,0.07020890171276077,0.017624736564745048,3.983543325873046,0.06685094326584202,0.48701883184033307,7.020890171276077,3543303.0
SP,69698,RIBEIRÃO PRETO,1391,367001.0,0.0523223286138441,0.006134977206388463,8.528528607956344,0.05682273345304236,0.40414264914831244,5.23223286138441,3543402.0
SP,69710,RIVERSUL,16,3616.0,0.02012953224280983,0.1255003691680884,0.16039420741344135,0.05890486725663717,0.4810702202849417,2.012953224280983,3543501.0
SP,69736,RIFAINA,14,3445.0,0.050845324858352116,0.08876287207409565,0.5728219881833984,0.02786647314949202,0.4611048197761627,5.0845324858352114,3543600.0
SP,69752,RINCÃO,27,5865.0,-0.0275839669213021,0.09757022611733472,-0.28270885513917465,0.06086956521739131,0.5353499862423029,2.75839669213021,3543709.0
SP,69779,RINÓPOLIS,22,5952.0,0.11070115898799009,0.09319643300160024,1.187826136930469,0.0456989247311828,0.3168080247248769,11.070115898799008,3543808.0
SP,69795,RIO CLARO,443,124097.0,0.02744027980975304,0.01456221095512931,1.8843484615286137,0.062104643947879484,0.32374666892349374,2.744027980975304,3543907.0
SP,69817,RIO DAS PEDRAS,76,20402.0,0.039676067328183774,0.019805584079537558,2.0032768116733153,0.049995098519752965,0.33094335579935624,3.9676067328183775,3544004.0
SP,69833,RIO GRANDE DA SERRA,113,28182.0,0.03582667449015568,0.03709708003900472,0.9657545675424237,0.06738343623589525,0.5555283107513621,3.582667449015568,3544103.0
SP,69850,RIOLÂNDIA,22,5635.0,-0.06474728765127198,0.05902127545497677,-1.0970160700892204,0.04081632653061224,0.5106266934685061,6.474728765127198,3544202.0
SP,69876,ROSEIRA,30,6953.0,0.006348364499871029,0.0435749311416645,0.1456884574121792,0.04846828707032935,0.37623151179307945,0.6348364499871029,3544301.0
SP,69892,RUBIÁCEA,8,1854.0,-0.08541569799507723,0.09158159327758641,-0.9326732036226955,0.0447680690399137,0.4024203880712066,8.541569799507723,3544400.0
SP,69914,RUBINÉIA,11,2472.0,-0.044347175052709006,0.056209569505167915,-0.788961300417569,0.0505663430420712,0.3881980290391247,4.434717505270901,3544509.0
SP,69930,SABINO,14,3401.0,0.02562571975467877,0.10337716047441464,0.24788569967561658,0.05263157894736842,0.4159244340367924,2.562571975467877,3544608.0
SP,69957,SAGRES,7,1635.0,,,,0.05076452599388379,0.4797310184243923,,3544707.0
SP,69973,SALES,15,4002.0,0.08046562807156493,0.10174487729600346,0.7908567999690892,0.0407296351824088,0.27859260126408686,8.046562807156493,3544806.0
SP,69990,SALES OLIVEIRA,30,6806.0,0.0026097069491023,0.07397085281778602,0.03528020632033061,0.055392300910960916,0.36149108072986164,0.26097069491023,3544905.0
SP,70017,SALESÓPOLIS,49,12055.0,0.013180719342448645,0.06939815483523586,0.189928959548595,0.059311489008710076,0.39737244475650485,1.3180719342448644,3545001.0
SP,70033,SALMOURÃO,12,3133.0,0.08571609633732782,0.08731189093201233,0.981723055386269,0.04436642195978296,0.41703976391171294,8.571609633732782,3545100.0
SP,70050,SALTO,264,77632.0,0.009594780194891234,0.015644694504849725,0.6132929084627975,0.05875154575432811,0.38766914305842576,0.9594780194891234,3545209.0
SP,70076,SALTO DE PIRAPORA,85,24727.0,0.06835258771259906,0.050219838330871715,1.3610674582873072,0.07190520483681806,0.41210176661786996,6.835258771259905,3545308.0
SP,70092,SALTO GRANDE,19,5203.0,-0.0464388155101715,0.10410269936937673,-0.4460865644357357,0.05708245243128964,0.4167550873820245,4.64388155101715,3545407.0
SP,70114,SANDOVALINA,12,2642.0,0.017460454006685302,0.0772447560322346,0.22604063891921636,0.03179409538228615,0.6294562665024128,1.7460454006685302,3545506.0
SP,70130,SANTA ADÉLIA,38,8806.0,0.10286396980904003,0.04392404564581381,2.341860097280076,0.05189643424937543,0.38071640488167957,10.286396980904003,3545605.0
SP,70157,SANTA ALBERTINA,17,4111.0,-0.06667911357550362,0.08191089119460819,-0.8140445379489754,0.04524446606665045,0.38793862521742783,6.667911357550362,3545704.0
SP,70173,SANTA BÁRBARA D'OESTE,392,117911.0,0.07742048576637883,0.01761089718469479,4.396169312354122,0.05955339196512624,0.3367249818438835,7.742048576637883,3545803.0
SP,70190,ÁGUAS DE SANTA BÁRBARA,15,3945.0,-0.06507116158923701,0.10503454873275271,-0.6195215038701452,0.050190114068441066,0.3423348908829478,6.507116158923701,3500550.0
SP,70211,SANTA BRANCA,41,9331.0,0.024867273832393524,0.056586864183057126,0.43945311675070914,0.05519236952095167,0.39535719890798793,2.4867273832393524,3546009.0
SP,70238,SANTA CLARA D'OESTE,7,1838.0,,,,0.041349292709466814,0.4279983002547975,,3546108.0
SP,70254,SANTA CRUZ DA CONCEIÇÃO,11,3248.0,0.006204498424564374,0.10090366879859128,0.06148932440651747,0.05018472906403941,0.29855069381744304,0.6204498424564374,3546207.0
SP,70270,SANTA CRUZ DAS PALMEIRAS,65,17130.0,0.04784073585932664,0.019753416138116976,2.4218968265955403,0.05866900175131348,0.37885850173675517,4.784073585932664,3546306.0
SP,70297,SANTA CRUZ DO RIO PARDO,96,27189.0,0.11904464560433216,0.025385258895478217,4.6895186728049145,0.050608702048622604,0.2772903819663518,11.904464560433215,3546405.0
SP,70319,SANTA ERNESTINA,15,4138.0,0.047478252401924596,0.09664584311135921,0.49126016053497773,0.049057515708071535,0.4664119197600261,4.747825240192459,3546504.0
SP,70335,SANTA FÉ DO SUL,76,20416.0,-0.008605880608380042,0.0345346768470157,-0.2491953420181986,0.04932405956112853,0.31689525634688226,0.8605880608380042,3546603.0
SP,70351,SANTA GERTRUDES,58,15425.0,-0.013487885437641628,0.050831160991593426,-0.26534679071902934,0.05050243111831443,0.33446383032531624,1.3487885437641627,3546702.0
SP,70378,SANTA ISABEL,129,33787.0,0.03539027845559928,0.036197821911233864,0.9776908274311398,0.06307159558410039,0.38529973032072024,3.5390278455599278,3546801.0
SP,70394,SANTA LÚCIA,29,5354.0,-0.042470664919015765,0.06118447976677288,-0.6941411462663131,0.07078819574150168,0.5771509461054589,4.247066491901577,3546900.0
SP,70416,SANTA MARIA DA SERRA,13,3379.0,-0.12528230200311047,0.12110974188896466,-1.0344527207230882,0.05031074282332051,0.3625035168738784,12.528230200311047,3547007.0
SP,70432,SANTA MERCEDES,9,1965.0,-0.07609806065424136,0.039703731049437356,-1.9166475956500757,0.04580152671755725,0.47930279352364974,7.609806065424136,3547106.0
SP,70459,SANTANA DA PONTE PENSA,6,1251.0,,,,0.042366107114308556,0.4097149706677451,,3547205.0
SP,70475,SANTANA DE PARNAÍBA,260,82148.0,0.017852540380645203,0.007018983930219721,2.5434650596338306,0.05564347275648829,0.45208682646828235,1.7852540380645203,3547304.0
SP,70491,SANTA RITA D'OESTE,7,1952.0,,,,0.045081967213114756,0.4299587313905456,,3547403.0
SP,70513,SANTA RITA DO PASSA QUATRO,60,15741.0,0.00915068424508868,0.03874666666866496,0.2361670056250021,0.05202973127501429,0.3051458601610265,0.9150684245088679,3547502.0
SP,70530,SANTA ROSA DE VITERBO,58,14820.0,0.1659527353441445,0.04008970958499488,4.139534485584269,0.07159244264507422,0.4349480521886295,16.59527353441445,3547601.0
SP,70556,SANTO ANASTÁCIO,47,12233.0,0.0718366312191491,0.05447693568680592,1.3186613805179137,0.050764326003433335,0.40156810085744366,7.18366312191491,3547700.0
SP,70572,SANTO ANDRÉ,1700,463394.0,-0.0052941001391798755,0.005103154564386779,-1.0374171646937058,0.0653806480014847,0.47868303178662486,0.5294100139179876,3547809.0
SP,70599,SANTO ANTÔNIO DA ALEGRIA,18,4440.0,0.012929659728162938,0.1310703404600493,0.09864672421526166,0.05067567567567568,0.4498405898541341,1.2929659728162937,3547908.0
SP,70610,SANTO ANTÔNIO DE POSSE,53,13512.0,0.07438590291600358,0.032720707709664336,2.27335861974749,0.04951154529307283,0.3308014960589405,7.438590291600359,3548005.0
SP,70637,SANTO ANTÔNIO DO JARDIM,18,4212.0,0.054857936991060736,0.10090495884358454,0.5436594754089091,0.048670465337132006,0.36043526494819095,5.485793699106074,3548104.0
SP,70653,SANTO ANTÔNIO DO PINHAL,20,5052.0,0.10105320671981766,0.07378171406060913,1.3696240051675397,0.0613618368962787,0.4279532046896454,10.105320671981765,3548203.0
SP,70670,SANTO EXPEDITO,9,2192.0,0.09829706472585534,0.06246763296668707,1.5735679432303045,0.04744525547445255,0.4776740872722615,9.829706472585533,3548302.0
SP,70696,SANTÓPOLIS DO AGUAPEÍ,11,2575.0,0.047365620315016364,0.09040858260243843,0.5239062371246472,0.044271844660194175,0.39629446079185865,4.736562031501636,3548401.0
SP,70718,SANTOS,1024,274188.0,0.043347436670050796,0.0063589578012168135,6.816751742204686,0.05332472610033991,0.43824947441326884,4.334743667005079,3548500.0
SP,70734,SÃO BENTO DO SAPUCAÍ,32,7473.0,0.031966745849911035,0.04496803925858963,0.7108770223688342,0.06583701324769169,0.3662182038969071,3.1966745849911034,3548609.0
SP,70750,SÃO BERNARDO DO CAMPO,1961,518576.0,-0.0026787875059298455,0.003707367789178501,-0.722557797947375,0.06059671099318133,0.5382506023031356,0.26787875059298455,3548708.0
SP,70777,SÃO CAETANO DO SUL,377,120393.0,-0.04235691705979427,0.01566576700634201,-2.7037882692016812,0.05767777196348625,0.39916673306102185,4.235691705979427,3548807.0
SP,70793,SÃO CARLOS,558,151889.0,-0.04318812621433158,0.012139055816900095,-3.5577829829404615,0.06715430347161414,0.48001758276460194,4.318812621433158,3548906.0
SP,70815,SÃO FRANCISCO,9,1955.0,0.17690462091922712,0.07956443928480003,2.223413154286163,0.043478260869565216,0.4446175366921698,17.69046209192271,3549003.0
SP,70831,SÃO JOÃO DA BOA VISTA,197,55677.0,0.0865850091230642,0.024193523763495983,3.5788506862198646,0.05774377211415845,0.3475748795338156,8.65850091230642,3549102.0
SP,70858,SÃO JOÃO DAS DUAS PONTES,8,1820.0,-0.1322595347974039,0.21667310985210764,-0.6104104698902367,0.045054945054945054,0.564359146651595,13.22595347974039,3549201.0
SP,70874,SÃO JOÃO DO PAU D'ALHO,8,1635.0,-0.11940815467950561,0.08143740971815266,-1.4662567865648746,0.028134556574923548,0.5364805866327241,11.94081546795056,3549300.0
SP,70890,SÃO JOAQUIM DA BARRA,102,29385.0,0.03550124915600145,0.021769547331749232,1.630775716876096,0.052475752935171004,0.4655849252277352,3.5501249156001453,3549409.0
SP,70912,SÃO JOSÉ DA BELA VISTA,22,5162.0,-0.06048055965494667,0.061243621482460826,-0.987540550198641,0.04862456412243316,0.5303493322126049,6.048055965494667,3549508.0
SP,70939,SÃO JOSÉ DO BARREIRO,12,2996.0,0.12645663123704665,0.10824657941222633,1.1682275035728613,0.048397863818424564,0.5766913298502213,12.645663123704665,3549607.0
SP,70955,SÃO JOSÉ DO RIO PARDO,118,31943.0,0.11283471864774862,0.025819895737359398,4.37006871737617,0.05710171242525749,0.36208155389504204,11.283471864774862,3549706.0
SP,70971,SÃO JOSÉ DO RIO PRETO,1015,273012.0,0.05033433517049701,0.008201463064868733,6.137238535659081,0.04879638990227536,0.32135529492796755,5.033433517049701,3549805.0
SP,70998,SÃO JOSÉ DOS CAMPOS,1534,450595.0,0.03685536289075076,0.005844469800373168,6.306023326255798,0.05100811149702061,0.3743123480729395,3.6855362890750762,3549904.0
SP,71013,SÃO LUÍS DO PARAITINGA,30,8060.0,0.10440890568194017,0.09123089336964009,1.1444468186769448,0.062034739454094295,0.47957200811161554,10.440890568194018,3550001.0
SP,71030,SÃO MANUEL,107,24146.0,0.05179751009991652,0.029251088121507486,1.7707891714917536,0.06448273005880892,0.38052394580080545,5.1797510099916515,3550100.0
SP,71056,SÃO MIGUEL ARCANJO,79,19895.0,0.10743554382809695,0.029180139477562587,3.6818036428752197,0.05951244031163609,0.38952559110204266,10.743554382809695,3550209.0
SP,71072,SÃO PAULO,26288,7372124.0,-0.01134558806420171,0.0010974871607059224,-10.337786600532105,0.06819188065746046,0.5352985112148169,1.134558806420171,3550308.0
SP,71099,SÃO PEDRO,82,20853.0,0.07945939128926377,0.04230703936503994,1.8781600528380238,0.048674051695199734,0.28449946223129385,7.945939128926377,3550407.0
SP,71110,SÃO PEDRO DO TURVO,15,4553.0,-0.25869981023378535,0.11564893756140393,-2.2369406558225267,0.03909510213046343,0.41924754571471884,25.869981023378536,3550506.0
SP,71137,SÃO ROQUE,179,48423.0,0.038708400056998035,0.02668812794516971,1.4503977250305367,0.06494847489829213,0.43717120745527194,3.8708400056998036,3550605.0
SP,71153,SÃO SEBASTIÃO,200,51092.0,-0.008639606351432735,0.016049513967235314,-0.5383095319316384,0.04765912471619823,0.49185008388224744,0.8639606351432735,3550704.0
SP,71170,SÃO SEBASTIÃO DA GRAMA,30,6749.0,-0.11110288159378215,0.06781121650663456,-1.6384145177945892,0.0601570603052304,0.39895814740534474,11.110288159378214,3550803.0
SP,71196,SÃO SIMÃO,34,9092.0,0.026600991996301004,0.03853682846641879,0.6902745517701661,0.060602727672679275,0.40425744827302973,2.6600991996301007,3550902.0
SP,71218,SÃO VICENTE,749,199431.0,0.030564148115373998,0.0088766610476948,3.4432032440070772,0.0530208443020393,0.4592093857355919,3.0564148115373997,3551009.0
SP,71234,SARAPUÍ,25,6036.0,0.055975714104780756,0.07825655093577602,0.7152847069725726,0.06792577866136515,0.4455873110288025,5.597571410478076,3551108.0
SP,71250,SARUTAIÁ,10,2446.0,-0.012145082298935898,0.1469987338918884,-0.08262031908293928,0.044971381847914965,0.5590671326968648,1.2145082298935899,3551207.0
SP,71277,SEBASTIANÓPOLIS DO SUL,9,2431.0,0.3286755426569537,0.11630695179162924,2.8259320495802807,0.052241875771287534,0.34287793924008364,32.86755426569537,3551306.0
SP,71293,SERRA AZUL,26,5986.0,-0.010328724020485553,0.032257171305019636,-0.32019931080808284,0.041597059806214504,0.527563213048579,1.0328724020485553,3551405.0
SP,71315,SERRANA,97,27231.0,0.03623463131463685,0.01599655068493252,2.2651527837665024,0.04891483970474827,0.4536034949290099,3.623463131463685,3551504.0
SP,71331,SERRA NEGRA,82,17701.0,0.05194031618768119,0.04486517421585504,1.1576978602108234,0.05491215185582735,0.32755080500092365,5.194031618768119,3551603.0
SP,71358,SERTÃOZINHO,306,76225.0,0.021777125147055102,0.010244538587330614,2.1257302084826737,0.060190226303706136,0.4327714499649369,2.1777125147055103,3551702.0
SP,71374,SETE BARRAS,37,7812.0,0.01686466650149608,0.04601740844633205,0.3664844907805826,0.04953917050691244,0.4019626366331514,1.6864666501496082,3551801.0
SP,71390,SEVERÍNIA,38,9789.0,-0.05238321311243859,0.051509420906348455,-1.0169637357732835,0.049851874553069775,0.41378983051932294,5.238321311243859,3551900.0
SP,71412,SILVEIRAS,17,4289.0,0.05992557940858099,0.09316649311845779,0.643209563897482,0.054791326649568664,0.4653775252318615,5.992557940858099,3552007.0
SP,71439,SOCORRO,93,24689.0,-0.026677750039203137,0.04883043959706685,-0.5463344229406777,0.05743448499331686,0.25689213673083444,2.6677750039203136,3552106.0
SP,71455,SOROCABA,1600,423764.0,0.08460955272091668,0.007540162808689372,11.221183795051697,0.06455243956541849,0.3896494367275704,8.460955272091669,3552205.0
SP,71471,SUD MENNUCCI,19,4908.0,-0.028975205119160373,0.15097333964610027,-0.1919226612266891,0.04502852485737571,0.503931178327564,2.897520511916037,3552304.0
SP,71498,SUMARÉ,563,157731.0,0.037316193502785804,0.008072694008862742,4.6225204946226865,0.051074297379716097,0.4271315334053481,3.73161935027858,3552403.0
SP,71510,SUZANO,690,183080.0,0.023439571437338123,0.010145178136460029,2.3104149697579315,0.06683963294734542,0.4681398283703823,2.3439571437338125,3552502.0
SP,71536,TABAPUÃ,27,7444.0,-0.10772373390190279,0.08651352075742705,-1.2451664544314003,0.057898979043524985,0.3255130655183782,10.772373390190278,3552601.0
SP,71552,TABATINGA,41,9010.0,0.030280807805140406,0.03143655429051939,0.9632355863591725,0.055382907880133184,0.4243966725148415,3.0280807805140406,3552700.0
SP,71579,TABOÃO DA SERRA,590,179813.0,0.00038828501633154927,0.007857579062582463,0.04941534959292359,0.05739851957311207,0.584313007543645,0.038828501633154926,3552809.0
SP,71595,TACIBA,19,4226.0,0.020346381981179194,0.05201723718090232,0.3911469175192794,0.026739233317557974,0.5115811291923876,2.0346381981179196,3552908.0
SP,71617,TAGUAÍ,28,7352.0,0.026864811900793772,0.10625086122483654,0.2528432390203913,0.041349292709466814,0.4109195185848747,2.6864811900793772,3553005.0
SP,71633,TAIAÇU,15,3690.0,-0.09909913992206208,0.11336626340146996,-0.8741501832085357,0.046612466124661245,0.47163717912880204,9.909913992206208,3553104.0
SP,71650,TAIÚVA,15,3616.0,0.029966425164127924,0.13112467679923406,0.2285338343293668,0.04618362831858407,0.33461186405978965,2.9966425164127926,3553203.0
SP,71676,TAMBAÚ,50,12791.0,-0.06344235019540806,0.04594420199079417,-1.3808565052042907,0.05707137831287624,0.42823437355054905,6.344235019540806,3553302.0
SP,71692,TANABI,63,16192.0,0.09707170777964409,0.031138761097930134,3.1173914554390114,0.041810770750988144,0.3389906304748668,9.707170777964409,3553401.0
SP,71714,TAPIRAÍ,20,4724.0,0.18838426001496855,0.10896950740898974,1.728779587007909,0.06075359864521592,0.4041348571337282,18.838426001496856,3553500.0
SP,71730,TAPIRATIBA,29,8022.0,0.08439340541129502,0.050230614400902304,1.6801189158812886,0.05646970830216903,0.48469824121563626,8.439340541129502,3553609.0
SP,71757,TAQUARITINGA,124,30696.0,0.07403618268754049,0.019469981973764632,3.8025809570498112,0.05557727391191035,0.39627343026542217,7.403618268754049,3553708.0
SP,71773,TAQUARITUBA,64,14164.0,-0.016933528586478435,0.025506831879758194,-0.6638820793701395,0.06015249929398475,0.45218809969555823,1.6933528586478435,3553807.0
SP,71790,TARABAI,17,4331.0,0.007840546346187999,0.1125293629653817,0.06967555969014104,0.04756407296236435,0.5389203983790011,0.7840546346187999,3553906.0
SP,71811,TATUÍ,242,70246.0,0.12350897164560913,0.027130593716874204,4.552387350402554,0.07337072573527319,0.32938406235013995,12.350897164560912,3554003.0
SP,71838,TAUBATÉ,714,188214.0,0.05359188259766866,0.014406640723005102,3.7199430198943597,0.056956443197636736,0.33767137247901347,5.359188259766865,3554102.0
SP,71854,TEJUPÁ,14,2821.0,-0.07203944353497106,0.04151559160957395,-1.7352382741513908,0.03580290677064871,0.5463405053368341,7.203944353497106,3554201.0
SP,71870,TEODORO SAMPAIO,55,13490.0,0.007852459728656403,0.0259936705594051,0.30209122296563096,0.0396590066716086,0.5355122595004362,0.7852459728656404,3554300.0
SP,71897,TERRA ROXA,22,5121.0,0.13842797795201908,0.04814846597085545,2.875023641164608,0.054286272212458506,0.41470244872207745,13.842797795201909,3554409.0
SP,71919,TIETÊ,97,23847.0,0.090295451745916,0.0254261824443903,3.5512783699795087,0.056694762443913284,0.2998488427710817,9.029545174591599,3554508.0
SP,71935,TIMBURI,8,1833.0,0.2234749297649583,0.325381595453912,0.6868087589687044,0.06328423349699945,0.46375227790344875,22.34749297649583,3554607.0
SP,71951,TORRINHA,21,5712.0,0.12861100090969793,0.06683407952691137,1.9243326431676449,0.05024509803921569,0.28555700857091815,12.861100090969794,3554706.0
SP,71978,TREMEMBÉ,97,23853.0,0.018350877918644884,0.028838974715498733,0.636322133490505,0.05525510417976774,0.3514427752191178,1.8350877918644883,3554805.0
SP,71994,TRÊS FRONTEIRAS,16,3890.0,0.07621326732628497,0.12195758062511187,0.6249161957431628,0.04961439588688946,0.3995561304288768,7.621326732628497,3554904.0
SP,72010,TUPÃ,152,38015.0,0.06732360656179404,0.023413560697967708,2.8754108540029844,0.04479810601078522,0.2950848264574887,6.732360656179404,3555000.0
SP,72036,TUPI PAULISTA,41,8845.0,0.030226669478531813,0.06408786997889186,0.471644158067468,0.041266252119841716,0.34356644204891,3.0226669478531814,3555109.0
SP,72052,TURIÚBA,6,1322.0,,,,0.03328290468986384,0.34192748187634536,,3555208.0
SP,72079,TURMALINA,7,1446.0,,,,0.059474412171507604,0.540700977180466,,3555307.0
SP,72095,UBATUBA,231,56524.0,0.02306287027664828,0.020660628995034146,1.1162714495377426,0.04943033047908853,0.3678754140768268,2.306287027664828,3555406.0
SP,72117,UBIRAJARA,12,3221.0,0.04384489800406369,0.11860422677087983,0.3696739922158378,0.03477180999689537,0.4310519141471782,4.384489800406369,3555505.0
SP,72133,UCHOA,25,6468.0,0.13471699152620012,0.06839887845577021,1.9695789546215174,0.05473098330241188,0.3869996118824737,13.471699152620012,3555604.0
SP,72150,UNIÃO PAULISTA,6,1227.0,,,,0.03667481662591687,0.42560953566326915,,3555703.0
SP,72176,URÂNIA,27,5586.0,0.027866537954761638,0.060473117066251275,0.4608086916411548,0.05764411027568922,0.36920182056308043,2.786653795476164,3555802.0
SP,72192,URU,5,1174.0,,,,0.041737649063032366,0.3452941734746486,,3555901.0
SP,72214,URUPÊS,33,8632.0,0.013592446711070766,0.0759580604786181,0.17894673225492622,0.04911955514365153,0.29399932254338473,1.3592446711070765,3556008.0
SP,72230,VALENTIM GENTIL,28,8176.0,0.06609153004463728,0.06627723781762808,0.9971980158029246,0.04818982387475538,0.363328155114711,6.609153004463727,3556107.0
SP,72257,VALINHOS,271,76625.0,0.01854234004710387,0.019424778524931983,0.9545715037782546,0.056535073409461664,0.3555254492641483,1.8542340047103871,3556206.0
SP,72273,VALPARAÍSO,44,12736.0,0.011762374294773885,0.026774406376269395,0.4393141020373499,0.038316582914572864,0.3950435538653273,1.1762374294773885,3556305.0
SP,72311,VARGEM GRANDE DO SUL,92,24771.0,0.12836772843112063,0.02531984498946739,5.069846536758789,0.06475313875095878,0.3429839997285317,12.836772843112062,3556404.0
SP,72338,VÁRZEA PAULISTA,249,68117.0,0.036122573302877076,0.016549473573572702,2.1827022558929006,0.06226052233656797,0.41298353282209194,3.6122573302877075,3556503.0
SP,72354,VERA CRUZ,25,6458.0,0.27024880731685436,0.11280007560473686,2.39582115409066,0.05899659337256116,0.37848390014198097,27.024880731685435,3556602.0
SP,72370,VINHEDO,169,51374.0,0.02043430672748088,0.02132596403624856,0.958189120676932,0.05276988359870752,0.3291557538015269,2.043430672748088,3556701.0
SP,72397,VIRADOURO,45,10918.0,0.08800225579381923,0.05070114725368598,1.735705414189054,0.04597911705440557,0.3446654840368555,8.800225579381923,3556800.0
SP,72419,VISTA ALEGRE DO ALTO,19,4863.0,-0.00854129172914918,0.03446069496751428,-0.24785604983303333,0.04256631708821715,0.4035014373330083,0.854129172914918,3556909.0
SP,72435,VOTORANTIM,274,73727.0,0.03903033665263336,0.01772723728343124,2.2017157004556522,0.06050700557461988,0.3923808204181921,3.903033665263336,3557006.0
SP,72451,VOTUPORANGA,236,56520.0,0.025973783226739083,0.01971069014326079,1.317751080147728,0.05235314932767162,0.3177043424333447,2.5973783226739084,3557105.0
SP,72737,VARGEM GRANDE PAULISTA,126,32794.0,0.00975750223446312,0.026635955960527643,0.36632821622482625,0.05891321583216442,0.460250215725058,0.975750223446312,3556453.0
TO,73008,ABREULÂNDIA,8,1815.0,0.12579706803652813,0.0915579415154201,1.373961296577878,0.018732782369146005,0.5797381064581915,12.579706803652812,1700251.0
TO,73016,PIRAQUÊ,9,1661.0,0.0764223766244502,0.07359550393396785,1.0384109427801282,0.020469596628537028,0.5988693409421298,7.64223766244502,1717206.0
TO,73024,RIACHINHO,16,2760.0,0.005359446561426646,0.03822506213338964,0.14020766121254158,0.02753623188405797,0.6237423741057306,0.5359446561426646,1718550.0
TO,73032,DARCINÓPOLIS,15,3182.0,0.025290242582554422,0.037737766059936645,0.6701573840483148,0.028912633563796353,0.6344702806108256,2.529024258255442,1706506.0
TO,73040,PALMEIRAS DO TOCANTINS,15,3156.0,0.01271709650990515,0.052263746445358465,0.24332539044442256,0.025348542458808618,0.6242177242255513,1.271709650990515,1713809.0
TO,73059,MAURILÂNDIA DO TOCANTINS,11,2512.0,-0.05389730006293908,0.04926100495300156,-1.0941169412674563,0.03105095541401274,0.7516067462360726,5.389730006293908,1712801.0
TO,73067,CACHOEIRINHA,7,1347.0,,,,0.028210838901262063,0.6486979466226307,,1703826.0
TO,73075,ANGICO,10,1967.0,0.00530958352097325,0.043645289591438347,0.12165307117162082,0.029486527707168277,0.5888085436157221,0.530958352097325,1701051.0
TO,73083,PALMEIRANTE,17,2925.0,0.12764817855058821,0.046785189779037784,2.728388602321782,0.02666666666666667,0.6685085839697146,12.764817855058821,1715705.0
TO,73091,CAMPOS LINDOS,25,4898.0,0.09720223887505226,0.03153084209537194,3.0827669803756836,0.03225806451612903,0.6338743250163852,9.720223887505226,1703842.0
TO,73105,SÃO FÉLIX DO TOCANTINS,7,1132.0,,,,0.027385159010600707,0.742676515183396,,1720150.0
TO,73113,LAGOA DO TOCANTINS,14,2368.0,0.09319414297411774,0.05090665389941696,1.8306868716662028,0.03462837837837838,0.6729652355233224,9.319414297411774,1711951.0
TO,73121,BOM JESUS DO TOCANTINS,14,2604.0,0.012068051533021634,0.03608579123607254,0.33442668484314714,0.028417818740399385,0.550642935666251,1.2068051533021633,1703305.0
TO,73130,SANTA MARIA DO TOCANTINS,11,1920.0,-0.11971297254416387,0.09086693977871345,-1.317453551706469,0.024479166666666666,0.5522853585395874,11.971297254416386,1718881.0
TO,73148,NOVO ALEGRE,7,1504.0,,,,0.02526595744680851,0.6390718032987864,,1715150.0
TO,73156,SANDOLÂNDIA,15,2590.0,-0.07621934266409378,0.04508159181227801,-1.6906976794758026,0.01776061776061776,0.48020277020839347,7.621934266409378,1718840.0
TO,73164,TAIPAS DO TOCANTINS,7,1343.0,,,,0.03201787043931496,0.7571178135553442,,1720937.0
TO,73172,NOVO JARDIM,9,1656.0,0.029300394507265827,0.12800683038801294,0.228897117587013,0.04710144927536232,0.7054264651991982,2.9300394507265826,1715259.0
TO,73180,SÃO MIGUEL DO TOCANTINS,27,6492.0,-0.05375227323415027,0.0478417342758669,-1.1235435764974946,0.029420825631546518,0.6462641528477227,5.375227323415027,1720200.0
TO,73199,TABOCÃO,9,2404.0,-0.13185873697024306,0.1068268470617013,-1.2343220884735442,0.033277870216306155,0.5411272276237724,13.185873697024306,1708254.0
TO,73202,ITAPIRATINS,11,2569.0,-0.02437361058109405,0.09206196975832955,-0.26475221684998523,0.027637212923316466,0.643686905299652,2.437361058109405,1710904.0
TO,73210,CENTENÁRIO,8,1429.0,0.0745607666344693,0.10923945835991664,0.6825442724991391,0.02939118264520644,0.6908305102707885,7.45607666344693,1704105.0
TO,73229,RECURSOLÂNDIA,11,2227.0,0.030099346564995796,0.0669548858472615,0.44954667884370497,0.02828917826672654,0.7288045042690243,3.0099346564995795,1718501.0
TO,73237,TUPIRATINS,6,1355.0,,,,0.03025830258302583,0.6782599429208526,,1721307.0
TO,73245,BRASILÂNDIA DO TOCANTINS,8,1430.0,0.1409399490828275,0.2616812800470822,0.5385939302095638,0.024475524475524476,0.568505737213393,14.09399490828275,1703602.0
TO,73253,JUARINA,10,1606.0,-0.006314302533327805,0.11831710387663306,-0.0533676224860237,0.0161892901618929,0.5550551781604853,0.6314302533327805,1711803.0
TO,73261,PAU D'ARCO,13,2551.0,-0.09233981250293813,0.04589133025891049,-2.0121406806465143,0.022736181889455115,0.5238548702419702,9.233981250293812,1716307.0
TO,73270,MATEIROS,8,1554.0,0.05781868800278114,0.04438229044061722,1.3027423197128956,0.032175032175032175,0.6831762278277426,5.781868800278114,1712702.0
TO,73288,SÃO BENTO DO TOCANTINS,15,3372.0,0.05007816902418156,0.05311816845323451,0.9427691217981399,0.02372479240806643,0.7039399388382852,5.007816902418156,1720101.0
TO,73296,ESPERANTINA,21,4598.0,0.04566178092426492,0.05202824825681321,0.8776344092708409,0.028055676381035233,0.7188896961154237,4.566178092426492,1707405.0
TO,73300,CARIRI DO TOCANTINS,12,2763.0,0.12533384505736006,0.04478664097575197,2.7984649513058444,0.023525153818313427,0.5042985516933058,12.533384505736006,1703867.0
TO,73318,ARAGUANÃ,14,2732.0,0.08207859443184959,0.02806842502901964,2.9242322769086413,0.023060029282576867,0.5030115703824818,8.207859443184958,1702158.0
TO,73326,CARMOLÂNDIA,8,1832.0,0.16344348749673232,0.13965753462151664,1.1703162879086872,0.02237991266375546,0.6131753184725307,16.34434874967323,1703883.0
TO,73334,ARAGOMINAS,19,3457.0,0.0645746457906289,0.045490461763079,1.4195205607483856,0.017356089094590684,0.6241936710574806,6.45746457906289,1701309.0
TO,73342,MURICILÂNDIA,10,2091.0,0.04785753700954254,0.0567544763123857,0.8432381041827787,0.021042563366810138,0.6327270204358837,4.785753700954254,1713957.0
TO,73350,SANTA FÉ DO ARAGUAIA,19,4042.0,-0.035227599328792734,0.016232404299992467,-2.1702021880276283,0.02201880257298367,0.572209764342464,3.5227599328792736,1718865.0
TO,73369,JAÚ DO TOCANTINS,9,2163.0,-0.03292950555473901,0.0741336837594169,-0.4441908709353204,0.024040684234858993,0.5413063391110763,3.292950555473901,1711506.0
TO,73377,SUCUPIRA,5,1310.0,,,,0.028244274809160305,0.5192467089681988,,1720853.0
TO,73385,LAGOA DA CONFUSÃO,27,6679.0,-0.010056504103550233,0.007868716626766364,-1.2780361246384009,0.015571193292409044,0.4965252711132369,1.0056504103550234,1711902.0
TO,73393,SÃO SALVADOR DO TOCANTINS,11,1661.0,0.03685990809830638,0.07215470530415644,0.5108455220339329,0.03431667670078266,0.6983729705176974,3.685990809830638,1720259.0
TO,73407,LAJEADO,14,2468.0,-0.011924413796475216,0.028474589564097992,-0.41877386044960024,0.018233387358184763,0.5190737525548724,1.1924413796475215,1712009.0
TO,73415,RIO DOS BOIS,9,1944.0,0.12579408600403538,0.05191892549752328,2.4228946342511697,0.02417695473251029,0.6319234755553861,12.579408600403537,1718709.0
TO,73423,CARRASCO BONITO,12,2239.0,0.12566743445545026,0.059311349231645015,2.1187755140191884,0.021438142027690933,0.6740447457793786,12.566743445545026,1703891.0
TO,73431,RIO DA CONCEIÇÃO,8,1461.0,-0.145222578691807,0.1383522871526515,-1.0496579542019073,0.025325119780971937,0.677592278652059,14.522257869180699,1718659.0
TO,73440,PALMAS,609,163388.0,-0.01032359185775358,0.006329018656902769,-1.6311520659674648,0.02883932724557495,0.39674097684527554,1.032359185775358,1721000.0
TO,73458,TUPIRAMA,8,1443.0,0.04799043879480842,0.06124146819455335,0.7836265231648473,0.04158004158004158,0.5894827628786891,4.799043879480842,1721257.0
TO,73466,OLIVEIRA DE FÁTIMA,5,1175.0,,,,0.020425531914893616,0.5663906726678682,,1715507.0
TO,73474,CHAPADA DE AREIA,7,1698.0,,,,0.021790341578327443,0.48883935247865534,,1704600.0
TO,73482,CHAPADA DA NATIVIDADE,12,2107.0,0.13298368636775834,0.04438519868119067,2.996126869296036,0.022781205505457997,0.7628480796868979,13.298368636775834,1705102.0
TO,73504,TALISMÃ,11,1900.0,0.037213709867750466,0.051854829728434984,0.7176517609379797,0.024210526315789474,0.5298038687288851,3.721370986775047,1720978.0
TO,73512,AGUIARNÓPOLIS,14,2989.0,-0.0674526457442574,0.08731761756478984,-0.7724975511867053,0.03011040481766477,0.641483127641532,6.74526457442574,1700301.0
TO,73520,LUZINÓPOLIS,9,1924.0,0.11903615537597853,0.1740780911636906,0.6838089421835711,0.02754677754677755,0.6366754496265586,11.903615537597853,1712454.0
TO,73539,SANTA TEREZINHA DO TOCANTINS,8,1639.0,0.0957790037527162,0.10046332543853477,0.9533728187338919,0.03721781574130567,0.6465414894676064,9.57790037527162,1720002.0
TO,73547,SANTA RITA DO TOCANTINS,7,1552.0,,,,0.02384020618556701,0.5112170066821858,,1718899.0
TO,73555,CRIXÁS DO TOCANTINS,7,1288.0,,,,0.013198757763975156,0.52720554422206,,1706258.0
TO,73563,MONTE SANTO DO TOCANTINS,8,1891.0,0.10625377378663463,0.08920756390849056,1.1910848041499051,0.01850872554204125,0.43166923827669335,10.625377378663464,1713700.0
TO,73571,PUGMIL,7,1622.0,,,,0.031442663378545004,0.46910483437709033,,1718451.0
TO,73580,BANDEIRANTES DO TOCANTINS,11,2131.0,-0.009739900253173476,0.04562620229911025,-0.21347164046926195,0.02111684655091506,0.4721659894166164,0.9739900253173476,1703057.0
TO,73598,IPUEIRAS,7,1324.0,,,,0.015861027190332326,0.729742395606823,,1709807.0
TO,73601,LAVANDEIRA,6,1329.0,,,,0.02784048156508653,0.6447494011682907,,1712157.0
TO,73610,BARRA DO OURO,14,2743.0,0.06619343475244685,0.046625314033659736,1.4196887704533314,0.02989427633977397,0.6428701470861525,6.619343475244685,1703073.0
TO,92002,BERNARDO SAYÃO,15,2698.0,0.031305526212393145,0.07016477721632995,0.44617153298830947,0.025945144551519646,0.46699144173885687,3.1305526212393144,1703206.0
TO,92045,BURITI DO TOCANTINS,22,5125.0,-0.022909497817591135,0.04721309862719035,-0.4852360570207819,0.028682926829268294,0.6021765372831104,2.2909497817591133,1703800.0
TO,92070,ALMAS,22,3938.0,0.12086721167434832,0.06683962614897065,1.8083166923310163,0.03961401726764855,0.6703219717710108,12.086721167434831,1700400.0
TO,92088,CASEARA,13,2954.0,-0.01406947840875886,0.08047185793797253,-0.17483725080143636,0.01929587000677048,0.6064731709152182,1.406947840875886,1703909.0
TO,92134,ALVORADA,29,5543.0,0.0050502051144325,0.03039096364835512,0.16617456336254866,0.025257081003066933,0.4512509547210756,0.50502051144325,1700707.0
TO,92142,COMBINADO,12,2953.0,0.07891636723250622,0.07912073538722085,0.9974170089077858,0.028445648493057907,0.5160061178153726,7.891636723250622,1705557.0
TO,92185,DIVINÓPOLIS DO TOCANTINS,20,4271.0,-0.0842499311923181,0.062153317981162554,-1.3555178376454915,0.02903301334582065,0.6070571020496854,8.42499311923181,1707108.0
TO,92193,ANANÁS,30,5548.0,0.005649791101666344,0.03318931807517701,0.17022920112034304,0.032263878875270366,0.6005158926846554,0.5649791101666344,1701002.0
TO,92240,GOIANORTE,16,3430.0,0.008370452913778085,0.02918814355074409,0.28677578960189465,0.027113702623906704,0.5239306762047587,0.8370452913778085,1708304.0
TO,92304,MARIANÓPOLIS DO TOCANTINS,13,2697.0,0.010836986793660375,0.024105768316246848,0.4495598999993891,0.027437893956247683,0.5392489442443986,1.0836986793660375,1712504.0
TO,92371,ARAGUACEMA,19,3587.0,0.03624426703854898,0.030179352783980748,1.200962369802294,0.02732088095901868,0.6108124248099567,3.624426703854898,1701903.0
TO,92398,ARAGUAÇU,24,4994.0,0.059293144375877294,0.053074524919375254,1.117167689507323,0.021425710853023628,0.2960221407058731,5.929314437587729,1702000.0
TO,92401,NOVA ROSALÂNDIA,9,2173.0,0.048645264672023306,0.1657413926786783,0.2935010010826417,0.021629084215370454,0.4478062528698571,4.864526467202331,1715002.0
TO,92410,ARAGUAÍNA,366,92995.0,0.012868468468642704,0.006498660317453075,1.9801725032592647,0.032259798913920106,0.4178281554595718,1.2868468468642704,1702109.0
TO,92436,ARAGUATINS,76,16489.0,-0.015193174855417265,0.01731113558626136,-0.8776532758183135,0.029474194917824003,0.5911456811296933,1.5193174855417264,1702208.0
TO,92452,ARAPOEMA,19,3571.0,0.07232033434949793,0.049117586048646224,1.4723918695408122,0.03164379725567068,0.565652526294192,7.232033434949793,1702307.0
TO,92479,ARRAIAS,30,5885.0,0.013461261847158785,0.05995790319640979,0.22451188466451957,0.031096006796941376,0.7438069436472106,1.3461261847158785,1702406.0
TO,92487,PEQUIZEIRO,15,3338.0,0.004465283659246345,0.037165178312696626,0.12014697256869836,0.02696225284601558,0.5699109775570481,0.44652836592463446,1716653.0
TO,92509,PORTO ALEGRE DO TOCANTINS,11,1710.0,0.026645600538139944,0.17867752191818584,0.1491267634120235,0.04502923976608187,0.70425242919738,2.6645600538139944,1718006.0
TO,92525,PRAIA NORTE,21,4199.0,0.04440551875619294,0.03235665737661273,1.372376578932071,0.029530840676351512,0.6859365680627098,4.440551875619294,1718303.0
TO,92533,AURORA DO TOCANTINS,11,2302.0,0.0008069217939511422,0.1358472753273055,0.0059399188685012195,0.03909643788010426,0.6505433870572344,0.08069217939511422,1702703.0
TO,92541,SAMPAIO,10,2710.0,0.30259135282615196,0.09672658023715897,3.128316457423013,0.03284132841328413,0.6995635437099494,30.259135282615198,1718808.0
TO,92576,AXIXÁ DO TOCANTINS,34,6987.0,-0.06442836351900443,0.031219644829456057,-2.0637122514031807,0.034349506225848,0.5976833260478842,6.442836351900443,1702901.0
TO,92584,SANTA ROSA DO TOCANTINS,16,3147.0,0.0946345900017524,0.05767403266273742,1.640852661632846,0.02319669526533206,0.6996550211525158,9.46345900017524,1718907.0
TO,92592,BABAÇULÂNDIA,27,5173.0,0.03901645766457876,0.026577337199901283,1.4680348663644032,0.032669630775178815,0.6804491022000897,3.9016457664578756,1703008.0
TO,92606,SANTA TEREZA DO TOCANTINS,13,2352.0,0.04405571287947214,0.03351723926373098,1.3144195001509222,0.030612244897959183,0.5139714887508422,4.405571287947214,1719004.0
TO,92681,SÃO VALÉRIO,14,2826.0,0.06535867463227525,0.03448149905790349,1.895470800805988,0.021939136588818117,0.7285941696445107,6.535867463227525,1720499.0
TO,92738,BREJINHO DE NAZARÉ,16,3116.0,-0.02345570646418215,0.029850456008510867,-0.785773807190568,0.03305519897304236,0.5579717342100857,2.345570646418215,1703701.0
TO,93114,COLINAS DO TOCANTINS,81,18299.0,-0.005606141456353538,0.011349155849230585,-0.49396990673395375,0.02448221214274004,0.41952160848313286,0.5606141456353537,1705508.0
TO,93130,CONCEIÇÃO DO TOCANTINS,15,2357.0,0.06799771442021982,0.060075793077199346,1.131865447582865,0.034789987271955876,0.7580885167700296,6.7997714420219815,1705607.0
TO,93211,COUTO MAGALHÃES,17,3366.0,-0.047843098586700765,0.03918476987245441,-1.220961581308989,0.02287581699346405,0.6243545700554833,4.784309858670077,1706001.0
TO,93238,CRISTALÂNDIA,20,4181.0,0.04115194708264544,0.036202970535032,1.1367008417948614,0.024635254723750298,0.542875511293845,4.115194708264544,1706100.0
TO,93416,DIANÓPOLIS,50,9913.0,-0.007115872272432892,0.02366861704567782,-0.3006458830568784,0.03450015131645314,0.6414750641679877,0.7115872272432892,1707009.0
TO,93459,DOIS IRMÃOS DO TOCANTINS,18,3786.0,0.10524529974831008,0.04175167158931946,2.520744577211922,0.02641310089804543,0.6565073276071959,10.524529974831008,1707207.0
TO,93475,DUERÉ,16,2645.0,0.023260487493711512,0.04713620260843605,0.4934739373669559,0.02608695652173913,0.6107798226679925,2.326048749371151,1707306.0
TO,93556,FILADÉLFIA,28,4758.0,0.004392751486544413,0.04083088937761649,0.10758402654223155,0.02459016393442623,0.6268192040908005,0.4392751486544413,1707702.0
TO,93653,FORMOSO DO ARAGUAIA,58,10666.0,0.013793124037225761,0.010224820742510523,1.3489844354805878,0.020720045002812677,0.4500370963246708,1.3793124037225761,1708205.0
TO,93858,GURUPI,201,46496.0,0.0046928837462222395,0.007626267776555449,0.6153578504873679,0.032088781830695114,0.40745232624287603,0.46928837462222395,1709500.0
TO,94056,ITACAJÁ,21,4287.0,-0.007238854832966072,0.021915827072243068,-0.33030260775028014,0.030090972708187544,0.638342376304796,0.7238854832966072,1710508.0
TO,94099,ITAGUATINS,16,3417.0,0.01342383030319033,0.02988416568274896,0.44919541825922277,0.02575358501609599,0.6756314888413245,1.342383030319033,1710706.0
TO,94170,ITAPORÃ DO TOCANTINS,10,1822.0,0.012783777036822036,0.051141776554057154,0.24996740235078674,0.014818880351262349,0.5454440882975998,1.2783777036822037,1711100.0
TO,94617,MIRACEMA DO TOCANTINS,55,11020.0,-0.012260613539579912,0.023764024610762238,-0.5159316967727483,0.03294010889292196,0.6062690314634216,1.2260613539579912,1713205.0
TO,94633,MIRANORTE,38,7769.0,-0.05622466742840421,0.05886378782443867,-0.9551656375918987,0.030119706525936416,0.5017141584945409,5.6224667428404205,1713304.0
TO,94692,MONTE DO CARMO,19,3566.0,0.014095767204645952,0.037843303625939746,0.37247718497240256,0.02411665731912507,0.630255654174137,1.4095767204645953,1713601.0
TO,94811,NATIVIDADE,29,4947.0,0.012680723761412157,0.0184208284895736,0.6883905231835578,0.031129977764301597,0.6110704564045163,1.2680723761412156,1714203.0
TO,94838,NAZARÉ,15,3166.0,-0.010087786283668953,0.057945363909825603,-0.17409134403517657,0.02874289324068225,0.7310310192968679,1.0087786283668954,1714302.0
TO,94994,NOVO ACORDO,16,2927.0,-0.065407778305855,0.04526413007067381,-1.4450245305439342,0.026990092244619065,0.570770114080979,6.540777830585499,1715101.0
TO,95192,PARAÍSO DO TOCANTINS,124,26796.0,0.02869084840643982,0.012165779838359042,2.3583238220353766,0.02761606209882072,0.3206313747650281,2.869084840643982,1716109.0
TO,95214,PARANÃ,28,5776.0,0.09398780113570554,0.05040617141039104,1.8646090053237074,0.033067867036011084,0.7968371798587158,9.398780113570554,1716208.0
TO,95257,PEDRO AFONSO,44,7771.0,-0.010173406358081796,0.01873845420878947,-0.5429159868112201,0.02650881482434693,0.5065570572656122,1.0173406358081796,1716505.0
TO,95273,PEIXE,29,5361.0,0.014742444888169446,0.036907645834575516,0.3994414857627834,0.026674127961201267,0.6619927119234479,1.4742444888169446,1716604.0
TO,95290,COLMÉIA,29,5030.0,0.007931671832834573,0.034362774788603064,0.23082163421404586,0.03180914512922465,0.38567422574118,0.7931671832834574,1716703.0
TO,95338,GOIATINS,32,6352.0,-0.008108226889857467,0.026056310049006746,-0.31118093370118416,0.03857052896725441,0.7190409907139255,0.8108226889857467,1709005.0
TO,95370,PINDORAMA DO TOCANTINS,15,2789.0,-0.04259323981149632,0.06845568070762974,-0.6222016839392714,0.029401219074937254,0.6030295117900495,4.259323981149632,1717008.0
TO,95478,PIUM,20,4345.0,0.010922109936642816,0.017884844093451847,0.6106908105864738,0.02186421173762946,0.492685516615354,1.0922109936642816,1717503.0
TO,95516,PONTE ALTA DO BOM JESUS,13,2627.0,0.038762443799784274,0.04105532202524158,0.9441514982138589,0.032736962314427104,0.6976273610045481,3.876244379978427,1717800.0
TO,95532,PONTE ALTA DO TOCANTINS,23,4105.0,0.026489917282783795,0.028699878856804376,0.9229975295349853,0.02387332521315469,0.522092800909203,2.6489917282783795,1717909.0
TO,95591,PORTO NACIONAL,150,35077.0,0.012045083514147188,0.009099872935922125,1.3236540332995994,0.029192918436582376,0.5258339559434593,1.2045083514147188,1718204.0
TO,95699,LIZARDA,15,1977.0,0.1249018169127151,0.1317783322689661,0.9478175566661772,0.03136064744562468,0.752617204305663,12.49018169127151,1712405.0
TO,96032,SÃO SEBASTIÃO DO TOCANTINS,12,2487.0,0.0699769684800139,0.04734657002314392,1.4779733451822974,0.018496180136710897,0.7245711107146122,6.99769684800139,1720309.0
TO,96130,SÍTIO NOVO DO TOCANTINS,29,6173.0,-0.06294737809952541,0.021166887715716363,-2.9738608219094553,0.02251741454722177,0.6852234619700007,6.294737809952541,1720804.0
TO,96156,TAGUATINGA,39,8080.0,-0.0027873095541164302,0.037700691403338996,-0.07393258453264254,0.03551980198019802,0.6447989473407563,0.278730955411643,1720903.0
TO,96199,TOCANTÍNIA,19,4028.0,-0.04489748028728099,0.013540601072536757,-3.315767154409615,0.018371400198609732,0.7184316316280385,4.489748028728099,1721109.0
TO,96210,TOCANTINÓPOLIS,61,12941.0,-0.027689152104904715,0.012383215575242515,-2.2360227791126417,0.029286763001313654,0.6738197929394552,2.7689152104904715,1721208.0
TO,96270,GUARAÍ,61,13549.0,-0.000366844369460454,0.01840947791569464,-0.019926929549029092,0.027677319359362313,0.45923485928819296,0.0366844369460454,1709302.0
TO,96296,PRESIDENTE KENNEDY,12,2136.0,0.02297755472380733,0.05012906986731076,0.4583678648861392,0.03604868913857678,0.5504077685318662,2.297755472380733,1718402.0
TO,96431,XAMBIOÁ,34,6637.0,0.002161125589075892,0.030525553939725666,0.07079726033287224,0.028175380442971222,0.4959794797528709,0.2161125589075892,1722107.0
TO,96490,PALMEIRÓPOLIS,21,4455.0,-0.02358984804303563,0.07536603352897778,-0.31300370921027015,0.023120089786756455,0.4498741726637419,2.3589848043035633,1715754.0
TO,96598,SILVANÓPOLIS,16,3530.0,0.020708565317396198,0.05612232139415079,0.36898982085859505,0.030878186968838525,0.5990560950269231,2.07085653173962,1720655.0
TO,96636,NOVA OLINDA,28,6395.0,0.0015626955878804201,0.022485035423282552,0.06949936072870481,0.03236903831118061,0.5423547340352657,0.15626955878804202,1714880.0
TO,96652,WANDERLÂNDIA,29,5367.0,-0.028250642368873504,0.06369381813654483,-0.44353821446707203,0.03409726103968697,0.6035246225743022,2.8250642368873504,1722081.0
TO,96679,FIGUEIRÓPOLIS,17,3539.0,0.015271246318632133,0.04187711994718315,0.3646680177121242,0.02769143825939531,0.48884626647621904,1.5271246318632132,1707652.0
TO,96792,RIO SONO,19,3246.0,0.0403983778631186,0.02664643275838829,1.5160895354895563,0.022489217498459644,0.5764303530462317,4.0398377863118595,1718758.0
TO,96830,FÁTIMA,11,2524.0,-0.1145636532744328,0.04997430221443634,-2.2924512839188416,0.020206022187004756,0.4790599805675515,11.45636532744328,1707553.0
TO,96857,AUGUSTINÓPOLIS,39,9949.0,-0.0041578243496199945,0.02389823901104236,-0.17398036515154278,0.027238918484269774,0.5993781187762202,0.41578243496199946,1702554.0
TO,96954,ALIANÇA DO TOCANTINS,18,3237.0,0.09391933986505317,0.051999702091399314,1.8061514987138227,0.03274637009576769,0.5385396429796793,9.391933986505316,1700350.0
TO,96970,APARECIDA DO RIO NEGRO,15,3301.0,0.033125009250044475,0.09071146095963191,0.36516895329009913,0.02696152681005756,0.5526509520714319,3.3125009250044477,1701101.0
TO,96997,BARROLÂNDIA,18,3647.0,0.004159191960630883,0.04652300118475107,0.08940076638895232,0.021935837674801208,0.5130454114321256,0.41591919606308825,1703107.0
