uf,cargo,preditor,score_bolsonaro,score_lula,score_outros,n_treino
AC,DF,AGIR,0.7108931352645891,0.0,0.47934922725335327,909
AC,DF,Branco,0.2859945762731063,0.19589217396320474,0.45429125207894727,909
AC,DF,CIDADANIA,0.0,0.597745347878587,0.2865264846853982,909
AC,DF,MDB,0.42466425883394915,0.0,0.5423528602833335,909
AC,DF,Nulo,0.35849235060548373,0.0041439063447772225,0.3784033215302746,909
AC,DF,PATRIOTA,0.5393952870826377,0.0,0.5047866240457854,909
AC,DF,PC do B,0.0,0.5732811265666489,0.5693753551130343,909
AC,DF,PCO,0.7873643054936961,0.0,0.7109669718634478,909
AC,DF,PDT,0.3390607428654501,0.07804713424215369,0.5393030218739832,909
AC,DF,PMN,0.08498778970638664,0.6389410631809366,0.12772621453375974,909
AC,DF,PODE,0.2890471347834955,0.196650156045188,0.49299772498743044,909
AC,DF,PP,0.3453382792619527,0.09922243523275161,0.5328352832950491,909
AC,DF,PROS,0.38469350160029686,0.10897061791460241,0.42762646354006123,909
AC,DF,PSB,0.10661721608295902,0.21703574690549385,0.6147328926988898,909
AC,DF,PSC,0.49058680670989063,0.0,0.5373362806663462,909
AC,DF,PSD,0.3886286950860098,0.06877409618168795,0.5197222874685122,909
AC,DF,PSDB,0.36072300788460293,0.08838048788136915,0.5343451360617547,909
AC,DF,PSOL,0.3072636427625688,0.20117809116675978,0.4943435711478687,909
AC,DF,PT,0.0,0.5935416089732292,0.5666780178057114,909
AC,DF,PV,0.052642042001049515,0.2914073484690927,0.5916441154895117,909
AC,DF,REDE,0.0,0.5461260280249078,0.5544790572779311,909
AC,DF,REPUBLICANOS,0.38275475790730595,0.10799265020667273,0.4828012223598136,909
AC,DF,SOLIDARIEDADE,0.41299235132298884,0.061162501444418454,0.5214875193897182,909
AC,DF,UNIÃO,0.3873230719957066,0.08720637533881204,0.5031372429775952,909
AC,DE,AGIR,0.42408815482074397,0.048307153441843755,0.3886857048745738,909
AC,DE,Branco,0.2782349531682238,0.17811460782727406,0.45468793590953593,909
AC,DE,CIDADANIA,0.24211514373854606,0.24520627586780838,0.5073810737101409,909
AC,DE,DC,0.868037435549924,0.0,0.5675282374494094,909
AC,DE,MDB,0.2655366446078992,0.1327360451286744,0.561987203252564,909
AC,DE,Nulo,0.20200822359747062,0.07974389157419194,0.3678575030819485,909
AC,DE,PATRIOTA,0.40827587430957607,0.06380865990334929,0.48086018301940386,909
AC,DE,PC do B,0.0,0.6825618298802486,0.550081300678125,909
AC,DE,PDT,0.3540692451643888,0.0873035865486328,0.5405827427047791,909
AC,DE,PL,0.41096094690912216,0.07174676060007114,0.5051668212180787,909
AC,DE,PMN,0.7051808619532189,0.0,0.4003221076179082,909
AC,DE,PODE,0.3344832491609883,0.158841790687052,0.4776459518784985,909
AC,DE,PP,0.3895157742824866,0.05496019632053274,0.5356073725310484,909
AC,DE,PROS,0.43293180480383625,0.061009135992847865,0.4720627179496864,909
AC,DE,PSB,0.2622585767799219,0.18526359954114346,0.5475123916981248,909
AC,DE,PSD,0.30065968234333595,0.16252315939028722,0.5466564031582877,909
AC,DE,PSDB,0.4360534935088319,0.0,0.5007601686085356,909
AC,DE,PSOL,0.38846529055546936,0.14099000660221045,0.5132300582323085,909
AC,DE,PT,0.0,0.5629700930731648,0.5561229934353437,909
AC,DE,PV,0.26597207366480774,0.22760905961464106,0.46511290312890335,909
AC,DE,REDE,1.0,0.0,0.07701753185809895,909
AC,DE,REPUBLICANOS,0.3703785525317613,0.13243397350688352,0.49871031124114545,909
AC,DE,SOLIDARIEDADE,0.33684673765267725,0.08068012425168297,0.5089907437033372,909
AC,DE,UNIÃO,0.33271837098941404,0.1289813374978854,0.5110079141268546,909
AC,GOV,AGIR,0.19188660987375017,0.13356905159971696,0.6961458504037884,909
AC,GOV,Branco,0.14340400283755983,0.34481680469269294,0.3672122899707193,909
AC,GOV,MDB,0.48363703158613947,0.0,0.5303704510759514,909
AC,GOV,Nulo,0.5304258023970101,0.0,0.3259591414885205,909
AC,GOV,PP,0.43605104348490553,0.031360192766509476,0.5203437055155955,909
AC,GOV,PSD,0.3158971485291778,0.16904975671048275,0.515911709357647,909
AC,GOV,PSOL,0.0,0.3005660820778434,0.8359296057455701,909
AC,GOV,PT,0.0,0.4430888678390944,0.5385728396577147,909
AC,GOV,UNIÃO,0.42546030745909325,0.0,0.4640354087089817,909
AL,DF,AGIR,0.9656041732177889,0.0,0.5486950985577596,2381
AL,DF,AVANTE,0.5766970440363481,0.0,0.5599098135177767,2381
AL,DF,Branco,0.014934942428719254,0.4068097899763798,0.41405812476186216,2381
AL,DF,CIDADANIA,0.7866913874454451,0.0,0.5923847696388663,2381
AL,DF,DC,1.0,0.0,0.44791331421364566,2381
AL,DF,MDB,0.2272776824858665,0.23648038191169718,0.5183720298868388,2381
AL,DF,Nulo,0.4253951769556511,0.0,0.4466004142467906,2381
AL,DF,PATRIOTA,1.0,0.0,0.6175477624102056,2381
AL,DF,PC do B,0.016744358363103562,0.6151918840144949,0.2630563782977634,2381
AL,DF,PCO,1.0,0.0,0.4989548770059917,2381
AL,DF,PDT,0.2628462375925494,0.0005495057231948361,0.5238656359482932,2381
AL,DF,PMB,1.0,0.0,0.6121825599265759,2381
AL,DF,PMN,0.4468969159084423,0.0882912561099922,0.5261686505103633,2381
AL,DF,PP,0.1467908508090832,0.3450178115214419,0.5033793948068171,2381
AL,DF,PROS,0.0,1.0,0.38587385903538346,2381
AL,DF,PRTB,1.0,0.0,0.7333586662015543,2381
AL,DF,PSB,0.2731858506842777,0.16809293949827545,0.508857318911492,2381
AL,DF,PSD,0.09524238938972905,0.3788190033292836,0.5038833318115693,2381
AL,DF,PSDB,0.47895159705176704,0.0,0.5314869059197589,2381
AL,DF,PSOL,0.6829006153895503,0.0,0.6697737763572837,2381
AL,DF,PSTU,1.0,0.0,0.4576521698395669,2381
AL,DF,PT,0.13081019709009897,0.3079523371018318,0.5542235290333943,2381
AL,DF,PTB,0.9290717719912902,0.0,0.5569975299910701,2381
AL,DF,PV,0.12590716203268035,0.3186937777661596,0.5067390702419622,2381
AL,DF,REDE,0.0,1.0,0.348921155437873,2381
AL,DF,REPUBLICANOS,0.2510133355420233,0.21727270747883465,0.507163462066816,2381
AL,DF,SOLIDARIEDADE,0.30753353412647544,0.0,0.5756075579064598,2381
AL,DF,UNIÃO,0.4136526521460271,0.009688200558292892,0.5444955079564997,2381
AL,DF,UP,0.09352597261287657,0.3234757398618648,0.6276846795779605,2381
AL,DE,AVANTE,0.16481239161875977,0.2763240989183139,0.5106526138054511,2381
AL,DE,Branco,0.2855746097780689,0.12628133900088723,0.435842208552665,2381
AL,DE,CIDADANIA,0.3729110633881593,0.06629874269417832,0.40621477483758,2381
AL,DE,DC,0.0,0.8997635136958828,0.6020519816391173,2381
AL,DE,MDB,0.15701177079877426,0.3118200551517988,0.5088876370934987,2381
AL,DE,Nulo,0.3688814953619232,0.0,0.4400776721813163,2381
AL,DE,PC do B,0.20801923993402444,0.0,0.5423665875665551,2381
AL,DE,PDT,0.07348613807945825,0.07534689093695299,0.4918358488259199,2381
AL,DE,PL,0.8371060781781405,0.0,0.5756533530111521,2381
AL,DE,PMB,0.0,0.0,0.5463581379410919,2381
AL,DE,PP,0.1557879427230473,0.34650291072449535,0.5040227820734489,2381
AL,DE,PSB,0.2305284001726103,0.21259022218428306,0.5287460355680844,2381
AL,DE,PSD,0.20427476854608298,0.0,0.5446432648518983,2381
AL,DE,PSDB,0.0,0.6771790810502155,0.4821783147182536,2381
AL,DE,PSOL,0.0,0.5666108830043258,0.6104131630527345,2381
AL,DE,PSTU,0.0,0.7246835403249116,0.4719699898553715,2381
AL,DE,PT,0.0,0.22862791853811054,0.5476280705488619,2381
AL,DE,PTB,0.6637081325112507,0.0,0.5107269696186083,2381
AL,DE,PV,0.4908844196072103,0.0,0.5248852076612868,2381
AL,DE,REDE,0.0,1.0,0.4645842401249456,2381
AL,DE,REPUBLICANOS,0.3994689504091807,0.07799388220363968,0.5026998126399297,2381
AL,DE,SOLIDARIEDADE,0.0,1.0,0.36312585950523885,2381
AL,DE,UNIÃO,0.24175650738822246,0.21591274327086027,0.5132431448438475,2381
AL,DE,UP,0.0,0.4477556969175906,0.5553858821804,2381
AL,GOV,Branco,0.08551734239351574,0.33811291908003155,0.4321939524538208,2381
AL,GOV,MDB,0.06118437207148775,0.4235256884621058,0.5123213131885902,2381
AL,GOV,Nulo,0.009162821711826516,0.31846247015461254,0.44513978677731014,2381
AL,GOV,PMB,0.9709873189139498,0.0,0.6216301143531275,2381
AL,GOV,PRTB,0.9471705613416297,0.0,0.792683869720209,2381
AL,GOV,PSD,0.27321277383036896,0.07160201414229225,0.5284174511197147,2381
AL,GOV,PSOL,0.2341308848189269,0.0,0.6116240646575373,2381
AL,GOV,PTB,0.6638791645577579,0.0,0.5298431311497401,2381
AL,GOV,UNIÃO,0.2772425999661039,0.14808552764231997,0.521383550453445,2381
AM,DF,AGIR,0.8295005494965256,0.0,0.5475999792206765,3173
AM,DF,AVANTE,0.20420626088348748,0.2542582721374003,0.4919739730769024,3173
AM,DF,Branco,0.09059752885830696,0.4135797643394379,0.4399967199009251,3173
AM,DF,CIDADANIA,0.3784492487781663,0.029857178036704846,0.5542696617425805,3173
AM,DF,DC,0.0,0.5110490571097952,0.4097654518302038,3173
AM,DF,MDB,0.08595993783624996,0.3603895071351864,0.4846272407335074,3173
AM,DF,NOVO,0.75697931403057,0.0,0.7536705292665321,3173
AM,DF,Nulo,0.22142984924413397,0.07684131110871327,0.42525509292547814,3173
AM,DF,PATRIOTA,0.0,0.5523092431600662,0.5319107133185587,3173
AM,DF,PC do B,0.0,0.7473917978271772,0.5189077985782475,3173
AM,DF,PCO,0.0,0.47311744074725104,0.7050706594618221,3173
AM,DF,PDT,0.24633317268471575,0.1018271379357796,0.5948046782232939,3173
AM,DF,PL,0.6023626191930518,0.0,0.5024906437978981,3173
AM,DF,PMN,0.34080490766517324,0.12763625045856383,0.4754729019882846,3173
AM,DF,PODE,0.0,1.0,0.7057574982088266,3173
AM,DF,PROS,0.25289670987153556,0.24521165034076498,0.47299857942791557,3173
AM,DF,PSB,0.006471092395212772,0.25769378809929305,0.5823522873751026,3173
AM,DF,PSC,0.0,0.47974505751933927,0.461777278386848,3173
AM,DF,PSD,0.08354460418068434,0.3502260228860267,0.5094206431357868,3173
AM,DF,PSDB,0.0,0.7288483482474788,0.4135119559050319,3173
AM,DF,PSOL,0.0,0.38877788613588626,0.5618742325057211,3173
AM,DF,PT,0.0,0.4794292287440981,0.537736945784127,3173
AM,DF,PTB,0.14668152655742261,0.34930644720483967,0.4133318797450268,3173
AM,DF,PV,0.0,0.49494454497533324,0.5069215342797605,3173
AM,DF,REDE,0.07060235606011432,0.26354600483735197,0.6057680764564448,3173
AM,DF,REPUBLICANOS,0.2422987981686911,0.22868189364046837,0.5040764898129574,3173
AM,DF,SOLIDARIEDADE,0.45265193867242326,0.0,0.5957904493682937,3173
AM,DF,UNIÃO,0.28674783639440105,0.15584403189519366,0.5170800430167922,3173
AM,DE,AGIR,0.0,1.0,0.4098034150334997,3173
AM,DE,AVANTE,0.14691545045309914,0.3265141663188458,0.5122243621383322,3173
AM,DE,Branco,0.1314346352328597,0.3544722426703354,0.4628198509033542,3173
AM,DE,CIDADANIA,0.33009570927603105,0.07443399666075139,0.5491713447969425,3173
AM,DE,DC,0.503336141021729,0.0,0.5102791153035788,3173
AM,DE,MDB,0.3795632550717122,0.041302840553435104,0.5176979560596231,3173
AM,DE,Nulo,0.2268014970033884,0.1320664565827374,0.4189694553721062,3173
AM,DE,PATRIOTA,0.29407827472547576,0.17250024864950278,0.5181156130878948,3173
AM,DE,PC do B,0.040536071889945485,0.22631524618417934,0.6447997224625592,3173
AM,DE,PDT,0.10992925634817975,0.23020517374647673,0.5885262380392073,3173
AM,DE,PL,0.6184550766862896,0.0,0.5451387986805014,3173
AM,DE,PMB,0.16841647293112194,0.30313270978269646,0.5032656986022845,3173
AM,DE,PMN,0.35055288901774456,0.0823501355726972,0.5294315673759065,3173
AM,DE,PROS,0.22281698919157245,0.14755641742056014,0.5381199423827404,3173
AM,DE,PSB,0.37383076946455435,0.027259260283853875,0.5533000039263025,3173
AM,DE,PSC,0.3336010575846799,0.13399720943071475,0.5051084324446047,3173
AM,DE,PSDB,0.172217088601989,0.3161635965152153,0.5034058934569468,3173
AM,DE,PSOL,0.09128962740042043,0.27501895330609405,0.5005087809707766,3173
AM,DE,PT,0.0040594889745413365,0.3871721323139257,0.5569900399404379,3173
AM,DE,PTB,0.0,1.0,0.385977707294766,3173
AM,DE,PV,0.27527463103780053,0.16108231735748493,0.5327152716162031,3173
AM,DE,REDE,0.41387953392660376,0.219997795987263,0.5049453769928834,3173
AM,DE,REPUBLICANOS,0.3341495731107677,0.1280889105019099,0.500018238804393,3173
AM,DE,SOLIDARIEDADE,0.4203957823697108,0.02583597767461568,0.5165207499644195,3173
AM,DE,UNIÃO,0.20754416108143436,0.26819706437070284,0.5081331249427423,3173
AM,GOV,AGIR,0.41275025607151883,0.007893551566010385,0.5470112594385522,3173
AM,GOV,Branco,0.3510211617658179,0.09777804107986715,0.4032609516138612,3173
AM,GOV,CIDADANIA,0.3049481658977419,0.1421606853684999,0.5280717519672214,3173
AM,GOV,MDB,0.0,0.6431629724865493,0.4874364105457192,3173
AM,GOV,Nulo,0.0,0.3694795551966489,0.40199740154375185,3173
AM,GOV,PDT,0.293821829763859,0.038604684182447765,0.6166446329951248,3173
AM,GOV,PODE,0.4648472954616786,0.0,0.5179435112124032,3173
AM,GOV,PSOL,0.04618446299552695,0.30163754730349424,0.654099337492533,3173
AM,GOV,SOLIDARIEDADE,0.473796232713055,0.0,0.532050749034125,3173
AM,GOV,UNIÃO,0.31035693867100594,0.15696817030144267,0.5213756349058223,3173
AP,DF,AGIR,0.6767353278816473,0.0,0.601657468791528,723
AP,DF,AVANTE,0.45521288577422936,0.0,0.5849218596211951,723
AP,DF,Branco,0.09188178528619291,0.3585893478833446,0.4655141609181165,723
AP,DF,CIDADANIA,0.032771879150118734,0.6180795598484866,0.2837875606490635,723
AP,DF,MDB,0.1411999122722982,0.3205181367738389,0.51452663603337,723
AP,DF,Nulo,0.41394430503811774,0.0,0.5027973804123526,723
AP,DF,PATRIOTA,0.3636383307951392,0.04934840474015899,0.48316791604118736,723
AP,DF,PC do B,0.21505989340682427,0.24523067738656942,0.4962316767526304,723
AP,DF,PCO,0.0,1.0,0.24249618413769286,723
AP,DF,PDT,0.22233956089737175,0.2247198628673775,0.5508923666786177,723
AP,DF,PL,0.32996636891765146,0.1302252710391539,0.515603724023216,723
AP,DF,PODE,0.31518682210796284,0.16329639672045423,0.5138928419079627,723
AP,DF,PP,0.36465628406235345,0.09612549412298615,0.5205866401148473,723
AP,DF,PRTB,0.0,1.0,0.45010004112386387,723
AP,DF,PSB,0.20185872673741834,0.14951426132150444,0.632980947258213,723
AP,DF,PSC,0.383591426775379,0.06697182908570078,0.5145410578561088,723
AP,DF,PSD,0.33005147657321,0.09852788887017858,0.5532400578163388,723
AP,DF,PSDB,0.2179925818133354,0.2256773185836762,0.5262712321071275,723
AP,DF,PSOL,0.03470838174263589,0.3808263634721809,0.5963621974831427,723
AP,DF,PT,0.0,0.6291802017213154,0.4855843153118937,723
AP,DF,PTB,0.3940361486853069,0.06392125600001802,0.5256851715892706,723
AP,DF,PV,0.05655831647865248,0.22891355550035875,0.7529663506972598,723
AP,DF,REDE,0.224580107284931,0.2357699261446402,0.5437010700138077,723
AP,DF,REPUBLICANOS,0.1373582107986083,0.3580012684916008,0.4935459230374517,723
AP,DE,AGIR,0.0,1.0,1.0,723
AP,DE,AVANTE,0.29919492906108824,0.13011791429598676,0.5798803625530891,723
AP,DE,Branco,0.06554724490433439,0.31664230277754335,0.4834387328581293,723
AP,DE,CIDADANIA,0.15810118939260961,0.31135037408289784,0.5001852484273065,723
AP,DE,MDB,0.1370996764411416,0.3465964045669931,0.5151271254021028,723
AP,DE,Nulo,0.5963690519717585,0.0,0.5513116404137947,723
AP,DE,PC do B,0.3598450005803788,0.07404840111181518,0.5641939040828526,723
AP,DE,PDT,0.20872625384705024,0.2609637696987999,0.536707928612639,723
AP,DE,PL,0.25376957665441213,0.1956479362515095,0.5205739399881221,723
AP,DE,PODE,0.257998198908044,0.213376466657414,0.5039452094898186,723
AP,DE,PP,0.3319753669947125,0.08594877869270715,0.5444103742498726,723
AP,DE,PROS,0.2671652258380912,0.1997700982291209,0.5445781185020784,723
AP,DE,PRTB,0.3098797180053979,0.1384341205939776,0.5127834543518522,723
AP,DE,PSB,0.3421063914666145,0.011697508982775124,0.6041945039314028,723
AP,DE,PSC,0.39226875048019094,0.040775395985030966,0.5279879492152586,723
AP,DE,PSD,0.3682532456574121,0.07358136918133466,0.5343092756216661,723
AP,DE,PSDB,0.2250632062793834,0.2293650274202385,0.4993721610685339,723
AP,DE,PSOL,0.0,0.3819986684112923,0.7077306142494617,723
AP,DE,PT,0.25989630043833445,0.24037107243748215,0.45504476798086185,723
AP,DE,PTB,0.20629093764756792,0.22356066081100912,0.5442892679774995,723
AP,DE,PV,0.0,0.544883636231843,0.4470449075656213,723
AP,DE,REDE,0.17752031569536175,0.26329982599100665,0.5466693665830272,723
AP,DE,REPUBLICANOS,0.2685571564407305,0.2685480666776682,0.43402727883305847,723
AP,DE,SOLIDARIEDADE,0.2642891057767988,0.1983180500789687,0.5420863807295079,723
AP,DE,UNIÃO,0.2344928994428781,0.22603571249756482,0.5275922770687674,723
AP,GOV,Branco,0.012114563242676495,0.3545147930880613,0.4762721161860704,723
AP,GOV,MDB,0.4164662960197859,0.10047346755289699,0.42990329224870627,723
AP,GOV,Nulo,0.052767527652592586,0.41169395372563,0.3681041261600793,723
AP,GOV,PCO,0.0,0.3430819490156607,0.5925378115609151,723
AP,GOV,PRTB,0.6598159021883184,0.0,0.5314316679919436,723
AP,GOV,PSD,0.3362179910247971,0.11013822885134189,0.5363369309109673,723
AP,GOV,PSTU,0.0,0.23824446846699088,0.8420121596433514,723
AP,GOV,SOLIDARIEDADE,0.1660271178588012,0.29386967778621054,0.5385773387208408,723
BA,DF,AGIR,0.0,0.5136466994996711,0.49324638281412725,13050
BA,DF,AVANTE,0.0,0.7137059908389702,0.5104585252765974,13050
BA,DF,Branco,0.0,0.34202649599400403,0.48462982339857463,13050
BA,DF,CIDADANIA,0.3101617438031702,0.12530303578036658,0.5258478640544858,13050
BA,DF,DC,0.0,0.4178595728835877,0.4728658173356161,13050
BA,DF,MDB,0.1063740557690025,0.37954930459033137,0.5072420988751828,13050
BA,DF,NOVO,1.0,0.0,0.8571826615939209,13050
BA,DF,Nulo,0.0,0.39418068629946545,0.39433564260715437,13050
BA,DF,PATRIOTA,0.0,0.9895105931986944,0.4498481983993905,13050
BA,DF,PC do B,0.048058212282237146,0.4327862274958475,0.4940131968347051,13050
BA,DF,PCB,0.5514285413102586,0.0,0.7296649860601346,13050
BA,DF,PCO,0.0,0.47191004229181344,0.5426368758636605,13050
BA,DF,PDT,0.060179416795916374,0.3379602558113949,0.5346998696905321,13050
BA,DF,PL,0.5553385901782102,0.0,0.5439308158885271,13050
BA,DF,PMB,1.0,0.0,0.5358276191857357,13050
BA,DF,PODE,0.18585068983695288,0.2433231300079186,0.532373032443891,13050
BA,DF,PP,0.07436487823104056,0.4006933964056451,0.4963907881910393,13050
BA,DF,PROS,0.6732967220407434,0.0,0.6152210546176882,13050
BA,DF,PRTB,0.0,1.0,0.40946117252970504,13050
BA,DF,PSB,0.0035336985548989055,0.45602272759102325,0.5215701142688689,13050
BA,DF,PSC,0.34532146244791645,0.051593940058756615,0.5230058822403801,13050
BA,DF,PSD,0.06076933824502227,0.42541376607669296,0.49206757732759177,13050
BA,DF,PSDB,0.06135472845228631,0.4098732872316125,0.493352661758922,13050
BA,DF,PSOL,0.2725460836164239,0.009521120962158458,0.6981076495735272,13050
BA,DF,PT,0.046177012951294914,0.4224630806382548,0.5019004433081423,13050
BA,DF,PTB,0.6182603495393558,0.0,0.5474632579146973,13050
BA,DF,PV,0.07295355012298554,0.3982231846272627,0.49558515126621494,13050
BA,DF,REDE,0.0,0.4867608139223404,0.7071278816079594,13050
BA,DF,REPUBLICANOS,0.14473855062630853,0.31186585250549154,0.5044454081155654,13050
BA,DF,SOLIDARIEDADE,0.3365762473971,0.08715920165282011,0.5256128630146873,13050
BA,DF,UNIÃO,0.2141489777178029,0.250811860305923,0.5049277924965498,13050
BA,DF,UP,0.2160624956548277,0.0,0.7541402905992401,13050
BA,DE,AGIR,0.9809397902326145,0.0,0.5567162034490863,13050
BA,DE,AVANTE,0.0,0.5561983984519734,0.4887334002346575,13050
BA,DE,Branco,0.0,0.3998603166794783,0.4940759794793548,13050
BA,DE,CIDADANIA,0.23495932520832807,0.22126810237365507,0.49961067275111104,13050
BA,DE,DC,0.0,0.4918659352969466,0.41933342809900204,13050
BA,DE,MDB,0.17281877033260565,0.250221827572962,0.5178271267078329,13050
BA,DE,NOVO,1.0,0.0,1.0,13050
BA,DE,Nulo,0.0,0.4667060432493622,0.39808297886034616,13050
BA,DE,PATRIOTA,0.0,0.5798964125215361,0.48681545993638503,13050
BA,DE,PC do B,0.04994713877106429,0.41944907284771915,0.4985027911509731,13050
BA,DE,PDT,0.015633742495247092,0.43260791980885077,0.507065119910997,13050
BA,DE,PL,0.3352836229128103,0.13622434357654967,0.5171657699004804,13050
BA,DE,PMB,1.0,0.0,0.5265749705840335,13050
BA,DE,PMN,0.06930739293703694,0.3540791377658167,0.5772443269446097,13050
BA,DE,PP,0.08602722404281754,0.3884011494472582,0.5033078299004031,13050
BA,DE,PROS,1.0,0.0,0.6730730526610041,13050
BA,DE,PRTB,0.5384175388365378,0.0,0.6034038130580448,13050
BA,DE,PSB,0.17572770218197922,0.30673728360476116,0.505097453429348,13050
BA,DE,PSC,0.47977075291167476,0.0,0.5571789484796497,13050
BA,DE,PSD,0.07961657199496093,0.40315267844058217,0.49159964456829003,13050
BA,DE,PSDB,0.1551625334182567,0.31838788420944625,0.507597511368979,13050
BA,DE,PSOL,0.16023075416478103,0.20432359237468264,0.636077375772374,13050
BA,DE,PT,0.0916421481321982,0.3866404178947749,0.4981272041866389,13050
BA,DE,PTB,0.0018607250307589506,0.3691013003274557,0.5420029584502966,13050
BA,DE,PV,0.031552394503486535,0.44049270007737806,0.5031529743338822,13050
BA,DE,REDE,0.2418400640872776,0.0973301588865426,0.4864640816166105,13050
BA,DE,REPUBLICANOS,0.11912347704734658,0.33472020335016234,0.5038446078528381,13050
BA,DE,SOLIDARIEDADE,0.38638644177800424,0.06710051001954775,0.5372156805652593,13050
BA,DE,UNIÃO,0.14850401121490672,0.32010194695572747,0.5079225027963998,13050
BA,DE,UP,1.0,0.0,0.8016565531872677,13050
BA,GOV,Branco,0.0,0.5958455207158618,0.3765030131806612,13050
BA,GOV,Nulo,0.0,0.5718742420751771,0.3216492131541715,13050
BA,GOV,PCB,0.0,0.0,0.7498147400573754,13050
BA,GOV,PCO,0.0,0.9497473622979314,0.8561996204177905,13050
BA,GOV,PL,0.9120428401019461,0.0,0.551658738261561,13050
BA,GOV,PSOL,0.0,0.7309112652958808,0.7252234048393195,13050
BA,GOV,PT,0.019178902644072668,0.45816006402784915,0.5043733513931736,13050
BA,GOV,UNIÃO,0.11166333721183865,0.23187151066183115,0.5209501437727313,13050
CE,DF,AGIR,0.35226442847291545,0.022508235927622387,0.449532736739713,9565
CE,DF,AVANTE,0.06470686300239892,0.41316902287461077,0.48962302084238063,9565
CE,DF,Branco,0.10545055371140176,0.3656081233969005,0.4765456891786823,9565
CE,DF,CIDADANIA,0.20310445661479617,0.12920112254237967,0.5733557873447728,9565
CE,DF,MDB,0.0,0.5392012929123957,0.4940845431850682,9565
CE,DF,NOVO,1.0,0.0,0.9612609620969736,9565
CE,DF,Nulo,0.2868614772538388,0.024452155132081852,0.4734231302656258,9565
CE,DF,PATRIOTA,0.6104232731840743,0.0,0.5758620855626844,9565
CE,DF,PC do B,0.1354661562272683,0.10714678296462904,0.5383047922969606,9565
CE,DF,PCB,0.0,0.5771680193084648,0.5344465728051836,9565
CE,DF,PCO,0.0,1.0,0.1315866188241003,9565
CE,DF,PDT,0.08151739167513461,0.38886668906360616,0.5150084513572805,9565
CE,DF,PL,0.1858490005342453,0.28201399820236667,0.5058448012094672,9565
CE,DF,PMB,0.6135645853076784,0.0,0.6419262288525616,9565
CE,DF,PMN,0.01313769655766809,0.483619554789728,0.5062049959712822,9565
CE,DF,PODE,0.6733911236596358,0.0,0.6340415763305947,9565
CE,DF,PP,0.014334168827589581,0.4798497670372305,0.5047124075143352,9565
CE,DF,PROS,0.8530862366313546,0.0,0.6438346457192297,9565
CE,DF,PSB,0.062235211275346175,0.4108968015302437,0.5174462779576985,9565
CE,DF,PSC,0.24480012076518357,0.039709384168831165,0.5787340383480639,9565
CE,DF,PSD,0.19205713872403782,0.24434811844607437,0.5266888913850918,9565
CE,DF,PSDB,0.1700714302427122,0.15808337741063583,0.5429826724338169,9565
CE,DF,PSOL,0.610124204076287,0.0,0.6470591671997674,9565
CE,DF,PSTU,0.09817102871323259,0.1404960692242858,0.7592912410999991,9565
CE,DF,PT,0.022348356513622436,0.4279965593707152,0.5047913848437471,9565
CE,DF,PTB,0.4600774020046037,0.0,0.5937373466065919,9565
CE,DF,PV,0.0,0.8564518770121414,0.4746170972175077,9565
CE,DF,REDE,0.0867200759809534,0.0,0.7711846495025161,9565
CE,DF,REPUBLICANOS,0.3675595029535433,0.13835468993291794,0.5301887899650227,9565
CE,DF,UNIÃO,0.13674999895293327,0.34687811115573497,0.5064369795274273,9565
CE,DF,UP,0.49754928325033687,0.0,0.6617826652809053,9565
CE,DE,AGIR,0.24593626963435972,0.12911333083937293,0.5432344070045612,9565
CE,DE,AVANTE,0.22940221726479249,0.22445524891125124,0.5276064272647785,9565
CE,DE,Branco,0.0887480659860437,0.37696482748145393,0.48381813260352363,9565
CE,DE,CIDADANIA,0.11197729515053903,0.36680759725328177,0.5094839288272489,9565
CE,DE,MDB,0.09057023145374414,0.399429779827847,0.5049758824446496,9565
CE,DE,NOVO,1.0,0.0,0.9160847632535143,9565
CE,DE,Nulo,0.1718483985430362,0.18462411275072926,0.4540754968686317,9565
CE,DE,PC do B,0.0,0.47249544350240513,0.5135515721754564,9565
CE,DE,PDT,0.1092551192677527,0.3648258912229146,0.5123519456667082,9565
CE,DE,PL,0.23884943159740138,0.22790357389775323,0.5107861735194772,9565
CE,DE,PMN,0.1582808452195416,0.2842742460405917,0.5218451305803543,9565
CE,DE,PODE,0.3256809989569719,0.0,0.5848915356365016,9565
CE,DE,PP,0.04482807549716911,0.4457903641484879,0.5020834147623839,9565
CE,DE,PROS,0.32107534605414617,0.0,0.660450142138332,9565
CE,DE,PSB,0.14333773084432044,0.26985314507314867,0.5292405609684863,9565
CE,DE,PSD,0.11722915637868257,0.3417906297816573,0.5169472195046261,9565
CE,DE,PSDB,0.16086595716004573,0.30201658240788143,0.5135146201346623,9565
CE,DE,PSOL,0.4805911027194181,0.0,0.6443576328624284,9565
CE,DE,PSTU,0.39054436268806425,0.0,0.5689361288255924,9565
CE,DE,PT,0.039433690460270454,0.43579882846734586,0.504283262998993,9565
CE,DE,PTB,0.3840045219730844,0.0,0.5590123238422211,9565
CE,DE,PV,0.21252802425993225,0.21729260900388492,0.537291578041474,9565
CE,DE,REDE,0.0,1.0,0.03355678480472711,9565
CE,DE,REPUBLICANOS,0.3400729233566075,0.1385422423195048,0.5281716328455366,9565
CE,DE,UNIÃO,0.20455648961907202,0.2688051754093088,0.5118682824437547,9565
CE,DE,UP,0.37979632317323736,0.0,0.636505274585627,9565
CE,GOV,Branco,0.0,0.5890134933704241,0.38101891339590055,9565
CE,GOV,Nulo,0.0,0.36086606456365383,0.3830790139807341,9565
CE,GOV,PCB,0.04355415363162987,0.18957848628732546,0.6217782568902459,9565
CE,GOV,PDT,0.15843241682638787,0.2586441753334394,0.5782351972610493,9565
CE,GOV,PSTU,0.0,0.3833507085632599,0.6012088361697111,9565
CE,GOV,PT,0.0,0.5080220650738396,0.5027765114629515,9565
CE,GOV,UNIÃO,0.3938681025012227,0.045976869405610576,0.5327246344859451,9565
CE,GOV,UP,0.18043745765773006,0.04042932588999253,0.7021387814882357,9565
DF,DF,AGIR,0.08707581511951204,0.34589418076173617,0.5366543000392435,3932
DF,DF,AVANTE,0.34479241631973356,0.0840228863526884,0.5131911563146789,3932
DF,DF,Branco,0.12115781288476712,0.3231287536420904,0.4738229312546915,3932
DF,DF,CIDADANIA,0.23370386801963025,0.0,0.6361670014551163,3932
DF,DF,DC,0.1355756248125215,0.35309445277379825,0.514808488932929,3932
DF,DF,MDB,0.24114491141140937,0.21335422683603336,0.5185916038613068,3932
DF,DF,NOVO,0.052356382608399886,0.037010687237434683,0.6947485821129762,3932
DF,DF,Nulo,0.22667224174518033,0.0705982349473747,0.44853257820536474,3932
DF,DF,PATRIOTA,0.4229315708214762,0.0,0.5195694736432928,3932
DF,DF,PC do B,0.0,0.561093508745113,0.5239982884002614,3932
DF,DF,PCO,0.0,0.6844514854048419,0.511842186896136,3932
DF,DF,PDT,0.0,0.4845112203446605,0.5838919348118027,3932
DF,DF,PL,0.5507619683004376,0.0,0.5130497106414728,3932
DF,DF,PMN,0.42672910394602137,0.017711672675924585,0.528172550453082,3932
DF,DF,PODE,0.4439926401242356,0.0,0.5284449306946915,3932
DF,DF,PP,0.30186924947011057,0.1536203817378199,0.5302295196720742,3932
DF,DF,PROS,0.5191395459405447,0.0,0.5242850454501806,3932
DF,DF,PRTB,0.7604991784421962,0.0,0.3307586529487056,3932
DF,DF,PSB,0.08634543062182218,0.21131019371229712,0.5832779656617147,3932
DF,DF,PSC,0.48997595791458454,0.0,0.45713317354848876,3932
DF,DF,PSD,0.5014165950681388,0.0,0.5068845888868394,3932
DF,DF,PSDB,0.1048376403482523,0.18926530004838985,0.554312669017704,3932
DF,DF,PSOL,0.0,0.5920514350118615,0.4970572118849063,3932
DF,DF,PSTU,0.0,0.6308847485064764,0.6272708031696831,3932
DF,DF,PT,0.0,0.49957508795958444,0.5345425533754586,3932
DF,DF,PTB,0.55837711415453,0.0,0.5030105428904889,3932
DF,DF,PV,0.28494003850110194,0.17477475037245963,0.5154574965373528,3932
DF,DF,REDE,0.0,0.4418547849794385,0.6120477505925452,3932
DF,DF,REPUBLICANOS,0.3395958099150479,0.15208498617445898,0.5021683530802882,3932
DF,DF,SOLIDARIEDADE,0.22860098905579074,0.2007229496755446,0.4683187781687237,3932
DF,DF,UNIÃO,0.3626710356304924,0.01821984904078433,0.554052952167307,3932
DF,DF,UP,0.0,0.7765931853520578,0.6714801985998458,3932
DF,DE,AGIR,0.20775318459653322,0.27172749105528093,0.5168474201191695,3932
DF,DE,AVANTE,0.302942799417381,0.12480664929425278,0.5293346856103525,3932
DF,DE,Branco,0.07271374448515847,0.3268627930541782,0.4727783286899936,3932
DF,DE,CIDADANIA,0.3855117246746498,0.05269621768268244,0.5314028060765217,3932
DF,DE,DC,0.23677654683670377,0.27294895336145514,0.4920378198669451,3932
DF,DE,MDB,0.3195082610574365,0.161467263140752,0.5065315490052826,3932
DF,DE,NOVO,0.19177357133014014,0.0,0.6946901874219956,3932
DF,DE,Nulo,0.23879466643818886,0.08247306339084134,0.44990788917665686,3932
DF,DE,PATRIOTA,0.32921468897493966,0.13907724066223032,0.522428459201975,3932
DF,DE,PC do B,0.0,0.39612822775475587,0.542553676554142,3932
DF,DE,PCO,0.0,0.31016021592030674,0.5699617039309429,3932
DF,DE,PDT,0.05093714829449847,0.2878856190020891,0.617746955331424,3932
DF,DE,PL,0.4725380074362731,0.0,0.5260792354232491,3932
DF,DE,PMB,0.3668972928761647,0.18015652412555064,0.4337726358738193,3932
DF,DE,PMN,0.3217844956837903,0.1313702146075569,0.5138290667734438,3932
DF,DE,PODE,0.3727368657621042,0.00758210667615602,0.5965772461172314,3932
DF,DE,PP,0.40165503550698956,0.10400673415528787,0.49342416177686366,3932
DF,DE,PROS,0.34659145194577223,0.18747460296101348,0.4695256873406368,3932
DF,DE,PRTB,0.4496646703436508,0.0,0.5489270905030633,3932
DF,DE,PSB,0.1010573396879163,0.22852954934519068,0.556293258710595,3932
DF,DE,PSC,0.62744639809003,0.0,0.49394990898373903,3932
DF,DE,PSD,0.3028217134169094,0.11875291682264018,0.5433912402964096,3932
DF,DE,PSDB,0.3848882114379337,0.06955020746294849,0.5180032331471391,3932
DF,DE,PSOL,0.0,0.5762684453460515,0.5274538321724201,3932
DF,DE,PSTU,0.0,0.22824771735305255,0.8782443598530227,3932
DF,DE,PT,0.0,0.525997562371004,0.5252788841492627,3932
DF,DE,PTB,0.37817281967201793,0.06704420113776391,0.5442730512577149,3932
DF,DE,PV,0.061555318759547006,0.2548022015283897,0.5729856684823429,3932
DF,DE,REDE,0.0,0.31379382986084214,0.5793212567137895,3932
DF,DE,REPUBLICANOS,0.3835347111046309,0.09436138833794697,0.5112725298663997,3932
DF,DE,SOLIDARIEDADE,0.33346677290381804,0.13644685072468943,0.5287531029408706,3932
DF,DE,UNIÃO,0.30311332061726093,0.12244816961635828,0.5415154012567387,3932
DF,DE,UP,0.0,0.7699060925311602,0.6293685400250999,3932
DF,GOV,Branco,0.07727048534562828,0.39342171228749767,0.4247504060602638,3932
DF,GOV,DC,0.4862153381460097,0.0,0.5928129444818746,3932
DF,GOV,MDB,0.37408311007630346,0.08948923409934112,0.5131538634874322,3932
DF,GOV,Nulo,0.07206955268834718,0.3959288082266257,0.41070726392201773,3932
DF,GOV,PCB,0.17326605299137068,0.07405918874743257,0.543558759532498,3932
DF,GOV,PCO,0.0,1.0,0.5773371375393158,3932
DF,GOV,PDT,0.03731003357832853,0.3086550020914564,0.607428439843787,3932
DF,GOV,PSD,0.4919393554493081,0.0,0.5115592851327574,3932
DF,GOV,PSDB,0.4840298236345997,0.0,0.5287863676533644,3932
DF,GOV,PSOL,0.0,0.5750549600654813,0.5290540458999845,3932
DF,GOV,PSTU,0.0,0.6831937697002985,0.8258950984003803,3932
DF,GOV,PTB,0.68856491732202,0.0,0.54636862796849,3932
DF,GOV,PV,0.0,0.4071820776937803,0.555046944984956,3932
ES,DF,AGIR,0.40937098918197773,0.011671023409196063,0.6372986043216285,3339
ES,DF,AVANTE,0.2540801423007282,0.1321048170282242,0.5602070214313783,3339
ES,DF,Branco,0.019125013798074842,0.35926863065044046,0.45143841583645605,3339
ES,DF,CIDADANIA,0.011141864245861954,0.8072721190176485,0.3752736105528256,3339
ES,DF,DC,0.0,0.9017977284871244,0.5224190725860643,3339
ES,DF,NOVO,0.5853092767229459,0.0,0.7523263882937075,3339
ES,DF,Nulo,0.247884271729331,0.014790959879972969,0.4446059072620453,3339
ES,DF,PATRIOTA,0.33176689935837783,0.18319628720514883,0.5067177449428153,3339
ES,DF,PC do B,0.0,0.5156900519606117,0.4849599890508012,3339
ES,DF,PDT,0.019421101998261373,0.3410262199420555,0.5327634512560299,3339
ES,DF,PL,0.5281742913792484,0.0,0.5195189278088462,3339
ES,DF,PMB,0.0,0.7732964654309133,0.44617007470427134,3339
ES,DF,PODE,0.2302910095936151,0.22066476912753302,0.5123876215442107,3339
ES,DF,PP,0.3173135937989026,0.1423621582284074,0.5016425946141684,3339
ES,DF,PROS,0.8694155976273963,0.0,0.41817949155244216,3339
ES,DF,PRTB,0.0,0.8743196950121865,0.5156376231879692,3339
ES,DF,PSB,0.11387309003329486,0.3406347607026403,0.500635764899193,3339
ES,DF,PSC,0.2602712119798281,0.2411464127493398,0.4876101170463658,3339
ES,DF,PSD,0.10385902561939706,0.263364537822035,0.46097042880596084,3339
ES,DF,PSDB,0.2363891212711255,0.07440205276613741,0.5368707965124424,3339
ES,DF,PSOL,0.0,0.17693130819843164,0.5876699553804607,3339
ES,DF,PT,0.0,0.5642633549037186,0.5228796904124341,3339
ES,DF,PTB,0.7340891379482224,0.0,0.5121231878367307,3339
ES,DF,PV,0.39714341516752216,0.0,0.6974940991756123,3339
ES,DF,REDE,0.024304176774537688,0.5104895870884816,0.5233600039724841,3339
ES,DF,REPUBLICANOS,0.28316574118848,0.18792456685922534,0.5010217730807027,3339
ES,DF,SOLIDARIEDADE,0.14738239943205367,0.2264496137451378,0.5440973745356751,3339
ES,DF,UNIÃO,0.41188610277713394,0.0,0.5432011088325792,3339
ES,DE,AGIR,0.2988110278163206,0.11841372598924821,0.5244418431936421,3339
ES,DE,Branco,0.0,0.46700773579516985,0.44656331782349157,3339
ES,DE,CIDADANIA,0.3112920430289565,0.0,0.5694857923363645,3339
ES,DE,DC,0.3341285893071973,0.036111117876599985,0.5124928895668905,3339
ES,DE,MDB,0.0,0.47201042729321796,0.519021865791038,3339
ES,DE,Nulo,0.21076003560569437,0.0,0.42068650053072637,3339
ES,DE,PATRIOTA,0.13892088331517535,0.19949874785065594,0.5242004777926277,3339
ES,DE,PC do B,0.20483619380865364,0.06227517989066691,0.5501059772403805,3339
ES,DE,PDT,0.327743264698695,0.16476616597996188,0.5014901207087138,3339
ES,DE,PL,0.7152662202479217,0.0,0.534412146514082,3339
ES,DE,PMB,0.0006527533972430649,0.2420854084391452,0.558511314707165,3339
ES,DE,PODE,0.28796108230486867,0.17920098658499006,0.5008994129502796,3339
ES,DE,PP,0.32472145403331315,0.07271316134930556,0.5028210102056011,3339
ES,DE,PROS,0.5566495249284965,0.0,0.5506452841180166,3339
ES,DE,PRTB,0.0,0.2556805263180926,0.5695973228020816,3339
ES,DE,PSB,0.1359177675838747,0.2918332047423656,0.5021512871142093,3339
ES,DE,PSC,0.33735033082238397,0.12576640405536246,0.509424510068287,3339
ES,DE,PSD,0.1550037425108564,0.14822039952491003,0.5317751123718573,3339
ES,DE,PSDB,0.3565247291207797,0.0907145821458501,0.5115421052954117,3339
ES,DE,PSOL,0.0015877186249361678,0.2027554896847942,0.585234807140525,3339
ES,DE,PT,0.0,0.7019302544893415,0.49941242061732033,3339
ES,DE,PTB,0.4510962678037064,0.0,0.5146095496853469,3339
ES,DE,PV,0.4618053937817261,0.0,0.5370327440767825,3339
ES,DE,REDE,0.11211326208349319,0.05564647406119036,0.5564958326186669,3339
ES,DE,REPUBLICANOS,0.26656406506605557,0.18921208579880028,0.506241706953191,3339
ES,DE,SOLIDARIEDADE,0.008258495653365172,0.4831913653366871,0.5096667556697039,3339
ES,DE,UNIÃO,0.278262876461005,0.16506834784109456,0.5086396875262202,3339
ES,GOV,Branco,0.011274744859232149,0.32989331664641514,0.4206513594654095,3339
ES,GOV,NOVO,0.3052515153734671,0.0,0.801157784145662,3339
ES,GOV,Nulo,0.05967873119206529,0.3674122249629172,0.3897742687411251,3339
ES,GOV,PL,0.5263473815344951,0.0,0.5109883665222589,3339
ES,GOV,PRTB,0.3363035232698348,0.0,0.5628447906334059,3339
ES,GOV,PSB,0.107556089529324,0.33504488994606774,0.5171130731370396,3339
ES,GOV,PSD,0.4410237343859437,0.0,0.5320673446134819,3339
ES,GOV,PSTU,0.023208762505077776,0.20382492122906795,0.5943885564703303,3339
ES,GOV,REDE,0.13730409270323837,0.33784555486864004,0.5632255412075458,3339
GO,DF,AGIR,0.1092799047059643,0.3832222090407611,0.5193296575716908,6209
GO,DF,AVANTE,0.4745314315583916,0.0,0.5191415003828614,6209
GO,DF,Branco,0.011870157897295633,0.5019278447532344,0.4718170848371898,6209
GO,DF,CIDADANIA,1.0,0.0,0.5435951054994084,6209
GO,DF,DC,0.1201348540599648,0.4429474968522087,0.44900342738691235,6209
GO,DF,MDB,0.35555096832802746,0.10945593541335585,0.5036706397358259,6209
GO,DF,NOVO,1.0,0.0,0.6806826605864805,6209
GO,DF,Nulo,0.39110527774596404,0.0,0.4423609786125786,6209
GO,DF,PATRIOTA,0.20241843051990774,0.27353382605548027,0.5103587419685557,6209
GO,DF,PC do B,0.0,0.7295270690404604,0.5566278759941198,6209
GO,DF,PCB,0.25601165058558345,0.0,0.6594587442107677,6209
GO,DF,PCO,0.2119914438240194,0.0,0.3665404014059072,6209
GO,DF,PDT,0.2653472792214907,0.08545477263972447,0.5371887320343816,6209
GO,DF,PL,0.30381259811946243,0.14895736099025092,0.5162298884072511,6209
GO,DF,PMN,0.0,0.49344309468296765,0.5042305579343155,6209
GO,DF,PODE,0.2170219920303433,0.22305323733787852,0.517900950567166,6209
GO,DF,PP,0.41425572789884774,0.031052821301870516,0.5074866901563062,6209
GO,DF,PROS,1.0,0.0,0.5392294352568112,6209
GO,DF,PRTB,0.7024170239553675,0.0,0.552701282384834,6209
GO,DF,PSB,0.3120496794492742,0.06675801346974451,0.5405722924181883,6209
GO,DF,PSC,0.3434376289960208,0.1432602227927482,0.5010673465925792,6209
GO,DF,PSD,0.4316663563183655,0.0,0.5624930157427855,6209
GO,DF,PSDB,0.2112991281685119,0.2606543294237079,0.5207463350874204,6209
GO,DF,PSOL,0.3694435848519724,0.0,0.612394926908117,6209
GO,DF,PT,0.07302909274429675,0.2957225065198541,0.5447701551333698,6209
GO,DF,PTB,0.9452819830695259,0.0,0.5621648000623571,6209
GO,DF,PV,0.5226834517654395,0.0,0.5646144492823858,6209
GO,DF,REDE,1.0,0.0,0.6042711472951457,6209
GO,DF,REPUBLICANOS,0.16712559143278094,0.31086832800722336,0.5172888800263861,6209
GO,DF,SOLIDARIEDADE,0.22240922204491462,0.24040855467399644,0.5214257998130267,6209
GO,DF,UNIÃO,0.27002650517939364,0.16875263493865061,0.5072805050208158,6209
GO,DF,UP,0.0,0.052083226319687814,0.5908950543722602,6209
GO,DE,AGIR,0.30375585764351454,0.1259599908554404,0.5257875846872109,6209
GO,DE,AVANTE,0.26457033118504136,0.21265565026503574,0.5173866368124989,6209
GO,DE,Branco,0.010750368741620782,0.4605036681558062,0.46306173787500743,6209
GO,DE,CIDADANIA,0.5137645036705377,0.0,0.5464167450738826,6209
GO,DE,DC,0.9961884802594628,0.0,0.5939190331645587,6209
GO,DE,MDB,0.2853134193336599,0.18642863995279613,0.5102924099272808,6209
GO,DE,NOVO,0.7868508664502694,0.0,0.7376568288120837,6209
GO,DE,Nulo,0.3549462013701054,0.0,0.44234542845978303,6209
GO,DE,PATRIOTA,0.2020655599174133,0.30148149785137957,0.5082074945330718,6209
GO,DE,PC do B,0.0,0.74443580769083,0.4896210754566068,6209
GO,DE,PCB,0.0,0.05249865269693006,0.7406870569903147,6209
GO,DE,PCO,0.0,0.5755647698097994,0.43378487705790125,6209
GO,DE,PDT,0.16245816744201602,0.30293725910157376,0.4964303813075838,6209
GO,DE,PL,0.5252878569633382,0.0,0.5173049045175455,6209
GO,DE,PMB,0.30423110893399996,0.04120388742927728,0.5139836432875496,6209
GO,DE,PMN,0.4319128228804597,0.0,0.5100621498602054,6209
GO,DE,PODE,0.1159944122571393,0.31775976028730996,0.5181902171087268,6209
GO,DE,PP,0.6086161472289482,0.0,0.4963297875973426,6209
GO,DE,PROS,0.9346515976701751,0.0,0.31117168310714516,6209
GO,DE,PRTB,0.2717152903288571,0.2126089614990324,0.5202965197741237,6209
GO,DE,PSB,0.1634792855441044,0.26964686751256267,0.5212902674186873,6209
GO,DE,PSC,0.528731126368468,0.0,0.5079241186316665,6209
GO,DE,PSD,0.16221669748366013,0.2637149705129402,0.5269667142955807,6209
GO,DE,PSDB,0.1916303070752158,0.30326397865516563,0.5123606424863875,6209
GO,DE,PSOL,0.0,0.40064992556243173,0.5649702636541377,6209
GO,DE,PT,0.03228707910834466,0.21985077503379244,0.5495712876047084,6209
GO,DE,PTB,0.3882054905132247,0.11356374192303412,0.5155637657788411,6209
GO,DE,PV,0.3902128855318262,0.0,0.47055936055542963,6209
GO,DE,REDE,0.0,0.43953173373921245,0.5157722764399582,6209
GO,DE,REPUBLICANOS,0.2869370392534688,0.14649532764778567,0.522131514307156,6209
GO,DE,SOLIDARIEDADE,0.2782346437914668,0.21649259328261936,0.51443712557318,6209
GO,DE,UNIÃO,0.2476325614905812,0.16012274152384803,0.5256752245286259,6209
GO,DE,UP,0.0,0.6372004200223309,0.622894368658224,6209
GO,GOV,Branco,0.0,0.7347892783930913,0.44301572036204206,6209
GO,GOV,NOVO,0.9317147317875085,0.0,0.8974893802413437,6209
GO,GOV,Nulo,0.06317374670230769,0.10124137045405462,0.4177571048527037,6209
GO,GOV,PATRIOTA,0.27212571875457275,0.18796244056485872,0.515546069628281,6209
GO,GOV,PCB,0.0,0.0,0.6395456154951149,6209
GO,GOV,PCO,0.0,0.09090916234301112,0.6331701960453383,6209
GO,GOV,PL,0.7624154271401691,0.0,0.5214712353275192,6209
GO,GOV,PSOL,0.0,0.0,0.6748444332159218,6209
GO,GOV,PT,0.0,0.5906435085153195,0.5346266929239092,6209
GO,GOV,UNIÃO,0.2255705430837205,0.14495768509567356,0.5205084542480787,6209
GO,GOV,UP,0.0,0.0,0.6552754039539496,6209
MA,DF,AGIR,1.0,0.0,0.6042636902257812,6814
MA,DF,AVANTE,1.0,0.0,0.7011596838016063,6814
MA,DF,Branco,0.42446974848856506,0.0,0.5212623791346725,6814
MA,DF,CIDADANIA,0.11840274844662912,0.23308368059051374,0.5250921102404994,6814
MA,DF,DC,1.0,0.0,0.6745591468207882,6814
MA,DF,MDB,0.1935846312320486,0.2557020688287195,0.5053056614771533,6814
MA,DF,NOVO,1.0,0.0,1.0,6814
MA,DF,Nulo,0.37413400902209526,0.0,0.4798956438046834,6814
MA,DF,PATRIOTA,0.11574943001958884,0.37435147982096484,0.49584119831035045,6814
MA,DF,PC do B,0.0,0.5179318469359447,0.4870381692638834,6814
MA,DF,PCB,0.0,1.0,0.3028055190114134,6814
MA,DF,PCO,0.0,1.0,0.47409264789541355,6814
MA,DF,PDT,0.046269746314720854,0.40909872382198803,0.5152272298139066,6814
MA,DF,PL,0.08407100743682185,0.4027884681068836,0.4984410940800833,6814
MA,DF,PMB,0.8228383168095816,0.0,0.6616595058745222,6814
MA,DF,PODE,0.0,0.48847309118274995,0.49678599482115005,6814
MA,DF,PP,0.022218203799250224,0.44993412989148857,0.4917623919742957,6814
MA,DF,PROS,0.33732892513320417,0.13809514398520772,0.5668729043184807,6814
MA,DF,PRTB,0.7234579382503548,0.0,0.5484409451099164,6814
MA,DF,PSB,0.22607154766925008,0.17977513061445072,0.52656626738671,6814
MA,DF,PSC,0.2714230532197549,0.1838800027257124,0.5180478133316379,6814
MA,DF,PSD,0.43616262124478905,0.06699421292052865,0.504836525654843,6814
MA,DF,PSDB,0.0,1.0,0.25929911649854737,6814
MA,DF,PSOL,1.0,0.0,0.7228224541006592,6814
MA,DF,PSTU,0.037710482816119086,0.0,0.6668800249655665,6814
MA,DF,PT,0.0,0.4985403097666634,0.4960980339182723,6814
MA,DF,PTB,0.703452591622582,0.0,0.49876204668587226,6814
MA,DF,PV,1.0,0.0,0.6572162895984963,6814
MA,DF,REDE,1.0,0.0,0.6534962906069371,6814
MA,DF,REPUBLICANOS,0.004571991185631446,0.47660958450695434,0.49619777268323983,6814
MA,DF,SOLIDARIEDADE,1.0,0.0,0.7686836946536216,6814
MA,DF,UNIÃO,0.1263772366069148,0.3571355731451823,0.49880236223573804,6814
MA,DE,AGIR,1.0,0.0,0.5480961427973143,6814
MA,DE,Branco,0.22185515526969654,0.12767542636532128,0.5042096550597222,6814
MA,DE,CIDADANIA,0.07264336870887173,0.22212948658853127,0.5513511612465231,6814
MA,DE,DC,1.0,0.0,0.6363815814925553,6814
MA,DE,MDB,0.19642597867018,0.28014349804068567,0.5118815047500083,6814
MA,DE,Nulo,0.04300651847488672,0.1416873988018242,0.4388108368579584,6814
MA,DE,PATRIOTA,0.09535507671048854,0.4055543598610174,0.4993748853533851,6814
MA,DE,PC do B,0.005421766954355523,0.48893941628784554,0.49763006679131183,6814
MA,DE,PCO,0.7102831190239721,0.0,0.3873363327896593,6814
MA,DE,PDT,0.09957754659391219,0.3875928294750068,0.5070870219180492,6814
MA,DE,PL,0.11343438279942981,0.3733813143454932,0.498558058027907,6814
MA,DE,PMB,0.06837744504769819,0.5188055470426024,0.5205552761763954,6814
MA,DE,PODE,0.09805065769652015,0.3720494830488962,0.5066784122125558,6814
MA,DE,PP,0.06814842841763954,0.4010629741432792,0.5028318638283336,6814
MA,DE,PROS,0.298334921445477,0.12781892643030404,0.5130732862372637,6814
MA,DE,PRTB,0.10340499038899985,0.24488415864569035,0.5493662983647019,6814
MA,DE,PSB,0.034461393016950725,0.46393228978974,0.49615617327346057,6814
MA,DE,PSC,0.6182112672783665,0.0,0.5844665030346592,6814
MA,DE,PSD,0.33009177870264494,0.11132488518382457,0.5067801163893697,6814
MA,DE,PSDB,0.08733276611843775,0.3881103920024872,0.48381245987700516,6814
MA,DE,PSOL,0.003007102423045748,0.256589877341978,0.5615568432151133,6814
MA,DE,PSTU,0.0,1.0,0.5067616046689104,6814
MA,DE,PT,0.3853928315293076,0.009512708832323413,0.5288581857034255,6814
MA,DE,PTB,0.0,0.6212805843251527,0.3535873385512489,6814
MA,DE,PV,0.029235203555356002,0.4253298044176904,0.5152361148384462,6814
MA,DE,REDE,0.0,0.3925432991458038,0.6531784869503564,6814
MA,DE,REPUBLICANOS,0.2901044275295022,0.15541536037013168,0.5105077226487396,6814
MA,DE,UNIÃO,0.046117624485336434,0.3351507238156909,0.5223220825685739,6814
MA,GOV,Branco,0.03341790102241654,0.2988072050409755,0.49720392908369887,6814
MA,GOV,DC,1.0,0.0,0.6982153604630678,6814
MA,GOV,Nulo,0.0,0.6900352590201115,0.3954990502930286,6814
MA,GOV,PCB,0.22192654342705348,0.0,0.6012332714856908,6814
MA,GOV,PDT,0.055706977223643844,0.39765999726049034,0.5169929830429689,6814
MA,GOV,PSB,0.01208053371809975,0.43495667485913514,0.5080940313493597,6814
MA,GOV,PSC,0.49458168060362273,0.0,0.522337892820095,6814
MA,GOV,PSD,0.3351216367031455,0.06088443945242232,0.5685652484175753,6814
MA,GOV,PSOL,0.27325176701841236,0.0,0.6595312979891035,6814
MA,GOV,PSTU,0.8539634486912034,0.0,0.8819542667031005,6814
MA,GOV,SOLIDARIEDADE,0.3566276457232372,0.08856663948527174,0.5141318412336374,6814
MG,DF,AGIR,0.0,0.5266481224342318,0.4429147484683493,19668
MG,DF,AVANTE,0.18431331474052806,0.25795383753671497,0.511186822084164,19668
MG,DF,Branco,0.05961677007811883,0.33927220226948773,0.4444599021795034,19668
MG,DF,CIDADANIA,0.05121560271567799,0.3875993576743367,0.5444801213507128,19668
MG,DF,DC,0.5640960625688579,0.0,0.483135338409181,19668
MG,DF,MDB,0.2032062047122516,0.25112665194784095,0.5113594677555596,19668
MG,DF,NOVO,0.582899566245459,0.0,0.6194282928715001,19668
MG,DF,Nulo,0.1355813024772145,0.1747196438599674,0.4640983184320098,19668
MG,DF,PATRIOTA,0.17303591079678585,0.2730819607624642,0.5116267407923248,19668
MG,DF,PC do B,0.0,0.44228983124414467,0.4892879998109663,19668
MG,DF,PCB,0.2948839937273189,0.0,0.5615734808498619,19668
MG,DF,PCO,0.35183295026831923,0.0,0.6207679389756549,19668
MG,DF,PDT,0.09066513997140503,0.2632761067895067,0.5517029880431779,19668
MG,DF,PL,0.5467780208355199,0.0,0.5180762489925933,19668
MG,DF,PMB,0.0,0.24086404141495138,0.35441593072525107,19668
MG,DF,PMN,0.38092599494742396,0.0,0.5088269775106359,19668
MG,DF,PODE,0.20281872012734897,0.2630592994501233,0.5076798676213169,19668
MG,DF,PP,0.19821120649252646,0.26858766480549356,0.5038648472234004,19668
MG,DF,PROS,0.3339166044345489,0.09312508130037403,0.5290653889249337,19668
MG,DF,PRTB,0.29200839343215135,0.20792202137915847,0.5160618769106058,19668
MG,DF,PSB,0.0016894098579962012,0.4604656018999075,0.513479846708683,19668
MG,DF,PSC,0.043242408728225906,0.43975637272122986,0.498359308705061,19668
MG,DF,PSD,0.24516758559270851,0.2136877915710456,0.5150341020760497,19668
MG,DF,PSDB,0.21143463206664298,0.24065188976474838,0.5134903037131338,19668
MG,DF,PSOL,0.006935873351984492,0.290463738296845,0.5892996367174992,19668
MG,DF,PSTU,0.34770761434614866,0.030438010528633437,0.6579568637093616,19668
MG,DF,PT,0.0,0.5500276785245217,0.4974649810970131,19668
MG,DF,PTB,0.06278763533470103,0.3760530755805201,0.5133834083801896,19668
MG,DF,PV,0.166412771535994,0.3020655604159836,0.5189544405754882,19668
MG,DF,REDE,0.0,0.4486999170230878,0.5324722384319341,19668
MG,DF,REPUBLICANOS,0.16940904184427477,0.2575711791603502,0.5077411822877166,19668
MG,DF,SOLIDARIEDADE,0.17185793297735327,0.23497839647003432,0.5373105375133423,19668
MG,DF,UNIÃO,0.20277756354573157,0.24616574494128313,0.5053543059894726,19668
MG,DF,UP,0.012732832127831908,0.5227996751891404,0.6257151498156951,19668
MG,DE,AVANTE,0.286949681043089,0.18558561603508877,0.507240175993755,19668
MG,DE,Branco,0.0,0.417778697608572,0.43898158218783356,19668
MG,DE,CIDADANIA,0.2016024862089838,0.24094949876615565,0.5315033820201184,19668
MG,DE,DC,0.30847388716648655,0.1501107770734413,0.5083331721295085,19668
MG,DE,MDB,0.16253934860299316,0.29196747116023,0.5371139994543767,19668
MG,DE,NOVO,0.35126610231324334,0.004223045002875307,0.5542105684093473,19668
MG,DE,Nulo,0.09317474309180163,0.16689354690322344,0.4597744464897347,19668
MG,DE,PATRIOTA,0.15875731539827062,0.27103710319758356,0.5094820956251348,19668
MG,DE,PC do B,0.27358724893675557,0.18006730681753963,0.4956325929166822,19668
MG,DE,PCB,0.0672901252214799,0.0,0.5538212747787769,19668
MG,DE,PCO,0.21367098062924703,0.0,0.6329160355836524,19668
MG,DE,PDT,0.00826696881979727,0.44952952938921276,0.5089308023284183,19668
MG,DE,PL,0.6035398039773885,0.0,0.5385614488505173,19668
MG,DE,PMB,0.00011657046768838641,0.3164517049638891,0.5128937405014812,19668
MG,DE,PMN,0.13135138997319573,0.3361216626501816,0.5109025689757696,19668
MG,DE,PODE,0.27388495313800476,0.15106579485596736,0.5300517235886344,19668
MG,DE,PP,0.2038139730014027,0.26306693876921466,0.5073027672354266,19668
MG,DE,PROS,0.3326682687114705,0.10453017961547391,0.5232527815968505,19668
MG,DE,PRTB,0.0,0.5368430306760639,0.5264151137683358,19668
MG,DE,PSB,0.3005674812574256,0.16591178550370275,0.5180898073724213,19668
MG,DE,PSC,0.3735395514891408,0.11696000822657167,0.5096774153454111,19668
MG,DE,PSD,0.23095243411526195,0.23009587263008988,0.5079771865814257,19668
MG,DE,PSDB,0.2228352706056118,0.22293149145187469,0.5047661314074732,19668
MG,DE,PSOL,0.07573626004429593,0.0,0.6584181495047051,19668
MG,DE,PSTU,0.03387381175942441,0.3043245177341494,0.6064401497253045,19668
MG,DE,PT,0.0,0.5766126611504243,0.5086874377020465,19668
MG,DE,PTB,0.6838244154796435,0.0,0.5643037886710189,19668
MG,DE,PV,0.22981651049600427,0.21977602587732797,0.5224276028881881,19668
MG,DE,REDE,0.13893370171212452,0.32037264757114003,0.5083087257576411,19668
MG,DE,REPUBLICANOS,0.40659900512130503,0.021181083238120874,0.5189001051910749,19668
MG,DE,SOLIDARIEDADE,0.2583196181934249,0.1698831547012744,0.5025099066952096,19668
MG,DE,UNIÃO,0.22890055042945984,0.2208527101509733,0.5093442650456979,19668
MG,DE,UP,0.6930539959231092,0.0,0.6925249645104061,19668
MG,GOV,Branco,0.0,0.31757887248725175,0.41923076782085167,19668
MG,GOV,NOVO,0.382273217567606,0.059423853848529884,0.5276559131985579,19668
MG,GOV,Nulo,0.0,0.684030641657131,0.39653375046942485,19668
MG,GOV,PCB,0.4091071636758562,0.0822487295523956,0.7003573482370151,19668
MG,GOV,PCO,0.02321269177552531,0.14910059764097916,0.6604116588069109,19668
MG,GOV,PL,0.7467859612764474,0.0,0.497374272259163,19668
MG,GOV,PMB,0.0,0.0,0.5335592417102119,19668
MG,GOV,PSD,0.0,0.3946821373884304,0.5261565265358057,19668
MG,GOV,PSDB,0.0,0.5329760768617926,0.5974861242211494,19668
MG,GOV,PSOL,0.3669940399813807,0.1568160444348682,0.7661528226425008,19668
MG,GOV,PSTU,0.5583728175153129,0.0,0.7914368695252533,19668
MG,GOV,UP,0.3852414323475759,0.09817016444525226,0.728126003140857,19668
MS,DF,AGIR,0.7566893500328645,0.07518537814781039,0.6334514249897392,3053
MS,DF,AVANTE,0.4412184478237319,0.0,0.5826823430763812,3053
MS,DF,Branco,0.006769757014101569,0.4228011157809225,0.45104193505366086,3053
MS,DF,CIDADANIA,0.15317992095921065,0.4688855201826356,0.3382870363198158,3053
MS,DF,DC,0.2909406521667682,0.0,0.6474805957524434,3053
MS,DF,MDB,0.19764279526095133,0.08154316699430911,0.525870852874926,3053
MS,DF,NOVO,0.5982946702728803,0.0,0.685345718548975,3053
MS,DF,Nulo,0.381173507725781,0.0,0.46564785272037623,3053
MS,DF,PC do B,0.0,0.4519868731335824,0.5209406199021832,3053
MS,DF,PCO,0.0,1.0,0.06174677386750995,3053
MS,DF,PDT,0.18962260529057806,0.32807818539204614,0.5264799234983909,3053
MS,DF,PL,0.6879076336055977,0.0,0.5219411725172574,3053
MS,DF,PODE,0.14871701559243708,0.33421225691027756,0.5034404017317866,3053
MS,DF,PP,0.4091714060997939,0.0,0.5351143358595525,3053
MS,DF,PROS,0.957276734330392,0.0,0.6476207319354957,3053
MS,DF,PRTB,0.6998140375147432,0.0,0.5433836819265496,3053
MS,DF,PSB,0.21582756305759476,0.0,0.4714217378271602,3053
MS,DF,PSD,0.19144629140113525,0.2371805514319722,0.5302042480856889,3053
MS,DF,PSDB,0.13486382034938585,0.29644487870130204,0.506917394107262,3053
MS,DF,PSOL,0.0,0.0,0.5565225783483819,3053
MS,DF,PT,0.0,0.505859667320373,0.49857738019224096,3053
MS,DF,PTB,0.06615665303121608,0.3629301821441602,0.5533063145487325,3053
MS,DF,PV,0.39125374305667027,0.13134462116383586,0.5220316965086296,3053
MS,DF,REDE,0.3055135054546089,0.0,0.6532528784133781,3053
MS,DF,REPUBLICANOS,0.3288938719503846,0.002796259307934923,0.544589853331825,3053
MS,DF,SOLIDARIEDADE,0.39846960244895213,0.0,0.5509965463973768,3053
MS,DF,UNIÃO,0.3977515786808708,0.0,0.5621508810538651,3053
MS,DE,AGIR,0.5146413964596497,0.0,0.5391517594449262,3053
MS,DE,AVANTE,0.0,0.9040884828145981,0.5680302807358741,3053
MS,DE,Branco,0.029616931407730807,0.43395262511523014,0.46601479153106967,3053
MS,DE,CIDADANIA,0.06790671726659889,0.2859221131158495,0.5153713295965086,3053
MS,DE,DC,0.0,1.0,0.4729830724721165,3053
MS,DE,MDB,0.2854425222191749,0.0,0.5460448443007928,3053
MS,DE,Nulo,0.32020394812889585,0.0,0.4569792214188538,3053
MS,DE,PATRIOTA,0.3354758130366906,0.0651998063906357,0.5043818207296316,3053
MS,DE,PC do B,0.0,0.25309284050410963,0.6028947317538963,3053
MS,DE,PDT,0.18777754494574694,0.3345349729547745,0.49711152230713546,3053
MS,DE,PL,0.5204681561296085,0.0,0.5311930913674638,3053
MS,DE,PODE,0.2515481924235928,0.22695991781114078,0.5217520045312961,3053
MS,DE,PP,0.15835979048709545,0.3310331122204915,0.5071396091331805,3053
MS,DE,PROS,0.39272828129564635,0.0,0.5594575697940753,3053
MS,DE,PRTB,0.9460872941209512,0.0,0.5407476061124126,3053
MS,DE,PSB,0.4820012658991673,0.0,0.55098637907366,3053
MS,DE,PSD,0.17915334818241807,0.183235447345355,0.5249783305275038,3053
MS,DE,PSDB,0.2811247417791066,0.07800761131913264,0.5120820444453257,3053
MS,DE,PSOL,0.0,0.5515918565640769,0.5087068014427211,3053
MS,DE,PT,0.0,0.5911486372168506,0.4919828318518187,3053
MS,DE,PTB,0.05921675587001799,0.2970423013798574,0.5285662197646925,3053
MS,DE,PV,0.09801688728592874,0.04225673823670657,0.5985407109930129,3053
MS,DE,REDE,0.7435669919416801,0.0,0.7317316095991003,3053
MS,DE,REPUBLICANOS,0.30881161148956804,0.08678590135385963,0.5405740880783481,3053
MS,DE,SOLIDARIEDADE,0.622644834664518,0.0,0.5924968064315901,3053
MS,DE,UNIÃO,0.26139168278638836,0.16394702449048237,0.5183517976525309,3053
MS,GOV,Branco,0.0,0.4246954026825756,0.40931547536238533,3053
MS,GOV,MDB,0.19559993670631026,0.23083075545469567,0.5249087348534627,3053
MS,GOV,Nulo,0.10643567201946169,0.024319874952737713,0.40015590431581805,3053
MS,GOV,PCO,0.0,0.556477735235491,0.46702511232789873,3053
MS,GOV,PRTB,0.66436886403586,0.0,0.5345705545991544,3053
MS,GOV,PSD,0.2375637151609425,0.0868727991263336,0.542212991707032,3053
MS,GOV,PSDB,0.19122229307868327,0.1267485077965971,0.5186595994444546,3053
MS,GOV,PSOL,0.1346750480785486,0.0,0.7116288998428812,3053
MS,GOV,PT,0.0,0.6508819080340618,0.4947855595770883,3053
MS,GOV,UNIÃO,0.08796697464821474,0.3833459281703985,0.5207749536951669,3053
MT,DF,AGIR,0.0,0.7859726004784862,0.5065124652854858,3322
MT,DF,Branco,0.03221431611638448,0.20936496106904168,0.45198253911449293,3322
MT,DF,CIDADANIA,0.803743791943341,0.0,0.5786716691660004,3322
MT,DF,DC,1.0,0.0,0.3912222150671595,3322
MT,DF,MDB,0.17674438448218316,0.30923100170613704,0.5087327131300942,3322
MT,DF,NOVO,0.6620223539362151,0.0,0.6972596754118963,3322
MT,DF,Nulo,0.28095280429830854,0.0,0.46694262669720227,3322
MT,DF,PATRIOTA,0.32355866568769953,0.1107633457223314,0.5005124855732141,3322
MT,DF,PC do B,0.0,0.7710854124644954,0.46061690769214036,3322
MT,DF,PDT,0.03084862136282022,0.0,0.4967026908215804,3322
MT,DF,PL,0.5453281613459576,0.0,0.5129307401292117,3322
MT,DF,PODE,0.0553212491594074,0.44175447841706966,0.5081559804738884,3322
MT,DF,PP,0.0,1.0,0.4074158535570607,3322
MT,DF,PROS,0.3122467452211498,0.16044743977136386,0.5092520321784909,3322
MT,DF,PSB,0.10714944618953057,0.35842840537985676,0.49896360910312004,3322
MT,DF,PSD,0.04979296186790267,0.4238208646473062,0.49818057885338574,3322
MT,DF,PSDB,0.3938711508157795,0.027327270539863984,0.5111354117766592,3322
MT,DF,PSOL,0.0,0.40933101496945246,0.5911805676893005,3322
MT,DF,PT,0.0,0.53765380029357,0.508364915597105,3322
MT,DF,PTB,0.6576956107254632,0.0,0.5133102374840582,3322
MT,DF,PV,0.164576679308836,0.0,0.5760431303367654,3322
MT,DF,REDE,0.9059222418687618,0.0,0.47450267104807864,3322
MT,DF,REPUBLICANOS,0.47258903662145707,0.0,0.5520666789868203,3322
MT,DF,SOLIDARIEDADE,0.0,0.9824722608409386,0.46538297907045645,3322
MT,DF,UNIÃO,0.25071657062204256,0.17690265099028468,0.5168994601770156,3322
MT,DE,AGIR,0.0,0.5356049194093315,0.5246054121391208,3322
MT,DE,Branco,0.23311618087606065,0.06987903057529854,0.45670893118836453,3322
MT,DE,CIDADANIA,0.12126215193244427,0.2438355807248847,0.5123013180965696,3322
MT,DE,DC,1.0,0.0,0.5554837564633497,3322
MT,DE,MDB,0.2504052700010457,0.20662403524334136,0.5164220833609199,3322
MT,DE,Nulo,0.3713209962448992,0.0,0.45726256542174215,3322
MT,DE,PATRIOTA,0.14393182797272328,0.05811245301876136,0.5323922566962009,3322
MT,DE,PC do B,0.0,1.0,0.4383725854052927,3322
MT,DE,PDT,0.0,0.8557707098399902,0.4572688577279893,3322
MT,DE,PL,0.3887761815000883,0.0668799716127883,0.5105146745089734,3322
MT,DE,PODE,0.6407189121976354,0.0,0.5061476632223788,3322
MT,DE,PP,0.049023797242091535,0.2731243088519472,0.4948169765738263,3322
MT,DE,PSB,0.2645598145810488,0.2415205097095106,0.5048093026605412,3322
MT,DE,PSD,0.20179584409527984,0.3023914758113731,0.5067103036000515,3322
MT,DE,PSDB,0.3528350159013814,0.08791417200043555,0.4931765775407731,3322
MT,DE,PSOL,0.0,0.46184368279888816,0.5442380124324954,3322
MT,DE,PT,0.0,0.3435611397485543,0.5298710317829729,3322
MT,DE,PTB,0.4870632637196359,0.026395710077017645,0.5127290885251901,3322
MT,DE,PV,0.052008495094652815,0.2044620750773129,0.5628504370500795,3322
MT,DE,REDE,0.5225122056747589,0.0,0.3307494021647077,3322
MT,DE,REPUBLICANOS,0.8479779018319982,0.0,0.5813876272353646,3322
MT,DE,UNIÃO,0.14546915033941127,0.34609269400217324,0.5077921608962981,3322
MT,GOV,Branco,0.14884263625493868,0.0,0.4682648530623279,3322
MT,GOV,Nulo,0.0,0.6911108025856045,0.44515505883453776,3322
MT,GOV,PSOL,1.0,0.0,0.7377350631220828,3322
MT,GOV,PTB,0.7411772930698077,0.0,0.5067856383712261,3322
MT,GOV,PV,0.0,0.5331055084380942,0.5145522528570519,3322
MT,GOV,UNIÃO,0.33131576895275217,0.07293097115645725,0.5194097301260657,3322
PA,DF,AGIR,0.4710271676171785,0.0,0.6291782126522996,7787
PA,DF,AVANTE,0.9308544884661106,0.0,0.4773184425541217,7787
PA,DF,Branco,0.3739209580578229,0.0,0.48838039983589954,7787
PA,DF,CIDADANIA,0.019726976639769352,0.22848894858326058,0.5204730550076986,7787
PA,DF,MDB,0.10766305454332852,0.36126878535279794,0.5137570587696985,7787
PA,DF,Nulo,0.3426351952549929,0.0,0.47611285202420384,7787
PA,DF,PATRIOTA,0.0,0.5816271337707446,0.524321659091111,7787
PA,DF,PC do B,0.07472066652073009,0.37143755625276687,0.5422474807717947,7787
PA,DF,PDT,0.1038024570533587,0.3655316456684855,0.5206147339918347,7787
PA,DF,PL,0.6730934647064568,0.0,0.5135447070518459,7787
PA,DF,PMB,0.5779257055444216,0.0,0.5294826559151238,7787
PA,DF,PODE,0.3329165103711593,0.0,0.5463175097721721,7787
PA,DF,PP,0.05662815732042185,0.4345505694587001,0.5110238301227735,7787
PA,DF,PROS,0.12854473179056755,0.1926542510481705,0.5421331009683478,7787
PA,DF,PRTB,1.0,0.0,0.5059426338948857,7787
PA,DF,PSB,0.14980452276929357,0.31293649956452246,0.5181200642826537,7787
PA,DF,PSC,0.5190090243237319,0.0,0.5281506399208449,7787
PA,DF,PSD,0.15767691728005825,0.3237198480974552,0.5106237669903195,7787
PA,DF,PSDB,0.08607615497768942,0.37307963743744565,0.5067201485732968,7787
PA,DF,PSOL,0.0,0.3414418688894133,0.5584664633925442,7787
PA,DF,PSTU,0.0,0.21383142841405725,0.612473833099231,7787
PA,DF,PT,0.000305334102891075,0.49378732712813445,0.49772194041711065,7787
PA,DF,PTB,0.2659477525651277,0.15175860771209437,0.5275320428473105,7787
PA,DF,PV,0.06739343696048006,0.40982382072382023,0.536168872388254,7787
PA,DF,REDE,0.0,0.0,0.5702092836152359,7787
PA,DF,REPUBLICANOS,0.2838592658509323,0.1028976671896518,0.5478319276646328,7787
PA,DF,SOLIDARIEDADE,0.4162679444173692,0.0,0.6521961642441749,7787
PA,DF,UNIÃO,0.07785660442614117,0.4117945071947466,0.5137267858098602,7787
PA,DE,AGIR,0.7156943351492654,0.0,0.5810826876543145,7787
PA,DE,AVANTE,0.33648324645714434,0.05758671378901024,0.53625917991447,7787
PA,DE,Branco,0.39912097778229333,0.0,0.5051139862167929,7787
PA,DE,CIDADANIA,0.0,0.5151455161989411,0.5014489547169536,7787
PA,DE,DC,0.48016293093292434,0.0,0.5971900096611271,7787
PA,DE,MDB,0.1182886129260425,0.3391939767067681,0.5104169816647173,7787
PA,DE,Nulo,0.4364220323338646,0.0,0.48564277166887715,7787
PA,DE,PATRIOTA,0.0,1.0,0.30564217517279124,7787
PA,DE,PC do B,0.10177210907194464,0.39327377294371774,0.5276590880188771,7787
PA,DE,PDT,0.028172901639517554,0.45459274090198354,0.5137224151252577,7787
PA,DE,PL,0.762023904902103,0.0,0.5273989981280562,7787
PA,DE,PMB,0.7840008336373812,0.0,0.5827379628298485,7787
PA,DE,PODE,0.17243169387166082,0.25509762728396196,0.5280700425564365,7787
PA,DE,PP,0.09090160585252144,0.3922242105142443,0.5110226934558018,7787
PA,DE,PROS,0.6291155947740931,0.0,0.6170625187335185,7787
PA,DE,PRTB,1.0,0.0,0.58875830208583,7787
PA,DE,PSB,0.06747049528078673,0.4181595687873156,0.5245566404149892,7787
PA,DE,PSC,0.41400750773326744,0.0,0.5043553224793974,7787
PA,DE,PSD,0.11241598367243787,0.3784153164557658,0.512919802158162,7787
PA,DE,PSDB,0.0775593065884237,0.41646512259460156,0.5168250948433994,7787
PA,DE,PSOL,0.1499987669978098,0.0,0.5783496286832805,7787
PA,DE,PSTU,0.0,0.8494903884986654,0.5898454980230609,7787
PA,DE,PT,0.0207860861861692,0.4599755191342515,0.5025555085155688,7787
PA,DE,PTB,0.2954543014417743,0.09774642526279283,0.5294759906459968,7787
PA,DE,PV,0.0,0.39683474996507423,0.6669648749806957,7787
PA,DE,REDE,0.3132052052688327,0.027878739772760668,0.5610940226318937,7787
PA,DE,REPUBLICANOS,0.36610964363528214,0.04516856057455764,0.5167550051584775,7787
PA,DE,SOLIDARIEDADE,0.6953072606150684,0.0,0.5799322162800684,7787
PA,DE,UNIÃO,0.13411281357762717,0.34295271746840594,0.5122614969426237,7787
PA,DE,UP,0.0,0.0,0.7476180549154535,7787
PA,GOV,AGIR,0.9801063515703906,0.0,0.6639298093125446,7787
PA,GOV,Branco,0.6207563386445868,0.0,0.496981456080389,7787
PA,GOV,MDB,0.06586527228879391,0.35794481342670026,0.5170009532588984,7787
PA,GOV,Nulo,0.0,0.6175138608858857,0.4592901602829507,7787
PA,GOV,PL,0.5640640035966784,0.0,0.5150423828779844,7787
PA,GOV,PMB,1.0,0.0,0.8092951339839428,7787
PA,GOV,PRTB,0.9043099470856302,0.0,0.7003880036457205,7787
PA,GOV,PSOL,0.403802211029468,0.0,0.6318750508638681,7787
PA,GOV,PSTU,1.0,0.0,0.7549720688943389,7787
PA,GOV,SOLIDARIEDADE,1.0,0.0,0.7139148909922957,7787
PB,DF,AGIR,1.0,0.0,0.5462906638484687,4521
PB,DF,AVANTE,0.5049571672570365,0.0,0.4975869503492325,4521
PB,DF,Branco,0.0,0.6430657756621767,0.4202511521052267,4521
PB,DF,CIDADANIA,0.0,1.0,0.019151082056591905,4521
PB,DF,DC,0.10558171495918744,0.35431397179155233,0.7373189363606587,4521
PB,DF,MDB,0.19613512606375844,0.20219118961183052,0.5243225705922908,4521
PB,DF,Nulo,0.3927557455666657,0.0,0.45509880353941895,4521
PB,DF,PATRIOTA,0.8451317495955342,0.0,0.5502855507605049,4521
PB,DF,PC do B,0.7906303513378364,0.0,0.4798720931019949,4521
PB,DF,PCO,0.0,1.0,0.43288849750750846,4521
PB,DF,PDT,0.0,1.0,0.3333747810664862,4521
PB,DF,PL,0.4309892885806977,0.030880644240227406,0.5300657433076186,4521
PB,DF,PMB,1.0,0.0,0.5697991333671344,4521
PB,DF,PODE,0.19944128412154227,0.081366976011367,0.5871447030672053,4521
PB,DF,PP,0.18433145156702543,0.24949037975207888,0.5026365355051777,4521
PB,DF,PROS,0.27028231979158474,0.0,0.43212285386771987,4521
PB,DF,PRTB,0.6704072572493662,0.0,0.5218424000598261,4521
PB,DF,PSB,0.027296087176767892,0.4385318322313055,0.5006616414649602,4521
PB,DF,PSC,0.2008258378637609,0.2340496307199324,0.5130202618707976,4521
PB,DF,PSDB,0.5768761564224208,0.0,0.4779305086709803,4521
PB,DF,PSOL,1.0,0.0,0.7717433953680941,4521
PB,DF,PT,0.14114656542200044,0.2741365147391729,0.5556852351126501,4521
PB,DF,PTB,0.2743340400032368,0.20039441065089894,0.4915974904180785,4521
PB,DF,PV,0.2659395270386961,0.0,0.503097049063024,4521
PB,DF,REDE,0.6728536617475003,0.0,0.6199559557895902,4521
PB,DF,REPUBLICANOS,0.0007161449237088613,0.463951927821305,0.4986984242121232,4521
PB,DF,SOLIDARIEDADE,0.0,0.40289470207408334,0.46627726637459843,4521
PB,DF,UNIÃO,0.18215645861363863,0.272423670878408,0.5106341849004268,4521
PB,DF,UP,1.0,0.0,0.7794162741973423,4521
PB,DE,AGIR,0.19964947954426274,0.18421603439930495,0.4829449208187812,4521
PB,DE,Branco,0.0,0.5646236488513316,0.43158050550067517,4521
PB,DE,CIDADANIA,0.0,0.36611618328512097,0.10756189833778326,4521
PB,DE,DC,1.0,0.0,0.700937048566212,4521
PB,DE,MDB,0.22212057576540145,0.23997875251079315,0.5281031292324888,4521
PB,DE,Nulo,0.33886622252706095,0.0,0.43652043996398604,4521
PB,DE,PC do B,0.10352904317166839,0.28779130597677044,0.5192729251189837,4521
PB,DE,PDT,0.0,0.532277917672527,0.4274467085856074,4521
PB,DE,PL,0.4928333430410824,0.0,0.538293511044705,4521
PB,DE,PMB,1.0,0.0,0.5473077165475294,4521
PB,DE,PP,0.17128136036897312,0.2886912195272438,0.5001485726356281,4521
PB,DE,PROS,0.0,0.9083314790849262,0.3080240814267155,4521
PB,DE,PRTB,1.0,0.0,0.6707620708364348,4521
PB,DE,PSB,0.0974684390121964,0.3658961513852318,0.5055345003184856,4521
PB,DE,PSD,0.3099282851277231,0.1423762868674253,0.5085825188958213,4521
PB,DE,PSDB,0.09822033678861913,0.358564509455598,0.5006774391355736,4521
PB,DE,PSOL,0.7757122332450151,0.0,0.7310490204008924,4521
PB,DE,PT,0.09452054076376469,0.25379859006718086,0.5308733457058172,4521
PB,DE,PTB,0.626635209385587,0.0,0.5129270531820882,4521
PB,DE,PV,0.0,1.0,0.24281926776266854,4521
PB,DE,REDE,0.27619878887464366,0.14017967957977512,0.5280002449524432,4521
PB,DE,REPUBLICANOS,0.022938558515715968,0.46185368105079105,0.4973814531063804,4521
PB,DE,SOLIDARIEDADE,0.13738498237246982,0.3380317435482583,0.4974544166749023,4521
PB,DE,UNIÃO,0.16469507731387584,0.2945499747451914,0.5062689403112911,4521
PB,GOV,Branco,0.0,0.5340948806895014,0.4217564297868032,4521
PB,GOV,MDB,0.01737732094054793,0.39492061660829547,0.522259778461627,4521
PB,GOV,Nulo,0.0,0.6395372529457894,0.3671447950564354,4521
PB,GOV,PCO,0.5453809626051757,0.0,0.8637924869150829,4521
PB,GOV,PL,0.5307431176648562,0.0,0.5286507909512483,4521
PB,GOV,PRTB,1.0,0.0,0.6880650648725146,4521
PB,GOV,PSB,0.03573208718312404,0.4090146833219549,0.5146357554304783,4521
PB,GOV,PSDB,0.23466942173505045,0.14788808945788368,0.5193954082622821,4521
PB,GOV,PSOL,0.9678686734213237,0.0,0.7194299917509811,4521
PB,GOV,PSTU,0.0,0.0,0.5240774064773239,4521
PE,DF,AGIR,0.0,0.44410484767743286,0.5583634617221324,8301
PE,DF,AVANTE,0.19855257346304594,0.33037264925973053,0.49521392546423226,8301
PE,DF,Branco,0.0,0.4413487901465187,0.45807450302066216,8301
PE,DF,CIDADANIA,0.30575004930484206,0.10370040975320166,0.5605100107427238,8301
PE,DF,DC,0.0,0.44568839488310535,0.5426168503981716,8301
PE,DF,MDB,0.01393884319886453,0.42977796866973855,0.4973907738008227,8301
PE,DF,NOVO,0.8937226128559005,0.0,0.78730554509678,8301
PE,DF,Nulo,0.08988740188769095,0.30105109580666173,0.441502150930612,8301
PE,DF,PATRIOTA,0.5943267161346988,0.0,0.5135022155593969,8301
PE,DF,PC do B,0.0,0.6754862192187879,0.44017390789669647,8301
PE,DF,PCB,0.0,0.6394287655571143,0.6563049182624814,8301
PE,DF,PCO,0.0,1.0,0.4384667141875243,8301
PE,DF,PDT,0.14725393005723034,0.2736349471142317,0.5339147148503722,8301
PE,DF,PL,0.5878196019362213,0.0,0.5153326564238495,8301
PE,DF,PMB,0.0,0.6999224445926289,0.3969329328699533,8301
PE,DF,PMN,0.24921359082322758,0.2220869130674389,0.48153625788401627,8301
PE,DF,PODE,0.0,0.4711549024910705,0.5095742236791608,8301
PE,DF,PP,0.3344548582510386,0.07044467060842569,0.49669239078640354,8301
PE,DF,PROS,0.09308108665654778,0.49687022299251854,0.40818444899912243,8301
PE,DF,PRTB,0.2556603398598786,0.16071309579686655,0.5267174295545786,8301
PE,DF,PSB,0.08537429689103444,0.42488908207823783,0.4897607596928703,8301
PE,DF,PSC,0.5506454341529748,0.0,0.5169640256699303,8301
PE,DF,PSD,0.20774425174481342,0.05514942192866483,0.5374904336068427,8301
PE,DF,PSDB,0.5346404351651262,0.0,0.592698843492808,8301
PE,DF,PSOL,0.11894294566923003,0.23583787904572334,0.5726418136481314,8301
PE,DF,PSTU,0.43232898830548433,0.0,0.5084922192636098,8301
PE,DF,PT,0.0,0.41430736338288227,0.4999507890770618,8301
PE,DF,PTB,0.0,0.10131805792694622,0.4882651422206007,8301
PE,DF,PV,0.0,0.4988209178970945,0.493624641078938,8301
PE,DF,REDE,0.17992544143354072,0.2833918759990088,0.5648929735757613,8301
PE,DF,REPUBLICANOS,0.14102220474871796,0.34483296196929186,0.49816533338906804,8301
PE,DF,SOLIDARIEDADE,0.0,0.7474573711570156,0.4886208558727684,8301
PE,DF,UNIÃO,0.11802717161386889,0.25455114265489304,0.5174909733632201,8301
PE,DF,UP,0.357813694579681,0.24415047454438593,0.5761462973400466,8301
PE,DE,AGIR,0.0,1.0,0.4661290306988373,8301
PE,DE,AVANTE,0.5404604405372971,0.0,0.5498702573091983,8301
PE,DE,Branco,0.06637305140518923,0.3480592724997209,0.4577347046580823,8301
PE,DE,CIDADANIA,0.46835231564878876,0.0,0.5877168311284489,8301
PE,DE,DC,0.0,1.0,0.4210989817026942,8301
PE,DE,Nulo,0.14071732183586458,0.21335773208572373,0.4379007970728622,8301
PE,DE,PATRIOTA,0.15780879562295286,0.32018386910176766,0.5018567199100012,8301
PE,DE,PC do B,0.0,0.44203480780658777,0.49971514936205635,8301
PE,DE,PCB,0.0,0.4449419638093364,0.6961184395106618,8301
PE,DE,PCO,0.0,1.0,0.4148905614596764,8301
PE,DE,PDT,0.49708471632906714,0.0,0.5870534625536599,8301
PE,DE,PL,0.5587419920006046,0.0,0.52400023758879,8301
PE,DE,PMB,0.4314262668215051,0.08805407221658283,0.5122157347193337,8301
PE,DE,PMN,0.8383387570163263,0.0,0.5330266581838747,8301
PE,DE,PP,0.18841707436940228,0.2914276974352265,0.49992183463880135,8301
PE,DE,PROS,1.0,0.0,0.6287364643786334,8301
PE,DE,PRTB,0.2904171531018008,0.19623969981849215,0.502137628646708,8301
PE,DE,PSB,0.18464031753745433,0.29620413127722484,0.4953680397181276,8301
PE,DE,PSD,0.0,1.0,0.32140200822265685,8301
PE,DE,PSDB,0.2873299175351709,0.11560025411241279,0.5502325477255892,8301
PE,DE,PSOL,0.11678014599151798,0.2563918383572271,0.620372168086888,8301
PE,DE,PSTU,0.299256829708682,0.0,0.49907134466681674,8301
PE,DE,PT,0.0,0.4729243681442683,0.49497525675345183,8301
PE,DE,PTB,0.3637688080389042,0.0,0.495092982655218,8301
PE,DE,PV,0.17282688005562322,0.2997225327826521,0.504322919742072,8301
PE,DE,REDE,0.33643055256212906,0.010300574121538886,0.6043174595456696,8301
PE,DE,REPUBLICANOS,0.11640895565558312,0.37192934801214705,0.49847722547137807,8301
PE,DE,SOLIDARIEDADE,0.0022398915484815873,0.48401303278074265,0.5007905887734008,8301
PE,DE,UNIÃO,0.06513892244279762,0.4163389871867438,0.5058721031836902,8301
PE,DE,UP,0.25288804314330227,0.27713702284906744,0.5924942598422893,8301
PE,GOV,Branco,0.0,0.47170407024961786,0.4257208919740917,8301
PE,GOV,Nulo,0.0,0.44429849944319977,0.39977612041411237,8301
PE,GOV,PCB,0.0022334230376040956,0.4631498655710071,0.5851845958582899,8301
PE,GOV,PCO,0.0,0.6712369486949168,0.577168888500533,8301
PE,GOV,PL,0.512086261468663,0.0,0.511591077397803,8301
PE,GOV,PMB,0.0721153021862795,0.4856141959190286,0.5120352758218722,8301
PE,GOV,PSB,0.0,0.42592195211176304,0.5012395266265488,8301
PE,GOV,PSDB,0.22314771885832385,0.189743153956339,0.5444662583785576,8301
PE,GOV,PSOL,0.298577964196501,0.1617754810415494,0.646891220406773,8301
PE,GOV,PSTU,0.2006524735958822,0.10275232470005305,0.602548212397232,8301
PE,GOV,PTB,0.4962469101734389,0.0,0.4724565485899868,8301
PE,GOV,SOLIDARIEDADE,0.0,0.5845871714924444,0.49621447873765046,8301
PE,GOV,UNIÃO,0.24848992635912118,0.1685926886399189,0.5193079650560939,8301
PI,DF,AGIR,0.056490619640897716,0.7812212001800783,0.46952499033682016,3741
PI,DF,Branco,0.18648643354591277,0.14262212257169038,0.4896253720643198,3741
PI,DF,CIDADANIA,0.09140673571199023,0.29993187720197434,0.522827384181996,3741
PI,DF,NOVO,1.0,0.0,0.7472265287876817,3741
PI,DF,Nulo,0.1489574341063242,0.028403633006568507,0.4585314368740342,3741
PI,DF,PATRIOTA,0.17206626531306177,0.0,0.5452190497811911,3741
PI,DF,PC do B,0.0,1.0,0.4461736642213809,3741
PI,DF,PCB,0.4118929058736347,0.0,0.5142497681757113,3741
PI,DF,PCO,1.0,0.0,0.9853198820340158,3741
PI,DF,PDT,0.0,0.40848955319863317,0.481179581518683,3741
PI,DF,PL,0.928396048450027,0.0,0.5843729838792631,3741
PI,DF,PMN,0.1502056229162318,0.0,0.520383273009966,3741
PI,DF,PODE,0.9477574390413762,0.0,0.6427835404264234,3741
PI,DF,PP,0.1283511853076427,0.331396025702739,0.5069041081257852,3741
PI,DF,PSC,0.15147154883323508,0.0,0.5971238694600126,3741
PI,DF,PSD,0.042771134733550674,0.457258996983654,0.5009987613855478,3741
PI,DF,PSDB,0.0,0.5964020557328021,0.3986675428366004,3741
PI,DF,PSOL,0.9341996358330671,0.0,0.7183095789901541,3741
PI,DF,PSTU,0.6889167039129602,0.0,0.7802051326395173,3741
PI,DF,PT,0.0199273299285299,0.48244051895010875,0.5011449581522104,3741
PI,DF,PTB,0.37127108826951755,0.0,0.558946413403932,3741
PI,DF,PV,0.04959076364641341,0.47004616961318363,0.5017034633338744,3741
PI,DF,REDE,0.18809008030937086,0.0,0.44966900847341246,3741
PI,DF,REPUBLICANOS,0.022989515998919657,0.34064887585265935,0.5186746299610219,3741
PI,DF,SOLIDARIEDADE,0.0029778817548077874,0.4577049476355931,0.5054255726174814,3741
PI,DF,UNIÃO,0.4352294301366932,0.0,0.5350331852354647,3741
PI,DF,UP,0.03018685137479728,0.0,0.5675075715066602,3741
PI,DE,AGIR,0.0,0.5411147273255229,0.5549425608901838,3741
PI,DE,Branco,0.25572072552596425,0.0,0.5015519964522088,3741
PI,DE,MDB,0.04578546498926825,0.45038511563112593,0.5037067574439404,3741
PI,DE,NOVO,1.0,0.0,0.65027044661208,3741
PI,DE,Nulo,0.15689923760111915,0.0,0.42635102416254306,3741
PI,DE,PATRIOTA,0.587189839274919,0.0,0.6973147186213524,3741
PI,DE,PC do B,0.0,0.593284545235536,0.49328488386389,3741
PI,DE,PCO,0.3760535679517999,0.0,0.6725622986043011,3741
PI,DE,PDT,0.01711325710759809,0.0,0.522185680130018,3741
PI,DE,PL,1.0,0.0,0.5951448078676902,3741
PI,DE,PP,0.1489780714407376,0.3166876373772892,0.5091406434016946,3741
PI,DE,PSOL,0.3418766548409566,0.0,0.6354429435936351,3741
PI,DE,PSTU,0.40063155831901975,0.0,0.6672819422813548,3741
PI,DE,PT,0.026483158943661392,0.4796499544715519,0.5018569300970132,3741
PI,DE,PV,0.03368853009886435,0.10856526131179817,0.5288832570330405,3741
PI,DE,REDE,0.0,0.6932539832050684,0.3474849520431984,3741
PI,DE,REPUBLICANOS,0.07674640044262568,0.3248490627115457,0.5131407364189081,3741
PI,DE,SOLIDARIEDADE,0.01651252919245379,0.4374633905579128,0.5102780073352182,3741
PI,GOV,Branco,0.0,0.27279602427100474,0.4593431250115998,3741
PI,GOV,Nulo,0.0,0.5063994670059438,0.3914071550284468,3741
PI,GOV,PATRIOTA,0.9323422495957068,0.0,0.707744380882247,3741
PI,GOV,PCO,1.0,0.0,0.7721376174275397,3741
PI,GOV,PL,0.7044057997705477,0.0,0.5134099121003061,3741
PI,GOV,PMN,0.0,0.0,0.6009447429907343,3741
PI,GOV,PSC,0.3932424889173342,0.0,0.6361035693447664,3741
PI,GOV,PSOL,1.0,0.0,0.813555824301641,3741
PI,GOV,PSTU,1.0,0.0,0.9298705993972928,3741
PI,GOV,PT,0.0,0.5438182664355095,0.495961315577517,3741
PI,GOV,UNIÃO,0.24392241927926206,0.1503263609737686,0.531884398119253,3741
PR,DF,AGIR,0.4209500222300867,0.0,0.5012437621503766,10421
PR,DF,Branco,0.06590822824567133,0.29527182740860963,0.45614396196219364,10421
PR,DF,CIDADANIA,0.2168598608941172,0.24472290867441115,0.5161353437451031,10421
PR,DF,DC,0.5769382107683202,0.0,0.5291263546294706,10421
PR,DF,MDB,0.2461549543633584,0.15450243118471343,0.5091728279717137,10421
PR,DF,NOVO,0.32116934652723045,0.0,0.7032053580692389,10421
PR,DF,Nulo,0.4712678106436585,0.0,0.476247999103931,10421
PR,DF,PATRIOTA,0.5918555543184597,0.0,0.5334605556513192,10421
PR,DF,PC do B,0.0,0.0,0.6392547755106286,10421
PR,DF,PCB,0.0,0.0,0.7492045628098535,10421
PR,DF,PCO,0.0,1.0,0.6855270775389447,10421
PR,DF,PDT,0.30766927728691973,0.0,0.5726527451521133,10421
PR,DF,PL,0.4850983960955542,0.0,0.5115499428572692,10421
PR,DF,PMB,0.6879450575400303,0.0,0.5503552188223039,10421
PR,DF,PMN,0.28378948816143473,0.05722793990018307,0.5006884124984154,10421
PR,DF,PODE,0.45870992714707265,0.0,0.5802155900201469,10421
PR,DF,PP,0.3210889570667659,0.1390499190429912,0.5076819190078214,10421
PR,DF,PROS,0.21309134018017564,0.27429576234929687,0.5057296694066804,10421
PR,DF,PRTB,0.30405222406265087,0.0,0.44467590809722307,10421
PR,DF,PSB,0.33029950489190774,0.1541248979990681,0.5142509720356232,10421
PR,DF,PSC,0.9387126231520686,0.0,0.49663436500987534,10421
PR,DF,PSD,0.2783878442756831,0.19126821181755088,0.5061954053382133,10421
PR,DF,PSDB,0.2993669031378191,0.12873577885187582,0.5327484063389998,10421
PR,DF,PSOL,0.0,0.0,0.6841162737120702,10421
PR,DF,PSTU,0.0,0.0,0.5913556234339498,10421
PR,DF,PT,0.0,0.5379225996751198,0.5148092396861945,10421
PR,DF,PTB,0.9564302395538068,0.0,0.6056949146600554,10421
PR,DF,PV,0.1793869192756839,0.29971541539159496,0.5135187888897979,10421
PR,DF,REDE,0.39904309802757904,0.03569229470951499,0.5318648289496399,10421
PR,DF,REPUBLICANOS,0.2099034608343902,0.23382602864480365,0.5025828178354355,10421
PR,DF,SOLIDARIEDADE,0.26265346863877626,0.18987975273302593,0.5159959972323077,10421
PR,DF,UNIÃO,0.3141645783299205,0.12540850589561348,0.5067097605843215,10421
PR,DE,AGIR,0.4553880435526057,0.10027852741962541,0.5096287449481772,10421
PR,DE,Branco,0.0,0.3978805811345939,0.4501002833428003,10421
PR,DE,CIDADANIA,0.4680686356514365,0.0,0.5515593005464721,10421
PR,DE,DC,1.0,0.0,0.6371689920806926,10421
PR,DE,MDB,0.23211699236474073,0.23017422141012153,0.5083816294677977,10421
PR,DE,NOVO,0.7453380148561123,0.0,0.7278531610223377,10421
PR,DE,Nulo,0.4924888174434054,0.0,0.47959834196465023,10421
PR,DE,PATRIOTA,0.23380281364708405,0.0,0.5728298781060925,10421
PR,DE,PC do B,0.14185177847387334,0.0,0.5717311587470358,10421
PR,DE,PCO,0.0,0.8992826002573829,0.5752115054980342,10421
PR,DE,PDT,0.13509875009510844,0.04211688173092319,0.5647287581732102,10421
PR,DE,PL,0.4929551844278708,0.0,0.5250531090457417,10421
PR,DE,PMB,0.8248936227326044,0.0,0.551353875425981,10421
PR,DE,PMN,0.0,0.6536960650766306,0.4323871180757908,10421
PR,DE,PODE,0.3304741386762553,0.0,0.5807028126680495,10421
PR,DE,PP,0.2927251744902738,0.10292928074728863,0.5135476661787153,10421
PR,DE,PROS,0.24239275513637268,0.22658583017226766,0.5159913918975307,10421
PR,DE,PRTB,0.6427443767578711,0.0,0.4646602195954935,10421
PR,DE,PSB,0.283069857530121,0.21253235223074413,0.5109357337174804,10421
PR,DE,PSC,0.27826280258922353,0.3158126350135375,0.5140203101277703,10421
PR,DE,PSD,0.27456093282344707,0.1949111527815297,0.5050909303471653,10421
PR,DE,PSDB,0.2761482843746146,0.1882769793908539,0.5181188086174601,10421
PR,DE,PSOL,0.0982187049766143,0.08805004972543434,0.605598403275681,10421
PR,DE,PSTU,0.0,0.0,0.7148413432607236,10421
PR,DE,PT,0.0,0.5820728862935896,0.5124381602102046,10421
PR,DE,PTB,0.6819654020317356,0.0,0.530164956112807,10421
PR,DE,PV,0.22642680800017678,0.0,0.6013510828061934,10421
PR,DE,REDE,0.3929979150277667,0.0,0.5084371095455734,10421
PR,DE,REPUBLICANOS,0.3682548245990827,0.09369606212174371,0.5151573520827917,10421
PR,DE,SOLIDARIEDADE,0.2491897814766314,0.22542452566948348,0.49780849879246525,10421
PR,DE,UNIÃO,0.3177383945746967,0.13072222166495814,0.5122976016181022,10421
PR,GOV,Branco,0.0417974518710241,0.3482004863789199,0.4175797012093954,10421
PR,GOV,DC,1.0,0.0,0.5344112233938938,10421
PR,GOV,Nulo,0.18758667217624858,0.11715326670753584,0.4158497544444695,10421
PR,GOV,PCB,0.0,0.2765816554814224,0.8143603508307923,10421
PR,GOV,PCO,0.08401474950858352,0.006781979712978437,0.6173206277959706,10421
PR,GOV,PDT,0.38410242364082836,0.0,0.8202052593069138,10421
PR,GOV,PMN,0.31323624028532154,0.0,0.7433399126124934,10421
PR,GOV,PSD,0.3988350172736584,0.048840744177042206,0.5232942364235689,10421
PR,GOV,PSOL,0.0,0.04420606884736471,0.843168764103304,10421
PR,GOV,PSTU,0.2474259896952622,0.0,0.623625712797442,10421
PR,GOV,PT,0.0,0.5759212131924358,0.49697662517550695,10421
RJ,DF,AGIR,0.2291977349133602,0.1475891392072408,0.5151066295084057,14238
RJ,DF,AVANTE,0.15753071245893002,0.2739583003498419,0.5158953200921557,14238
RJ,DF,Branco,0.0,0.44431491344031243,0.44805092498218213,14238
RJ,DF,CIDADANIA,0.0,0.15204367996572285,0.6876946943357053,14238
RJ,DF,DC,0.5221510544779194,0.0661240868616043,0.5099371223424288,14238
RJ,DF,MDB,0.24995806058555214,0.22183319512566635,0.49960773408470266,14238
RJ,DF,NOVO,0.4461599120011359,0.0,0.6731804839862189,14238
RJ,DF,Nulo,0.2935467534844458,0.030266445861108306,0.42872105911991887,14238
RJ,DF,PATRIOTA,0.5495856271073181,0.0,0.49030837587697346,14238
RJ,DF,PC do B,0.0,0.597612095857229,0.5318824453325884,14238
RJ,DF,PCB,0.0,0.21912884094217716,0.5652024336152927,14238
RJ,DF,PCO,0.0,0.5948676282665094,0.5891273628176746,14238
RJ,DF,PDT,0.0,0.18866622358228283,0.5759264169634314,14238
RJ,DF,PL,0.48834579795594935,0.0,0.5188129765683996,14238
RJ,DF,PMB,0.6738646366688906,0.0,0.5274626353784356,14238
RJ,DF,PMN,0.5142736000450917,0.042863961451429476,0.4956503804449804,14238
RJ,DF,PODE,0.42149510614199037,0.017228043216156404,0.5238807567551729,14238
RJ,DF,PP,0.3818696358436848,0.06833288480377983,0.5115998375818993,14238
RJ,DF,PROS,0.24457511882963953,0.19786369147738547,0.5021005205729537,14238
RJ,DF,PRTB,0.48722081596125905,0.0,0.5170221381992642,14238
RJ,DF,PSB,0.0,0.4570892482661804,0.5525948822346542,14238
RJ,DF,PSC,1.0,0.0,0.4987595241474876,14238
RJ,DF,PSD,0.13182228127486487,0.20595795715045878,0.5286428762686792,14238
RJ,DF,PSDB,0.30751398882310466,0.06557805668861331,0.5174773086193786,14238
RJ,DF,PSOL,0.0,0.439016766779179,0.5453751404588819,14238
RJ,DF,PSTU,0.0,0.47170852935192026,0.5724467081114463,14238
RJ,DF,PT,0.0,0.7255284842805466,0.4908626852327999,14238
RJ,DF,PTB,0.8328551976860071,0.0,0.5195102877684705,14238
RJ,DF,PV,0.0,0.955903017363756,0.49322546114018917,14238
RJ,DF,REDE,0.0,0.19637150051115881,0.6008489931631289,14238
RJ,DF,REPUBLICANOS,0.2542589110600245,0.11830684054276144,0.4942529518365398,14238
RJ,DF,SOLIDARIEDADE,0.3018125851237501,0.16347267014709801,0.5154037870876985,14238
RJ,DF,UNIÃO,0.33744021785738365,0.1271456301293999,0.5127453963118639,14238
RJ,DE,AGIR,0.33814562168732587,0.1002557589253918,0.5014930796579904,14238
RJ,DE,AVANTE,0.4512773557771086,0.026066233584582266,0.49643442369009017,14238
RJ,DE,Branco,0.0,0.47870099608242705,0.4479584399683332,14238
RJ,DE,CIDADANIA,0.2936067862626837,0.0,0.5451363961166368,14238
RJ,DE,DC,0.4761210347274406,0.0015064033958502331,0.508867881988526,14238
RJ,DE,MDB,0.22779864323445986,0.22130538932720925,0.5038701600102103,14238
RJ,DE,NOVO,0.3042546483991928,0.0,0.7179676490600762,14238
RJ,DE,Nulo,0.2839057976709707,0.01492533370575623,0.4447503115725034,14238
RJ,DE,PATRIOTA,0.2874192886453676,0.19428902149448182,0.5084842107312139,14238
RJ,DE,PC do B,0.0,0.4862734820596038,0.5567395986060834,14238
RJ,DE,PCB,0.0,0.019516739741139315,0.5630009686566378,14238
RJ,DE,PCO,0.0,0.4973509889296467,0.5965123203160665,14238
RJ,DE,PDT,0.0,0.25415336429315455,0.5686355852386255,14238
RJ,DE,PL,0.4366239907595778,0.010429230609710587,0.5162152076102351,14238
RJ,DE,PMB,0.44296089846599607,0.01337932922445466,0.5310812612240665,14238
RJ,DE,PMN,0.6100221574850523,0.0,0.5096733280889658,14238
RJ,DE,PODE,0.41105756258684534,0.05762131503269751,0.5174938278242058,14238
RJ,DE,PP,0.33973277743371194,0.11330139105916683,0.5064660159683009,14238
RJ,DE,PROS,0.209371124052863,0.19892336206576156,0.4954282347670081,14238
RJ,DE,PRTB,0.7301855922296591,0.0,0.5373821161535582,14238
RJ,DE,PSB,0.0,0.3589992472855045,0.5125684442815868,14238
RJ,DE,PSC,0.2455644103154971,0.19836897088084177,0.5095005873037468,14238
RJ,DE,PSD,0.2850544985055658,0.15257129102115355,0.514422518082078,14238
RJ,DE,PSDB,0.5545241606071839,0.0,0.5324341862117852,14238
RJ,DE,PSOL,0.0,0.4873108539838559,0.5556406867368913,14238
RJ,DE,PSTU,0.0,0.5362964839478517,0.6625081232484774,14238
RJ,DE,PT,0.0,0.6846046854014924,0.5010567820355605,14238
RJ,DE,PTB,0.7067320474333455,0.0,0.5273950468860634,14238
RJ,DE,PV,0.02311374436010702,0.34607220789340326,0.5196721440906006,14238
RJ,DE,REDE,0.18948143480947272,0.05278445282256631,0.5023623895374023,14238
RJ,DE,REPUBLICANOS,0.14494100401361576,0.2944389175862907,0.4971582462664593,14238
RJ,DE,SOLIDARIEDADE,0.22358722840968936,0.22592921829886414,0.5124452132767091,14238
RJ,DE,UNIÃO,0.3038286305232979,0.18816626148226495,0.5105301888974753,14238
RJ,DE,UP,0.0,0.468812361540243,0.6320220516619885,14238
RJ,GOV,Branco,0.02450190043365654,0.4717078086189925,0.4477482386485806,14238
RJ,GOV,NOVO,0.4057924702939306,0.0,0.6350793731164662,14238
RJ,GOV,Nulo,0.035810804841493876,0.39790511451161586,0.39881309842301726,14238
RJ,GOV,PCB,0.008963353615032341,0.023207676117794132,0.5986635419886484,14238
RJ,GOV,PCO,0.15134046836050138,0.06282014146865393,0.45579196155486007,14238
RJ,GOV,PDT,0.1240121849770107,0.12563766698893142,0.566031001712724,14238
RJ,GOV,PL,0.4803085670457356,0.0036232604609131025,0.5061895938574245,14238
RJ,GOV,PMB,0.1662391440482595,0.3022279933891946,0.46858403556832673,14238
RJ,GOV,PSB,0.0,0.5026648870885727,0.5279451563323716,14238
RJ,GOV,PSTU,0.034833013566078014,0.24587189175501956,0.540081832936932,14238
RJ,GOV,UP,0.03308561942308282,0.2605442824566145,0.5511798809005738,14238
RN,DF,AVANTE,0.0,0.6345482033723999,0.478715489201757,3665
RN,DF,Branco,0.0,0.6123901967091815,0.4610935668882814,3665
RN,DF,CIDADANIA,1.0,0.0,0.5480934745530128,3665
RN,DF,DC,0.17795361131643653,0.151914611400141,0.4992316208512994,3665
RN,DF,MDB,0.0,0.46752354332343077,0.49387298906948307,3665
RN,DF,Nulo,0.3001517174595948,0.0,0.4568424344398433,3665
RN,DF,PATRIOTA,1.0,0.0,0.7191498407271231,3665
RN,DF,PC do B,1.0,0.0,0.621106084269584,3665
RN,DF,PDT,1.0,0.0,0.5933757451654724,3665
RN,DF,PL,0.12160373722904627,0.35232277417442626,0.5024138673784507,3665
RN,DF,PMB,0.0,0.42406101803070745,0.4271728355078852,3665
RN,DF,PMN,0.39193099146204735,0.0,0.5349809687784218,3665
RN,DF,PODE,0.43955383300048867,0.03028854235241579,0.5254002152880197,3665
RN,DF,PP,0.08367902897166273,0.3860934706007362,0.49816555035904064,3665
RN,DF,PRTB,1.0,0.0,0.7024136185125693,3665
RN,DF,PSB,0.1503436287761221,0.27018910983595124,0.5104678905314965,3665
RN,DF,PSC,0.0,1.0,0.43576992781163437,3665
RN,DF,PSD,0.4764692395448115,0.0,0.5249795065456482,3665
RN,DF,PSDB,0.29776555315627495,0.15545793864525928,0.5041661922046998,3665
RN,DF,PSOL,1.0,0.0,0.7395622630173646,3665
RN,DF,PSTU,0.0,0.803605119184561,0.7156927607861223,3665
RN,DF,PT,0.2089918233434876,0.20991009819186612,0.5356671883832914,3665
RN,DF,PTB,1.0,0.0,0.6253774789910416,3665
RN,DF,PV,0.18080315427658125,0.2356686816064277,0.5072258385450563,3665
RN,DF,REDE,0.0,1.0,0.4264969920225842,3665
RN,DF,REPUBLICANOS,0.11003537068431274,0.37637543757659875,0.4879575975010668,3665
RN,DF,SOLIDARIEDADE,0.30722893160013753,0.1322605588676848,0.5081684471451278,3665
RN,DF,UNIÃO,0.14192969571012004,0.3263026134049256,0.5039352532168815,3665
RN,DE,AVANTE,0.07912451037455433,0.41710649761842206,0.4843890402844224,3665
RN,DE,Branco,0.0,0.5136936614780652,0.4673125575973305,3665
RN,DE,CIDADANIA,0.0,1.0,0.23615572810616398,3665
RN,DE,MDB,0.2502732711089457,0.19724812477998577,0.5253155858986447,3665
RN,DE,Nulo,0.2800455021806134,0.004974624100717667,0.44544084064526673,3665
RN,DE,PATRIOTA,0.42976826025404996,0.016476574825471185,0.5710470721007133,3665
RN,DE,PC do B,0.43818594081325213,0.0,0.5572746819325293,3665
RN,DE,PDT,0.0,0.43617891201536374,0.4895535220142854,3665
RN,DE,PL,0.4665726458684609,0.0,0.5140834295489584,3665
RN,DE,PMB,0.7381196524971795,0.0,0.5699038300571956,3665
RN,DE,PMN,0.0,0.7810310987159828,0.4504916963434269,3665
RN,DE,PRTB,0.0,0.6509349055346249,0.5328299009632158,3665
RN,DE,PSB,0.7518276289836624,0.0,0.5357860353913954,3665
RN,DE,PSD,0.058047245262147794,0.3803361271769644,0.49748508741719316,3665
RN,DE,PSDB,0.0637313337906537,0.42091760829375224,0.4973728016245885,3665
RN,DE,PSOL,0.24808250488571962,0.09476804953388071,0.6715836080191495,3665
RN,DE,PSTU,0.4069648445428997,0.0,0.5987154323099205,3665
RN,DE,PT,0.0636301152422486,0.38673292790907177,0.5246752801012337,3665
RN,DE,PTB,1.0,0.0,0.6833976068053811,3665
RN,DE,PV,0.06831320225025506,0.41306479616221425,0.5005195760861385,3665
RN,DE,REDE,0.0700200824334482,0.5510294424987893,0.523342850532655,3665
RN,DE,REPUBLICANOS,0.5030293603612015,0.0,0.4950198443472223,3665
RN,DE,SOLIDARIEDADE,0.09620519070718932,0.3881148985049808,0.5016814742808081,3665
RN,DE,UNIÃO,0.1314730762842286,0.3337223605630064,0.5115531975430028,3665
RN,DE,UP,0.5453346334072657,0.0,0.6997027392692571,3665
RN,GOV,Branco,0.0,0.44887852149039065,0.43518424511164094,3665
RN,GOV,DC,0.6593442900170304,0.0,0.6095322209401678,3665
RN,GOV,Nulo,0.0,0.34147512402746016,0.38228359287556724,3665
RN,GOV,PMB,0.5579996639974466,0.0,0.5264374660719584,3665
RN,GOV,PMN,0.0,0.28511433964729943,0.5241154974427209,3665
RN,GOV,PODE,0.5841448899573853,0.0,0.5476521998545573,3665
RN,GOV,PRTB,0.5829275348748675,0.0,0.6212503645768211,3665
RN,GOV,PSOL,0.7303960578204866,0.0,0.7445859642423932,3665
RN,GOV,PSTU,1.0,0.0,0.8259872332597925,3665
RN,GOV,PT,0.0,0.47915614723100386,0.5090759183877805,3665
RN,GOV,SOLIDARIEDADE,0.3315684770555615,0.0915253277465442,0.5160742717445428,3665
RO,DF,AGIR,0.0873072490043272,0.35217770914459134,0.5577173624847378,1653
RO,DF,AVANTE,0.16284574132315932,0.3561951403677143,0.4998494039767791,1653
RO,DF,Branco,0.1899662450676096,0.2622886618051724,0.4677421065903026,1653
RO,DF,MDB,0.4775224771084189,0.0,0.5094254106408829,1653
RO,DF,Nulo,0.24040716926813785,0.07605110632544199,0.46458674039485637,1653
RO,DF,PATRIOTA,0.1438067968572214,0.3160524341018731,0.4500026975064981,1653
RO,DF,PC do B,0.0,0.6455717125476765,0.4913151647463294,1653
RO,DF,PDT,0.0,0.7028031553935328,0.5265886378041518,1653
RO,DF,PL,0.3930936592099767,0.037823613270893286,0.5038170959199165,1653
RO,DF,PMB,0.12512898912094775,0.3067364665817562,0.48439285473094124,1653
RO,DF,PODE,0.2520156897008998,0.17606166520567748,0.5074555361455583,1653
RO,DF,PP,0.5153707708005285,0.014776851312578098,0.5044294371320166,1653
RO,DF,PROS,0.4324765565226017,0.05643468295544698,0.5333894280682586,1653
RO,DF,PSB,0.39316857376104564,0.0,0.6286816836725869,1653
RO,DF,PSC,0.6534925895994653,0.0,0.519950468407558,1653
RO,DF,PSD,0.15984514917009507,0.22203103938361507,0.541204766642343,1653
RO,DF,PSOL,0.45351742546689994,0.11606549900163499,0.551852980118462,1653
RO,DF,PT,0.0,0.6787604120079633,0.5058428538441031,1653
RO,DF,PTB,0.49709230833805407,0.0,0.5000919523435896,1653
RO,DF,PV,0.3649414198506806,0.03632177993311247,0.41568384417159465,1653
RO,DF,REDE,0.0,1.0,0.2411543806241247,1653
RO,DF,REPUBLICANOS,0.3023373388785151,0.17512239959972936,0.49993216584701206,1653
RO,DF,SOLIDARIEDADE,0.0,0.7568648137501407,0.5233195237243957,1653
RO,DF,UNIÃO,0.2939806530331578,0.16966703559662333,0.5194637031357274,1653
RO,DE,AGIR,0.6096216572185693,0.0,0.4455337924308483,1653
RO,DE,AVANTE,0.09593377994722241,0.3967673076671379,0.4792398002772027,1653
RO,DE,Branco,0.11048901535673479,0.3491448800815361,0.4615575826085722,1653
RO,DE,CIDADANIA,0.5163104554753392,0.0,0.48253128395020145,1653
RO,DE,MDB,0.28400065565011723,0.12902611101955808,0.5097802923492011,1653
RO,DE,Nulo,0.2663239965484791,0.06662261638261802,0.4627974954504076,1653
RO,DE,PATRIOTA,0.23930127524030173,0.24169535465465794,0.5048538960454048,1653
RO,DE,PC do B,0.1744706415755514,0.10977689936259082,0.6468955259336556,1653
RO,DE,PDT,0.27890955967700826,0.15555016037545039,0.4890394561843319,1653
RO,DE,PL,0.648097285690288,0.0,0.517369062540428,1653
RO,DE,PMB,0.15860347944595854,0.34080790928458077,0.5122250300882197,1653
RO,DE,PMN,0.13631502936802473,0.21442146178006619,0.5438295632837828,1653
RO,DE,PODE,0.11865772482288543,0.34103908267518596,0.5483531871880782,1653
RO,DE,PP,0.5262691085515986,0.0,0.5261942017541936,1653
RO,DE,PSB,0.03461088065928586,0.40970901509845903,0.5207028033198406,1653
RO,DE,PSC,0.3866798134384732,0.11371360804679953,0.5173251088641792,1653
RO,DE,PSD,0.3750893888688099,0.05541505184628183,0.49525164170361985,1653
RO,DE,PSDB,0.27319143662103057,0.15016291216867597,0.5614863313635949,1653
RO,DE,PSOL,0.0,1.0,0.5293890093974001,1653
RO,DE,PT,0.0,0.4730790759421876,0.5282214343848552,1653
RO,DE,PTB,0.4448079780112453,0.0,0.5427092378748062,1653
RO,DE,PV,0.23964129001020376,0.2403378848218232,0.5070959300499679,1653
RO,DE,REDE,0.0,0.5184062072125689,0.6474553459462539,1653
RO,DE,REPUBLICANOS,0.4313784338682636,0.041634716970404634,0.4859862738196939,1653
RO,DE,SOLIDARIEDADE,0.2440704396115464,0.1357527029568101,0.5912270848878458,1653
RO,DE,UNIÃO,0.31015586119188593,0.1111468288717844,0.5451362823901262,1653
RO,GOV,Branco,0.015858474595706065,0.3105659903028053,0.43663035904046016,1653
RO,GOV,Nulo,0.0,0.5162981260470482,0.4162250708578745,1653
RO,GOV,PL,0.5420779455814776,0.0,0.4977607855404593,1653
RO,GOV,PODE,0.26313443503892775,0.18942415740189136,0.5342052914105757,1653
RO,GOV,PSOL,0.0,0.4628866780465876,0.667474556952581,1653
RO,GOV,SOLIDARIEDADE,0.0,0.6438444486474917,0.5323851656222949,1653
RO,GOV,UNIÃO,0.30902294503280736,0.07450483038015177,0.5313263545910811,1653
RR,DF,Branco,0.5383053919779733,0.0,0.5130985134751928,1031
RR,DF,CIDADANIA,0.409324954908741,0.0,0.4812210247225879,1031
RR,DF,DC,0.7145703222943133,0.0,0.5866125209792252,1031
RR,DF,MDB,0.34295583863403734,0.10806676845796724,0.5175996268234792,1031
RR,DF,Nulo,0.4141919502850323,0.0,0.479741859092833,1031
RR,DF,PATRIOTA,1.0,0.0,0.6045141971127499,1031
RR,DF,PC do B,1.0,0.0,0.1242727593335887,1031
RR,DF,PCO,0.0,0.5023833122860129,1.0,1031
RR,DF,PDT,0.7404674806128154,0.0,0.5477458026732404,1031
RR,DF,PL,0.4013004609550047,0.10424996690053062,0.49249593853689433,1031
RR,DF,PMB,0.4422348329718722,0.0,0.5472336033999171,1031
RR,DF,PMN,0.5306360877983515,0.0,0.6118403977545374,1031
RR,DF,PODE,0.4484024794695597,0.0,0.531130656134347,1031
RR,DF,PP,0.3890476740033568,0.033842671446397576,0.546765339443317,1031
RR,DF,PROS,0.7014452601827962,0.0,0.5385175843666417,1031
RR,DF,PRTB,0.6030821563675622,0.0,0.47659623876015617,1031
RR,DF,PSB,0.3518964345672069,0.0,0.5152584950474604,1031
RR,DF,PSC,1.0,0.0,0.6096675830136885,1031
RR,DF,PSD,0.33830881638947213,0.11655529380577184,0.5270680679253014,1031
RR,DF,PSDB,0.45262049297007495,0.0,0.7161615242648317,1031
RR,DF,PSOL,0.020107610584556554,0.07370235055273267,0.6844120234692319,1031
RR,DF,PT,0.29348828590647463,0.04464643459524473,0.5510274814244241,1031
RR,DF,PTB,0.5488835583534722,0.0,0.6986702855205552,1031
RR,DF,PV,0.0,0.955624607186309,0.5188967581832018,1031
RR,DF,REDE,0.04415419561795621,0.44269951523854695,0.5205869756300057,1031
RR,DF,REPUBLICANOS,0.32023955323738185,0.17471137280928928,0.49137712254794086,1031
RR,DF,SOLIDARIEDADE,0.0,0.7261550678307226,0.4172156487555088,1031
RR,DF,UNIÃO,0.37611699445348895,0.059199255645591475,0.4991154269555848,1031
RR,DE,Branco,0.13033517389302682,0.11367672842816509,0.5682476701159525,1031
RR,DE,CIDADANIA,0.27157471823367674,0.24805031337246264,0.4698151205102812,1031
RR,DE,MDB,0.2414593163345411,0.17934887064062516,0.5195986558820375,1031
RR,DE,Nulo,0.18187753435949267,0.0,0.4409378956922351,1031
RR,DE,PATRIOTA,0.46785075911117996,0.0,0.6086728121967633,1031
RR,DE,PC do B,0.10995586362202288,0.08259461356399016,0.7324844401713315,1031
RR,DE,PDT,0.7323110434157547,0.0,0.3934853916190198,1031
RR,DE,PL,0.4539182052468652,0.038385910934265036,0.4899660038925652,1031
RR,DE,PMB,0.27995930953102177,0.14648085916031398,0.49204576161990093,1031
RR,DE,PMN,0.20712232948498308,0.10580119282147038,0.5082379687250337,1031
RR,DE,PODE,0.34535491229360255,0.1649578057151844,0.5083178918236536,1031
RR,DE,PP,0.33090866027645083,0.17662372803664853,0.5011378192420407,1031
RR,DE,PROS,0.3667933371375558,0.029974283363244397,0.5397166028520353,1031
RR,DE,PRTB,0.5950329681742115,0.0,0.5223598737692344,1031
RR,DE,PSB,0.6058724621904866,0.0,0.5917454607824141,1031
RR,DE,PSC,0.6461457509099848,0.0,0.4930060266435901,1031
RR,DE,PSD,0.562168425118488,0.0,0.5628704757827931,1031
RR,DE,PSDB,0.10864930195564862,0.172343213163746,0.5258594269754838,1031
RR,DE,PSOL,0.0,1.0,0.6948048311886302,1031
RR,DE,PT,0.1647589861099072,0.20027465507767106,0.5766899702319962,1031
RR,DE,PTB,0.5716376138870028,0.0,0.6880767821326065,1031
RR,DE,PV,0.3698998502386948,0.0,0.6465774341155865,1031
RR,DE,REDE,0.0,0.4324842845345576,0.5775932490621458,1031
RR,DE,REPUBLICANOS,0.438156098657411,0.02626221683459251,0.5109400799721274,1031
RR,DE,SOLIDARIEDADE,0.23349123961877122,0.17898262809446763,0.5354570109784563,1031
RR,DE,UNIÃO,0.28269081437809424,0.19252408727379527,0.49486560688490655,1031
RR,GOV,Branco,0.3997398251369503,0.0,0.42702195770111434,1031
RR,GOV,MDB,0.37186657836338055,0.06486407021990977,0.5282770938375955,1031
RR,GOV,Nulo,0.12389974590940347,0.3924997894007418,0.3664132106517557,1031
RR,GOV,PDT,1.0,0.0,0.541309120201464,1031
RR,GOV,PP,0.37640790939986435,0.10718877016443373,0.5111331073437821,1031
RR,GOV,PSOL,0.0,0.8508483517937453,0.6503434918662485,1031
RR,GOV,PV,0.8989928658860362,0.0,0.7293589662401252,1031
RS,DF,AGIR,0.6638250583161447,0.0,0.5887194601786596,10792
RS,DF,AVANTE,0.05513404695648494,0.4150172950483625,0.5176486940061069,10792
RS,DF,Branco,0.0,0.4781189670788307,0.4382907121196969,10792
RS,DF,CIDADANIA,0.0,0.09216465513330493,0.5676618017823999,10792
RS,DF,DC,0.1551824321612427,0.17748795435778986,0.4329963003870694,10792
RS,DF,MDB,0.3464724330014822,0.10000206048366457,0.5233782804242152,10792
RS,DF,NOVO,0.58729848705994,0.0,0.5841717269409152,10792
RS,DF,Nulo,0.20480544863464598,0.0,0.4423479123134015,10792
RS,DF,PATRIOTA,0.5453805633650991,0.0,0.5197337560829185,10792
RS,DF,PC do B,0.0,0.5081127997927448,0.5104969245724319,10792
RS,DF,PCB,0.0,0.0,0.7028090369180016,10792
RS,DF,PCO,0.0,0.0,0.6412507152443027,10792
RS,DF,PDT,0.10846484461193882,0.15986521175325405,0.5547616101410916,10792
RS,DF,PL,0.3882030900489109,0.033332755942603584,0.521317412074298,10792
RS,DF,PODE,0.5711467421832244,0.0,0.5416525848090294,10792
RS,DF,PP,0.5293050729100769,0.0,0.4871292134394011,10792
RS,DF,PROS,1.0,0.0,0.5886186783320102,10792
RS,DF,PRTB,0.3518469039571282,0.4658319117643499,0.46568893006504913,10792
RS,DF,PSB,0.02007663533022098,0.5086952462439545,0.5173685437433615,10792
RS,DF,PSC,0.529191750205473,0.0,0.5796344667330837,10792
RS,DF,PSD,0.27081707346422895,0.20108463941597207,0.5182036480157074,10792
RS,DF,PSDB,0.23274738012940469,0.07421596738762085,0.541922218132094,10792
RS,DF,PSOL,0.0,0.5886845744230792,0.5485813979055363,10792
RS,DF,PSTU,0.0,0.3331734817313158,0.6463053261319792,10792
RS,DF,PT,0.0,0.5148590951323722,0.5028341497483394,10792
RS,DF,PTB,0.3991849039658186,0.0,0.5116978030558795,10792
RS,DF,PV,0.19007372156903163,0.1677991357487781,0.5822628552085316,10792
RS,DF,REDE,0.0,0.9654429662273654,0.5745336389293684,10792
RS,DF,REPUBLICANOS,0.5511912342799796,0.0,0.4851536227603328,10792
RS,DF,SOLIDARIEDADE,0.0,0.45925749980247105,0.5274154752888017,10792
RS,DF,UNIÃO,0.29591622545354407,0.12961609920762382,0.520941819364773,10792
RS,DF,UP,0.0,0.848471130903367,0.6394456344522329,10792
RS,DE,AGIR,1.0,0.0,0.6117762232310368,10792
RS,DE,AVANTE,0.24215496452030946,0.27678425910504545,0.5055031915044692,10792
RS,DE,Branco,0.0,0.45711309678073697,0.4234513611256884,10792
RS,DE,CIDADANIA,0.10238137765531197,0.22840742472948894,0.5206011283735884,10792
RS,DE,DC,0.4888841827298549,0.0,0.544639606334435,10792
RS,DE,MDB,0.3815267411969944,0.032004407540007114,0.5215104207905772,10792
RS,DE,NOVO,0.5180237413419385,0.0,0.6297014092909423,10792
RS,DE,Nulo,0.3788113517553394,0.0,0.4721931539762535,10792
RS,DE,PATRIOTA,0.7462006294872703,0.0,0.5206917036052418,10792
RS,DE,PC do B,0.0,0.5040019939800536,0.4895144783615078,10792
RS,DE,PCB,0.0,0.0,0.7655833224454952,10792
RS,DE,PCO,0.0,0.8735441716683889,0.6381833526321401,10792
RS,DE,PDT,0.21819910889504618,0.17442045885844773,0.5408850740587842,10792
RS,DE,PL,0.303694260211217,0.1464171405629381,0.5187430383587829,10792
RS,DE,PODE,0.7185197637409473,0.0,0.5278508657722042,10792
RS,DE,PP,0.478809835225331,0.0,0.5115335891039854,10792
RS,DE,PRTB,0.8740219289456926,0.0,0.4236481227489271,10792
RS,DE,PSB,0.2425522852638771,0.2636624819787241,0.5096076086569226,10792
RS,DE,PSC,0.6388275493759027,0.0,0.5219908008397807,10792
RS,DE,PSD,0.17012861506229907,0.3739213170073007,0.5189896222871578,10792
RS,DE,PSDB,0.2726755371771182,0.13548269041525,0.5264569605891145,10792
RS,DE,PSOL,0.0,0.5956892421514656,0.5497528551830599,10792
RS,DE,PSTU,0.0,0.0,0.6464744221716933,10792
RS,DE,PT,0.0,0.43340137783385796,0.5069924650299515,10792
RS,DE,PTB,0.25858676954537174,0.20122461698778701,0.5216462423662798,10792
RS,DE,PV,0.0,0.043270860248539315,0.6369847330540234,10792
RS,DE,REDE,0.27750837338548223,0.0,0.6000821680493219,10792
RS,DE,REPUBLICANOS,0.4917867765454226,0.0,0.5201509516397654,10792
RS,DE,SOLIDARIEDADE,0.0,0.39079516565362016,0.4799229995252607,10792
RS,DE,UNIÃO,0.23591878461261226,0.15070598771858484,0.527143261793956,10792
RS,GOV,Branco,0.0,0.39437975797566655,0.37707356906844075,10792
RS,GOV,NOVO,0.4293256025436394,0.0,0.7800031652390719,10792
RS,GOV,Nulo,0.06584317013383778,0.12461388962265219,0.4116002576282242,10792
RS,GOV,PCB,0.0,0.15089827555588306,0.7561418745603449,10792
RS,GOV,PCO,0.02339556643309031,0.07769809756603568,0.480195277386662,10792
RS,GOV,PDT,0.0,0.18257649963273495,0.6360951878761176,10792
RS,GOV,PL,0.5495613985309006,0.0,0.5079250746325024,10792
RS,GOV,PP,0.41820320254539456,0.0,0.507471125764924,10792
RS,GOV,PSB,0.0,0.3018468143050544,0.587704115208276,10792
RS,GOV,PSC,0.3188735289220648,0.0,0.5113728336167415,10792
RS,GOV,PSDB,0.1373681380761868,0.19858865751492127,0.5630781320509932,10792
RS,GOV,PSTU,0.0,0.1782307228852412,0.6897815738135088,10792
RS,GOV,PT,0.0,0.5795643044918657,0.49386624697358017,10792
SC,DF,AVANTE,0.5475703824219099,0.0,0.47602190416707746,6680
SC,DF,Branco,0.025911983429671492,0.3385493005044301,0.4478364016839449,6680
SC,DF,CIDADANIA,0.2740089784153837,0.18615705169819208,0.5225796791122898,6680
SC,DF,DC,0.0,0.18471441779548323,0.4439057801669186,6680
SC,DF,MDB,0.29515579421426685,0.12330773314358201,0.5120255780140611,6680
SC,DF,NOVO,0.32384274566041704,0.0,0.6165562645543408,6680
SC,DF,Nulo,0.3214913406547149,0.0,0.43994242855755783,6680
SC,DF,PATRIOTA,0.6166649286394434,0.0,0.4881594930788916,6680
SC,DF,PC do B,0.0,0.4922706202330565,0.5401193150209617,6680
SC,DF,PCO,0.0,0.0,0.5696755496107477,6680
SC,DF,PDT,0.0,0.500656410458528,0.5497748695898468,6680
SC,DF,PL,0.5862558223040417,0.0,0.5117759628355484,6680
SC,DF,PODE,0.4142252754043531,0.0,0.5114028602704516,6680
SC,DF,PP,0.3062718185191487,0.10568126161603031,0.5262164893593347,6680
SC,DF,PROS,0.004504285060749703,0.04499290250714156,0.5423782310954958,6680
SC,DF,PRTB,0.17676287179380037,0.0,0.514173646655745,6680
SC,DF,PSB,0.0,0.47132289733031496,0.503234389607272,6680
SC,DF,PSC,0.45575765726421996,0.00870918424449944,0.5116533993337438,6680
SC,DF,PSD,0.3647441694532896,0.04032707703540073,0.5107521221928418,6680
SC,DF,PSDB,0.4071204995147752,0.05652496450582419,0.5093804476839344,6680
SC,DF,PSOL,0.0,0.6080390333674811,0.5491078270462436,6680
SC,DF,PSTU,0.0,1.0,0.45457481875559513,6680
SC,DF,PT,0.0,0.4894210757770915,0.5146949073236329,6680
SC,DF,PTB,0.6389412250744394,0.0,0.508936817427136,6680
SC,DF,PV,0.0,0.7719604769997364,0.6738250151642375,6680
SC,DF,REDE,0.0,0.06312126059661892,0.6042390067853873,6680
SC,DF,REPUBLICANOS,0.0,0.46221550734304323,0.5172888636214339,6680
SC,DF,SOLIDARIEDADE,0.20020575929309573,0.1975727216303144,0.503267631613879,6680
SC,DF,UNIÃO,0.2734830564249803,0.17196765742511552,0.5249303032908342,6680
SC,DF,UP,0.0,0.7437895687678081,0.5545322783048324,6680
SC,DE,AVANTE,1.0,0.0,0.4744813824951652,6680
SC,DE,Branco,0.0,0.42538437887825103,0.4482386051141727,6680
SC,DE,CIDADANIA,0.0,0.5059538028160326,0.6064842505403932,6680
SC,DE,DC,0.5375500485122622,0.0,0.46121797490743505,6680
SC,DE,MDB,0.3983567419782448,0.059576483852428815,0.5114922898684972,6680
SC,DE,NOVO,0.5375833888333648,0.0,0.6419772949820836,6680
SC,DE,Nulo,0.39763551680065146,0.0,0.4173523476367906,6680
SC,DE,PATRIOTA,0.6001100394566267,0.0,0.5243595681183525,6680
SC,DE,PC do B,0.37959984984405215,0.2712898256251572,0.4785400301810807,6680
SC,DE,PCO,0.0,0.042169110347484946,0.6978056569574207,6680
SC,DE,PDT,0.4047220085253066,0.08522422680555973,0.4972144831972959,6680
SC,DE,PL,0.4837081200742152,0.0,0.5173418382732169,6680
SC,DE,PODE,0.213844453048805,0.26035632344010495,0.5200277996875703,6680
SC,DE,PP,0.4008353812598578,0.0,0.5307631163929099,6680
SC,DE,PROS,0.0,0.8877058255480055,0.5043798045914729,6680
SC,DE,PRTB,0.949911954425279,0.0,0.47481039466235936,6680
SC,DE,PSB,0.0,0.5854733982388536,0.5113433852374832,6680
SC,DE,PSC,0.4072568952137768,0.06460425927420137,0.5185020445613264,6680
SC,DE,PSD,0.2084202021471014,0.1894576630658502,0.532951051511972,6680
SC,DE,PSDB,0.3589916057745539,0.12387275163948677,0.5164391913926701,6680
SC,DE,PSOL,0.0,0.5858275354949852,0.550789409772858,6680
SC,DE,PSTU,0.0,0.0,0.5915721161826938,6680
SC,DE,PT,0.0,0.45722360704230036,0.509976674939252,6680
SC,DE,PTB,0.5314815529354356,0.0,0.5284559532005497,6680
SC,DE,PV,0.0,1.0,0.6372216302135564,6680
SC,DE,REDE,0.0,0.17833286040455446,0.601181683922,6680
SC,DE,REPUBLICANOS,0.26900169424884157,0.12456867692133662,0.5187967607932413,6680
SC,DE,SOLIDARIEDADE,0.4571095483630145,0.04287447635125332,0.4994392187870013,6680
SC,DE,UNIÃO,0.3611497185471687,0.086471413889252,0.5077227618182206,6680
SC,GOV,Branco,0.13907727164080774,0.16930461963249543,0.40277647719457305,6680
SC,GOV,NOVO,0.4032081046911241,0.0,0.6254109990098133,6680
SC,GOV,Nulo,0.15622969966913647,0.0,0.3945849759176008,6680
SC,GOV,PCO,0.0,0.5581867446230727,0.43854421063115884,6680
SC,GOV,PDT,0.22080506204557243,0.04893974423793038,0.5651279544678386,6680
SC,GOV,PL,0.5353564227567496,0.0,0.5123806942143817,6680
SC,GOV,PP,0.5084021431857811,0.0,0.4976643606536403,6680
SC,GOV,PROS,0.2353832865202873,0.0,0.7696792245436734,6680
SC,GOV,PSTU,0.0,0.37426045458848295,0.8299960004101729,6680
SC,GOV,PT,0.0,0.568535798576343,0.5095977339899627,6680
SC,GOV,REPUBLICANOS,0.19398365970779727,0.18231515438682783,0.5480332906169536,6680
SC,GOV,UNIÃO,0.23257675593292718,0.18226045364363364,0.5388671924913704,6680
SE,DF,Branco,0.0,0.5740119229490349,0.43417081848625855,2357
SE,DF,CIDADANIA,0.6674798458562059,0.0,0.6047307670025575,2357
SE,DF,DC,0.2522294429609715,0.10936760552569891,0.5335919773733903,2357
SE,DF,MDB,0.153179639445583,0.0,0.6254045116067821,2357
SE,DF,Nulo,0.2297320989896502,0.08153217633857435,0.46008246014796383,2357
SE,DF,PATRIOTA,1.0,0.0,0.6536673012129609,2357
SE,DF,PC do B,0.8263466464844599,0.0,0.5629767277165001,2357
SE,DF,PDT,0.2445739283995352,0.11914267250911882,0.5282800929038496,2357
SE,DF,PL,0.18897306954283774,0.27831572722318854,0.49936223770796484,2357
SE,DF,PMN,0.14198560297107635,0.3234914821918083,0.4567760702091742,2357
SE,DF,PODE,0.8698838702433261,0.0,0.6128893317844022,2357
SE,DF,PP,0.28506034928103446,0.15615650945411597,0.5214627888756811,2357
SE,DF,PROS,0.3392703612516697,0.17172515655958331,0.45965339767072794,2357
SE,DF,PSB,0.7896477285150825,0.0,0.6432385515648295,2357
SE,DF,PSD,0.06711218038088894,0.3992880886465636,0.5050668464329496,2357
SE,DF,PSDB,0.8581194375924591,0.0,0.6466867109566581,2357
SE,DF,PSOL,0.38995545133158094,0.0,0.6149189848724489,2357
SE,DF,PT,0.0,0.3842934393419416,0.5052756052150624,2357
SE,DF,PTB,1.0,0.0,0.6852499864674162,2357
SE,DF,PV,0.0,1.0,0.34623049653891047,2357
SE,DF,REDE,0.6147926596737981,0.0,0.6836872083751249,2357
SE,DF,REPUBLICANOS,0.11036727062742863,0.3760766844824791,0.4991346114879117,2357
SE,DF,SOLIDARIEDADE,0.083459531087887,0.2095801166327153,0.5289404891571334,2357
SE,DF,UNIÃO,0.1444342682411206,0.32897962006377934,0.5124079940631385,2357
SE,DF,UP,0.0,1.0,0.5599980556633002,2357
SE,DE,Branco,0.0,0.4731572947962076,0.44538925561383386,2357
SE,DE,CIDADANIA,0.531767023381332,0.0,0.5658727795886953,2357
SE,DE,DC,0.6968601323503476,0.0,0.5665451649650928,2357
SE,DE,MDB,0.44362321926244525,0.0,0.55210526829995,2357
SE,DE,Nulo,0.06965232960209568,0.2533868060344484,0.441690046988915,2357
SE,DE,PATRIOTA,0.4864069843841748,0.0,0.541844318875178,2357
SE,DE,PC do B,0.5607354360136653,0.0,0.5473646839953755,2357
SE,DE,PDT,0.11232126048005144,0.33385698589144897,0.5068160637557645,2357
SE,DE,PL,0.12033422532568495,0.3558783260193515,0.5023354333991984,2357
SE,DE,PMN,0.2652222871557609,0.13135046912383633,0.5301536002188715,2357
SE,DE,PODE,0.46283113270728854,0.0,0.5252335241478254,2357
SE,DE,PP,0.3193631766461931,0.13605107261141902,0.5268119637833376,2357
SE,DE,PROS,0.8518541020784588,0.0,0.6040072034096807,2357
SE,DE,PSB,0.16829987124596685,0.22311635177717948,0.5323701532590208,2357
SE,DE,PSD,0.10853655396412984,0.38730040355295287,0.5045257599642138,2357
SE,DE,PSDB,0.14769467105826212,0.22855094395520067,0.3930471840803665,2357
SE,DE,PSOL,0.17054952539001414,0.2352815486149638,0.5794140429026181,2357
SE,DE,PSTU,1.0,0.0,0.6809297087256743,2357
SE,DE,PT,0.0,0.5231657692398355,0.4921753669647255,2357
SE,DE,PTB,0.05244667030278797,0.3009145894376421,0.46506045706638566,2357
SE,DE,PV,0.09623553660497225,0.3900252610239241,0.5068516192738851,2357
SE,DE,REDE,0.8344604800915146,0.0,0.6061936590993554,2357
SE,DE,REPUBLICANOS,0.06157939370196741,0.3905946555107695,0.4927709397438159,2357
SE,DE,UNIÃO,0.12021197892914282,0.3658235879032205,0.5056255747836885,2357
SE,DE,UP,0.0,1.0,0.5926182939079919,2357
SE,GOV,Branco,0.05312297516627909,0.42112293803728085,0.4457001191207262,2357
SE,GOV,DC,0.817036016105734,0.0,0.589572659923937,2357
SE,GOV,Nulo,0.01985533914686785,0.29384930578901336,0.43880796217105056,2357
SE,GOV,PL,0.2877088794535122,0.16692738303797888,0.5111810364545833,2357
SE,GOV,PSD,0.024988151782608325,0.4658373787159962,0.5013358000686353,2357
SE,GOV,PSDB,0.5707897125460718,0.0,0.6000708502608962,2357
SE,GOV,PSOL,0.08341025232495577,0.15448624316293846,0.5787392011770375,2357
SE,GOV,PSTU,0.576585090956349,0.0,0.6283951225828621,2357
SE,GOV,PT,0.0,0.5012837849236971,0.4979862439656896,2357
SE,GOV,UP,0.0,0.5622545201605357,0.5621667654736854,2357
SP,DF,AGIR,0.0,0.3291421913737133,0.6027539974387364,39676
SP,DF,AVANTE,0.45119261145470707,0.0,0.4891863392677027,39676
SP,DF,Branco,0.0,0.4410809387901057,0.4125972820808432,39676
SP,DF,CIDADANIA,0.3070388258044471,0.0913733317929499,0.5426784291429652,39676
SP,DF,DC,0.0,0.7029673246938798,0.5378394041489964,39676
SP,DF,MDB,0.29003281104610096,0.15633551705507392,0.5185527811355645,39676
SP,DF,NOVO,0.3607878879355517,0.0,0.762341698341978,39676
SP,DF,Nulo,0.0,0.08435142170064314,0.4442371152974766,39676
SP,DF,PATRIOTA,0.41241536898538983,0.07602010422813936,0.4838215962701531,39676
SP,DF,PC do B,0.0,0.7479956251590401,0.5140593132939144,39676
SP,DF,PCB,0.0,0.22557377749240734,0.6220792759822044,39676
SP,DF,PCO,0.0,0.6050791497468371,0.5254279090795573,39676
SP,DF,PDT,0.19741046156150627,0.22198973568632724,0.5470759772712153,39676
SP,DF,PL,0.5211217092260055,0.0,0.5094140746369644,39676
SP,DF,PMB,0.0,0.5534342905440238,0.5945843086216622,39676
SP,DF,PMN,0.0,0.7370775451353443,0.5283043841110662,39676
SP,DF,PODE,0.22270655274923273,0.22565832859455753,0.5250070993266049,39676
SP,DF,PP,0.3225035140716144,0.07348415036199321,0.5250604181015948,39676
SP,DF,PROS,1.0,0.0,0.507568908389967,39676
SP,DF,PRTB,0.6473901813504661,0.0,0.5379035605740368,39676
SP,DF,PSB,0.11209049391289588,0.2259046055524978,0.538551343126399,39676
SP,DF,PSC,0.4955359622951991,0.0,0.5138884756169925,39676
SP,DF,PSD,0.32191087317507994,0.13145471166875644,0.5304710575026705,39676
SP,DF,PSDB,0.26086801008724,0.14264405835984814,0.5300545500414857,39676
SP,DF,PSOL,0.0,0.5248651489472245,0.5764942593960144,39676
SP,DF,PSTU,0.0,0.03486629260159687,0.673647376866037,39676
SP,DF,PT,0.0,0.5872690709867329,0.4974451495990148,39676
SP,DF,PTB,0.5504820364125157,0.0,0.5109802052516087,39676
SP,DF,PV,0.0,0.007979787891627683,0.6555333661281894,39676
SP,DF,REDE,0.0,0.13802213468092434,0.6182964527585408,39676
SP,DF,REPUBLICANOS,0.3465267977221827,0.11762955783893653,0.501973721035349,39676
SP,DF,SOLIDARIEDADE,0.13976384396362324,0.293389506852502,0.5258714956660496,39676
SP,DF,UNIÃO,0.23889824068844123,0.14207031147366603,0.5337407502872729,39676
SP,DF,UP,0.0,0.7459150017861066,0.8111436510666497,39676
SP,DE,AGIR,0.0,0.3126227820537578,0.6103092612451569,39676
SP,DE,AVANTE,0.3601626312957021,0.1297106329872001,0.5021463108636455,39676
SP,DE,Branco,0.0,0.44215413662686587,0.4205834483851461,39676
SP,DE,CIDADANIA,0.30574768307729383,0.13342082268575778,0.5253235852725944,39676
SP,DE,DC,0.0,0.9651054676558829,0.5024673239710266,39676
SP,DE,MDB,0.29310695673011916,0.15260656745587534,0.5200977338131143,39676
SP,DE,NOVO,0.36171658733682177,0.0,0.7187859476753142,39676
SP,DE,Nulo,0.0,0.07872073170309545,0.45589853221282917,39676
SP,DE,PATRIOTA,0.4968445894283331,0.0,0.5138237187590688,39676
SP,DE,PC do B,0.0,0.5313399179811494,0.5795155223353892,39676
SP,DE,PCB,0.0,0.0620350934875794,0.6489792372246125,39676
SP,DE,PCO,0.0,0.4126479186368188,0.7539090016314078,39676
SP,DE,PDT,0.3121899095650043,0.10623222477426177,0.5565174897011019,39676
SP,DE,PL,0.51676789924998,0.0,0.5171170223318677,39676
SP,DE,PMB,0.9692451612381661,0.0,0.5222366793590936,39676
SP,DE,PMN,0.0,0.33214728817198025,0.6025564628907136,39676
SP,DE,PODE,0.2109614351730333,0.21402097961447264,0.5330642261613542,39676
SP,DE,PP,0.27177963737645466,0.15318793493087593,0.5259177080517723,39676
SP,DE,PROS,0.698855266233435,0.0,0.5579360332444857,39676
SP,DE,PRTB,0.48466333550879287,0.0,0.5004585229591197,39676
SP,DE,PSB,0.11485874083644847,0.2929259157992612,0.529751559966254,39676
SP,DE,PSC,0.42750196613143226,0.027782753018606172,0.5127569652152907,39676
SP,DE,PSD,0.3896867887485641,0.0889010001138422,0.5073698368468683,39676
SP,DE,PSDB,0.3190281686829589,0.14047652474938363,0.5157083044766818,39676
SP,DE,PSOL,0.0,0.41127289149214646,0.6062712151680784,39676
SP,DE,PSTU,0.14995572760192527,0.0,0.694077322936441,39676
SP,DE,PT,0.0,0.5945145686406882,0.5065049316042155,39676
SP,DE,PTB,0.6804865326741303,0.0,0.5354157523630857,39676
SP,DE,PV,0.49580520593062655,0.0,0.5176942280208906,39676
SP,DE,REDE,0.0,0.1388261087636185,0.6167271090295123,39676
SP,DE,REPUBLICANOS,0.45729928796878716,0.007751105254010182,0.5020281100385885,39676
SP,DE,SOLIDARIEDADE,0.21232163673691817,0.23187269224605983,0.5194242613938361,39676
SP,DE,UNIÃO,0.3461686943234471,0.09785252824985999,0.518668634922363,39676
SP,DE,UP,0.0,0.4074733124624587,0.8009516405757505,39676
SP,GOV,Branco,0.10937302276931421,0.3058324858699534,0.37117097374978386,39676
SP,GOV,DC,0.0,0.0,0.750135941131315,39676
SP,GOV,NOVO,0.0,0.0,1.0,39676
SP,GOV,Nulo,0.17117351351034027,0.035421677027710596,0.4077507659041265,39676
SP,GOV,PCB,0.0,0.0,0.7947150112540695,39676
SP,GOV,PCO,0.0,0.0,0.781797999260436,39676
SP,GOV,PDT,0.16478611458996906,0.21994418125989856,0.5747107457681755,39676
SP,GOV,PSDB,0.19952851182027434,0.1252868731163576,0.5714776927094648,39676
SP,GOV,PSTU,0.0,0.05678239867298833,0.8085716399671246,39676
SP,GOV,PT,0.0,0.5406828280683894,0.5177312498172448,39676
SP,GOV,REPUBLICANOS,0.5284651839705299,0.0,0.5081352216667254,39676
SP,GOV,UP,0.0,0.03584021331486829,0.8331901752658794,39676
TO,DF,AVANTE,0.0,0.12527903097304152,0.516382115119342,1639
TO,DF,Branco,0.824872329692219,0.0,0.5304591388521294,1639
TO,DF,CIDADANIA,0.06617713570017325,0.0,0.4022627332687556,1639
TO,DF,DC,1.0,0.0,0.5847770460431452,1639
TO,DF,MDB,0.12828771475051776,0.3645699961366303,0.5013195493212664,1639
TO,DF,Nulo,0.23543011973830869,0.0,0.4803281388012353,1639
TO,DF,PATRIOTA,1.0,0.0,0.564656754287318,1639
TO,DF,PC do B,0.0,0.7132194435581313,0.4924308165496492,1639
TO,DF,PDT,0.0,0.4166098342967615,0.4014865638637849,1639
TO,DF,PL,0.5302769537321325,0.0,0.5127690194081221,1639
TO,DF,PMB,1.0,0.0,0.8055000133490134,1639
TO,DF,PODE,0.2561114046791087,0.15655166313809352,0.5139293256828376,1639
TO,DF,PP,0.22001496037280704,0.2501733723869044,0.5021252064921742,1639
TO,DF,PRTB,0.0,1.0,0.3689864862294224,1639
TO,DF,PSB,1.0,0.0,0.591970056982643,1639
TO,DF,PSC,0.2380436665115762,0.22683240111052375,0.4947414148058745,1639
TO,DF,PSD,0.0,0.4653940292459468,0.5011576309898172,1639
TO,DF,PSDB,0.11640026565275961,0.29165978217407396,0.49705030066433037,1639
TO,DF,PSOL,0.24161533460241674,0.0,0.6197544347171103,1639
TO,DF,PT,0.0,0.6233318154546601,0.485721917050736,1639
TO,DF,PTB,0.1386829079563588,0.2518211618452951,0.5041477669190747,1639
TO,DF,PV,0.0,0.3248463283402459,0.5616057612459989,1639
TO,DF,REDE,0.0,0.7351664124132281,0.49035871172274936,1639
TO,DF,REPUBLICANOS,0.05261504679844575,0.3840400328917734,0.5035811366294363,1639
TO,DF,UNIÃO,0.273316260831158,0.13137385268220947,0.502650808318527,1639
TO,DE,Branco,1.0,0.0,0.5411010981493778,1639
TO,DE,CIDADANIA,0.6035062982752807,0.0,0.5171005209460726,1639
TO,DE,DC,1.0,0.0,0.6443897831230201,1639
TO,DE,MDB,0.38583775559623124,0.0,0.5473576498009678,1639
TO,DE,Nulo,0.0,0.802824860166716,0.3856909723074265,1639
TO,DE,PATRIOTA,1.0,0.0,0.6072553922457586,1639
TO,DE,PC do B,0.1875776230012987,0.24930276599970225,0.5065895891963381,1639
TO,DE,PDT,0.33770965529763525,0.07621973744476994,0.5121958838488978,1639
TO,DE,PL,0.21882651806627615,0.16311055853433823,0.5121102217122017,1639
TO,DE,PMB,0.9823880438184024,0.0,0.48659521971631386,1639
TO,DE,PRTB,1.0,0.0,0.567421134976444,1639
TO,DE,PSB,0.4612555298181499,0.0,0.5094641120914688,1639
TO,DE,PSC,0.18280574966623242,0.25511430054388595,0.5135808358799371,1639
TO,DE,PSD,0.15791631861875538,0.28312487112726425,0.5061946787855476,1639
TO,DE,PSDB,0.26016090965502525,0.04430247671971706,0.5238482294086617,1639
TO,DE,PSOL,0.8963372287833216,0.0,0.40877853901908345,1639
TO,DE,PT,0.0,0.5020816452692207,0.490035371848158,1639
TO,DE,PTB,0.4487365252496051,0.0,0.503865894071252,1639
TO,DE,PV,0.0,0.8169063641785553,0.4951919491083099,1639
TO,DE,REDE,0.0,1.0,0.18665607616024898,1639
TO,DE,REPUBLICANOS,0.1453313894924526,0.3107864542276654,0.5033515783264411,1639
TO,DE,SOLIDARIEDADE,0.19339258844694499,0.22464524384728102,0.504468728390024,1639
TO,DE,UNIÃO,0.0,0.44525035410827635,0.49688025918155554,1639
TO,GOV,Branco,0.6892397408753282,0.0,0.4934924473692171,1639
TO,GOV,DC,1.0,0.0,0.8308297482507367,1639
TO,GOV,Nulo,0.0,0.44070151720012396,0.40354385842429424,1639
TO,GOV,PCO,0.0,1.0,0.4116933849968386,1639
TO,GOV,PL,0.48760338464509334,0.0,0.520467418251615,1639
TO,GOV,PMB,1.0,0.0,0.6428854135328841,1639
TO,GOV,PSD,0.0,0.5282484613041312,0.4949953996470365,1639
TO,GOV,PSOL,1.0,0.0,0.7370810040280229,1639
TO,GOV,PT,0.0,0.5800219893236943,0.5044895786333548,1639
TO,GOV,REPUBLICANOS,0.17454563540724427,0.2611107969199601,0.5056662940409014,1639
